"","integral_props","prop_integrals","integral_props1","prop_integrals1","integral_props2","prop_integrals2","H","site","year.x","integral_pard","integral_mol_5p","folder","Dclip","Dplane","Rclip","dpHB","Rclip.1","Rplane","lon","lat","hoboID","mergekey","L","year","Rcl","Rpl","Hl","dim","rec"
"1",58.9206698466159,0.413260985186211,3559.87221207687,20.2355439595059,39.3413124092292,0.278332096837164,0.075301774,"CB",17,96052.2133056282,39694.6323,"CB17a",2.349945032,2.2936137,1.354012829,-4.144006937,1.354012829,1.233532098,-685.4574718,2652.694566,"CB01","CB17H01",0.25,"17",0.131622779221735,0.0911504548414913,-1.12319479233402,0.25,"CB"
"289",61.285606784538,0.429473675147168,5682.37851735882,32.4312035007815,39.2012738060462,0.276988557994016,0.035185914,"CB",17,91538.4116070175,39313.33805,"CB17a",2.223924648,2.216728167,1.031399929,-4.74567255,1.031399929,1.029601723,-681.7899008,2653.250961,"CB02","CB17H02",0.25,"17",0.0134270971745265,0.0126692606725213,-1.45363116312455,0.25,"CB"
"577",38.9649782181213,0.279108177679895,1127.95698320242,6.91984470786784,27.9934936953819,0.201218596225153,0.146149553,"CB",17,103597.224417989,28914.83252,"CB17a",2.297693669,2.214756079,1.741449271,-3.198774363,1.741449271,1.421152252,-684.5765129,2650.603448,"CB03","CB17H03",0.25,"17",0.240910827834933,0.152640607597705,-0.835202508598918,0.25,"CB"
"865",49.4560754705585,0.369582863369638,3193.43043428289,20.9373068472579,32.7991712259853,0.24531203717108,0.230941904,"CB",17,94508.742806795,34928.81178,"CB17a",2.23876791,2.225566221,2.027049866,-4.346501756,2.027049866,1.945666949,-685.1792742,2654.150467,"CB04","CB17H04",0.25,"17",0.306864432591506,0.289068501610439,-0.636497257967141,0.25,"CB"
"1153",60.4886200886193,0.426236441188467,4022.17851161757,23.0679216214476,40.0076880068754,0.284212202668999,0.037569026,"CB",17,94989.9510870249,40488.1787,"CB17a",2.396048961,2.329560432,1.142096151,-4.28301724,1.142096151,1.084011858,-688.0122526,2654.259427,"CB05","CB17H05",0.25,"17",0.0577026679123874,0.0350340329734005,-1.425170064141,0.25,"CB"
"1441",6.54360952017448,0.0296682290404163,590.285089430406,2.01743183116924,4.18755407298177,0.0193360976626102,0.164126518,"CB",17,92610.6791294156,2747.59484,"CB17a",2.272009338,2.151817051,1.752240562,-4.600100335,1.752240562,1.327344244,-683.472996,2654.340568,"CB06","CB17H06",0.25,"17",0.243593729444648,0.122983570853335,-0.784821244110539,0.25,"CB"
"1729",3.90941308547412,0.0258300229074405,100.19094304868,0.49695441991082,2.8359499958477,0.0191000079091189,0.228681765,"CB",17,106557.74251006,2752.38893000001,"CB17a",2.267599707,2.197733167,2.207834773,-2.846568322,2.207834773,1.77957518,-686.0092302,2650.135149,"CB07","CB17H07",0.25,"17",0.343966569120871,0.250316339948444,-0.640768464495187,0.25,"CB"
"2017",34.1473460449464,0.212951224503273,1340.15760909654,6.03035003713588,23.7624285506007,0.15149623367316,0.23314987,"CB",17,102078.133575916,21737.66354,"CB17a",2.262124235,2.193664461,2.201842316,-3.383424396,2.201842316,1.782537357,-685.8237652,2650.677634,"CB08","CB17H08",0.25,"17",0.342786213934936,0.251038640217567,-0.632364822363889,0.25,"CB"
"2305",45.8862508744746,0.340080391106359,2527.35383188133,15.3487300169522,30.9179878349365,0.230919409488537,0.540645217,"CB",17,96926.0842495651,32962.66064,"CB17a",2.228306685,2.171201754,4.076585271,-4.030797715,4.076585271,3.273084552,-682.8238684,2647.306807,"CB10","CB17H10",0.25,"17",0.610296531006291,0.514957224370864,-0.267087634789029,0.25,"CB"
"2593",29.5644948389485,0.189183127731548,990.902271177528,4.4344587849674,20.8791635982097,0.137155905450667,0.468068477,"CB",17,104245.041122191,19721.40293,"CB17a",2.253454173,2.187349976,3.928146772,-3.120852435,3.928146772,3.054000437,-685.5733874,2649.750309,"CB11","CB17H11",0.25,"17",0.594187706477143,0.484869094864042,-0.329690606311015,0.25,"CB"
"2881",28.2957771564189,0.233915614794063,1159.04077853153,9.17311684934602,19.634299496796,0.161079908719551,0.027778508,"CB",17,98451.4525901777,23029.33206,"CB17a",2.659807289,2.415960715,1.578825096,-3.835611595,1.578825096,1.093793717,-680.5936514,2651.489044,"CB12","CB17H12",0.25,"17",0.198334021047328,0.0389354243594585,-1.55629108418401,0.25,"CB"
"3169",57.4891904067456,0.443244027170488,1251.46703634559,8.93583061903146,42.5095532884478,0.326228290901196,0.191133301,"CB",17,106005.750624424,46986.41581,"CB17a",2.242402252,2.206446141,1.787417234,-2.911489292,1.787417234,1.62095591,-684.6275158,2648.11358,"CB13","CB17H13",0.25,"17",0.252225941018973,0.20977120219946,-0.718663639577227,0.25,"CB"
"3457",27.7679151047061,0.220626243351751,502.283418808416,3.93249899350217,20.9171029578892,0.164393240996581,0.159368677,"CB",17,107466.155566084,23709.85419,"CB17a",2.381046887,2.281652444,2.415523667,-2.740456514,2.415523667,1.764957728,-684.414231,2649.61121,"CB14","CB17H14",0.25,"17",0.38301129700662,0.246734308184925,-0.797597032643826,0.25,"CB"
"3745",61.1566180554768,0.438572551337927,4219.29796645491,26.0766195684442,40.2858015188446,0.289699933340711,0.035534055,"CB",17,94002.3169353207,41226.83597,"CB17a",2.497604931,2.301022588,1.278176417,-4.413663212,1.278176417,1.059968194,-686.4450731,2655.165888,"CB15","CB17H15",0.25,"17",0.106590800334074,0.0252928337765323,-1.44935522978516,0.25,"CB"
"4033",25.6801894387644,0.194989854839584,1129.43500193527,7.28396894537096,17.6816755151767,0.134928701651096,0.184010382,"CB",17,98984.4000647044,19300.9538,"CB17a",2.246127172,2.176421565,1.760208458,-3.768127807,1.760208458,1.474820196,-683.2550746,2652.59256,"CB16","CB17H16",0.25,"17",0.245564103494903,0.168739076148143,-0.735157673087678,0.25,"CB"
"4321",47.1976735031493,0.365795536672893,2212.30559760016,15.3079372837876,32.3182864844581,0.250264072338974,0.127971335,"CB",17,97743.1903767935,35754.02278,"CB17a",2.221492467,2.062948923,1.351609571,-3.92586193,1.351609571,1.10506177,-686.9180089,2648.479873,"CB17","CB17H17",0.25,"17",0.130851258434147,0.0433865546006517,-0.892887299457485,0.25,"CB"
"4609",63.1119451366148,0.440510357390852,2979.07007579418,17.0095899551467,43.198403439155,0.303815750179441,0.077664247,"CB",17,98620.8619641009,43443.51115,"CB17a",2.385449621,2.30918389,1.480205722,-3.814120827,1.480205722,1.277325983,-684.5347833,2653.492066,"CB18","CB17H18",0.25,"17",0.170322078719632,0.106301746559711,-1.10977886413464,0.25,"CB"
"4897",32.0367604261203,0.169632760319716,1955.94883345647,7.65501088513915,21.3402766776784,0.115184503108797,0.055301966,"CB",17,96927.4424881773,16442.06962,"CB17a",2.536543587,2.239762685,1.766938018,-4.030622552,1.766938018,1.086165134,-684.6692454,2646.963697,"CB19","CB17H19",0.25,"17",0.247221315260751,0.0358958577878231,-1.25725942913338,0.25,"CB"
"5185",44.8180657662656,0.327153214130522,2065.19507986022,13.9888221718181,30.7389797645008,0.223344945264557,0.499975899,"CB",17,97509.6133314246,31900.58341,"CB17a",2.181767156,2.150338399,3.173290903,-3.955768947,3.173290903,2.82548433,-688.7819324,2646.755049,"CB20","CB17H20",0.25,"17",0.501509886716442,0.451092903064318,-0.301050930031141,0.25,"CB"
"5473",74.9133463320642,0.540511823207452,3141.51917096951,18.5690094267844,51.885057294054,0.377167946038531,0.040425809,"CB",17,99909.8133312683,54002.43536,"CB17a",2.382306731,2.280417664,1.146458456,-3.651807185,1.146458456,1.065224344,-682.9815136,2646.648406,"CB21","CB17H21",0.25,"17",0.059358321903419,0.0274410829866353,-1.39334128024728,0.25,"CB"
"5761",26.7829851640993,0.211002271691202,937.020916181724,5.85130991266788,18.869279334473,0.150424461831123,0.125363906,"CB",17,102315.971657381,21588.90245,"CB17a",2.402738488,2.27393398,2.140841625,-3.354333759,2.140841625,1.492444845,-683.3941733,2645.340878,"CB22","CB17H22",0.25,"17",0.330584540282453,0.17389829025048,-0.901827484888069,0.25,"CB"
"6049",47.1760861781938,0.34177468632975,3018.8070429509,19.7746196375062,31.3303870620163,0.226376322891116,0.016676972,"CB",17,94287.5370205406,32225.09339,"CB17a",2.592634955,2.21373893,1.143549485,-4.375793367,1.143549485,1.006561059,-685.0633586,2644.098262,"CB23","CB17H23",0.25,"17",0.0582549626440679,0.00284012476114885,-1.77788280040504,0.25,"CB"
"6337",49.4277133124238,0.355866896512348,3169.33838278694,18.7946505167678,32.7996110684834,0.237870648685348,0.086321818,"CB",17,95248.180716421,33895.67447,"CB17a",2.199093003,2.197757018,1.145542432,-4.249082168,1.145542432,1.144035239,-689.9967284,2645.688625,"CB24","CB17H24",0.25,"17",0.059011180511149,0.0584394019635998,-1.06387942167253,0.25,"CB"
"6625",35.9467382475511,0.178549968496488,1983.56373033167,6.76718263821806,24.1728559917487,0.123373787722592,0.084848347,"CB",17,98825.1855689745,17645.23377,"CB17a",2.307442517,2.235494991,1.320214932,-3.788250003,1.320214932,1.186753839,-687.3306686,2647.41345,"CB25","CB17H25",0.25,"17",0.120644640435359,0.0743606452809132,-1.07135661410967,0.25,"CB"
"6913",59.8427119156446,0.435161013439101,3183.33379428693,19.7451092984818,40.4689651205885,0.295322785205802,0.028486573,"CB",17,96868.602375151,42153.43918,"CB17a",2.485648683,2.3439414,1.16992727,-4.038213021,1.16992727,1.055202151,-685.1468179,2645.396517,"CB26","CB17H26",0.25,"17",0.0681588641227022,0.0233356678363362,-1.5453597942393,0.25,"CB"
"7201",46.9308858563122,0.361084520183362,2983.61004849741,21.3329132473533,31.1715900723116,0.238667164332413,0.082549458,"CB",17,94068.9235660154,33966.83213,"CB17a",2.387714834,2.250711295,1.539852868,-4.404809302,1.539852868,1.199462524,-684.2148561,2644.830849,"CB27","CB17H27",0.25,"17",0.187479226246625,0.0789866834215995,-1.08328577386554,0.25,"CB"
"7489",48.4075927766362,0.295268736683187,2913.39178804644,13.8983447230195,32.3339224775278,0.199650699873519,0.04927054,"CB",17,96474.461129843,28485.89226,"CB17a",2.382782475,2.325363378,1.211951778,-4.089177067,1.211951778,1.136133757,-690.7154054,2648.4706,"CB28","CB17H28",0.25,"17",0.08348534015606,0.0554294638639252,-1.3074126778766,0.25,"CB"
"7777",70.8236359982001,0.529352938819332,2162.54304422575,14.5068514019987,50.6123791899716,0.377824814231712,0.573888109,"CB",17,102450.560076156,54232.50506,"CB17a",2.267327492,2.232575403,5.034480811,-3.337901821,5.034480811,4.385699428,-684.1360334,2648.975992,"CB29","CB17H29",0.25,"17",0.701954689875951,0.642038864178245,-0.241172773770528,0.25,"CB"
"8065",17.1871044924538,0.133199222425005,634.124496465241,4.49034966675844,12.0577446658983,0.0931218884909874,0.048677336,"CB",17,100119.765019713,13335.87485,"CB17a",2.445149784,2.325971224,1.329943422,-3.625567095,1.329943422,1.133701226,-688.2950867,2649.472111,"CB30","CB17H30",0.25,"17",0.123833165752164,0.054498616288919,-1.31267319774185,0.25,"CB"
"8353",57.843960096798,0.435066324989386,2530.5320746815,17.2113315525354,39.8708180248089,0.299335001033258,0.021972957,"CB",17,98355.7518983891,42791.27552,"CB17a",2.596057282,2.310637978,1.244826124,-3.847768251,1.244826124,1.025265117,-685.4760183,2646.23111,"CB31","CB17H31",0.25,"17",0.0951086938727953,0.0108361814526043,-1.65811149417789,0.25,"CB"
"8641",58.3752772963722,0.433042757785451,3195.60249504384,20.9105545164123,39.3633020178594,0.292062121292171,0.089282983,"CB",17,96201.1431920536,41659.20835,"CB17a",2.246343537,2.222294565,1.222657046,-4.124640576,1.222657046,1.18539791,-690.682949,2652.073258,"CB32","CB17H32",0.25,"17",0.0873046549782524,0.0738641571899343,-1.04923130811531,0.25,"CB"
"8929",66.7108181088532,0.475843837168685,3239.91632149538,19.3530388453187,45.5364062226824,0.32648550859468,0.07562795,"CB",17,98053.6064680812,46658.20435,"CB17a",2.363618767,2.267142203,1.393498714,-3.886226916,1.393498714,1.192539979,-689.6582547,2647.914205,"CB33","CB17H33",0.25,"17",0.144106572257819,0.0764729473499324,-1.12131767159588,0.25,"CB"
"9217",65.6571066268172,0.472273064437346,3531.97051525392,21.3248927035894,44.3538638873123,0.320665133872596,0.043211689,"CB",17,96921.0548235119,45773.20357,"CB17a",2.488164399,2.349886008,1.366162181,-4.031446348,1.366162181,1.128843619,-686.8206397,2646.93124,"CB34","CB17H34",0.25,"17",0.135502258739712,0.0526337823949529,-1.36439875824225,0.25,"CB"
"9505",38.4031308500325,0.243640213123266,2085.78632713469,11.2370347122159,25.9154314243964,0.165077022896737,0.025925591,"CB",17,96692.9703352419,23558.2959,"CB17a",2.558259456,2.318164544,1.248480495,-4.060897287,1.248480495,1.037224872,-691.9533844,2648.999176,"CB35","CB17H35",0.25,"17",0.0963817617614237,0.0158729223306758,-1.58627133464526,0.25,"CB"
"9793",62.3724388816843,0.459272654478344,1375.15464319214,9.15284863586191,46.0491162247774,0.338415269958827,0.072938684,"CB",17,106141.613689954,48747.94067,"CB17a",2.421096753,2.33962665,1.553400905,-2.895478831,1.553400905,1.310557963,-686.5841718,2650.928012,"CB36","CB17H36",0.25,"17",0.191283553835376,0.117456233565239,-1.13704207673233,0.25,"CB"
"10081",64.1501879606202,0.467180398158816,4068.77471678004,25.3189402249318,42.6219444389879,0.311470165582431,0.41079203,"CB",17,94975.297304568,44370.59721,"CB17a",2.11578574,2.058649919,2.129944549,-4.284945722,2.129944549,1.788537191,-686.296701,2644.506285,"CB37","CB17H37",0.25,"17",0.328368297158555,0.25249797533662,-0.386377990976897,0.25,"CB"
"10369",38.0159539771215,0.306113821474773,1673.6934439095,13.238341377524,26.1725863249568,0.208744868284228,1.195751673,"CB",17,97386.9337437178,29811.48645,"CB17a",2.244261252,2.23313562,9.393784728,-3.97150545,9.393784728,8.973960842,-686.7789101,2650.135149,"CB39","CB17H39",0.25,"17",0.972840603482642,0.952984170151321,0.077640997174493,0.25,"CB"
"10657",64.5615137721138,0.46117802355167,3343.62810905983,20.3322416838443,43.7781202231964,0.313880886235019,0.023396408,"CB",17,97178.7109777115,44816.68586,"CB17a",2.542276063,2.323139293,1.182526199,-3.998260282,1.182526199,1.031683111,-688.2069908,2652.62038,"CB40","CB17H40",0.25,"17",0.0728107713591846,0.0135463210529281,-1.63085081376607,0.25,"CB"
"10945",50.1786165831659,0.368161801509614,2258.90748902939,14.747644272039,34.4948286541263,0.252987035561642,0.033950726,"CB",17,98219.335878211,36160.60764,"CB17a",2.351758232,2.300669469,1.082577968,-3.865117352,1.082577968,1.05472193,-689.4101952,2654.435619,"CB41","CB17H41",0.25,"17",0.0344591843351371,0.0231379760465003,-1.46915093436072,0.25,"CB"
"11233",30.127942427402,0.193569259181189,1646.31087653934,8.95636081785086,20.3229065364954,0.131109693158303,0.14230074,"CB",17,96658.529970849,18710.12004,"CB17a",2.447668632,2.213358129,2.776471742,-4.065350364,2.776471742,1.398391914,-687.7108719,2645.275965,"CB42","CB17H42",0.25,"17",0.443493257727216,0.145628904052246,-0.846792841468203,0.25,"CB"
"11521",49.8807735488468,0.361716439036044,2887.2844509613,18.2342571069738,33.4445279664672,0.242909330137538,0.162850035,"CB",17,95742.3571411116,34631.58449,"CB17a",2.295412576,2.25491562,1.864482313,-4.184396041,1.864482313,1.663767962,-689.5330658,2652.564741,"CB43","CB17H43",0.25,"17",0.270558267878106,0.221092757141109,-0.788212143759807,0.25,"CB"
"11809",57.0636751621765,0.41044873291021,3173.32151746538,19.175510732312,38.4235761761449,0.277739755984603,0.050342662,"CB",17,96554.8995096293,39630.83616,"CB17a",2.426519057,2.271473173,1.305454257,-4.078759172,1.305454257,1.092666166,-688.5964674,2650.75182,"CB44","CB17H44",0.25,"17",0.115761658785902,0.0384874955183379,-1.2980638237232,0.25,"CB"
"12097",63.7048352293817,0.462056591827364,2943.22897055316,18.0556062640356,43.698393636805,0.318296169549256,0.219167146,"CB",17,98490.2702286367,45508.07859,"CB17a",2.211738115,2.114044013,1.798950622,-3.830684041,1.798950622,1.411460997,-689.4727897,2649.532388,"CB46","CB17H46",0.25,"17",0.255019242896839,0.149668881759091,-0.659224547725499,0.25,"CB"
"12385",58.392568162635,0.421097309564227,2731.40675960231,17.3055004162729,39.993183372343,0.288622530141294,0.066581256,"CB",17,97940.3576638373,41242.42111,"CB17a",2.479054946,2.279891316,1.704943939,-3.900672363,1.704943939,1.167818276,-687.0988373,2646.296023,"CB47","CB17H47",0.25,"17",0.231710103338354,0.0673752675446946,-1.176648016498,0.25,"CB"
"12673",61.6616822413735,0.441874264898657,3519.22072805417,20.8446504603675,41.4033432095183,0.298715013009635,0.144208749,"CB",17,96451.0085233741,42619.21849,"CB17a",2.337435657,2.301079182,1.937603275,-4.092216143,1.937603275,1.742280038,-689.8854494,2650.928012,"CB48","CB17H48",0.25,"17",0.287264859858239,0.241117960765586,-0.841008390607161,0.25,"CB"
"12961",26.5511659999138,0.159403957015457,1529.88124915274,7.49525704631775,17.7987434096554,0.107794918150139,0.10455715,"CB",17,96485.770729698,15380.21365,"CB17a",2.300349685,2.204770612,1.436515316,-4.087711791,1.436515316,1.216671268,-687.7062353,2651.159843,"CB49","CB17H49",0.25,"17",0.157310260762234,0.0851732521997416,-0.980646263187098,0.25,"CB"
"13249",58.6219041267057,0.419619981968368,3257.58999820649,19.6358269362811,39.4768628057366,0.283899605901469,0.081045637,"CB",17,96537.4852026319,40509.0578,"CB17a",2.323192927,2.246673202,1.33144621,-4.081013832,1.33144621,1.186972742,-690.3908416,2650.260338,"CB50","CB17H50",0.25,"17",0.124323625771537,0.0744407457996524,-1.09127035993732,0.25,"CB"
"13537",56.2349230354013,0.409674318928403,835.058705582544,5.53965074785903,43.1962636718032,0.31380676968199,0.014751985,"CB",17,110815.744635275,45398.36471,"CB17a",2.516870681,2.310473309,1.062171182,-2.356795292,1.062171182,1.011450459,-686.03705,2649.045542,"CB51","CB17H51",0.25,"17",0.0261945143038317,0.00494461581682569,-1.8311495378862,0.25,"CB"
"13825",58.6390078331301,0.453882202500585,1782.46163197557,12.4955883506226,41.9221549065641,0.323809607660922,0.194497441,"CB",17,102398.525066512,46476.86809,"CB17a",2.328307955,2.19434612,2.375692567,-3.344252229,2.375692567,1.588689126,-682.6754963,2650.176878,"CB53","CB17H53",0.25,"17",0.375790238878974,0.201038922964875,-0.711086108306861,0.25,"CB"
"14113",39.5872845330695,0.264781141912504,2294.48683132208,12.4102750629156,26.5950549532686,0.178962679140176,0.030255697,"CB",18,81891.7200197179,21683.38,"CB18a",2.484385543,2.347408453,1.188109284,-4.086195607,1.188109284,1.063825712,-689.6892724,2649.947545,"H03","CB18H03",0.25,"18",0.0748563895132789,0.0268704827365571,-1.51919283778139,0.25,"CB"
"14401",43.2806951755128,0.349838561858646,2366.13592257286,17.4055159382019,29.2282373339544,0.235044782027353,0.145495251,"CB",18,81350.3549717288,28459.49,"CB18a",2.283701535,2.233341981,1.671275753,-4.169104231,1.671275753,1.476317485,-689.8513646,2645.682342,"H05","CB18H05",0.25,"18",0.223048112446328,0.169179763419697,-0.837151181923118,0.25,"CB"
"14689",66.857555568963,0.43668592553085,2987.70733613279,14.7576374114999,46.1073745124746,0.304964500582943,0.074074656,"CB",18,84922.5372787521,37084.48,"CB18a",2.396409256,2.349492955,1.478806067,-3.63192526,1.478806067,1.342901646,-687.1450383,2648.10297,"H11","CB18H11",0.25,"18",0.169911223656017,0.128044206143293,-1.13033035669096,0.25,"CB"
"14977",21.7191627043109,0.192503536395593,833.474699338679,7.05860148804182,15.1659685045829,0.133344643486049,0.057432772,"CB",18,84156.184677607,16200.36,"CB18a",2.469737301,2.29281934,1.520860023,-3.745239023,1.520860023,1.140799893,-681.71099,2651.144159,"H14","CB18H14",0.25,"18",0.182089244272485,0.0572094717736461,-1.2408402219349,0.25,"CB"
"15265",41.9247072228459,0.309483035851883,1609.68594863069,9.96181857721836,29.3670489059385,0.217185850543156,0.094816009,"CB",18,85383.214583195,26424.66,"CB18a",2.387580049,2.333134395,1.675377885,-3.564300059,1.675377885,1.465887819,-683.4853023,2648.659244,"H15","CB18H15",0.25,"18",0.224112778453965,0.166100736025828,-1.02311832897651,0.25,"CB"
"15553",45.9460513573714,0.38669272353042,1875.54879475357,15.5058750204508,31.8944880095869,0.26547145466851,0.233982277,"CB",18,83323.8512373126,32220.73,"CB18a",2.236988008,2.21352868,2.035787264,-3.869483726,2.035787264,1.893940744,-683.6092008,2652.379229,"H16","CB18H16",0.25,"18",0.308732393066475,0.277366387045082,-0.630817037002679,0.25,"CB"
"15841",60.6482599215478,0.41863033638809,3286.66028262272,17.8981719779841,41.0240319791303,0.285560251763464,0.282908094,"CB",18,82732.3091031138,34634.26,"CB18a",2.279288073,2.184314801,2.745061747,-3.958541644,2.745061747,1.991517855,-683.2533336,2647.493556,"H17","CB18H17",0.25,"18",0.438552117849779,0.299184204440156,-0.548354627201011,0.25,"CB"
"16129",76.1321120189425,0.520044576008891,4411.57735439207,23.6768863819183,51.1542273611949,0.352514533439459,0.083944959,"CB",18,82156.3509764778,42724.97,"CB18a",2.385305504,2.289688594,1.54588651,-4.045867308,1.54588651,1.275692599,-685.2453983,2646.6428,"H18","CB18H18",0.25,"18",0.18917760737666,0.105746035951243,-1.07600537867086,0.25,"CB"
"16417",37.7259232750449,0.221822232450821,2510.97093682438,9.88118444800822,24.9655779633129,0.150691770635274,0.191210649,"CB",18,82355.8557596346,18268.36,"CB18a",2.271866037,2.200786614,1.951070208,-4.015549667,1.951070208,1.598097755,-685.7348714,2646.232052,"H19","CB18H19",0.25,"18",0.290272897481848,0.203603341410132,-0.718487924438831,0.25,"CB"
"16705",53.6009923491492,0.378769594980898,3318.44767108462,18.4550279861349,35.7885540588651,0.255015164901192,0.110478614,"CB",18,81539.5479448596,30884.7,"CB18a",2.267845544,2.194839057,1.380634546,-4.140067278,1.380634546,1.222175828,-684.7702993,2652.205256,"H20","CB18H20",0.25,"18",0.140078736030027,0.0871336900612521,-0.956721782799516,0.25,"CB"
"16993",37.5289024428625,0.264035088739638,2103.55602694223,10.9447693951879,25.2909611783477,0.180664160161289,0.070360797,"CB",18,83017.1275894869,21919.43,"CB18a",2.315874991,2.207896089,1.244199207,-3.915582408,1.244199207,1.105995993,-684.3918422,2653.623102,"H27","CB18H27",0.25,"18",0.0948899202057877,0.0437535535318428,-1.15266924978959,0.25,"CB"
"17281",57.2038478270241,0.415235651551051,3427.73064193505,21.0314112467112,38.2916178776972,0.278485196206624,0.086910769,"CB",18,81189.1200913783,33712.62,"CB18a",2.34323335,2.337544034,1.431723247,-4.193903581,1.431723247,1.414675965,-689.0219789,2651.936186,"H29","CB18H29",0.25,"18",0.155859076689277,0.150656975034796,-1.06092640735446,0.25,"CB"
"17569",38.2281112692458,0.204863928805634,2312.86129496499,8.12266250191292,25.494968597384,0.140801429358965,0.198945814,"CB",18,83428.3178090158,17091.45,"CB18a",2.323496931,2.257682401,2.380792537,-3.853821773,2.380792537,1.923598873,-686.8006267,2645.802287,"H31","CB18H31",0.25,"18",0.376721552497842,0.284114513956966,-0.701265194370455,0.25,"CB"
"17857",53.9744878864267,0.387277447571454,3060.86569088311,17.0681151348839,36.3729845820065,0.263372683776028,0.562411969,"CB",18,82453.6915078391,31932.46,"CB18a",2.154688214,2.091344116,3.187783637,-4.000708937,3.187783637,2.53172314,-688.5906893,2646.822493,"H33","CB18H33",0.25,"18",0.503488837051005,0.403416211082894,-0.249945445428947,0.25,"CB"
"18145",51.0980901132953,0.318354032825794,1623.16925101179,7.07737463058249,36.443024484546,0.231835015277583,0.096985518,"CB",18,88967.7271828333,28323.24,"CB18a",2.377473217,2.274073736,1.654718266,-3.050248095,1.654718266,1.317367106,-685.9285044,2650.344011,"H35","CB18H35",0.25,"18",0.218724060989586,0.119706815124138,-1.01329311029291,0.25,"CB"
"18433",50.7481371920092,0.328617036527704,3293.9593858686,15.7659381378048,33.7188964910884,0.221590918715352,0.075445198,"CB",18,81679.644499311,26841.32,"CB18a",2.3385909,2.257909446,1.327080062,-4.118608927,1.327080062,1.178583273,-688.1919196,2651.150797,"H36","CB18H36",0.25,"18",0.122897124398684,0.0713602730943173,-1.12236839735254,0.25,"CB"
"18721",60.250997153692,0.422286739574941,5363.38567197381,30.3765059893012,38.7751747202466,0.273450841561976,0.428295114,"CB",18,78085.3073984537,32974.39,"CB18a",2.295699641,2.151177315,4.262533093,-4.681145275,4.262533093,2.482014688,-682.6786283,2653.009242,"H37","CB18H37",0.25,"18",0.629667763742841,0.394804347226561,-0.368256880016091,0.25,"CB"
"19009",11.0626889158388,0.0812710252669835,582.887405125442,3.52210341850364,7.50515241892276,0.0553622789955462,1.181852533,"CB",18,82607.7666418638,6713.618,"CB18a",2.34664416,2.240622969,14.1675441,-3.977372905,14.1675441,9.148019397,-686.767076,2650.240695,"H38","CB18H38",0.25,"18",1.15129457316508,0.961327076791853,0.0725632903356048,0.25,"CB"
"19297",9.64617528942568,0.0580304091342721,771.072561268716,3.07323517704358,6.26654128281428,0.0387459642786742,0.706965015,"CB",18,80787.8433038865,4688.152,"CB18a",2.299245208,2.229397883,7.012848854,-4.255837945,7.012848854,5.286745357,-683.7897392,2646.233569,"H39","CB18H39",0.25,"18",0.845894478770287,0.723188392547523,-0.150602077247492,0.25,"CB"
"19585",23.8947049153298,0.166510309009229,705.659980360418,3.94324992829093,17.2036805380367,0.120493790482521,0.183511782,"CB",18,88345.0754943026,14710.37,"CB18a",2.374579023,2.175357176,2.659850057,-3.138038463,2.659850057,1.469160834,-683.8083412,2649.939671,"H40","CB18H40",0.25,"18",0.424857154957027,0.167069342077011,-0.73633604752457,0.25,"CB"
"19873",36.3405257537368,0.282427721542061,2146.93391588784,14.6158696982309,24.3673905232079,0.189008112860177,0.33059706,"CB",18,80995.2707372363,22875.31,"CB18a",2.232949289,2.231441863,2.658936521,-4.223784608,2.658936521,2.644675989,-687.806809,2652.094083,"H42","CB18H42",0.25,"18",0.424707969182452,0.422372472284661,-0.48070101292868,0.25,"CB"
"20161",55.6281326423225,0.3869032463588,2985.42232707112,17.0633678805966,37.6562481702157,0.263100087939506,0.069424242,"CB",18,82447.3837844666,31899.16,"CB18a",2.307527514,2.294163161,1.22382648,-4.001665226,1.22382648,1.202241622,-689.6294597,2648.178907,"H44","CB18H44",0.25,"18",0.0877198458155781,0.0799917593105385,-1.15848885334241,0.25,"CB"
"20449",23.5371872801877,0.189802258974695,1159.24322590183,7.54309168351462,16.093388840406,0.130419170477071,0.88296053,"CB",18,83406.6538276061,15830.77,"CB18a",2.249638728,1.979068413,7.123617396,-3.857068092,7.123617396,2.498068883,-684.6392876,2648.542277,"H45","CB18H45",0.25,"18",0.852700585795682,0.397604409656348,-0.054058709770479,0.25,"CB"
"20737",67.1132470846854,0.465684754673953,4407.25590472923,23.7679513681159,44.5377321751119,0.312080695416639,0.044223872,"CB",18,81120.0640365583,37776.38,"CB18a",2.430954894,2.229754444,1.250542025,-4.20454008,1.250542025,1.051555615,-689.2553657,2652.918432,"H46","CB18H46",0.25,"18",0.0970982909637052,0.0218322467312191,-1.35434323564658,0.25,"CB"
"21025",53.9467478648405,0.346888452769933,3690.922459407,17.5642867152216,35.6502889371647,0.232654058741352,0.073993643,"CB",18,81191.8849852277,28164.53,"CB18a",2.286927727,2.240746506,1.215068983,-4.193477901,1.215068983,1.150845587,-685.4390887,2652.798682,"H47","CB18H47",0.25,"18",0.0846009347950726,0.0610170567205661,-1.13080559011514,0.25,"CB"
"21313",71.5460150821862,0.513220223439906,1179.75062465673,7.03967576102751,54.4872776231847,0.392232638552483,0.03599681,"CB",18,93871.5379278914,48176.77,"CB18a",2.322354527,2.24094706,1.073025404,-2.379578823,1.073025404,1.03774468,-686.0508417,2649.141528,"H48","CB18H48",0.25,"18",0.0306100040595351,0.0160905156448081,-1.44373598425443,0.25,"CB"
"21601",52.8636314566556,0.394886471304763,2324.38400368906,14.1648129163453,36.5338457271009,0.274134221476601,0.182835851,"CB",18,84361.8683616275,33313.36,"CB18a",2.343130514,2.163843325,2.375331067,-3.71472541,2.375331067,1.429999194,-682.7567245,2647.141304,"H49","CB18H49",0.25,"18",0.375724148929689,0.15533579268083,-0.737938642492365,0.25,"CB"
"21889",37.9879350517969,0.237080251340103,2307.68190397739,10.8014199458234,25.4004899877879,0.160694750365616,0.053647122,"CB",18,82150.0149418204,19476.15,"CB18a",2.299828242,2.214621378,1.130834038,-4.046831366,1.130834038,1.066413338,-688.1324929,2646.255372,"H54","CB18H54",0.25,"18",0.0533988722379777,0.02792556831088,-1.27045357161126,0.25,"CB"
"22177",43.0143077951137,0.356016842017186,2271.41342731225,17.9587442889799,29.1181859833186,0.238866286975431,0.019837176,"CB",18,81225.8601198538,28917.77,"CB18a",2.472601738,2.325362588,1.077227711,-4.18824831,1.077227711,1.023297892,-687.8893702,2653.219578,"H61","CB18H61",0.25,"18",0.0323075168334142,0.0100020794786566,-1.7025201534979,0.25,"CB"
"22465",66.9207267227916,0.391018663094446,3492.62857572895,19.8637754611716,45.5053142333354,0.261918424413589,0.009963711,"CB",19,85037.229800892,33251.14,"CB19a",2.560126845,2.307349872,1.041063458,-4.141459924,1.041063458,1.005105677,-688.8194902,2651.853902,"H01","CB19H01",0.25,"19",0.0174772027278968,0.0022117259606652,-2.00157887777599,0.25,"CB"
"22754",71.6759739365555,0.456782111376896,3706.97277267908,23.3337975735002,48.8287141849672,0.305799272510063,0.087399155,"CB",19,84984.7695282655,38819.52,"CB19a",2.335218437,2.199466464,1.411805249,-4.149173672,1.411805249,1.149393979,-684.4066626,2646.3829,"H02","CB19H02",0.25,"19",0.149774792241275,0.0604689177899144,-1.05849276622843,0.25,"CB"
"23043",68.562017749099,0.424975345857206,1882.30396863939,11.8369572882908,49.6922279623764,0.302295091687362,0.055666985,"CB",19,90909.1855483337,38634.16,"CB19a",2.414940787,2.307020601,1.334911757,-3.306811312,1.334911757,1.148337769,-683.4288744,2650.048271,"H03","CB19H03",0.25,"19",0.125452558049204,0.0600696490698484,-1.25440230003888,0.25,"CB"
"23332",7.81764425436371,0.0489702809076881,165.035701197369,1.21360590495101,5.81629083131298,0.0352430171170868,0.283861149,"CB",19,92096.8070103914,4510.007,"CB19a",2.253985862,2.242711566,2.516102897,-3.144570978,2.516102897,2.419420166,-684.0396776,2649.140537,"H05","CB19H05",0.25,"19",0.400728397777021,0.383711296195545,-0.546894043647162,0.25,"CB"
"23621",28.5634489834534,0.184075595177633,1240.02481700501,8.77876858964293,19.7949739366569,0.124081623931217,0.22230028,"CB",19,85636.0328200392,15763.5,"CB19a",2.204833358,2.178071546,1.781069926,-4.053747668,1.781069926,1.654906494,-687.4703099,2651.463119,"H11","CB19H11",0.25,"19",0.250680970490638,0.218773460173938,-0.653059990281764,0.25,"CB"
"23910",54.8125815090768,0.362029469636362,1884.16177420505,13.6071860449923,38.8325655532864,0.249917390938293,1.125366747,"CB",19,87931.9839679775,31833.97,"CB19a",2.128881094,2.043510333,5.531426881,-3.723029325,5.531426881,3.943306919,-686.3000235,2648.730149,"H14","CB19H14",0.25,"19",0.742837175899801,0.595860580786299,0.0512940782182146,0.25,"CB"
"24199",55.5111968881269,0.367674020539212,2662.62688868378,18.5251552945933,38.0318755356667,0.246483610526925,0.094767912,"CB",19,85114.8345594423,31294.51,"CB19a",2.293289815,2.271393054,1.350522978,-4.130057658,1.350522978,1.298739258,-687.9737551,2645.589823,"H15","CB19H15",0.25,"19",0.130501977737621,0.113521968487761,-1.023338687982,0.25,"CB"
"24488",37.0514556777046,0.220456021706705,1264.40487114216,7.18028994287926,26.27369653089,0.154381394152234,0.240630839,"CB",19,89342.5759819059,19696.11,"CB19a",2.246174182,2.156818246,2.142366534,-3.52409754,2.142366534,1.645347673,-687.0953263,2649.129581,"H17","CB19H17",0.25,"19",0.330893775588094,0.216257681320293,-0.618648714696669,0.25,"CB"
"24777",79.1726168851671,0.472160642977142,2739.25174859603,16.2806169590009,56.0845974404319,0.32876582773072,0.047282316,"CB",19,88778.3852031677,41917.66,"CB19a",2.426679114,2.350472404,1.273586424,-3.603284271,1.273586424,1.153258238,-688.2267334,2648.036348,"H18","CB19H18",0.25,"19",0.105028420986158,0.0619265655609578,-1.32530125883184,0.25,"CB"
"25066",66.669888864814,0.388307136836283,2515.50588830351,14.7425764577828,46.8103730459791,0.267787663016216,0.024387565,"CB",19,87833.646756742,34106.43,"CB19a",2.440345293,2.281149386,1.08876132,-3.737016306,1.08876132,1.024364136,-684.2192753,2652.719842,"H20","CB19H20",0.25,"19",0.0369326834581791,0.0104543649838645,-1.61283156007395,0.25,"CB"
"25355",83.7625926060854,0.498217653708697,3336.56951276128,19.740795748217,58.5172273914239,0.342120857571648,0.076653529,"CB",19,87417.8413907931,43553.11,"CB19a",2.315496226,2.240921009,1.283898693,-3.796331943,1.283898693,1.161333971,-685.5756685,2651.521246,"H23","CB19H23",0.25,"19",0.108530756749311,0.06495713007897,-1.11546784615929,0.25,"CB"
"25644",93.8820008521284,0.560650762927422,2456.60528332344,14.7685537803364,68.3923506828683,0.401035535106719,0.010504681,"CB",19,91474.5069501297,51285.25,"CB19a",2.599212354,2.354248373,1.062521297,-3.229320391,1.062521297,1.008369216,-682.5041053,2647.689994,"H25","CB19H25",0.25,"19",0.026337643735889,0.00361957884752461,-1.97861713145824,0.25,"CB"
"25933",70.5458676741449,0.423569558501556,3847.3884085848,23.2611822963178,47.7692661880896,0.281519854864773,0.079191451,"CB",19,84304.1201693648,35708.66,"CB19a",2.392429243,2.276884176,1.520633951,-4.249690166,1.520633951,1.225536659,-688.0956756,2653.484502,"H27","CB19H27",0.25,"19",0.182024682696409,0.0883263066638155,-1.10132169952064,0.25,"CB"
"26222",85.2711548425408,0.53087211360708,4184.48830216703,26.069866673517,58.3814229684878,0.356804248642142,0.019255607,"CB",19,85357.9841331406,45314.17,"CB19a",2.507098686,2.317337222,1.096077152,-4.094399519,1.096077152,1.020562147,-685.2474494,2645.202205,"H28","CB19H28",0.25,"19",0.0398411248678628,0.00883945616367268,-1.71544278643645,0.25,"CB"
"26511",96.368149065303,0.600713244913064,1812.78812592502,10.9727538103893,72.6210070174039,0.445715111891803,0.023302469,"CB",19,95272.2505532279,57231.3,"CB19a",2.532568253,2.348673174,1.168126969,-2.720842048,1.168126969,1.038731721,-684.917491,2648.024048,"H31","CB19H31",0.25,"19",0.0674900507722292,0.0165033943963238,-1.63259806110841,0.25,"CB"
"26800",47.6458899419735,0.313374989622039,2114.43817956507,15.277622170437,32.8833380211444,0.210775526801305,0.366667364,"CB",19,85426.9654138258,26770.68,"CB19a",2.15140874,2.098529735,2.188483577,-4.084301837,2.188483577,1.854980517,-682.8623914,2647.054458,"H33","CB19H33",0.25,"19",0.340143291892684,0.268339352547385,-0.435727743613081,0.25,"CB"
"27089",63.1977637771353,0.375127035411641,3363.48659078068,19.6184487297741,42.8892314854267,0.250544416719206,0.15576515,"CB",19,84763.0666904826,31796.92,"CB19a",2.298826053,2.180935701,1.825037416,-4.181825482,1.825037416,1.369032374,-688.1414868,2652.530599,"H34","CB19H34",0.25,"19",0.261271772570994,0.136413718172936,-0.807529702348276,0.25,"CB"
"27378",14.5102994715038,0.0927594722468194,729.69770451971,4.40685452932531,9.92821260889715,0.062551282512336,0.104427873,"CB",19,85672.5622463045,7946.942,"CB19a",2.335787049,2.24894448,1.557127032,-4.048416729,1.557127032,1.300703979,-686.5178859,2646.977879,"H35","CB19H35",0.25,"19",0.192324044197009,0.114178468802225,-0.98118356767038,0.25,"CB"
"27667",13.6186322409271,0.0882986391752986,690.767770006688,5.45269177700305,9.28438777055454,0.0580020456387819,0.110637654,"CB",19,83212.3334926258,7347.536,"CB19a",2.265151727,2.174169388,1.374273173,-4.412629703,1.374273173,1.190346786,-681.9143692,2652.303972,"H36","CB19H36",0.25,"19",0.138073068774883,0.0756735036662471,-0.956097041735121,0.25,"CB"
"27956",31.5846114374339,0.174052356572904,1771.28648468415,9.69377814103475,21.2887377046191,0.115519043712157,0.530121075,"CB",19,84172.5224436331,14650.43,"CB19a",2.214014914,2.210918872,3.785940094,-4.269217762,3.785940094,3.740904108,-681.944334,2646.944882,"H37","CB19H37",0.25,"19",0.578173737717829,0.572976575907318,-0.275624930023207,0.25,"CB"
"28245",73.1013422822703,0.443938114017369,4184.43348688599,25.1182281675958,49.2504454510252,0.294178392147223,0.110818747,"CB",19,84025.0642424916,37301.93,"CB19a",2.307002772,2.151713435,1.504247472,-4.291135175,1.504247472,1.160613796,-682.7501678,2652.892535,"H38","CB19H38",0.25,"19",0.177319290300059,0.0646877286368022,-0.955386764608007,0.25,"CB"
"28534",72.4674541135109,0.441672005364255,3643.88921078895,22.5032654575256,49.4793313225299,0.295760587467993,0.037269258,"CB",19,85009.3569073614,37546.25,"CB19a",2.397889032,2.304073424,1.142000632,-4.145557756,1.142000632,1.067419499,-689.2572769,2645.501451,"H39","CB19H39",0.25,"19",0.0576663442548701,0.0283351319796121,-1.42864925360284,0.25,"CB"
"28823",79.5785888844211,0.485069646148182,3257.05462474569,19.5646741989013,55.4580064667951,0.332500452704149,0.075736141,"CB",19,87245.2857771104,42320.04,"CB19a",2.373738323,2.203602342,1.423896314,-3.821030297,1.423896314,1.117838816,-686.636095,2645.872044,"H40","CB19H40",0.25,"19",0.153478365777573,0.0483791860473971,-1.12069682735227,0.25,"CB"
"29112",73.4832034004138,0.446007247485774,2822.67671618065,16.9566071658048,51.5422825231691,0.307536881175893,0.009827707,"CB",19,87820.1866915835,39168.44,"CB19a",2.625168144,2.34159949,1.067737834,-3.738932015,1.067737834,1.006599545,-689.3931668,2649.588613,"H41","CB19H41",0.25,"19",0.028464631696363,0.00285672975272215,-2.00754779991072,0.25,"CB"
"29401",42.9030334853111,0.291552862603647,1008.24888525095,6.85460398933706,31.6426863317234,0.210933616144683,0.231782551,"CB",19,92637.4941024577,27008.73,"CB19a",2.215509393,2.14598523,1.892291729,-3.071399857,1.892291729,1.564431835,-686.7223424,2649.977548,"H42","CB19H42",0.25,"19",0.276988091118741,0.194356644932969,-0.634919261597834,0.25,"CB"
"29690",69.7226716975276,0.428402580869085,3423.57777671868,20.2459484862565,47.678371763768,0.289040345543898,0.394192425,"CB",19,85722.6479016529,36723.8,"CB19a",2.202137911,2.075106455,2.771073075,-4.041111149,2.771073075,1.822570732,-687.9907947,2646.983717,"H44","CB19H44",0.25,"19",0.442647978561305,0.260684391816465,-0.404291725597695,0.25,"CB"
"29979",59.8802709974395,0.375659233337967,3196.53680230905,19.3043415434682,40.6476506548576,0.251340786337956,0.087517519,"CB",19,84928.5921086277,31904.21,"CB19a",2.260043536,2.25058935,1.238105923,-4.15743927,1.238105923,1.221722191,-689.2648452,2650.480521,"H46","CB19H46",0.25,"19",0.0927578012322156,0.0869724623450233,-1.05790500248096,0.25,"CB"
"30268",79.8870829526281,0.471519932580611,2997.26633945166,17.7932160145703,56.1287239835264,0.325371576102517,0.116889674,"CB",19,87893.073264543,41443.34,"CB19a",2.361792652,2.01989315,1.793317833,-3.728561913,1.793317833,1.062532068,-682.5403928,2649.795735,"H47","CB19H47",0.25,"19",0.253657267189296,0.0263420462473192,-0.932223852592609,0.25,"CB"
"30557",71.5916991973259,0.44359110295366,2991.16119105335,18.473725078484,49.7784667237607,0.303096314899723,0.071821424,"CB",19,86935.5042588141,38563.82,"CB19a",2.388959011,2.286829057,1.431333704,-3.865492985,1.431333704,1.203521595,-684.4118185,2653.539933,"H48","CB19H48",0.25,"19",0.155740897848057,0.080453887303359,-1.14374598838829,0.25,"CB"
"30846",66.7651221598785,0.415137830636143,2157.9295875682,13.5666764259037,47.6382264397556,0.290615778636355,0.276846529,"CB",19,89309.1839960395,37075.62,"CB19a",2.240953293,2.188977276,2.355769938,-3.528770316,2.355769938,1.988144575,-683.3656404,2648.159457,"H50","CB19H50",0.25,"19",0.372132875446254,0.298447962476654,-0.557760917142463,0.25,"CB"
"31135",46.0712655285223,0.256453416700986,909.482836729407,5.06214411598384,34.4858977182107,0.188812560622823,0.306392708,"CB",19,94454.895129135,24223.28,"CB19a",2.328443769,2.170982089,3.540804115,-2.828544148,3.540804115,2.028259263,-685.7140653,2648.940487,"H51","CB19H51",0.25,"19",0.549101901305493,0.307123468064459,-0.513721574917524,0.25,"CB"
"31424",35.4751417177763,0.246834767998085,1930.58031446807,11.857202002994,24.0267431185617,0.16626611069116,0.123297369,"CB",19,85567.2979187595,21120.99,"CB19a",2.351250915,2.105580975,1.805163628,-4.063784696,1.805163628,1.136961172,-689.7977764,2652.701242,"H52","CB19H52",0.25,"19",0.256516574394955,0.055745633488018,-0.909046190565443,0.25,"CB"
"31713",55.2281053094121,0.31956549998833,2958.12033317718,17.6683860812792,37.4137718629389,0.212251702214651,0.070904503,"CB",19,84240.9489478153,26920.5,"CB19a",2.356751413,2.3358272,1.334878898,-4.259060245,1.334878898,1.287245697,-686.3652968,2653.87655,"H54","CB19H54",0.25,"19",0.125441867711102,0.109661448743763,-1.14932618278658,0.25,"CB"
"32002",41.8486740383421,0.269555420581721,1307.1558838583,9.12551380818273,29.953072728645,0.188036490976581,0.301227222,"CB",19,88959.6363458406,23979.55,"CB19a",2.245420163,2.205066412,2.567131069,-3.577790119,2.567131069,2.235228193,-689.2668756,2647.052233,"H57","CB19H57",0.25,"19",0.409448042839845,0.349321866573932,-0.521105783367171,0.25,"CB"
"32291",466.166103453243,0.229475469827454,38386.9440027046,10.4632111745027,300.734646117116,0.155381170797062,0.271432565,"CB",19,86064.5236497396,19727.91,"CB19a",2.2684197,2.213337647,2.548714596,-3.991358278,2.548714596,2.115630379,-683.806314,2651.437324,"H65","CB19H65",0.25,"19",0.406321206076582,0.325439794562366,-0.56633804926515,0.25,"CB"
"32580",16.152390790904,0.100998877358459,656.372746856461,5.30367892858933,11.2371034961037,0.0674288065071117,0.517326087,"CB",19,84724.5961915961,8557.089,"CB19a",2.274657997,2.215947764,4.693318774,-4.18750001,4.693318774,3.728708947,-681.9412655,2651.103059,"H67","CB19H67",0.25,"19",0.671480052846104,0.571558484824155,-0.286235621040962,0.25,"CB"
"32869",53.5819722091006,0.305325424633376,1397.67963199571,8.47478070185047,39.0292757932119,0.217260819810202,0.087557991,"CB",19,90944.3322754479,27767.62,"CB19a",2.350788242,2.223386172,1.461037925,-3.301979576,1.461037925,1.180346342,-685.9912586,2651.199474,"H68","CB19H68",0.25,"19",0.164661489311748,0.0720094584499295,-1.05770421178688,0.25,"CB"
"33158",76.9360813304795,0.451900875319479,3999.48415430512,23.2269921234237,52.3305968951993,0.302345283172989,0.031800215,"CB",19,84926.661234873,38378.43,"CB19a",2.497317615,2.313776779,1.227329528,-4.157723464,1.227329528,1.053569231,-685.6043495,2652.663299,"H70","CB19H70",0.25,"19",0.0889611829210409,0.022663078770319,-1.49756994375777,0.25,"CB"
"33447",36.1998819349398,0.254704484006891,1694.08402352395,11.2340950885941,24.9299361372714,0.173037979076943,0.084518044,"CB",19,86382.7833883156,22002.08,"CB19a",2.4176587,2.309888515,1.686367863,-3.945219532,1.686367863,1.323762134,-685.6308612,2646.149757,"J12","CB19J12",0.25,"19",0.226952317290308,0.121809954007017,-1.073050562375,0.25,"CB"
"33736",86.4075110089449,0.538733494052666,2476.77151261548,15.2115765327615,62.055969203391,0.384590125076957,0.180381842,"GT",17,93590.961331747,50420.58561,"GT17a",2.272975942,2.215484388,1.876417531,-3.021374423,1.876417531,1.600851599,2112.494784,4837.942951,"GT01","GT17H01",0.25,"17",0.273329481822017,0.204351074128792,-0.743807182515275,0.25,"GT"
"34024",74.8968701177817,0.455697627080629,1848.46111805983,10.8434495943587,54.642905832324,0.330926749800626,0.110710945,"GT",17,95387.2932112263,43467.76317,"GT17a",2.295215492,2.211104165,1.463763626,-2.783729887,1.463763626,1.252045095,2111.022338,4847.95047,"GT02","GT17H02",0.25,"17",0.16547095089447,0.0976199711723093,-0.955809442191413,0.25,"GT"
"34312",26.2423089633999,0.136092030804868,882.53382519969,5.46623878162116,18.5265984756964,0.0937888651568995,0.190961863,"GT",17,89996.9360995228,12247.8658,"GT17a",2.293907481,2.242409384,2.088698028,-3.510851741,2.088698028,1.786352352,2116.69324,4843.720383,"GT03","GT17H03",0.25,"17",0.319875656709407,0.25196712612952,-0.719053357058104,0.25,"GT"
"34600",110.777407436393,0.66934137384823,2388.01631617461,15.5137640294129,81.809387608217,0.48735440551787,0.068984556,"GT",17,95666.4252081917,64033.49648,"GT17a",2.304223173,2.228747098,1.215788832,-2.747204532,1.215788832,1.12036493,2111.567642,4848.096981,"GT04","GT17H04",0.25,"17",0.0848581497220115,0.0493595059478034,-1.16124812657751,0.25,"GT"
"34888",63.7548992996035,0.423960068428271,1367.68745693115,8.55593538748039,47.1282766001515,0.312993180968729,0.153365543,"GT",17,97149.4441509376,41187.48499,"GT17a",2.265463493,2.23151285,1.646804941,-2.554916393,1.646804941,1.51353337,2109.344929,4844.185979,"GT05","GT17H05",0.25,"17",0.216642161365172,0.179992000612775,-0.814272203398056,0.25,"GT"
"35176",121.423472196053,0.783752940301302,3810.77347584315,25.638876345925,86.4017105867229,0.551329688295418,0.197304634,"GT",17,92072.8815923272,72162.39167,"GT17a",2.266999011,2.251767407,1.967196615,-3.225791388,1.967196615,1.878393153,2114.413847,4839.81343,"GT06","GT17H06",0.25,"17",0.293847768430902,0.273786496507609,-0.7048627145603,0.25,"GT"
"35464",118.782365205412,0.800220093111901,4129.96645950782,28.4036509240844,83.6699827727394,0.558337962261869,0.139722806,"GT",17,91241.7091853628,73013.44902,"GT17a",2.288183771,2.232196622,1.648185961,-3.339145445,1.648185961,1.441340694,2117.239809,4842.351938,"GT07","GT17H07",0.25,"17",0.217006210564915,0.158766648430774,-0.85473270117582,0.25,"GT"
"35752",116.61583723265,0.695956260081427,2227.45979337533,14.2327614886593,87.1884157281299,0.51311581399792,0.049906347,"GT",17,97006.2686440971,67512.11993,"GT17a",2.562790097,2.399976955,1.774773025,-2.573352051,1.774773025,1.246980661,2111.968459,4846.372253,"GT08","GT17H08",0.25,"17",0.249142819197842,0.0958597182049962,-1.30184421806823,0.25,"GT"
"36040",98.2797946703474,0.639727854674815,2890.06150451086,19.8490257141494,70.4010705569345,0.452402549973004,0.028005534,"GT",17,92615.6992493586,59248.84259,"GT17a",2.334167138,2.239810354,1.049328521,-3.152313751,1.049328521,1.022798506,2114.049468,4841.392406,"GT09","GT17H09",0.25,"17",0.0209114772507786,0.00979008498156628,-1.55275614193678,0.25,"GT"
"36328",43.6749222352235,0.305638441539205,990.934659354431,8.14486400483559,32.0329371803767,0.219454538596597,0.196467914,"GT",17,94194.4917171263,28789.45765,"GT17a",2.250796305,2.248948556,1.867295865,-2.941025752,1.867295865,1.857112316,2112.482638,4839.606949,"GT10","GT17H10",0.25,"17",0.271213135494234,0.268838170160876,-0.706708365952969,0.25,"GT"
"36616",119.423075710101,0.689708485240745,2890.87035979338,16.8696320961797,87.2353698501311,0.499488784833972,0.049660801,"GT",17,95096.1249042863,65588.60426,"GT17a",2.407215065,2.233955308,1.258416789,-2.821944307,1.258416789,1.066825826,2114.482674,4844.558455,"GT11","GT17H11",0.25,"17",0.0998245037358741,0.0280935206600653,-1.30398627980613,0.25,"GT"
"36904",9.00850658716515,0.0617297826093166,225.179741670624,1.59438440683661,6.55209158697785,0.0444620103088285,0.122217633,"GT",17,94522.2662928899,5834.83895000003,"GT17a",2.205098325,2.161563736,1.28764573,-2.89760421,1.28764573,1.207528512,2111.99275,4844.432947,"GT12","GT17H12",0.25,"17",0.109796392007044,0.0818973940472175,-0.912866131555425,0.25,"GT"
"37192",76.8501321991585,0.506851919368116,1801.40144370415,13.7459746569037,56.2266487851097,0.363291994338607,0.062198122,"GT",17,94011.0704511175,47649.6915,"GT17a",2.476448946,2.30323075,1.621220834,-2.965390245,1.621220834,1.177072176,2114.389555,4847.679969,"GT13","GT17H13",0.25,"17",0.209842176141145,0.0708030938353433,-1.20622272812831,0.25,"GT"
"37480",98.6228142268274,0.645547890232395,2086.6135085342,14.7665681274229,72.9981886993153,0.470649424469848,0.090991398,"GT",17,95806.488791614,61847.67671,"GT17a",2.37386257,2.254268771,1.576269403,-2.728916879,1.576269403,1.244602831,2109.940082,4837.785053,"GT14","GT17H14",0.25,"17",0.197630445537661,0.095030784505016,-1.04099966237904,0.25,"GT"
"37768",48.0588927830261,0.341012706508449,1133.31624560029,8.04476387646123,35.1907889776506,0.247856586438929,0.05398749,"GT",17,95478.8028087549,32559.48496,"GT17a",2.426554747,2.348575406,1.345404361,-2.771743787,1.345404361,1.193106289,2114.021127,4843.91067,"GT15","GT17H15",0.25,"17",0.128852831073234,0.0766791349276679,-1.26770686338798,0.25,"GT"
"38056",88.2822572554245,0.555390412603139,1964.18266017058,12.4079552500242,65.0232410788937,0.4058750648863,0.076068106,"GT",17,96058.0423416882,53349.71577,"GT17a",2.452922839,2.236038369,1.732829543,-2.696139365,1.732829543,1.153136652,2108.296327,4838.890336,"GT16","GT17H16",0.25,"17",0.238755843628259,0.0618807762391425,-1.11879739699579,0.25,"GT"
"38344",56.9265629345561,0.306905390751736,1804.10597544774,10.1776680921583,40.4616524866375,0.215597795917974,0.1260977,"GT",17,91933.4413478053,28214.86874,"GT17a",2.297887465,2.21244458,1.586060429,-3.244736426,1.586060429,1.32083799,2114.417896,4838.165627,"GT17","GT17H17",0.25,"17",0.200319729943308,0.120849551631248,-0.89929283481009,0.25,"GT"
"38632",2.45336467449876,0.017653874102423,48.5917651207591,0.374110925031449,1.82639526302327,0.0129696472754776,0.030572796,"GT",17,96623.5042860043,1705.77918000005,"GT17a",2.626042168,2.348682679,1.537975539,-2.622771731,1.537975539,1.06580198,2113.28832,4845.696128,"GT18","GT17H18",0.25,"17",0.186949428208064,0.0276765227188125,-1.51466484155379,0.25,"GT"
"38920",95.1043034105144,0.635179998811028,2971.98993330005,21.2245003467005,67.6900960765549,0.445868637034147,0.209294804,"GT",17,91855.929420344,58345.04914,"GT17a",2.216074596,2.155522672,1.764709645,-3.255280008,1.764709645,1.509187403,2116.353153,4841.789174,"GT19","GT17H19",0.25,"17",0.246673259328619,0.178743171541931,-0.67924155342022,0.25,"GT"
"39208",105.100313796138,0.674524651864666,2477.62411650229,16.0510540667972,76.9763762021009,0.489836823275839,0.068314027,"GT",17,95386.9263371402,64340.83328,"GT17a",2.316138204,2.216398316,1.231967372,-2.783777964,1.231967372,1.1071807,2108.154624,4840.623161,"GT20","GT17H20",0.25,"17",0.0905992059225637,0.044218506703944,-1.16549011296222,0.25,"GT"
"39496",48.9903484644007,0.355634160021744,1239.79111465149,8.85432848842096,35.6116789943491,0.257094289611757,0.228864236,"GT",17,94908.6767084927,33752.76752,"GT17a",2.235087718,2.192366015,1.990275621,-2.846607928,1.990275621,1.753735426,2110.632402,4843.380296,"GT21","GT17H21",0.25,"17",0.298913223339711,0.243964074950698,-0.640422068056641,0.25,"GT"
"39784",114.166016218085,0.694114269773807,2384.67281888971,14.7323392537625,84.6307274015577,0.509860157229934,0.124518529,"GT",17,96606.6866509627,67056.07976,"GT17a",2.343519438,2.268451425,1.777666941,-2.624947586,1.777666941,1.468643633,2108.365154,4842.513884,"GT22","GT17H22",0.25,"17",0.249850395984465,0.16691642683355,-0.904766018498327,0.25,"GT"
"40072",21.589865151126,0.141228252927837,352.467398745746,2.4310330404706,16.3950480153116,0.105934845072178,0.040177233,"GT",17,98881.5186089968,13964.86412,"GT17a",2.488620387,2.223636802,1.323569179,-2.334017675,1.323569179,1.040657121,2106.705205,4844.45319,"GT23","GT17H23",0.25,"17",0.121746645503475,0.0173076603590366,-1.39601997635359,0.25,"GT"
"40360",94.0546969053441,0.609469873649711,2457.85173420763,16.4402901785404,68.1898085885888,0.437079760201234,0.028153094,"GT",17,94067.3019105629,57331.18661,"GT17a",2.513810159,2.323149173,1.206319848,-2.957915773,1.206319848,1.045567947,2115.806585,4844.218368,"GT24","GT17H24",0.25,"17",0.0814624734795109,0.019352261016253,-1.55047386961234,0.25,"GT"
"40648",110.583520327299,0.722625981399104,3639.00754483118,24.8243049971858,78.3389787199597,0.505849582799094,0.100943633,"GT",17,91573.8180515994,66173.62014,"GT17a",2.330097953,2.281809189,1.506532319,-3.29372955,1.506532319,1.360021268,2117.138593,4840.530042,"GT25","GT17H25",0.25,"17",0.177978452844959,0.133545699916409,-0.995921068896371,0.25,"GT"
"40936",66.9855494042398,0.437145651265108,2147.27015898635,16.1604172700035,47.5067991103467,0.303771970352107,0.101505222,"GT",17,90830.3529386368,39706.09379,"GT17a",2.226118348,2.137121224,1.241214894,-3.395628156,1.241214894,1.121547284,2115.438157,4838.724342,"GT26","GT17H26",0.25,"17",0.0938469782746842,0.0498175879924583,-0.993511614623211,0.25,"GT"
"41224",56.0624713651714,0.350140486587333,1206.16085534129,8.7575444207582,41.3843825985304,0.253006981742824,0.073483723,"GT",17,94860.4204093251,33214.47376,"GT17a",2.329992643,2.209714192,1.293151277,-2.852965167,1.293151277,1.116777768,2109.563557,4840.331658,"GT27","GT17H27",0.25,"17",0.111649333019112,0.0479667597462906,-1.1338088485911,0.25,"GT"
"41512",105.020361409645,0.696724037947106,2359.26898906753,15.9177784864341,77.282965713666,0.508022333388374,0.208006467,"GT",17,95819.467111695,66759.72604,"GT17a",2.3324315,2.256871174,2.548872083,-2.727223695,2.548872083,1.982911529,2109.288248,4841.088757,"GT28","GT17H28",0.25,"17",0.406348040631598,0.297303337844114,-0.681923162447075,0.25,"GT"
"41800",93.5938635190424,0.540818046303667,1995.96328684718,11.5703595104804,69.228116176173,0.396940839325348,0.150916474,"GT",17,96521.3316507743,52200.47801,"GT17a",2.313270872,2.277080893,1.862051168,-2.635996605,1.862051168,1.681044115,2111.058776,4846.424127,"GT29","GT17H29",0.25,"17",0.269991610949687,0.22557911061358,-0.821263350172817,0.25,"GT"
"42088",82.925695498199,0.541389509023709,1691.2685897206,11.4804394021334,61.6196709589219,0.397712412037492,0.090364061,"GT",17,96616.3774291188,52307.09314,"GT17a",2.26341941,2.242619793,1.258695837,-2.623693753,1.258695837,1.221264256,2108.63768,4847.46868,"GT30","GT17H30",0.25,"17",0.0999207958173892,0.0868096463407479,-1.04400425993117,0.25,"GT"
"42376",127.070799503867,0.811971517476772,3280.20707463686,21.7153390404659,92.20856543867,0.582803820246182,0.048428285,"GT",17,94157.1467033474,76452.92129,"GT17a",2.443845388,2.298016814,1.323892853,-2.945982573,1.323892853,1.106248442,2114.025176,4846.732584,"GT31","GT17H31",0.25,"17",0.12185283764609,0.0438526720617876,-1.31490091043363,0.25,"GT"
"42664",90.3479701520636,0.59536947424433,2064.3704266537,14.5257492809151,66.3624779635922,0.431276249727224,0.037205518,"GT",17,95122.6007713635,56633.09281,"GT17a",2.550560033,2.344958872,1.441963617,-2.818464646,1.441963617,1.093239798,2114.786323,4842.785144,"GT32","GT17H32",0.25,"17",0.158954302591819,0.038715433244905,-1.42939264454732,0.25,"GT"
"42952",94.5303323309049,0.614642530007837,2089.38533453352,14.2234711804612,69.6792941853243,0.44759835883968,0.129968834,"GT",17,95683.2296802665,58810.98237,"GT17a",2.325192769,2.269172401,1.737989243,-2.745009013,1.737989243,1.505984927,2111.442133,4838.598833,"GT33","GT17H33",0.25,"17",0.240047084126342,0.17782062514922,-0.88616077726654,0.25,"GT"
"43240",100.567202704336,0.657677419688242,2143.59479236791,14.676363107198,74.3999024425608,0.480680557493642,0.266477049,"GT",17,96070.2406355242,63183.22797,"GT17a",2.212038645,2.168154587,2.077048346,-2.694552106,2.077048346,1.816760293,2109.563557,4844.78518,"GT34","GT17H34",0.25,"17",0.31744660542131,0.259297629402212,-0.574340189721384,0.25,"GT"
"43528",93.7645282364376,0.611709773295473,2377.02625333765,16.2328714457131,68.1700898764866,0.439404603780563,0.277644997,"GT",17,94238.5050666095,57646.61457,"GT17a",2.302612665,2.088278344,2.939753399,-2.935186362,2.939753399,1.511680095,2109.838865,4838.615028,"GT35","GT17H35",0.25,"17",0.468310901179049,0.17945989455418,-0.556510147852747,0.25,"GT"
"43816",109.307642085352,0.668920002941705,2310.88650762361,14.5158368124714,80.9092377393796,0.490265767711758,0.075626102,"GT",17,96369.0334666488,64463.17415,"GT17a",2.224247914,2.191585205,1.138182436,-2.655735566,1.138182436,1.106873417,2107.636396,4843.635362,"GT36","GT17H36",0.25,"17",0.0562118794561617,0.0440979574263858,-1.12132828388946,0.25,"GT"
"44104",103.699411475648,0.664571339550368,1919.63424944904,12.9260512416029,77.7968238506265,0.49244003998513,0.079272612,"GT",17,97548.3951111417,64827.86761,"GT17a",2.355083133,2.280566991,1.401386171,-2.503689384,1.401386171,1.232321083,2109.616189,4846.356059,"GT39","GT17H39",0.25,"17",0.146557827523174,0.0907238786135645,-1.10087683174607,0.25,"GT"
"44392",19.24143477526,0.139982951330301,374.832867163494,3.11872836846779,14.3332800005933,0.102326726691448,0.152439853,"GT",17,96087.5238889785,13450.61518,"GT17a",2.341954407,2.276012352,2.048311032,-2.69230353,2.048311032,1.687149411,2111.207311,4842.141407,"GT40","GT17H40",0.25,"17",0.311395904073812,0.227153544651692,-0.816901478696247,0.25,"GT"
"44680",82.4457514651944,0.572275398784573,1617.05658051671,11.7013090887046,61.4709147266653,0.421935741938318,0.057037906,"GT",17,97008.2008031559,55515.4068,"GT17a",2.307391262,2.190050904,1.155682642,-2.57310308,1.155682642,1.061347682,2112.211378,4845.190046,"GT41","GT17H41",0.25,"17",0.0628385903556786,0.025857675738525,-1.24383642686829,0.25,"GT"
"44968",120.708574335589,0.748708495813754,2855.5941516314,18.0886968132253,88.3654475037823,0.542884554690889,0.182292145,"GT",17,95226.2686461295,71296.71636,"GT17a",2.253125538,2.150551631,1.784029805,-2.804849135,1.784029805,1.389236407,2111.676955,4840.521945,"GT42","GT17H42",0.25,"17",0.251402105667294,0.142776156118728,-0.739232044766049,0.25,"GT"
"45256",61.4309461724282,0.369266100389835,1234.37143801832,7.8548396331273,45.6644087166945,0.271183853915233,0.055670972,"GT",17,96583.0326486741,35664.83983,"GT17a",2.216084206,2.177120592,1.072192394,-2.628008567,1.072192394,1.05270412,2107.38538,4845.663738,"GT43","GT17H43",0.25,"17",0.0302727220689691,0.022306322649863,-1.25437119596356,0.25,"GT"
"45544",68.1552394592344,0.44308171365864,1672.85501740156,11.8732381376371,49.7004631476788,0.31796511016718,0.138995289,"GT",17,94136.443333643,41710.13663,"GT17a",2.264130698,2.202868469,1.546180425,-2.948731388,1.546180425,1.354790376,2111.15063,4840.218296,"GT44","GT17H44",0.25,"17",0.189260170701268,0.131872102893659,-0.856999919141416,0.25,"GT"
"45832",96.9746132995502,0.620862029789923,1979.12628518267,13.8690138245312,72.0314397994645,0.453726587585674,0.039427647,"GT",17,96059.3045449725,59639.5748,"GT17a",2.417458123,2.333901805,1.183465485,-2.695975116,1.183465485,1.095410483,2110.948197,4843.773016,"GT46","GT17H46",0.25,"17",0.0731555965341148,0.0395768927797932,-1.40419914038577,0.25,"GT"
"46120",59.9560330676348,0.395593171319985,1047.60667300382,8.1596278383594,45.1584328928176,0.29141426451428,0.244129495,"GT",17,96914.1286541293,38338.5675,"GT17a",2.184841265,2.091138362,1.793995405,-2.585230636,1.793995405,1.420404297,2106.142442,4841.841807,"GT47","GT17H47",0.25,"17",0.253821326341462,0.152411977457067,-0.61237974724439,0.25,"GT"
"46408",90.7767712229859,0.598784632148903,2155.39197865736,15.0951513908223,66.4268982834445,0.432332754047066,0.190542788,"GT",17,94777.2904029498,56751.18497,"GT17a",2.223846421,2.197991118,1.69391335,-2.863924223,1.69391335,1.583544804,2112.405713,4843.222399,"GT48","GT17H48",0.25,"17",0.22889119077666,0.199630355585857,-0.72000748452539,0.25,"GT"
"46696",62.0294645457876,0.443075202625475,1277.06778505278,10.7092927575232,45.9375615940692,0.321257508377062,0.051100404,"GT",17,95221.6683533584,42190.36,"GT17a",2.427014877,2.391278597,1.314750165,-2.805453013,1.314750165,1.241460801,2113.770111,4840.647453,"GT49","GT17H49",0.25,"17",0.118843233989077,0.0939330113024579,-1.29157566631779,0.25,"GT"
"46984",12.8424789774002,0.0628223664988288,250.249435534787,1.39252388096209,9.58207238754922,0.0459462035981545,0.317143018,"GT",17,96141.9678469551,6039.86594000003,"GT17a",2.293019776,2.254842155,3.194756834,-2.685222936,3.194756834,2.775185091,2106.911687,4841.287141,"GT50","GT17H50",0.25,"17",0.504437807824333,0.443291953699879,-0.498744845286383,0.25,"GT"
"47272",99.5629994387585,0.63941202372085,2483.85110012298,15.946859658819,72.4966085832225,0.462163387574915,0.16055698,"GT",17,94890.6562108828,60674.22652,"GT17a",2.311877083,2.278879596,1.939156454,-2.848981553,1.939156454,1.760053759,2112.259962,4847.230568,"GT51","GT17H51",0.25,"17",0.287612850011022,0.245525933087156,-0.794370809315229,0.25,"GT"
"47560",122.601808888456,0.752727022106148,2588.81552833442,16.6921740832841,90.7559942062974,0.550495969715133,0.046328231,"GT",17,96137.3673254356,72365.19422,"GT17a",2.469009635,2.287377316,1.359855129,-2.685821092,1.359855129,1.089703038,2112.83892,4842.28311,"GT53","GT17H53",0.25,"17",0.133492643644368,0.0373081616751007,-1.33415428260725,0.25,"GT"
"47848",46.8448332862899,0.366036083958634,1449.65823893629,10.7673285166483,33.4039757784879,0.260181162429748,0.221237898,"GT",19,129442.694877466,47380.7,"GT19a",2.361386142,2.268545759,2.985235,-3.011979818,2.985235,2.157555814,2114.667893,4843.059911,"H01","GT19H01",0.25,"19",0.474978524807449,0.333962039334492,-0.655140476451912,0.25,"GT"
"48136",69.8556923249097,0.496057688659725,1614.80515516622,11.7364780887929,51.3176727408495,0.360364482445579,0.006504536,"GT",19,132613.049921145,65783.72,"GT19a",2.852078416,2.276381255,1.185359024,-2.709514618,1.185359024,1.001684673,2112.562588,4843.491238,"H02","GT19H02",0.25,"19",0.0738499102842455,0.000731028588399112,-2.18678367832251,0.25,"GT"
"48424",71.1778680722751,0.448899038715789,1991.83145434316,13.481230990664,51.3256738384855,0.318420443975037,0.13155055,"GT",19,129145.090298811,57973.11,"GT19a",2.338502975,2.302227596,1.820010174,-3.040751934,1.820010174,1.64624852,2113.375956,4846.612217,"H03","GT19H03",0.25,"19",0.260073815732168,0.21649539753332,-0.880907331831675,0.25,"GT"
"48712",57.5237316814028,0.41196501187143,1426.17098791487,10.1325695634382,41.9599702210195,0.298115641098052,0.190037727,"GT",19,132042.468613758,54396.88,"GT19a",2.357898039,2.267352046,2.582743323,-2.763413191,2.582743323,1.915772873,2111.702127,4845.291814,"H05","GT19H05",0.25,"19",0.412081247464937,0.282344019434718,-0.72116017272379,0.25,"GT"
"49000",76.1256075419972,0.486310965741124,1519.23407697096,10.3152175825661,56.7843591104774,0.357164252430094,0.20799613,"GT",19,134232.44978759,65278.71,"GT19a",2.318431129,2.295670509,2.427348643,-2.557795763,2.427348643,2.246834162,2109.154715,4846.655968,"H11","GT19H11",0.25,"19",0.385132159049968,0.351571018486684,-0.681944745495319,0.25,"GT"
"49288",76.7714273466819,0.516932184322219,1600.15759705655,11.2371363059543,56.9867421413204,0.378723034407938,0.063692331,"GT",19,133866.935719494,69200.13,"GT19a",2.487780163,2.334372382,1.695965195,-2.591879606,1.695965195,1.234409353,2109.065761,4840.690459,"H14","GT19H14",0.25,"19",0.22941693531778,0.0914592036747457,-1.19591285659538,0.25,"GT"
"49576",15.2849207004934,0.094302668993889,354.899873462728,2.52337553192775,11.2010924748215,0.0676688116539588,0.030085087,"GT",19,130811.859532835,12335.91,"GT19a",2.638595305,2.400668197,1.570882143,-2.880456924,1.570882143,1.096739917,2113.823021,4841.964498,"H15","GT19H15",0.25,"19",0.196143602885425,0.0401036503608758,-1.52164872827851,0.25,"GT"
"49864",16.2680789152269,0.135224774625016,406.670251777095,2.9823645649845,11.8355464036029,0.0989273044059168,0.002099991,"GT",19,133651.94373677,18073.05,"GT19a",2.917926259,2.397359622,1.035863785,-2.611970901,1.035863785,1.000480614,2107.592762,4841.61253,"H17","GT19H17",0.25,"19",0.015302649895458,0.000208677865389554,-2.67778256653213,0.25,"GT"
"50152",67.656421388034,0.447451438482849,1419.10876121124,9.91565859472371,50.1977646637578,0.327189003151988,0.086385012,"GT",19,133581.140386235,59771.07,"GT19a",2.544040526,2.405076847,2.551682473,-2.618594646,2.551682473,1.653723971,2111.821018,4846.381866,"H18","GT19H18",0.25,"19",0.406826630549268,0.218463021615795,-1.06356160208526,0.25,"GT"
"50440",71.5860614020747,0.431089052420588,1532.46998088747,10.0515067391336,53.0414906348169,0.313625186242242,0.011296749,"GT",19,132828.377265619,57260.86,"GT19a",2.718774722,2.33986432,1.184547623,-2.689234495,1.184547623,1.008586549,2112.209167,4847.29293,"H20","GT19H20",0.25,"19",0.0735525255825097,0.00371317189962691,-1.94704652063159,0.25,"GT"
"50728",87.9471375657233,0.575372451309735,2604.81919302573,17.9578985294362,63.0566966598633,0.406563863602436,0.170304775,"GT",19,128593.643963274,73989.24,"GT19a",2.275038136,2.236927631,1.812738782,-3.094240904,1.812738782,1.632479584,2113.705821,4845.164195,"H23","GT19H23",0.25,"19",0.258335226208357,0.21284775863833,-0.768773175131475,0.25,"GT"
"51016",63.5354216354952,0.391482900794956,1445.4788738679,9.64731623009333,46.7719829342053,0.283239475581758,0.146829844,"GT",19,132014.281939401,51681.33,"GT19a",2.308129004,2.287690859,1.799346208,-2.76608181,1.799346208,1.699359997,2112.586507,4845.332411,"H25","GT19H25",0.25,"19",0.255114732972132,0.230285390728486,-0.833185662626885,0.25,"GT"
"51304",68.8488122704382,0.478648606271262,2011.80473269735,14.4887899361131,49.4161765872055,0.339254504342932,0.225670576,"GT",19,129031.663271988,61760.83,"GT19a",2.284760018,2.228446345,2.31345342,-3.051735401,2.31345342,1.929869516,2115.638271,4845.424341,"H27","GT19H27",0.25,"19",0.364260759664479,0.285527946107829,-0.646525062605321,0.25,"GT"
"51592",55.0861656996128,0.388941724228289,1737.46037050793,12.7148856259509,39.2158462518136,0.273559687218692,0.068490505,"GT",19,127933.353405906,49758.62,"GT19a",2.494390367,2.431685385,1.814462685,-3.158590078,1.814462685,1.53644813,2114.74947,4840.058164,"H28","GT19H28",0.25,"19",0.258748041224793,0.186517903196353,-1.16436963160139,0.25,"GT"
"51880",94.7875879430286,0.633821601197835,2112.40208005027,14.7940935570318,69.9050804474246,0.461068295091471,0.141529322,"GT",19,132812.842747726,84179.65,"GT19a",2.397145067,2.229179339,2.315009727,-2.690696478,2.315009727,1.441563423,2109.526691,4843.724698,"H31","GT19H31",0.25,"19",0.364552820137363,0.158833754357247,-0.849153573824818,0.25,"GT"
"52168",64.1283927040509,0.45696957569373,1806.36460846145,12.9961170158605,46.16723935449,0.325915495556847,0.308212042,"GT",19,129929.026171741,59373.61,"GT19a",2.288542696,2.274897957,3.062254124,-2.965103865,3.062254124,2.911801365,2111.00857,4838.632187,"H33","GT19H33",0.25,"19",0.486041228188315,0.464161745288403,-0.511150397181568,0.25,"GT"
"52456",67.4489918188063,0.399834378115419,1840.47290244367,12.0383669250324,48.7670530387389,0.283544836946747,0.151754618,"GT",19,129108.533496583,51622.03,"GT19a",2.299261586,2.261975616,1.794523317,-3.044290781,1.794523317,1.621191249,2112.840676,4838.594066,"H34","GT19H34",0.25,"19",0.253949105677699,0.209834250805364,-0.818858084164391,0.25,"GT"
"52744",16.4091072325075,0.115339287743758,462.998531153761,3.3639270722153,11.8117274072589,0.0820541762896668,0.14661932,"GT",19,129565.774874561,14944.02,"GT19a",2.364029997,2.306380703,2.133554713,-3.000099897,2.133554713,1.788581277,2114.788179,4845.014963,"H35","GT19H35",0.25,"19",0.329103784410852,0.252508680213577,-0.833808799022625,0.25,"GT"
"53032",25.3113684786741,0.155009447541665,530.40346119222,3.58409451592765,18.7658445930016,0.112866847665434,0.202506781,"GT",19,132952.23192419,20608.85,"GT19a",2.3231121,2.234870412,2.412742045,-2.67758441,2.412742045,1.820501325,2108.585426,4842.208996,"H36","GT19H36",0.25,"19",0.382510892393017,0.260190999358938,-0.693560429725486,0.25,"GT"
"53320",79.3482045111434,0.491927659437463,1879.41086202403,12.8125422876308,58.1567344599947,0.353946963455906,0.13734746,"GT",19,131204.813272357,64543.28,"GT19a",2.233052014,2.207513562,1.431283978,-2.842963696,1.431283978,1.359375067,2109.369126,4838.068317,"H37","GT19H37",0.25,"19",0.155725809750513,0.133339300039958,-0.862179367682691,0.25,"GT"
"53608",68.7699334270262,0.419193940302967,1920.56275813051,12.7573683205114,49.59522939177,0.296955068170185,0.020770788,"GT",19,128954.742883284,54057.05,"GT19a",2.596118721,2.310495978,1.22120859,-3.05918932,1.22120859,1.022579462,2115.902183,4844.486105,"H38","GT19H38",0.25,"19",0.0867898504714318,0.00969706588940237,-1.68254702693336,0.25,"GT"
"53896",62.1857318694625,0.379110540787522,1542.80339706173,10.1996357537585,45.4019558397502,0.271890688866343,0.118422747,"GT",19,130732.870515932,49562.21,"GT19a",2.270585143,2.197309181,1.437063326,-2.888007164,1.437063326,1.25660042,2111.313889,4843.339496,"H39","GT19H39",0.25,"19",0.157475906287597,0.0991972005364157,-0.926564869000473,0.25,"GT"
"54184",72.9749801443727,0.497021673716997,1469.81996242456,10.1984997910828,54.3792545628056,0.366243214180088,0.188238859,"GT",19,134728.008537769,66962.74,"GT19a",2.429323804,2.212988275,3.328384962,-2.511733294,3.328384962,1.633052053,2108.67931,4844.142357,"H40","GT19H40",0.25,"19",0.5222335511534,0.213000027951841,-0.725290718277348,0.25,"GT"
"54472",38.1395245815699,0.238050429843147,1115.35916029933,7.47521418259546,27.3946802213446,0.168106249320739,0.143435955,"GT",19,128506.547625882,30591.04,"GT19a",2.328351732,2.191964235,1.877915402,-3.102710009,1.877915402,1.346309678,2113.970765,4840.906962,"H41","GT19H41",0.25,"19",0.273676023887427,0.129144967746448,-0.843341970698728,0.25,"GT"
"54760",89.9470284787834,0.601871345754557,2893.86296111439,20.415868557904,63.9289715950001,0.421762151454462,0.075766802,"GT",19,127409.548287869,76684.16,"GT19a",2.39781874,2.275357284,1.502116848,-3.20987463,1.502116848,1.20568128,2115.710439,4840.459398,"H42","GT19H42",0.25,"19",0.176703717267228,0.0812325178945156,-1.12052104326481,0.25,"GT"
"55048",85.4120411668115,0.574834916916673,2740.47223108296,19.2434545730625,60.7287284123023,0.403347626955294,0.124640942,"GT",19,127596.278760207,73346.8,"GT19a",2.336436164,2.276997902,1.743707475,-3.191568136,1.743707475,1.498196777,2115.84522,4842.127019,"H44","GT19H44",0.25,"19",0.241473629306968,0.175568858458779,-0.904339277387685,0.25,"GT"
"55336",42.948120296308,0.225679533395141,1005.57287736313,6.33746357416124,31.5179870849314,0.161161091748448,0.20651865,"GT",19,130112.083307915,29363.64,"GT19a",2.335360403,2.282021863,2.559691405,-2.947504997,2.559691405,2.136035791,2110.023976,4839.779279,"H46","GT19H46",0.25,"19",0.408187610161821,0.329608525371302,-0.685040722572456,0.25,"GT"
"55624",75.2129958324775,0.505818120951609,1937.30265902455,13.4968933411617,54.6744598462645,0.36306200050792,0.042793512,"GT",19,130852.64479153,66187.64,"GT19a",2.524495602,2.333377084,1.466120738,-2.876560211,1.466120738,1.111075946,2110.559986,4840.988606,"H47","GT19H47",0.25,"19",0.166169736804426,0.0457437455308285,-1.36862207015006,0.25,"GT"
"55912",75.1644849996885,0.516031726956311,2281.15682928571,16.2180937583376,53.7347381645633,0.364379905886724,0.126636982,"GT",19,128494.425218963,66307.2,"GT19a",2.255050412,2.131758222,1.438887504,-3.103889227,1.438887504,1.176374421,2111.710878,4839.646265,"H50","GT19H50",0.25,"19",0.158026840981882,0.0705455726700144,-0.897439448085408,0.25,"GT"
"56200",67.845281783502,0.46603119427486,1423.73923356453,10.0746286698435,50.3315665083213,0.341620510395932,0.013920069,"GT",19,133949.433014097,62424.61,"GT19a",2.698540413,2.323013556,1.231791999,-2.584178686,1.231791999,1.011317055,2108.743573,4839.329264,"H51","GT19H51",0.25,"19",0.0905373788405849,0.00488733130859936,-1.85635861197797,0.25,"GT"
"56488",73.2677183650269,0.469974447322094,1513.54703177357,10.4221669116719,54.4410067925681,0.343634076093981,0.107204914,"GT",19,133570.610503804,62774.77,"GT19a",2.321520862,2.193806938,1.5275551,-2.61958003,1.5275551,1.208682708,2108.159196,4843.57839,"H52","GT19H52",0.25,"19",0.183996884508286,0.0823123089253643,-0.969785307234928,0.25,"GT"
"56776",65.2289121580303,0.453261235795918,1293.20395685108,9.28080131232888,48.6570525238754,0.334068282647386,0.087291002,"GT",19,134759.864149296,61081.42,"GT19a",2.423231975,2.282397365,1.749323481,-2.508778095,1.749323481,1.280032732,2109.798787,4845.850568,"H54","GT19H54",0.25,"19",0.242870125672684,0.107221075230078,-1.05903052127896,0.25,"GT"
"57064",68.6199507674124,0.460718633062175,1752.3565468131,12.1823119274265,49.9375563032569,0.330991422045671,0.171166658,"GT",19,130984.797551819,60347.14,"GT19a",2.285278864,2.239981718,1.874710219,-2.863942385,1.874710219,1.650805021,2111.948683,4842.083971,"H57","GT19H57",0.25,"19",0.272934146722226,0.217695781134187,-0.76658082877596,0.25,"GT"
"57352",18.588574397369,0.108081170278034,406.335723622802,2.84390546710351,13.7083506403105,0.0776862006752194,0.155599594,"GT",19,131056.156993508,14164.7,"GT19a",2.302909676,2.27035136,1.84558028,-2.857134342,1.84558028,1.683842774,2111.821869,4840.96138,"H65","GT19H65",0.25,"19",0.266132941107241,0.226301537536559,-0.807991540532639,0.25,"GT"
"57640",55.0517394162911,0.37204726908926,1296.62776061415,8.9406784858555,40.4004475935412,0.269855479540615,0.1264112,"GT",19,132383.665630894,49252.98,"GT19a",2.267041758,2.246488837,1.475958127,-2.731154919,1.475958127,1.411832284,2110.654059,4845.096669,"H67","GT19H67",0.25,"19",0.169074036707351,0.149783108571669,-0.898214445968887,0.25,"GT"
"57928",38.3713468132199,0.309023109950163,941.772818506011,7.20172894234871,27.970366895451,0.224831280128189,0.301892519,"GT",19,132835.798094907,41049.33,"GT19a",2.293033087,2.28424479,3.056674344,-2.688536167,3.056674344,2.9589072,2108.540839,4845.583584,"H68","GT19H68",0.25,"19",0.485249171752752,0.471131344626697,-0.520147648809542,0.25,"GT"
"58216",75.8636753901486,0.458005042350819,1438.46818483236,9.51411607870248,56.8631298072728,0.33707830105718,0.065632105,"GT",19,134544.164347429,61621.91,"GT19a",2.410118592,2.271754356,1.429784602,-2.528801918,1.429784602,1.153415543,2111.129367,4846.49039,"H70","GT19H70",0.25,"19",0.155270615640688,0.0619857995056485,-1.18288366651522,0.25,"GT"
"58504",69.9910082025234,0.477242724259289,2281.21861882767,16.0482339890578,49.6928889138792,0.334719395552281,0.047298431,"GT",19,127532.70186458,60864.05,"GT19a",2.343478721,2.198272146,1.145236903,-3.197798014,1.145236903,1.045520804,2113.2051,4839.906449,"J12","GT19J12",0.25,"19",0.0588953338579852,0.0193326789255798,-1.32515326559081,0.25,"GT"
"58792",75.0489279938986,0.541605730690363,2971.5318868576,17.3100396944199,52.2863058275969,0.380482858994546,0.114014228,"HS",17,99471.2948500908,53874.22333,"HS17a",2.334861884,2.2608239,1.638655976,-3.463777471,1.638655976,1.382146156,-469.5321036,1270.686661,"HS01","HS17H01",0.25,"17",0.214487786146898,0.140553970236507,-0.943040949046681,0.25,"HS"
"59080",96.8864686630562,0.678397583580476,3859.70373783437,23.0801812619608,67.4377689439604,0.473611377305574,0.037198946,"HS",17,98782.9982181096,67014.14729,"HS17a",2.538963193,2.342433509,1.40700786,-3.550572489,1.40700786,1.091351828,-473.5096677,1269.449872,"HS02","HS17H02",0.25,"17",0.148296523550661,0.0379647802190755,-1.42946936530275,0.25,"HS"
"59368",30.1414564752781,0.242453641029463,1128.30290634148,8.6230442001799,21.0637726919715,0.16851510951182,0.06552915,"HS",17,98297.0121166539,23832.46849,"HS17a",2.375309485,2.311661127,1.333908976,-3.612220939,1.333908976,1.207881337,-469.9369447,1266.409515,"HS03","HS17H03",0.25,"17",0.125126194970585,0.0820242710256572,-1.18356546538285,0.25,"HS"
"59656",64.8260906076502,0.451287384723833,1697.96982614024,9.89156890559189,47.0450686294006,0.329219325910223,0.015860951,"HS",17,103728.497038858,46811.36215,"HS17a",2.451625659,2.286292402,1.042178313,-2.939930326,1.042178313,1.010828408,-473.4590626,1266.972244,"HS04","HS17H04",0.25,"17",0.0179420315610963,0.00467743869334272,-1.79967077656002,0.25,"HS"
"59944",51.8748580304829,0.437281714163148,2584.40304501147,19.5919614135022,35.2736548973456,0.296990791266862,0.053353367,"HS",17,95807.0731134421,41894.68116,"HS17a",2.42609401,2.300796648,1.337223844,-3.932934899,1.337223844,1.130473772,-462.835019,1266.315389,"HS05","HS17H05",0.25,"17",0.12620411188202,0.0532604907788511,-1.27283816811618,0.25,"HS"
"60232",107.210419934618,0.775963659289784,3356.79882496464,21.3399707368102,76.4363607776697,0.553374911259802,0.265148726,"HS",17,101146.10105818,78485.6987,"HS17a",2.254681135,2.210078919,2.382875296,-3.255066119,2.382875296,2.056239425,-470.6332714,1264.441987,"HS06","HS17H06",0.25,"17",0.377101314828122,0.313073681773828,-0.576510455260482,0.25,"HS"
"60520",72.8884980369201,0.534094446445974,2656.71673707889,18.2989189036611,51.1872721684484,0.372606693058072,0.181633712,"HS",17,98705.8840824938,52718.26452,"HS17a",2.282562567,2.162832048,1.941190363,-3.560334322,1.941190363,1.422169078,-469.4754258,1267.668571,"HS07","HS17H07",0.25,"17",0.288068126602494,0.152951231609857,-0.740803541405355,0.25,"HS"
"60808",50.2593503378143,0.403161483062824,1968.13514664023,13.9467427590813,35.0144256732686,0.280991372166368,0.137680974,"HS",17,98600.2210776804,39751.81136,"HS17a",2.367211657,2.302211504,2.053330594,-3.573722531,2.053330594,1.694988554,-470.264866,1268.089605,"HS08","HS17H08",0.25,"17",0.312458878056056,0.229166769824397,-0.86112607032918,0.25,"HS"
"61096",73.469708027463,0.527334591484702,1626.36393532036,12.1174056252647,54.1231366063421,0.382884026743914,0.078367933,"HS",17,103185.587459378,54413.3296099999,"HS17a",2.371524639,2.209116334,1.442240974,-3.005526492,1.442240974,1.131260399,-470.5927873,1267.381133,"HS09","HS17H09",0.25,"17",0.159037829686509,0.0535625844409369,-1.10586160785161,0.25,"HS"
"61384",100.485179551366,0.695355969579531,3081.5430349456,17.6408676987801,71.8051468954388,0.499907023514344,0.012368422,"HS",17,102056.916909639,70965.8864099999,"HS17a",2.655549791,2.331114825,1.133855261,-3.143007996,1.133855261,1.009565822,-468.8641157,1272.407236,"HS10","HS17H10",0.25,"17",0.0545576194943575,0.00413463947528325,-1.90768570541598,0.25,"HS"
"61672",68.0012803042523,0.515022759466293,1486.40982883824,11.5727505364249,50.151495607166,0.374782005719311,0.075564805,"HS",17,103442.328306438,53275.15337,"HS17a",2.361889265,2.329966842,1.388105575,-2.974463291,1.388105575,1.307938437,-463.8612913,1271.151216,"HS11","HS17H11",0.25,"17",0.14242249846484,0.116587302779987,-1.12168043403981,0.25,"HS"
"61960",23.2444101123123,0.189391759850998,923.8249819663,5.85876414767342,16.1454071215509,0.133484215257088,0.078285238,"HS",17,99832.5586861604,18907.46398,"HS17a",2.369183938,2.338894732,1.434224549,-3.41846171,1.434224549,1.349665971,-472.4024272,1264.972329,"HS12","HS17H12",0.25,"17",0.156617151859739,0.130226298197722,-1.10632012376019,0.25,"HS"
"62248",94.816022054866,0.640856894662501,3332.34256581944,18.1774022226167,66.819001330506,0.455614263892182,0.050651036,"HS",17,100799.46383977,64598.03138,"HS17a",2.352751882,2.267357489,1.177264676,-3.297978371,1.177264676,1.090731858,-468.335798,1268.654359,"HS13","HS17H13",0.25,"17",0.0708741131441407,0.0377179981557496,-1.2954116672932,0.25,"HS"
"62536",79.7901854144212,0.604826519589829,3331.64906568154,21.6271956304284,55.2937400720041,0.42015275299062,0.200632668,"HS",17,98238.2453406548,59417.09602,"HS17a",2.334260299,2.311796945,2.488438106,-3.619696287,2.488438106,2.303781393,-471.7911171,1271.018631,"HS14","HS17H14",0.25,"17",0.395926843168468,0.362441266279774,-0.697598351589628,0.25,"HS"
"62824",63.7560956296011,0.474835466393504,2012.26211914126,11.9604647689035,45.4125196694117,0.341614255800603,0.261909546,"HS",17,102138.096756674,48498.79081,"HS17a",2.310535657,2.276684343,2.874669019,-3.133068986,2.874669019,2.545821177,-465.0231854,1269.86787,"HS15","HS17H15",0.25,"17",0.458587848505063,0.4058278947734,-0.581848672252235,0.25,"HS"
"63112",85.61596840383,0.601639828901099,3377.95837003345,19.540329654686,59.6488180012933,0.421978549537183,0.373990871,"HS",17,99293.8066934731,59739.1088699999,"HS17a",2.252465778,2.212345414,3.183884174,-3.486101335,3.183884174,2.74673516,-469.3924334,1269.470114,"HS16","HS17H16",0.25,"17",0.502957260225297,0.438816786797537,-0.427138998662389,0.25,"HS"
"63400",93.7509216300408,0.668071614103915,3894.51787335302,23.8941698241609,64.9837667217697,0.4640763676596,0.149299424,"HS",17,98235.7434958938,65628.5117199999,"HS17a",2.311625607,2.201581534,1.838974294,-3.62001463,1.838974294,1.397732109,-470.4753834,1270.431611,"HS17","HS17H17",0.25,"17",0.26457565851922,0.145423941987907,-0.825941867788063,0.25,"HS"
"63688",29.9212099848346,0.223838462728163,1032.28896161819,6.99839137113028,21.0845980923413,0.157594729826805,0.372795999,"HS",17,99714.6632797692,22319.9769399999,"HS17a",2.171498865,2.167142741,2.372688217,-3.433232076,2.372688217,2.337713607,-468.9744349,1263.819543,"HS18","HS17H18",0.25,"17",0.375240673517572,0.368791304722286,-0.428528757320059,0.25,"HS"
"63976",97.8567280286542,0.696537163931629,3681.12141330619,22.9126482046408,68.4991657569757,0.487915393971896,0.065988756,"HS",17,99153.2798338657,69063.9443299999,"HS17a",2.236390887,2.157134635,1.117525008,-3.503804654,1.117525008,1.062413842,-467.8580854,1269.636098,"HS19","HS17H19",0.25,"17",0.0482572505644936,0.0262937204059612,-1.18053005874847,0.25,"HS"
"64264",67.4208180592831,0.526425010726937,1914.01651982708,14.1524286535715,48.5102421042569,0.376270694788106,0.356307575,"HS",17,101401.522842327,53380.2977499999,"HS17a",2.260154022,2.235147705,3.137064977,-3.223539963,3.137064977,2.86022545,-467.2477874,1268.975195,"HS20","HS17H20",0.25,"17",0.49652351419035,0.456400266636744,-0.448174944570875,0.25,"HS"
"64552",92.9389643618103,0.622733441807887,3444.71003848686,18.1623859264166,65.1285257050893,0.441497698751554,0.076800269,"HS",17,100487.902830992,62577.1775899999,"HS17a",2.29360188,2.221172409,1.241979967,-3.336674448,1.241979967,1.138863093,-470.3822699,1271.921427,"HS21","HS17H21",0.25,"17",0.0941145907749234,0.0564715190498445,-1.11463725880949,0.25,"HS"
"64840",43.330244842767,0.33079038523402,2348.16498700075,13.4239737003097,29.2123191657651,0.22689941856767,0.210449114,"HS",17,96866.6008152904,32042.5402,"HS17a",2.536950801,2.302444742,5.642250095,-3.795456545,5.642250095,2.320459918,-464.6487073,1263.777035,"HS22","HS17H22",0.25,"17",0.751452332523214,0.36557407112102,-0.676852898310927,0.25,"HS"
"65128",100.99848674833,0.697464946135097,4527.08427190605,25.4262488409599,69.4647331276194,0.483570413273879,0.123807304,"HS",17,98027.5878936528,68370.8063099999,"HS17a",2.274061017,2.210137235,1.482688849,-3.646529476,1.482688849,1.305436345,-471.1352745,1272.544882,"HS23","HS17H23",0.25,"17",0.171050021331563,0.115755699836297,-0.907253733398893,0.25,"HS"
"65416",93.8923875337163,0.685111351009582,3759.35902221852,23.6699179783505,65.3312769681655,0.477563284734213,0.195986152,"HS",17,98614.3024786273,67561.7779999999,"HS17a",2.278726639,2.253422519,2.0302157,-3.571937495,2.0302157,1.878633477,-469.8559765,1265.73343,"HS24","HS17H24",0.25,"17",0.307542181924643,0.273842057139721,-0.707774613962162,0.25,"HS"
"65704",112.62591236968,0.776013055430511,3654.41522748379,20.6350864517564,80.0096145073839,0.555275648395852,0.237250896,"HS",17,101525.013153667,78784.73566,"HS17a",2.220084877,2.171548697,1.951632425,-3.208326289,1.951632425,1.695837261,-463.887606,1267.036006,"HS25","HS17H25",0.25,"17",0.290398024997512,0.229384173368347,-0.624792138744206,0.25,"HS"
"65992",33.7125101554941,0.291448694362981,1111.76830418308,9.17642678322105,23.8454491815896,0.205052133229467,0.216388925,"HS",17,99636.9357683025,29039.05484,"HS17a",2.369988762,2.226676148,3.021595448,-3.442979617,3.021595448,1.862334097,-467.5321883,1272.836368,"HS26","HS17H26",0.25,"17",0.480236317560145,0.270057594726855,-0.664764970619398,0.25,"HS"
"66280",89.0588413703219,0.633781272901861,3432.13363179499,21.5783118879735,62.1844967017569,0.442430361705171,0.122107259,"HS",17,98774.8318491159,62601.63866,"HS17a",2.331090787,2.284715958,1.695061672,-3.551605904,1.695061672,1.507881568,-468.6374046,1271.241294,"HS27","HS17H27",0.25,"17",0.229185503909036,0.17836723252586,-0.913258517464319,0.25,"HS"
"66568",119.025844205321,0.853593600106591,4446.94023515754,29.7760337196156,83.3336585894044,0.594432994323937,0.353495925,"HS",17,98508.8957549585,84086.5629699999,"HS17a",2.285715542,2.229936228,3.429841713,-3.585305624,3.429841713,2.78714362,-472.7424938,1268.955965,"HS28","HS17H28",0.25,"17",0.535274077839599,0.44515934824916,-0.451615588260899,0.25,"HS"
"66856",93.8208645121445,0.680773136230138,3543.91877663956,22.202722824595,65.662817314524,0.47728232734934,0.197865283,"HS",17,99247.8743860998,67565.2867099999,"HS17a",2.306949118,2.278801862,2.241390738,-3.491885046,2.241390738,2.045462773,-469.329683,1273.200725,"HS29","HS17H29",0.25,"17",0.35051757298533,0.310791579836446,-0.703630399447846,0.25,"HS"
"67144",65.3400300680817,0.474662181731761,2852.4779163754,18.7042722380527,45.0289346441761,0.326544474447084,0.907472078,"HS",17,97183.6429262199,46129.3999799999,"HS17a",2.162851996,2.149460573,5.150646748,-3.754611145,5.150646748,4.882438152,-467.2315938,1267.0522,"HS30","HS17H30",0.25,"17",0.711861765245533,0.688636750594763,-0.0421667288891831,0.25,"HS"
"67432",57.0236759277236,0.295631408137816,1892.17934448437,6.80228997351618,40.3280686878766,0.214621606665162,0.140612201,"HS",17,103170.245753393,30500.3650299999,"HS17a",2.274453513,2.244401084,1.597128097,-3.007385139,1.597128097,1.485872046,-465.9522958,1268.679661,"HS31","HS17H31",0.25,"17",0.203339749945136,0.171981412312358,-0.85197699370399,0.25,"HS"
"67720",25.0409634979693,0.17199252978137,1104.03444959669,6.16137272028401,17.2151285578198,0.119455492005656,0.711156622,"HS",17,98218.1779143166,16892.7928899999,"HS17a",2.268691077,2.230666076,6.229925956,-3.622249961,6.229925956,5.344097401,-463.4321597,1270.47918,"HS32","HS17H32",0.25,"17",0.794482885007209,0.727874364948654,-0.148034741633701,0.25,"HS"
"68008",80.5503847047066,0.568908850405965,3207.18847729896,18.9942403876839,56.0813574010148,0.397922130061478,0.031055435,"HS",17,98989.8378269446,56316.1948399999,"HS17a",2.517526552,2.303913967,1.253511475,-3.52442637,1.253511475,1.047211642,-462.3309918,1269.127011,"HS33","HS17H33",0.25,"17",0.0981283139674459,0.0200344616827431,-1.50786238312181,0.25,"HS"
"68296",74.2151770086087,0.573527817696175,1751.24628137951,11.9471825736554,54.4653947469842,0.420529737949171,0.017621997,"HS",17,104316.678169731,59828.5167799999,"HS17a",2.54839902,2.368349308,1.112565347,-2.869250641,1.112565347,1.026249294,-464.8511279,1265.841725,"HS34","HS17H34",0.25,"17",0.0463255288736808,0.0112528713581821,-1.75394487702861,0.25,"HS"
"68584",87.3293693813466,0.602751713716982,2623.9513325717,14.4011579026532,62.4991990074395,0.43593916158561,0.091182441,"HS",17,102739.467563052,61926.3901399999,"HS17a",2.260425539,2.152413598,1.25710549,-3.059687045,1.25710549,1.111895537,-468.325677,1265.522913,"HS35","HS17H35",0.25,"17",0.0993717230340986,0.0460639870342107,-1.0400887856958,0.25,"HS"
"68872",58.6923520437283,0.495673402735655,1548.41086210516,13.818649845214,42.4761345907101,0.353005882690832,0.069954417,"HS",17,100993.085272919,50059.5862299999,"HS17a",2.260040513,2.173927899,1.157787142,-3.27399068,1.157787142,1.079974661,-467.1911097,1266.189888,"HS36","HS17H36",0.25,"17",0.0636287221270914,0.033413565934196,-1.15518485846788,0.25,"HS"
"69160",94.6512628012481,0.672367454552106,3339.11681661688,22.8944416072222,66.6150165389078,0.46936172681152,0.437314357,"HS",17,98773.6868737053,66412.21242,"HS17a",2.133502249,2.095489596,2.375808154,-3.551750802,2.375808154,2.094153761,-462.972665,1267.975238,"HS37","HS17H37",0.25,"17",0.375811368538522,0.321008566121351,-0.359206264563386,0.25,"HS"
"69448",22.8871410267052,0.156032891897604,917.633498467232,4.1139513520983,15.8694261540654,0.111744249996768,0.104113284,"HS",17,101621.015140869,15856.22087,"HS17a",2.317196353,2.224451222,1.487680208,-3.196511882,1.487680208,1.249367819,-466.5494365,1273.304971,"HS39","HS17H39",0.25,"17",0.172509585223878,0.0966903152719873,-0.982493854544865,0.25,"HS"
"69736",97.7125293714987,0.695599123604098,3348.63132206918,20.9555872038597,69.0493902473977,0.491561965330297,0.387473298,"HS",17,100126.823491572,69648.1306699999,"HS17a",2.282937556,2.19126064,3.692838202,-3.381671111,3.692838202,2.625812555,-465.0110401,1272.438611,"HS40","HS17H40",0.25,"17",0.567360279890914,0.41926372052166,-0.411758220721086,0.25,"HS"
"70024",111.408442364947,0.787504504325961,3831.88561805346,23.6820942770064,78.7052508657076,0.556608286042681,0.101881106,"HS",17,100146.646383315,78865.93512,"HS17a",2.300204126,2.207370147,1.41725388,-3.379196633,1.41725388,1.210779102,-467.5048615,1271.588445,"HS42","HS17H42",0.25,"17",0.151447654627752,0.0830649164434327,-0.991906349072677,0.25,"HS"
"70312",97.2223454812599,0.713044997455482,2530.93737590726,16.4879549453684,70.6058875647444,0.517398634841269,0.127172831,"HS",17,103113.635706547,73524.66211,"HS17a",2.231629107,2.188205333,1.374189053,-3.014245836,1.374189053,1.272429232,-464.5677391,1268.805162,"HS43","HS17H43",0.25,"17",0.138046484562458,0.104633637762005,-0.89560566075589,0.25,"HS"
"70600",70.2739088380545,0.446865798316149,2926.2879995804,13.9181978589658,48.6312035842116,0.314738487960862,0.268817174,"HS",17,99756.9602954083,44577.9737,"HS17a",2.229568464,2.186010547,2.214047425,-3.427930944,2.214047425,1.92771124,-466.6870824,1270.30105,"HS44","HS17H44",0.25,"17",0.34518691925057,0.285041979635931,-0.570542988835574,0.25,"HS"
"70888",101.443682682206,0.738886503149471,3860.66759179309,25.4834993571773,70.9219623499314,0.515137216724316,0.146106406,"HS",17,98633.3340903605,72878.8393199999,"HS17a",2.352301519,2.132009417,2.049243507,-3.569525348,2.049243507,1.229645632,-469.6161081,1262.752787,"HS46","HS17H46",0.25,"17",0.311593567704717,0.089779971406195,-0.835330742111835,0.25,"HS"
"71176",91.0242432343019,0.674265891162942,4317.93631124095,28.3375239756363,62.2510644896239,0.460883803596122,0.08249554,"HS",17,96490.5748795731,65060.3034599999,"HS17a",2.33517276,2.283966861,1.372784082,-3.844074654,1.372784082,1.256085975,-466.9077209,1262.967353,"HS47","HS17H47",0.25,"17",0.137602234709436,0.0990193664634417,-1.08356953030762,0.25,"HS"
"71464",94.6173594023318,0.680872208737345,4118.33272836944,25.6766163504749,65.2821956021921,0.470469762408652,0.371866321,"HS",17,97659.3026807628,66493.5051199999,"HS17a",2.150844592,2.124536589,2.208944654,-3.693579849,2.208944654,2.029035404,-467.7174031,1265.493562,"HS48","HS17H48",0.25,"17",0.344184834584194,0.307289624967152,-0.429613152821946,0.25,"HS"
"71752",60.1112978472575,0.455123056286731,2422.03149271186,15.0395051421401,41.7615339210345,0.318663038502633,0.306822717,"HS",17,99103.2239456222,45104.1621699999,"HS17a",2.349766821,2.153491664,3.849016669,-3.510116665,3.849016669,1.92348732,-464.0475182,1271.977092,"HS49","HS17H49",0.25,"17",0.585349791904943,0.284089327699147,-0.513112488587123,0.25,"HS"
"72040",98.4010502560466,0.734273602544738,3963.31619341456,26.5233525240947,68.4171917759571,0.509558665828657,0.086675228,"HS",17,98127.6918716548,72052.5738199999,"HS17a",2.580114973,2.269780556,2.913707921,-3.633771218,2.913707921,1.251716006,-466.7295908,1264.983462,"HS50","HS17H50",0.25,"17",0.464446014607754,0.0975058056973996,-1.06210500725436,0.25,"HS"
"72328",35.9421327025847,0.273970692856544,945.280157945384,5.52292377387754,26.0429117481703,0.201544495115576,0.032387203,"HS",17,104697.580609541,28684.0686999999,"HS17a",2.438929942,2.309050815,1.150284402,-2.823691206,1.150284402,1.053426952,-470.5634364,1262.38843,"HS51","HS17H51",0.25,"17",0.0608052307439167,0.0226044256173772,-1.48962655659362,0.25,"HS"
"72616",112.397009243321,0.806850194211834,2696.66854704816,16.837926264039,82.3148517335256,0.591502609557469,0.045152611,"HS",17,104295.738147776,84151.0365799999,"HS17a",2.378217248,2.355207533,1.174335565,-2.871760082,1.174335565,1.145877484,-467.8682065,1267.458053,"HS53","HS17H53",0.25,"17",0.0697922137805678,0.0591381858101529,-1.34531713106242,0.25,"HS"
"72904",77.9854501868054,0.574268090727314,1585.23229857082,11.5458526768089,57.9054225393225,0.42361174741912,0.025537014,"HS",19,139383.141397644,80043.29,"HS19a",2.510349466,2.34651674,1.167866363,-2.861953735,1.167866363,1.04553717,-466.6467911,1269.958564,"H01","HS19H01",0.25,"19",0.0673931500262638,0.0193394770761613,-1.59282988542564,0.25,"HS"
"73192",68.3149776826454,0.481313854070862,2151.71187256854,13.4489001416483,48.5899949547481,0.343547636014014,0.116441011,"HS",19,134377.71113997,64677.85,"HS19a",2.333806648,2.250784667,1.655999736,-3.319103479,1.655999736,1.368731748,-470.1005509,1271.864062,"H03","HS19H03",0.25,"19",0.219060263213504,0.136318340917903,-0.933894032451579,0.25,"HS"
"73480",81.0151988916608,0.490837087749807,2595.20268109927,13.1380111159229,57.4947931533104,0.351854077140913,0.403317928,"HS",19,135020.9801664,66273.31,"HS19a",2.212058469,2.203451346,2.931391361,-3.259408474,2.931391361,2.840502705,-469.9180227,1264.58465,"H05","HS19H05",0.25,"19",0.467073803623156,0.45339520719047,-0.39435247261569,0.25,"HS"
"73768",27.9245184755769,0.204342384782927,762.295622614772,4.42113072655911,20.1314550078992,0.149632320209646,0.201694012,"HS",19,138251.499805146,28250.64,"HS19a",2.263926461,2.260275837,1.980732164,-2.963854551,1.980732164,1.958537194,-464.6793436,1270.504757,"H11","HS19H11",0.25,"19",0.296825753902547,0.291931823520126,-0.695306995163341,0.25,"HS"
"74056",71.4964017966212,0.487343840768617,2814.28660457306,17.3296390571448,49.7305507975828,0.339566251672255,0.110487938,"HS",19,130826.099021678,63757.29,"HS19a",2.337689527,2.249248161,1.618711502,-3.65392375,1.618711502,1.332822114,-467.5741598,1265.182675,"H14","HS19H14",0.25,"19",0.209169452673029,0.124772189876412,-0.956685131444684,0.25,"HS"
"74344",73.1248771044554,0.504797659906448,1695.31862469801,10.8391788120597,53.6067983917698,0.369925160384343,0.091153622,"HS",19,138368.12536521,69847.91,"HS19a",2.309813047,2.190974485,1.369149012,-2.953314304,1.369149012,1.151289103,-464.4619973,1268.758658,"H15","HS19H15",0.25,"19",0.13645071735792,0.0611843940659052,-1.04022606992331,0.25,"HS"
"74632",77.4232977655224,0.523135837763475,2793.3145161835,16.9235241895457,54.3128510380903,0.367969041792578,0.034747839,"HS",19,132208.257372859,69162.88,"HS19a",2.477621416,2.398160386,1.230121664,-3.522555828,1.230121664,1.124721739,-466.8639879,1263.906997,"H16","HS19H16",0.25,"19",0.0899480670416858,0.0510450894121306,-1.45907219940648,0.25,"HS"
"74920",31.6201096251899,0.267445229923363,1106.07022408218,10.049983620748,22.2294464553138,0.185321688789141,0.602593422,"HS",19,130026.041294379,34774.85,"HS19a",2.104364279,2.041059734,2.814345726,-3.730601311,2.814345726,2.255556088,-468.5598208,1264.768056,"H17","HS19H17",0.25,"19",0.449377446926494,0.353253630993046,-0.219975613460362,0.25,"HS"
"75208",49.0160974607689,0.394698752771287,1247.68851091663,9.40479765092105,35.6164590860514,0.286247581776574,0.131532192,"HS",19,136777.076798321,53985.74,"HS19a",2.236727299,2.194814692,1.411209688,-3.097880363,1.411209688,1.30371494,-466.5380765,1266.928798,"H18","HS19H18",0.25,"19",0.149591549243597,0.115182642378579,-0.880967942254472,0.25,"HS"
"75496",51.0374332580802,0.369463917690913,1294.78357787385,9.46283573058759,37.0586145864409,0.266018320138658,0.407301903,"HS",19,135683.880156162,50130.3,"HS19a",2.277628289,2.149520717,3.789498513,-3.198188543,3.789498513,2.367075859,-465.1682184,1266.35875,"H20","HS19H20",0.25,"19",0.578581740984659,0.374212176229544,-0.390083560794267,0.25,"HS"
"75784",37.5104100479192,0.333346790306135,1030.48589358944,9.30237637956455,27.0247882141787,0.237963833938108,0.50630331,"HS",19,134396.991790011,44800.81,"HS19a",2.266066882,2.240720991,4.444289549,-3.317310095,4.444289549,4.023352271,-465.5524546,1269.396483,"H23","HS19H23",0.25,"19",0.6478023458216,0.604588059579371,-0.295589233367581,0.25,"HS"
"76072",67.1058091314895,0.494326226017624,1995.34566049511,13.5125026545173,48.0099125090345,0.35361109306764,0.351512671,"HS",19,134705.964129093,66588.69,"HS19a",2.153027339,2.090395517,2.128354996,-3.288606167,2.128354996,1.759712484,-471.3771258,1264.712191,"H25","HS19H25",0.25,"19",0.328044067206499,0.245441715079741,-0.454059015320696,0.25,"HS"
"76360",36.5440142430793,0.32921134353185,1138.7415135939,10.718906003338,25.995981869618,0.231415085624952,0.843514204,"HS",19,132113.604997308,43493.3,"HS19a",2.203707663,2.19199078,5.655456935,-3.531508207,5.655456935,5.395090955,-471.3538666,1265.971937,"H27","HS19H27",0.25,"19",0.752467699682725,0.731998770783828,-0.073907599895386,0.25,"HS"
"76648",56.5467459483381,0.425417770613975,1931.13209293378,14.1999865929956,39.869708261887,0.298299715553645,0.278041601,"HS",19,131749.178881524,56048.44,"HS19a",2.362360497,2.104727149,3.687485613,-3.566036224,3.687485613,1.574109454,-469.8792588,1266.761299,"H28","HS19H28",0.25,"19",0.56673033455723,0.197034927270522,-0.555890219430621,0.25,"HS"
"76936",87.1145082281584,0.581160600517624,3577.88464663255,20.9281294095579,60.3325788904541,0.404424243324485,0.242084026,"HS",19,130642.799825687,75924.45,"HS19a",2.222088226,2.17869174,1.993393059,-3.671449661,1.993393059,1.752891022,-470.6011227,1270.620253,"H31","HS19H31",0.25,"19",0.299592941713,0.243754916655554,-0.616033866687689,0.25,"HS"
"77224",39.8840208076076,0.282214381434869,1040.1167314252,6.58155420437033,28.9344274754103,0.205110858212203,0.173244476,"HS",19,137104.109128931,38692.75,"HS19a",2.370053567,2.061778823,2.492800291,-3.068028688,2.492800291,1.183806932,-464.0972654,1271.027005,"H33","HS19H33",0.25,"19",0.396687486690355,0.0732808787347824,-0.761340604225333,0.25,"HS"
"77512",69.24958745228,0.438042403526294,1608.84651109496,8.66043762757481,50.7609355071664,0.323666854583382,0.030450106,"HS",19,139643.262359025,61169.67,"HS19a",2.470511016,2.259871543,1.171097409,-2.838647604,1.171097409,1.031707066,-465.5136731,1270.672176,"H35","HS19H35",0.25,"19",0.0685930201208342,0.0135564049667031,-1.51641119120401,0.25,"HS"
"77800",69.7179836934461,0.466409171325069,1670.55731103281,9.84227612098995,50.9574811020885,0.342388112572532,0.106279135,"HS",19,138635.678081325,64660.95,"HS19a",2.246826574,2.155563536,1.305398209,-2.929167271,1.305398209,1.153066466,-468.3154095,1268.180537,"H36","HS19H36",0.25,"19",0.115743012510448,0.0618543419738532,-0.973551988946137,0.25,"HS"
"78088",50.9025311816128,0.367573632037621,1529.42843009697,9.86069416764853,36.376585024305,0.26343439547305,0.08395505,"HS",19,134987.445930076,49617.83,"HS19a",2.373355537,2.250666527,1.502854766,-3.262513399,1.502854766,1.205656948,-466.6079009,1265.561415,"H37","HS19H37",0.25,"19",0.176917012940602,0.0812237532565138,-1.07595317539048,0.25,"HS"
"78376",35.2282821122571,0.258246868589899,1090.35434360953,7.5298739657268,25.1190291622548,0.183545711764892,0.236825943,"HS",19,133743.389139979,34538.81,"HS19a",2.328307796,2.133660031,2.808053931,-3.378248692,2.808053931,1.537491995,-469.4213805,1268.363896,"H38","HS19H38",0.25,"19",0.448405444522861,0.186812863285582,-0.625570724733715,0.25,"HS"
"78664",57.7118188617639,0.419099392011387,2101.12374423283,14.0327318202227,40.4645827813324,0.293777786257936,0.432602167,"HS",19,131703.584882558,55196.89,"HS19a",2.307481783,2.117173316,4.507747012,-3.570362806,4.507747012,2.228835283,-469.2428944,1269.452224,"H39","HS19H39",0.25,"19",0.653959534176314,0.348077974120681,-0.363911309414299,0.25,"HS"
"78952",56.168377103035,0.449075473106989,1114.53821493348,8.55433688940775,41.8308026042543,0.333055858461452,0.077389717,"HS",19,140221.681902004,62970.12,"HS19a",2.411704767,2.296419354,1.572016509,-2.786978006,1.572016509,1.250574314,-466.6389986,1268.328071,"H40","HS19H40",0.25,"19",0.196457102600306,0.0971095043041711,-1.11131674147266,0.25,"HS"
"79240",41.7786944533507,0.346538873353186,884.108340518658,7.56398802722398,30.8892347892315,0.253534178631248,0.071079731,"HS",19,138116.309483177,47862.67,"HS19a",2.354577565,2.198601956,1.331048766,-2.976083755,1.331048766,1.100392844,-470.585538,1267.399132,"H41","HS19H41",0.25,"19",0.124193967132626,0.0415477574524535,-1.1482542244435,0.25,"HS"
"79528",66.489684604176,0.478909256294479,2114.92628243921,14.6237150663593,47.2352321989728,0.338810784091756,0.045853615,"HS",19,133059.026532611,63723.2,"HS19a",2.351340136,2.261440154,1.145692343,-3.442375183,1.145692343,1.071446246,-467.8575309,1269.77516,"H42","HS19H42",0.25,"19",0.0590680105845049,0.0299703875559376,-1.338626419805,0.25,"HS"
"79816",44.9581321099648,0.326277947977521,1615.57871997748,10.6099230449528,31.5512974165318,0.229382199981818,0.118239164,"HS",19,132132.235681984,43111.84,"HS19a",2.338958388,2.23653147,1.695647584,-3.529745579,1.695647584,1.341612992,-469.5067106,1266.14738,"H44","HS19H44",0.25,"19",0.229335595427832,0.127627255267818,-0.927238649580765,0.25,"HS"
"80104",67.6076306537828,0.430288766432055,2288.46365297179,12.4903264077902,47.7338181128105,0.305958887198302,0.171037912,"HS",19,133809.748224258,57576.83,"HS19a",2.288459059,2.237231188,1.891575578,-3.37204814,1.891575578,1.63817005,-467.3569646,1271.313973,"H46","HS19H46",0.25,"19",0.276823698233902,0.214358981638947,-0.766907613891689,0.25,"HS"
"80392",67.8467411291052,0.463610243215642,2673.53127502634,16.4662061100579,47.1823841179066,0.323067605673655,0.146429062,"HS",19,130843.287842941,60660.29,"HS19a",2.229437009,2.208358505,1.468509868,-3.652281523,1.468509868,1.403756871,-471.2375513,1271.2541,"H47","HS19H47",0.25,"19",0.166876869213295,0.147291895025583,-0.834372719632481,0.25,"HS"
"80680",40.1699361261482,0.253300506438997,1205.1858521271,6.01878690847767,28.6719983303088,0.183752480214873,0.180536985,"HS",19,136819.453135781,34656.44,"HS19a",2.42168702,2.413213636,3.114445017,-3.094008207,3.114445017,3.017899949,-468.9711532,1264.257772,"H48","HS19H48",0.25,"19",0.493380668161106,0.479704837720066,-0.743433814611384,0.25,"HS"
"80968",68.8917768671979,0.456688739020723,2749.21965155682,16.1283758310381,47.8432617160471,0.318425406811151,0.085849285,"HS",19,130926.004434033,59792.43,"HS19a",2.381475857,2.262974962,1.551761484,-3.644381762,1.551761484,1.235087257,-470.2712498,1269.436258,"H50","HS19H50",0.25,"19",0.190824968118575,0.0916976409114385,-1.06626331753099,0.25,"HS"
"81256",64.9029207822088,0.46583923730199,1952.98144927296,12.9221425847649,46.372932043803,0.3327443289019,0.013502598,"HS",19,134486.392565052,62649.04,"HS19a",2.583198362,2.277987103,1.089259543,-3.308997869,1.089259543,1.007336585,-469.1653045,1270.584402,"H51","HS19H51",0.25,"19",0.037131373477276,0.00317460718136968,-1.86958266198569,0.25,"HS"
"81544",41.1406013668897,0.270142794593975,1119.33878493976,6.34516525312057,29.6803741194375,0.196197231997688,0.260877848,"HS",19,136995.405247153,37008.32,"HS19a",2.334242868,2.162473937,3.126896526,-3.077943325,3.126896526,1.761587666,-464.5900717,1269.544003,"H52","HS19H52",0.25,"19",0.4951135099827,0.245904260865363,-0.583562796713522,0.25,"HS"
"81832",61.7291752024082,0.473198168672713,2442.07025962394,17.5116885352109,42.9244669850902,0.328396863743368,0.980071545,"HS",19,130247.300983593,61632.78,"HS19a",2.157460589,2.146629753,5.4287631,-3.709348679,5.4287631,5.197948068,-464.8965463,1264.736234,"H54","HS19H54",0.25,"19",0.734700890355706,0.715831936208915,-0.00874221975182109,0.25,"HS"
"82120",49.8341183702802,0.308464492900601,2060.03264718898,10.4593267039768,34.4854458513357,0.215953261581478,0.183482885,"HS",19,131519.287028841,40569.03,"HS19a",2.306088367,2.196943445,2.10604862,-3.587866783,2.10604862,1.544615043,-470.8184012,1268.842253,"H57","HS19H57",0.25,"19",0.323468393038439,0.188820260115248,-0.736404439840851,0.25,"HS"
"82408",10.4945384397683,0.0955519391612215,352.00239815209,3.54689158406062,7.4124118252068,0.0662923030300756,1.031978607,"HS",19,130203.20769219,12441.17,"HS19a",2.192644655,2.187400325,6.580220606,-3.713581085,6.580220606,6.441570101,-470.0189076,1264.050452,"H60","HS19H60",0.25,"19",0.818240453851409,0.808991737404901,0.0136706944247674,0.25,"HS"
"82696",32.7592188806005,0.26163310172781,1250.15786631337,9.0918188454295,22.8654448422102,0.182717996306218,0.605724812,"HS",19,131161.100844574,34316.09,"HS19a",2.197838505,2.169476712,4.026927346,-3.621956348,4.026927346,3.60812096,-468.4046202,1265.956047,"H65","HS19H65",0.25,"19",0.604973794118003,0.557281088565017,-0.217724636186489,0.25,"HS"
"82984",62.5623304296474,0.470229944153154,1698.71910177803,11.9890371846906,45.1601253703035,0.338725054608653,0.013017893,"HS",19,135752.465604804,63834.88,"HS19a",2.725670441,2.43575764,1.251783661,-3.191871643,1.251783661,1.0251094,-466.1616099,1264.33357,"H67","HS19H67",0.25,"19",0.0975292785930165,0.0107702159098141,-1.88545930244389,0.25,"HS"
"83272",89.7506590788553,0.607247565789882,1917.0580189431,11.6609107580245,66.3687546260548,0.450001080160543,0.092203617,"HS",19,140096.188264403,85073.07,"HS19a",2.326361601,2.252467496,1.423686841,-2.79817009,1.423686841,1.247148306,-464.5511963,1265.90031,"H70","HS19H70",0.25,"19",0.153414470914301,0.0959181011511001,-1.03525204193629,0.25,"HS"
"83560",73.297404097204,0.497968510659015,1462.58084070293,9.72858886514006,54.430440343136,0.369364112259105,0.238877112,"L1",17,102859.407861381,51220.75,"L117a",2.282363043,2.176359808,2.404181632,-2.559873047,2.404181632,1.726068252,707.5120556,1336.948718,"L101","L117H01",0.25,"17",0.380967274809723,0.237057964543114,-0.621825460163447,0.25,"L1"
"83848",114.809259816864,0.841588107256018,2287.91446725282,16.7626196985953,85.261429391079,0.623035757243523,0.117420124,"L1",17,102638.741000795,86379.54,"L117a",2.340173644,2.231288065,1.693552398,-2.586718416,1.693552398,1.324845401,709.0606648,1332.946096,"L102","L117H02",0.25,"17",0.2287986381287,0.122165202491773,-0.930257465327055,0.25,"L1"
"84136",87.3891321935669,0.621545386449813,1703.25274737785,12.0920742763812,65.0482277181645,0.461219503756669,0.00147136,"L1",17,102907.314114807,63961.56,"L117a",2.966641936,2.316541643,1.026523743,-2.55405259,1.026523743,1.000120485,705.2956599,1334.588933,"L103","L117H03",0.25,"17",0.0113689988450748,5.2322818658028e-05,-2.83228105474683,0.25,"L1"
"84424",93.5400705074961,0.612384896209125,1651.77239447976,10.4354307675673,70.3015740496729,0.460482884429379,0.008542767,"L1",17,104433.49301378,63953.49,"L117a",2.582281536,2.363179171,1.03637803,-2.370031113,1.03637803,1.005968934,711.0824602,1337.448534,"L104","L117H04",0.25,"17",0.0155181978771793,0.00258456918840044,-2.06840143865568,0.25,"L1"
"84712",94.3636294825089,0.638743529516373,1879.43951983595,12.7351875587193,70.0932775591864,0.472820440763341,0.036857915,"L1",17,102627.278650687,65552.51,"L117a",2.525569771,2.379715764,1.363963573,-2.588114452,1.363963573,1.120604063,707.325649,1331.102514,"L105","L117H05",0.25,"17",0.134802771892057,0.049452192765925,-1.43346923584526,0.25,"L1"
"85000",102.048575429581,0.747582964267459,2003.65078565304,14.848082794986,75.90405371824,0.553599782362462,0.249519077,"L1",17,102671.079744588,76755.15,"L117a",2.243650324,2.22904196,2.186238243,-2.582780618,2.186238243,2.084990009,710.4372064,1337.067527,"L106","L117H06",0.25,"17",0.339697486974347,0.319103978232287,-0.602896244753591,0.25,"L1"
"85288",117.188560621509,0.803563406503574,2407.79284340633,16.7640603001079,86.7800825737835,0.592136534698579,0.049708712,"L1",17,102111.844362135,82053.34,"L117a",2.318585691,2.246610929,1.131269215,-2.651052518,1.131269215,1.074125465,710.9021988,1329.852975,"L107","L117H07",0.25,"17",0.053565968918319,0.0310550128111378,-1.30356748969825,0.25,"L1"
"85576",93.3150248993908,0.644095363470759,1770.06813619578,12.0805166710195,69.641494242805,0.479705007766278,0.160674159,"L1",17,103326.588397374,66552.18,"L117a",2.294376259,2.220575468,1.841161138,-2.503227428,1.841161138,1.51444397,708.7984665,1338.882431,"L108","L117H08",0.25,"17",0.265091799520723,0.180253210339756,-0.794053964593944,0.25,"L1"
"85864",120.400355365954,0.796445153383845,2249.19234707597,15.4585995654685,90.0243500720964,0.591142330414569,0.10265353,"L1",17,102934.00597855,81981.29,"L117a",2.336032202,2.280856702,1.542547694,-2.550810789,1.542547694,1.368120104,706.3403566,1333.568817,"L109","L117H09",0.25,"17",0.188238600854907,0.136124224734144,-0.988626111727761,0.25,"L1"
"86152",30.1215897243206,0.175952803610122,623.910485226735,4.29131674596604,22.2736633010764,0.127648103312048,0.430343753,"L1",17,100354.964841175,17657.74,"L117a",2.240428894,2.205282296,3.456230261,-2.867992226,3.456230261,3.0283638,713.5938291,1331.704751,"L110","L117H10",0.25,"17",0.53860266834114,0.481208046139137,-0.366184497002538,0.25,"L1"
"86440",84.4374143137971,0.620563767909234,1658.36952033809,11.5590196196559,62.7795766206136,0.462498756857111,0.079675582,"L1",17,103405.94478501,64169.98,"L117a",2.419261973,2.324814489,1.631135275,-2.493630923,1.631135275,1.325513142,706.5861676,1334.482415,"L111","L117H11",0.25,"17",0.212489979893647,0.122384037968612,-1.09867475548567,0.25,"L1"
"86728",120.203114072226,0.770240506026119,1983.27646512352,13.4168820702513,91.0023571885891,0.577911640115557,0.028203394,"L1",17,104178.926442073,80242.83,"L117a",2.423465436,2.335653367,1.102487047,-2.400538249,1.102487047,1.050618427,710.025473,1331.99153,"L112","L117H12",0.25,"17",0.0423734956913772,0.0214450137088914,-1.54969862548285,0.25,"L1"
"87016",130.914568947565,0.869693956758789,2585.25684342777,17.9441660260125,97.3405216640612,0.641576403340838,0.173640094,"L1",17,102237.377871835,88915.23,"L117a",2.318203032,2.18693005,2.09831764,-2.635694798,2.09831764,1.46354162,708.4072173,1332.585573,"L113","L117H13",0.25,"17",0.321871231644685,0.165405077353564,-0.760349987728119,0.25,"L1"
"87304",105.499512403537,0.768506488969325,2285.96095279856,16.7784420387956,77.7056829775697,0.563734666726692,0.284195813,"L1",17,101597.31446733,78078.2,"L117a",2.239387924,2.217203042,2.394241365,-2.714197812,2.394241365,2.221478184,711.9960577,1332.778125,"L114","L117H14",0.25,"17",0.379167929781246,0.346642052614054,-0.546382324735047,0.25,"L1"
"87592",44.4582523055424,0.242553509591697,822.224757669361,4.87847331022387,33.277494685004,0.179389714568244,0.325023675,"L1",17,102527.617192027,24868.43,"L117a",2.192568949,2.191171437,2.278865218,-2.600259113,2.278865218,2.268207671,709.3105727,1335.010908,"L115","L117H15",0.25,"17",0.35771863987549,0.355682814877144,-0.488085003490732,0.25,"L1"
"87880",115.071299502498,0.787873406760726,2600.47467855466,18.2193935914272,84.4118106152081,0.574627369005746,0.074011447,"L1",17,100950.25214394,79536.02,"L117a",2.314886699,2.273289055,1.265468967,-2.794063561,1.265468967,1.193945777,713.7781874,1334.978134,"L116","L117H16",0.25,"17",0.102251499454045,0.0769846037745756,-1.13070110480327,0.25,"L1"
"88168",110.300692183203,0.726265937087266,1929.59581497882,12.7319640857064,82.9975820439308,0.544569502107779,0.039998349,"L1",17,104105.003262621,75607.92,"L117a",2.368932129,2.277631352,1.129315264,-2.409411135,1.129315264,1.0624727,707.3768596,1335.469756,"L117","L117H17",0.25,"17",0.0528151981717061,0.0263177797654773,-1.39795793454673,0.25,"L1"
"88456",84.4996922669817,0.58280955743495,2284.36513764957,15.666971602172,60.869648697896,0.418714922513099,0.421665054,"L1",17,99275.6780356298,57858.81,"L117a",2.285358488,2.254253317,4.033625115,-3.003154006,4.033625115,3.576181525,713.4709236,1330.8608,"L118","L117H18",0.25,"17",0.60569553243589,0.553419555231535,-0.375032390172823,0.25,"L1"
"88744",86.3840193459772,0.57931680493721,1917.70255223458,13.1139516570018,63.4790744336423,0.423420611036581,0.080259751,"L1",17,101189.697969065,58620.89,"L117a",2.339312537,2.311258376,1.366225432,-2.76444968,1.366225432,1.298545049,711.0046201,1333.556527,"L119","L117H19",0.25,"17",0.135522365374766,0.113457020729084,-1.09550219196692,0.25,"L1"
"89032",25.2320026868642,0.178868501655905,606.533907523254,4.10972067189372,18.3895540517574,0.130540009012658,0.245765293,"L1",17,101022.569947846,18069.76,"L117a",2.243148922,2.185322842,2.156736006,-2.785112133,2.156736006,1.80479141,712.2254813,1333.544236,"L120","L117H20",0.25,"17",0.333796988795604,0.256427015260652,-0.609479448230862,0.25,"L1"
"89320",128.943065313054,0.87904203320862,2192.7911725376,15.4191622076425,97.3159740016387,0.659086083514434,0.018862847,"L1",17,104098.307410839,91506.79,"L117a",2.584073631,2.300824683,1.169015315,-2.410215139,1.169015315,1.017228066,709.6506112,1338.001609,"L121","L117H21",0.25,"17",0.0678202007909437,0.0074183341430514,-1.72439275788307,0.25,"L1"
"89608",101.456628197388,0.636432637141394,1667.95059865419,11.4007974243817,76.8332926666191,0.476180686796463,0.054041403,"L1",17,103855.389828658,66096.96,"L117a",2.321082637,2.235263914,1.156548881,-2.439418478,1.156548881,1.079513243,713.0120765,1336.506259,"L122","L117H22",0.25,"17",0.0631639927486201,0.0332279744391668,-1.26727338453438,0.25,"L1"
"89896",115.022021306081,0.760956669305426,2211.59327936623,14.6867699908037,85.7391620216872,0.565120294721789,0.211003917,"L1",17,102998.491637559,78377.39,"L117a",2.302491844,2.244841965,2.32581375,-2.542982294,2.32581375,1.931264944,710.5068893,1339.697847,"L123","L117H23",0.25,"17",0.366574933700307,0.285841857323798,-0.675709482542611,0.25,"L1"
"90184",97.7173509350723,0.725719858857024,2042.18098545406,14.7698478570589,72.2138392504315,0.536100137887637,0.154966352,"L1",17,102393.123810933,74308.72,"L117a",2.28113296,2.220710733,1.72951306,-2.616667091,1.72951306,1.484797541,712.1025758,1337.325629,"L124","L117H24",0.25,"17",0.237923845832611,0.171667239632454,-0.809762590391613,0.25,"L1"
"90472",127.9346009652,0.878086734746243,2671.65232723503,18.4202600561775,94.5813484409934,0.646694541345918,0.133810097,"L1",17,102049.183473767,89608.03,"L117a",2.278485025,2.183315895,1.565981663,-2.658725492,1.565981663,1.287659885,710.8284555,1330.623182,"L125","L117H25",0.25,"17",0.194786672342269,0.109801166149853,-0.873511114475999,0.25,"L1"
"90760",112.003084509038,0.746893627872885,1975.26417609723,13.8840042629578,84.2267878018577,0.556763516011797,0.089773659,"L1",17,103429.19138299,77250.6,"L117a",2.323504451,2.231093251,1.396642387,-2.490821125,1.396642387,1.200307183,708.3109413,1338.153192,"L127","L117H27",0.25,"17",0.14508521840159,0.0792924050555282,-1.04685107345614,0.25,"L1"
"91048",119.106846064024,0.78168797699548,2877.91994796106,19.566419132331,86.7907969446279,0.565618040752686,0.066258166,"L1",17,100065.676653553,78220.14,"L117a",2.385355014,2.269380902,1.36608321,-2.90407738,1.36608321,1.153307544,715.5971887,1335.580371,"L128","L117H28",0.25,"17",0.135477153623127,0.0619451328386787,-1.1787605893883,0.25,"L1"
"91336",85.7787513851697,0.655590970513019,1800.33546581174,13.4611422668244,63.3666387710129,0.483866640384715,0.214626125,"L1",17,102292.527805137,67062.06,"L117a",2.326407254,2.266552251,2.562451851,-2.628953738,2.562451851,2.093628229,711.5945664,1329.127832,"L129","L117H29",0.25,"17",0.408655713657384,0.32089956539046,-0.668317415395329,0.25,"L1"
"91624",99.7603806919665,0.679853470178679,2418.13608472629,16.3451878235832,72.6605790921177,0.493918703222704,0.211260717,"L1",17,100514.785490527,68335.32,"L117a",2.462734109,2.134223045,4.214333085,-2.848101142,4.214333085,1.445824688,713.6839598,1329.066379,"L130","L117H30",0.25,"17",0.624728857627274,0.160115636215784,-0.675181250586998,0.25,"L1"
"91912",128.729054996088,0.8240075665771,2216.58899439952,15.1357769358069,97.042462917757,0.614980663512979,0.06038157,"L1",17,103566.418721733,85339.51,"L117a",2.403943699,2.32892575,1.356330236,-2.474247421,1.356330236,1.204109763,714.9703707,1332.905128,"L131","L117H31",0.25,"17",0.132365443374239,0.0806660776962651,-1.21909559894008,0.25,"L1"
"92200",115.359227186188,0.769440870451633,2325.88924464922,16.1872972006284,85.6012351895661,0.5665170108837,0.08328224,"L1",17,102016.794473012,78495.89,"L117a",2.36435691,2.259487677,1.466003705,-2.662693449,1.466003705,1.216696294,716.1441181,1331.155773,"L132","L117H32",0.25,"17",0.166135067889708,0.0851821852141157,-1.0794476023429,0.25,"L1"
"92488",110.076376679399,0.730581012543616,2373.39880291914,16.3374068883804,81.1295469641741,0.534631470424974,0.083908405,"L1",17,101327.071083141,74027.63,"L117a",2.364150114,2.354380629,1.471226451,-2.747491438,1.471226451,1.440007558,712.8318151,1330.090592,"L133","L117H33",0.25,"17",0.167679524427461,0.158364771532111,-1.07619453425719,0.25,"L1"
"92776",47.7985302014333,0.406280554098502,1136.50306464887,8.64812366273678,34.8243353198613,0.298781747835146,0.309852566,"L1",17,101883.854253985,41393.43,"L117a",2.156483613,2.100798801,1.955190232,-2.678993083,1.955190232,1.666229924,710.6031288,1335.50253,"L134","L117H34",0.25,"17",0.291189018861613,0.22173492974462,-0.508844902951365,0.25,"L1"
"93064",107.681018924083,0.726321030752551,2651.02615206921,18.2846602311338,78.3141277563501,0.525255253488859,0.082229626,"L1",17,100002.197024012,72633.7,"L117a",2.294647672,2.267048637,1.275682049,-2.912009642,1.275682049,1.224206087,716.1871351,1333.8515,"L135","L117H35",0.25,"17",0.105742444313466,0.0878545345684449,-1.08497168501149,0.25,"L1"
"93352",97.4583440964213,0.636474080330264,1774.6991018174,11.4508366505927,73.0491292754914,0.476006283249501,0.046024361,"L1",17,103805.616036582,66069.58,"L117a",2.377370526,2.289461551,1.179439816,-2.445410671,1.179439816,1.090062811,711.7133751,1331.594136,"L136","L117H36",0.25,"17",0.0716757847756993,0.0374515233394999,-1.33701223250565,0.25,"L1"
"93640",86.94489587269,0.622874000928988,1661.64650762774,12.2580221869545,64.8553552574602,0.461674403307906,0.063752471,"L1",17,102775.961839027,64016.48,"L117a",2.410963185,2.329514049,1.411478855,-2.570017949,1.411478855,1.226365823,713.8396401,1338.84556,"L137","L117H37",0.25,"17",0.149674376478259,0.0886200388706741,-1.1955029776255,0.25,"L1"
"93928",96.7561110195373,0.613011643318443,1759.24627388782,12.0796886433414,72.537207168145,0.454305123482582,0.047358302,"L1",17,102761.058744322,62993.73,"L117a",2.400122133,2.328309953,1.224884688,-2.571830651,1.224884688,1.129305774,706.3075818,1337.157658,"L139","L117H39",0.25,"17",0.0880952056617866,0.052811548639922,-1.32460387734194,0.25,"L1"
"94216",142.356868597395,0.942872073883394,2683.04061121482,18.7804392493789,106.347644932465,0.698015535352122,0.047273468,"L1",17,102638.460805626,96774.94,"L117a",2.466700984,2.318540835,1.366526572,-2.58675254,1.366526572,1.119345826,707.6574938,1332.106242,"L140","L117H40",0.25,"17",0.135618080932283,0.0489642841335182,-1.32538253651628,0.25,"L1"
"94504",107.156427734234,0.71672805817234,2074.51858437804,14.1999120405061,79.8313079566242,0.530883092888365,0.056581809,"L1",17,102699.445808916,73607.58,"L117a",2.411892047,2.346049152,1.337038911,-2.579327583,1.337038911,1.206445118,712.7826529,1339.374053,"L141","L117H41",0.25,"17",0.126144046444247,0.0815075703460217,-1.24732317165176,0.25,"L1"
"94792",114.755310331552,0.773049538442021,2388.47271153758,16.3952610271597,84.8759404129919,0.568713892249365,0.196592067,"L1",17,101925.173590812,78793.21,"L117a",2.221272642,2.207932466,1.716908049,-2.673924694,1.716908049,1.656262862,712.0370262,1335.625436,"L142","L117H42",0.25,"17",0.23474703663952,0.219129263884015,-0.706434011059512,0.25,"L1"
"95080",65.8238663636541,0.480296721122472,1311.43799120225,9.52397687157848,48.8830728355813,0.355726618250414,0.055878417,"L1",17,102689.528495497,49321.44,"L117a",2.376004642,2.227988144,1.252979349,-2.580534721,1.252979349,1.080000016,710.9718453,1330.590408,"L143","L117H43",0.25,"17",0.0979439132214018,0.033423761920942,-1.25275590566993,0.25,"L1"
"95368",81.0527225983846,0.561899529789685,2028.75054215243,13.7068042488954,58.8368799300732,0.407632241849233,0.053352441,"L1",17,100352.829679544,56388.21,"L117a",2.416638789,2.329333377,1.314735978,-2.86825818,1.314735978,1.162938987,714.7778187,1336.534937,"L144","L117H44",0.25,"17",0.118838547646971,0.0655569302879463,-1.27284570578818,0.25,"L1"
"95656",91.9742048545004,0.654595847254053,1978.95696866865,14.2784908302354,67.7933995287234,0.480219678470449,0.081299968,"L1",17,101607.583028534,66511.9,"L117a",2.368485204,2.330600909,1.460606226,-2.712934486,1.460606226,1.351675997,711.4470798,1334.601223,"L146","L117H46",0.25,"17",0.164533147538953,0.130872601680752,-1.08990962534598,0.25,"L1"
"95944",70.9804885824846,0.453168878854586,1279.29178210611,8.28206636357391,53.2539043465331,0.338384005788572,0.05895024,"L1",17,103624.592444859,46959.44,"L117a",2.358431121,2.296915942,1.244218335,-2.467228086,1.244218335,1.152636272,709.3412991,1331.270485,"L147","L117H47",0.25,"17",0.0948965968866178,0.0616922821563088,-1.22951442245246,0.25,"L1"
"96232",104.387057173868,0.72821583475262,2143.83753218479,15.232544512034,77.3052761714638,0.536471305265226,0.075939508,"L1",17,102081.719996178,74337.53,"L117a",2.440629394,2.320661396,1.673896155,-2.65474073,1.673896155,1.29008088,709.7632746,1329.258931,"L148","L117H48",0.25,"17",0.223728511775893,0.110616938699707,-1.11953222091201,0.25,"L1"
"96520",108.693259867388,0.733717447598019,2379.36678659684,16.6902020677054,79.9859441366447,0.536010361112414,0.132270489,"L1",17,101134.950603838,74204.48,"L117a",2.433705561,2.145768141,2.482094631,-2.771214472,2.482094631,1.212652141,714.6139447,1337.538665,"L149","L117H49",0.25,"17",0.394818335155327,0.0837362378736669,-0.878537040877474,0.25,"L1"
"96808",69.0055345476881,0.488552699696306,1536.07323466353,10.2614372733996,50.661707534931,0.359765366387327,0.15346216,"L1",17,102035.126652636,49849.54,"L117a",2.409386323,2.261831471,2.583545215,-2.66044743,2.583545215,1.631905136,714.8044483,1331.061545,"L150","L117H50",0.25,"17",0.412216066598989,0.212694909252909,-0.813998693340557,0.25,"L1"
"97096",90.1353984806348,0.603319072232702,1750.04373771308,11.9111844510877,67.1266371385923,0.44703741991959,0.051371674,"L1",17,102739.479560315,61984.69,"L117a",2.444082312,2.313209338,1.359646351,-2.574455849,1.359646351,1.133902219,711.6396318,1338.620233,"L151","L117H51",0.25,"17",0.13342596147178,0.0545756051920911,-1.28927628210285,0.25,"L1"
"97384",99.9932984098533,0.666991786235321,2326.51136980913,15.267497850054,73.1217662892149,0.486960080474901,0.056273297,"L1",17,101064.734800523,67409.35,"L117a",2.39518323,2.290853751,1.295381871,-2.779895965,1.295381871,1.133439042,714.5279109,1334.59303,"L153","L117H53",0.25,"17",0.112397814765307,0.0543981681017839,-1.24969763919184,0.25,"L1"
"97672",95.9539029499291,0.617437326867062,1796.1105469867,12.101476171212,71.9758643830313,0.456078748288923,0.029527903,"L1",19,110467.317996609,68206.65,"L119a",2.514531394,2.393449376,1.226280866,-2.632033348,1.226280866,1.088121171,713.3556064,1334.463879,"H01","L119H01",0.25,"19",0.0885899518985233,0.0366772602210875,-1.52976739447976,0.25,"L1"
"97960",98.4824247902031,0.649615648777003,1747.81009242993,11.8455828214568,74.2514664914554,0.483323581088639,0.04618144,"L1",19,111356.775004095,72339.1,"L119a",2.394707447,2.352324066,1.206163861,-2.531789303,1.206163861,1.148783131,712.6087164,1335.011142,"H02","L119H02",0.25,"19",0.0814063120279825,0.0602380496633678,-1.33553252931612,0.25,"L1"
"98248",97.176797282702,0.634212802018935,1804.82215479958,12.7621806454584,72.9258808321272,0.467237313253264,0.220138311,"L1",19,110144.345963414,69854.96,"L119a",2.147312684,2.142582507,1.523208257,-2.668632984,1.523208257,1.50639661,709.6942741,1331.600378,"H03","L119H03",0.25,"19",0.182759285268221,0.177939329671945,-0.65730436994996,0.25,"L1"
"98536",72.4813096142465,0.525615582366328,1287.29048271322,9.49388395099848,54.64737511833,0.391437262088501,0.170214653,"L1",19,111474.336712422,58592.65,"L119a",2.233123181,2.227572578,1.615988823,-2.518599749,1.615988823,1.593334281,714.5167879,1332.894507,"H05","L119H05",0.25,"19",0.208438352647595,0.202306900197654,-0.769003056218976,0.25,"L1"
"98824",102.982349446184,0.677966879861174,1840.4836684856,13.0542551553937,77.578476580335,0.501678649023601,0.049130917,"L1",19,110685.2043353,75040.9,"L119a",2.419511612,2.369685449,1.277787933,-2.607402563,1.277787933,1.190822441,710.3312625,1331.753819,"H11","L119H11",0.25,"19",0.106458782484289,0.0758470103134815,-1.30864512993554,0.25,"L1"
"99112",86.566008378068,0.550206646490297,1183.04310895978,8.80335906388553,66.8782811423038,0.414748740634925,0.044003725,"L1",19,112986.158176292,62165.74,"L119a",2.448652721,2.306583445,1.283273562,-2.350213289,1.283273562,1.094718113,713.662791,1333.325955,"H14","L119H14",0.25,"19",0.108319247024084,0.0393023038985727,-1.35651055809403,0.25,"L1"
"99400",106.684712019697,0.684308403790841,1938.76649771151,13.3344295799723,80.2403155627447,0.50576773280122,0.063305855,"L1",19,110538.643893551,75642.52,"L119a",2.404981279,2.280412032,1.3895782,-2.623965025,1.3895782,1.153392373,713.8769591,1331.999829,"H15","L119H15",0.25,"19",0.142882992187768,0.0619770752394656,-1.19855612131598,0.25,"L1"
"99688",97.7492189678098,0.647329682823239,1860.5721964647,11.9400779827968,73.1871369799919,0.481070647823269,0.047133446,"L1",19,111214.938029743,71992.73,"L119a",2.4415251,2.371103649,1.303592043,-2.547720909,1.303592043,1.178694805,711.4276321,1330.659304,"H16","L119H16",0.25,"19",0.1151417009096,0.0714013694186277,-1.32667080713036,0.25,"L1"
"99976",95.3937453147734,0.608513692039762,1721.37559182762,11.3222711407048,71.8179683823652,0.45183049287542,0.038738012,"L1",19,111107.391443186,67610.37,"L119a",2.363505949,2.332346235,1.116636048,-2.559814453,1.116636048,1.091105167,711.024641,1332.584795,"H17","L119H17",0.25,"19",0.0479116439288662,0.0378666124092151,-1.41186267064797,0.25,"L1"
"100264",98.9225485286428,0.659546007873118,1984.85942205331,13.0964024570961,73.6983703652676,0.486548240405899,0.055081367,"L1",19,110307.428475856,72752.82,"L119a",2.392021012,2.295113592,1.277784372,-2.650138855,1.277784372,1.132514655,708.8008133,1331.866786,"H18","L119H18",0.25,"19",0.106457572170148,0.0540438305916708,-1.25899529003476,0.25,"L1"
"100552",75.9581530808956,0.477032978281148,1301.81241337223,9.45063739823417,57.4013282003985,0.351988630821466,0.122133017,"L1",19,110335.490283398,52633.67,"L119a",2.26733064,2.21403249,1.450063079,-2.646959305,1.450063079,1.306833204,709.4829442,1333.609832,"H20","L119H20",0.25,"19",0.161386894832054,0.116220160491784,-0.913166914576462,0.25,"L1"
"100840",102.43064565959,0.672157469858132,2022.46428407179,13.2843999501588,76.4372000234072,0.496084251268102,0.063769817,"L1",19,110364.902238842,74182.6,"L119a",2.336280941,2.300008219,1.238322713,-2.643627644,1.238322713,1.180893727,709.437763,1330.694108,"H23","L119H23",0.25,"19",0.0928338387158755,0.072210815603195,-1.19538482930417,0.25,"L1"
"101128",75.5797709473483,0.539815048988331,1342.03694644302,9.40452701796677,57.010125310177,0.403466325040786,0.052900314,"L1",19,111922.533418119,60417.47,"L119a",2.498871411,2.257540877,1.555447096,-2.468442678,1.555447096,1.091189222,709.2293796,1337.097418,"H25","L119H25",0.25,"19",0.19185524443476,0.0379000676780169,-1.27654175011864,0.25,"L1"
"101416",92.6449941453859,0.602630655992479,1860.71092839039,11.3880159181745,68.988663025557,0.44676900720435,0.1376791,"L1",19,110916.145362565,66841.47,"L119a",2.29802853,2.206857288,1.675974582,-2.581348896,1.675974582,1.359176974,707.6206369,1334.480695,"H28","L119H28",0.25,"19",0.224267427790171,0.133276008482056,-0.861131981628137,0.25,"L1"
"101704",96.7063527734833,0.62396731593976,2101.98397735855,13.7783986604632,71.4716216854735,0.455438408263081,0.113973379,"L1",19,109013.22957526,68020.69,"L119a",2.287597471,2.229619258,1.461706644,-2.797664165,1.461706644,1.304500147,714.6549481,1334.701268,"H31","L119H31",0.25,"19",0.164860220996885,0.115444132375515,-0.943196575887232,0.25,"L1"
"101992",97.5537331047508,0.633339940599988,1711.19310675335,11.5288469555106,73.6491999267681,0.471295702066261,0.121680737,"L1",19,111378.171733768,70540.24,"L119a",2.30955569,2.254156168,1.598470148,-2.529387712,1.598470148,1.407454502,709.7746955,1334.817229,"H33","L119H33",0.25,"19",0.203704530079129,0.148434364553784,-0.914778168497597,0.25,"L1"
"102280",55.5010188331258,0.391259855483959,1084.03723263459,8.16517183679214,41.4221471762525,0.287201555856212,0.438132048,"L1",19,109699.721370366,42921.1,"L119a",2.278313824,2.212613889,4.067902215,-2.719194412,4.067902215,3.162590326,712.7383115,1333.079868,"H34","L119H34",0.25,"19",0.609370504723586,0.500042938143772,-0.358394978365982,0.25,"L1"
"102568",83.1791414200092,0.554333827635592,1676.13256385141,11.040208750761,61.9315103428014,0.408810736822628,0.188420534,"L1",19,110270.775393097,61126.82,"L119a",2.243163043,2.193740558,1.773848781,-2.65429306,1.773848781,1.55660115,709.1616226,1333.227641,"H35","L119H35",0.25,"19",0.248916593862965,0.192177346964911,-0.724871769712227,0.25,"L1"
"102856",92.8533834542863,0.605911292628126,1697.67095704195,11.5566127076438,69.8116026960987,0.448785066772124,0.082494259,"L1",19,110801.995765417,67136.18,"L119a",2.393205977,2.35997176,1.559905809,-2.594219923,1.559905809,1.444693334,711.8421263,1336.568921,"H36","L119H36",0.25,"19",0.193098375363088,0.159775668901531,-1.08357627413342,0.25,"L1"
"103144",69.9733103803206,0.496517062637387,1515.76327998452,9.6530579139964,51.7048102729511,0.367056235338013,0.223343134,"L1",19,110566.697040365,54898.25,"L119a",2.280961375,2.251603725,2.264989727,-2.620793104,2.264989727,2.057991435,708.6063141,1331.119764,"H37","L119H37",0.25,"19",0.355066236584025,0.313443562972586,-0.651027394039452,0.25,"L1"
"103432",104.275435245868,0.686872367340705,1550.67102423154,11.1963167173052,79.9936689918173,0.516806103651147,0.06252265,"L1",19,112752.932964596,77446.87,"L119a",2.463743101,2.251414149,1.574920634,-2.376042366,1.574920634,1.119437974,708.1998728,1335.55996,"H38","L119H38",0.25,"19",0.197258672992714,0.049000035122909,-1.20396262284756,0.25,"L1"
"103720",47.3381372626584,0.272120174511844,922.471839946879,4.92639077708167,35.3554169557152,0.202607459524979,0.022173405,"L1",19,111446.036275712,30326.72,"L119a",2.512754437,2.308923636,1.131328206,-2.521773577,1.131328206,1.02536269,707.7221684,1336.715261,"H39","L119H39",0.25,"19",0.0535886149847822,0.0108775106644388,-1.65416761048663,0.25,"L1"
"104008",118.203698828689,0.76135828764604,1908.71126823168,13.598430761656,89.9301508871071,0.567636887502258,0.053821087,"L1",19,111613.485751542,84977.85,"L119a",2.427951125,2.341605081,1.347045842,-2.50300622,1.347045842,1.182026805,711.4616709,1338.068779,"H40","L119H40",0.25,"19",0.129382375670179,0.0726273252183255,-1.26904753523569,0.25,"L1"
"104296",42.9080654302355,0.271265497090719,696.122840091132,5.36692226742012,32.5683739886659,0.20018566985712,0.171315193,"L1",19,110351.919101562,29934.67,"L119a",2.347551036,2.305117416,2.286537814,-2.645098209,2.286537814,1.992690519,713.2401465,1337.845776,"H41","L119H41",0.25,"19",0.359178387993431,0.299439854482135,-0.766204120143221,0.25,"L1"
"104584",104.113158214753,0.689386383636301,1822.10918866141,12.8532002023015,78.6051102926731,0.511775328938038,0.113009453,"L1",19,111082.226611543,76578.58,"L119a",2.325332907,2.247205027,1.590428691,-2.562645912,1.590428691,1.341107806,714.0321121,1336.59202,"H42","L119H42",0.25,"19",0.201514201705268,0.127463690356485,-0.946885227188888,0.25,"L1"
"104872",92.4992529813667,0.615197401002544,1740.59824997349,12.8418553792928,69.2881245787947,0.45156956729787,0.100286722,"L1",19,109696.543125872,67485.03,"L119a",2.358485592,2.286998593,1.608391433,-2.71955657,1.608391433,1.369535277,711.3826202,1333.543181,"H44","L119H44",0.25,"19",0.206391751193659,0.136573223453156,-0.998756563927352,0.25,"L1"
"105160",66.6072267941498,0.438361181548637,1154.00247192137,8.79122267014805,50.2792641704156,0.323059020276731,0.321990013,"L1",19,110185.853704843,48301.2,"L119a",2.252960574,2.227219426,2.792989642,-2.663923264,2.792989642,2.547549824,710.5822176,1335.433938,"H46","L119H46",0.25,"19",0.446069325092131,0.406122686526028,-0.492157598385703,0.25,"L1"
"105448",76.5093951880594,0.468239822869356,1330.54208575902,9.13384227904095,57.7559993834813,0.346036039454376,0.103149414,"L1",19,110525.562313053,51752.47,"L119a",2.266856193,2.222239135,1.335453899,-2.625444412,1.335453899,1.241186638,709.5251167,1329.999195,"H47","L119H47",0.25,"19",0.125628900402705,0.093837091538213,-0.98653323494521,0.25,"L1"
"105736",98.7174987674912,0.625009322564286,1714.38433849558,11.674519921687,74.5853322334304,0.463898260170385,0.038599491,"L1",19,111059.380626855,69413.15,"L119a",2.45610355,2.3031139,1.236728265,-2.565217018,1.236728265,1.071598523,710.218472,1330.039711,"H48","L119H48",0.25,"19",0.0922742865530893,0.0300321063421139,-1.41341842220257,0.25,"L1"
"106024",102.438545409132,0.674756719856509,1557.25016466241,11.3809192780815,78.3838489140913,0.505959445412622,0.077317953,"L1",19,112325.913547208,75792.67,"L119a",2.421908916,2.26725291,1.612014796,-2.423472404,1.612014796,1.200681441,710.8923221,1337.761877,"H50","L119H50",0.25,"19",0.207369023692189,0.0794277977715951,-1.1117196524781,0.25,"L1"
"106312",89.359165352102,0.590263194853018,1455.7841323653,9.76047794757532,67.9576565466188,0.443480642545562,0.019264221,"L1",19,112573.467140445,66447.97,"L119a",2.491899968,2.25079039,1.085185927,-2.395954132,1.085185927,1.011883251,712.8652524,1336.759991,"H52","L119H52",0.25,"19",0.0355041530716138,0.00513040739371636,-1.71524854814808,0.25,"L1"
"106600",97.719908977047,0.647753707525983,1835.3725606778,12.2631150079597,73.2828103242791,0.480133844133888,0.165069103,"L1",19,110893.614849929,71831.75,"L119a",2.308811969,2.193894762,1.960665537,-2.583888292,1.960665537,1.446911021,713.0905556,1330.691105,"H54","L119H54",0.25,"19",0.292403515226223,0.16044182463882,-0.782334208701658,0.25,"L1"
"106888",77.4494477099891,0.530759611185488,1518.50984199298,9.87234469130519,57.8259616019602,0.39410970081789,0.128212452,"L1",19,111111.39257239,58973.44,"L119a",2.308563316,2.257367586,1.646920923,-2.559364319,1.646920923,1.455523391,709.0940583,1335.97688,"H57","L119H57",0.25,"19",0.216672746996581,0.163019189163767,-0.892069794066222,0.25,"L1"
"107176",43.0110598391609,0.313412657726198,913.998706363089,6.48488140733766,31.8395010833118,0.23025521944668,0.069098949,"L1",19,109804.022561413,34413.97,"L119a",2.375437873,2.344957381,1.366550513,-2.707315207,1.366550513,1.293521721,710.9817108,1334.367674,"H65","L119H65",0.25,"19",0.135625689531579,0.111773725848262,-1.16052855822597,0.25,"L1"
"107464",90.3010002850026,0.597085256522697,1669.91778346478,11.5600384978852,67.8150605940658,0.441586264480943,0.151890039,"L1",19,110617.847398631,66048.29,"L119a",2.262684604,2.247136881,1.625058811,-2.615011692,1.625058811,1.562616356,710.1172283,1337.675036,"H67","L119H67",0.25,"19",0.210869082749108,0.193852365783983,-0.818470706381991,0.25,"L1"
"107752",62.4695649617966,0.447609208517619,1160.4114541903,9.06617645279032,46.8582693583107,0.329547483061158,0.213293552,"L1",19,110064.478014555,49265.87,"L119a",2.279119172,2.25785975,2.170155923,-2.677700281,2.170155923,2.026902553,711.2303563,1331.348429,"H68","L119H68",0.25,"19",0.336490938487133,0.306832869703525,-0.671022273351072,0.25,"L1"
"108040",107.664851065511,0.70203862319513,1762.1861367368,12.4564050214026,81.8200936445682,0.52375639211762,0.063925266,"L1",19,111695.412986138,78414.49,"L119a",2.338051555,2.31208338,1.242578004,-2.493834257,1.242578004,1.19930034,710.5167207,1336.582713,"H70","L119H70",0.25,"19",0.0943236615047042,0.0789279568026265,-1.19432745615119,0.25,"L1"
"108328",88.1476505804012,0.611752503689092,2254.23889696003,16.1904602229098,64.0162183841535,0.438985396898177,0.011999374,"N3",17,97363.6641629033,59562.46532,"N317a",2.389518439,2.314455972,1.014598208,-3.038692431,1.014598208,1.00784522,612.5199574,5863.157168,"N301","N317H01",0.25,"17",0.006294090924024,0.00339384038201261,-1.9208414102388,0.25,"N3"
"108616",86.3284280618033,0.522522199564431,2533.85799506907,13.8890445337575,61.8631189108166,0.374792287855859,0.07834928,"N3",17,97316.7408052483,50850.15746,"N317a",2.221146809,2.176629217,1.144135096,-3.044718122,1.144135096,1.101547472,615.8385975,5869.724798,"N302","N317H02",0.25,"17",0.0584773076592062,0.0420032181308081,-1.1059649901777,0.25,"N3"
"108904",57.6437653114712,0.39734821710231,1685.17493576768,10.5472154316784,41.3317314359553,0.285047525808573,0.309630358,"N3",17,97331.7074178339,38674.58041,"N317a",2.156916415,2.143486349,1.956754246,-3.04279586,1.956754246,1.878799774,614.1260153,5863.034256,"N303","N317H03",0.25,"17",0.291536284877187,0.273880499270122,-0.509156465090158,0.25,"N3"
"109192",100.579495406827,0.661214642805177,2494.24683397294,15.1765169462373,73.3144641795507,0.481284815099166,0.066876632,"N3",17,98916.6849096402,65405.16048,"N317a",2.377169469,2.330995508,1.35068432,-2.840881855,1.35068432,1.249581276,611.7538023,5862.985091,"N304","N317H04",0.25,"17",0.130553858198949,0.0967645090181782,-1.17472560669114,0.25,"N3"
"109480",113.630152037635,0.753708334630621,3129.08684197268,19.7773735208048,81.9548072631908,0.541314237372966,0.118221741,"N3",17,97456.3263334461,73453.64542,"N317a",2.311779199,2.250331089,1.579668259,-3.026801688,1.579668259,1.37729992,614.4988502,5867.954857,"N305","N317H05",0.25,"17",0.19856589175642,0.139028522259836,-0.927302649274684,0.25,"N3"
"109768",86.7648844234583,0.580224021065849,1718.3616800655,11.8004535925272,64.6558008363024,0.4274723873362,0.035305503,"N3",17,100254.955289757,58170.33329,"N317a",2.511725464,2.287656982,1.305211309,-2.672899792,1.305211309,1.053146589,613.3393747,5865.476119,"N306","N317H06",0.25,"17",0.115680828075551,0.0224888254712832,-1.4521575967009,0.25,"N3"
"110056",72.2873147820823,0.415611196925195,2193.81332020525,11.1959316592944,51.6372362584884,0.297709436839136,0.024700671,"N3",17,97172.3070956363,40385.89886,"N317a",2.330192589,2.278270795,1.037343729,-3.063283915,1.037343729,1.024401978,613.1099379,5867.422235,"N307","N317H07",0.25,"17",0.0159226858711702,0.0104704083688793,-1.60729124886021,0.25,"N3"
"110344",100.081959168156,0.63112639856568,2150.86318762676,12.315469953619,73.984475599709,0.466901795071325,0.043681838,"N3",17,100716.895687552,63565.09165,"N317a",2.496217431,2.339687002,1.395238307,-2.61543637,1.395238307,1.121379446,611.2785403,5865.201615,"N308","N317H08",0.25,"17",0.144648391535119,0.0497525915604173,-1.35969909611688,0.25,"N3"
"110632",11.7595491787152,0.0864705217845258,344.288729927775,2.17808149034899,8.43474628742613,0.0623577069906241,0.185830641,"N3",17,97900.1341184796,8465.47567999999,"N317a",2.239499971,2.170328074,1.739332756,-2.970006977,1.739332756,1.462610264,615.0355685,5861.854295,"N309","N317H09",0.25,"17",0.240382675890042,0.165128616799784,-0.730882675056757,0.25,"N3"
"110920",40.7987729035174,0.313260730522739,1399.1831632691,8.91437761428659,28.7466622776394,0.22316706980279,0.3884394,"N3",17,96582.1187338506,30255.38507,"N317a",2.195666675,2.145233879,2.673100913,-3.139435748,2.673100913,2.244978312,614.0563649,5866.615109,"N310","N317H10",0.25,"17",0.427015354241685,0.351212149782896,-0.410676725378992,0.25,"N3"
"111208",122.862913838668,0.762737344162075,2507.81428109186,14.3910180613459,91.3118587584019,0.566168915241706,0.026881195,"N3",17,101094.276529373,77108.37999,"N317a",2.467193825,2.374851852,1.132085392,-2.568687065,1.132085392,1.063317092,612.6305788,5865.902216,"N311","N317H11",0.25,"17",0.0538791864597721,0.0266627948811108,-1.5705514286848,0.25,"N3"
"111496",59.870398035811,0.361773392366942,2011.72670521532,9.98770938031712,42.3047102075005,0.258509410125488,0.402069777,"N3",17,96907.7440179474,35058.6433,"N317a",2.279869698,2.197693839,3.776805157,-3.097363054,3.776805157,2.774218523,612.9050836,5870.810526,"N312","N317H12",0.25,"17",0.577124580426565,0.44314066711767,-0.395698570954372,0.25,"N3"
"111784",65.722845941994,0.430744406008673,2021.09883251882,11.2652946029916,46.8477105031774,0.309463916203538,0.361759385,"N3",17,97492.2968103605,41994.26148,"N317a",2.285183445,2.174599966,3.496162508,-3.022188873,3.496162508,2.339551423,611.2293752,5868.24575,"N313","N317H13",0.25,"17",0.543591611229923,0.369132595362653,-0.441580193309566,0.25,"N3"
"112072",28.1143599527608,0.190973335493718,504.592348452152,3.52578716526271,21.1630123352954,0.142064988129252,0.050632371,"N3",17,101338.552421297,19352.96137,"N317a",2.446447053,2.332992991,1.356747487,-2.538519526,1.356747487,1.152049439,615.1175103,5863.870062,"N314","N317H14",0.25,"17",0.132499025841679,0.0614711167817936,-1.29557173510365,0.25,"N3"
"112360",51.8668999894688,0.371802201930097,1326.56701341061,9.66299162098814,37.68114720089,0.267285041772603,0.381547023,"N3",17,97560.2459902047,36273.11428,"N317a",2.200206832,2.198688372,2.675352688,-3.013479786,2.675352688,2.660870247,614.2858017,5864.923013,"N315","N317H15",0.25,"17",0.427381042564973,0.425023697405271,-0.418451930655504,0.25,"N3"
"112648",58.820597797679,0.479465734487736,1470.4799487141,11.4293707212279,42.8012005164095,0.347675239679779,0.339478232,"N3",17,98501.6331781433,47228.1579,"N317a",2.318644836,2.23321898,3.748987105,-2.893441864,3.748987105,2.723017464,609.3488125,5868.446507,"N316","N317H16",0.25,"17",0.573913946626679,0.435050426684992,-0.469188068291789,0.25,"N3"
"112936",93.9460448357934,0.648260803578586,2619.95385194743,17.8596288170446,67.6626729950042,0.463319051439818,0.052940367,"N3",17,96930.2243219502,62836.06511,"N317a",2.369846336,2.310963907,1.219036979,-3.094463686,1.219036979,1.139226131,609.8691425,5865.082799,"N317","N317H17",0.25,"17",0.0860168799678982,0.0566099380369454,-1.27621305235234,0.25,"N3"
"113224",107.62246265347,0.728601930433925,2840.3912994286,18.3870007219343,77.9388566599375,0.525328450611781,0.288819729,"N3",17,97879.7346550091,71315.36362,"N317a",2.215953158,2.174603346,2.240986413,-2.972611875,2.240986413,1.962524651,612.3028119,5861.854295,"N318","N317H18",0.25,"17",0.3504392234351,0.292815120564315,-0.539373143847606,0.25,"N3"
"113512",109.867051206117,0.747086355897016,2645.83163863385,17.5509034063875,80.3125220600706,0.542526054360991,0.076623081,"N3",17,98661.4376212227,73708.6139,"N317a",2.343438046,2.243128222,1.348107284,-2.873178881,1.348107284,1.163991137,612.1225401,5866.328313,"N319","N317H19",0.25,"17",0.129724455252112,0.0659496734696709,-1.11564038910057,0.25,"N3"
"113800",126.304214874156,0.835374591560517,3514.66353577603,23.1082785504873,91.0208580793559,0.596808899206352,0.169179367,"N3",17,96886.4971926031,80936.51802,"N317a",2.252672416,2.192889065,1.694980815,-3.100103954,1.694980815,1.462573105,617.4692379,5864.988566,"N320","N317H20",0.25,"17",0.229164786912677,0.16511758299669,-0.771652604325655,0.25,"N3"
"114088",110.477923093223,0.703892177574045,3369.71902315228,20.0127665427233,78.8657888580265,0.501497418366314,0.08837144,"N3",17,96591.6097609253,67990.07853,"N317a",2.30222405,2.243286265,1.331057158,-3.138207446,1.331057158,1.213533182,613.351666,5872.035555,"N321","N317H21",0.25,"17",0.124196705265064,0.0840516558739509,-1.05368806818228,0.25,"N3"
"114376",64.8329670429468,0.380613328176029,1992.72215437985,9.82113859729235,46.2272458267476,0.273816029886689,0.311311403,"N3",17,97638.1974538025,37162.39929,"N317a",2.324654189,2.188665792,3.541343912,-3.003496168,3.541343912,2.173474747,617.2234127,5863.144877,"N322","N317H22",0.25,"17",0.549168104626295,0.33715459860909,-0.506804971288965,0.25,"N3"
"114664",128.463269314759,0.835994187066481,3154.55562475033,19.3247363081167,93.733298938873,0.608071834467467,0.053922144,"N3",17,98838.7527309794,82628.62274,"N317a",2.354918038,2.27984583,1.202233298,-2.850733946,1.202233298,1.112888962,617.3381311,5869.065167,"N323","N317H23",0.25,"17",0.0799887523610899,0.0464518349579561,-1.26823284813339,0.25,"N3"
"114952",74.5486361995683,0.522245948427351,1869.97505395449,13.2402503984729,54.2566826123071,0.376370546235805,0.006523503,"N3",17,97829.650213375,51091.13846,"N317a",2.618845672,2.42408522,1.02885978,-2.979009683,1.02885978,1.005777201,614.1219182,5869.069264,"N324","N317H24",0.25,"17",0.0123561901931648,0.0025017867908581,-2.18551913355749,0.25,"N3"
"115240",120.642545317044,0.850827584842526,2236.49651432556,16.3536774312322,90.484643224061,0.630386402923742,0.103293701,"N3",17,100886.093738824,85836.67148,"N317a",2.265233038,2.15731937,1.332326866,-2.594454775,1.332326866,1.147121212,613.5114524,5870.048468,"N325","N317H25",0.25,"17",0.124610785408847,0.0596093105964872,-0.98592616158155,0.25,"N3"
"115528",103.179373963797,0.646323749465384,2501.99746296489,14.318486292578,75.3612037820921,0.47211530224695,0.117963459,"N3",17,99306.7426550409,64184.3062600001,"N317a",2.266197731,2.245992229,1.420925785,-2.791687588,1.420925785,1.364325955,612.1880934,5871.461963,"N326","N317H26",0.25,"17",0.152571395304896,0.134918141248756,-0.928252501272935,0.25,"N3"
"115816",113.028468630309,0.746381687726019,2998.42068511996,19.4627233602435,81.8267618657489,0.536388396072247,0.132277566,"N3",17,97524.2355178464,72790.3035000001,"N317a",2.23033579,2.132069013,1.396733136,-3.018094514,1.396733136,1.191594479,616.2155294,5866.647886,"N327","N317H27",0.25,"17",0.145113436440753,0.076128482336402,-0.878513805007914,0.25,"N3"
"116104",122.494676370688,0.79526670359131,3473.70253915549,21.3458477128693,88.0995901482906,0.569869483096579,0.048762414,"N3",17,97211.4059483237,77308.9943600001,"N317a",2.280564892,2.230842446,1.093722245,-3.058255349,1.093722245,1.062902468,619.2023054,5863.43577,"N328","N317H28",0.25,"17",0.0389070452337644,0.0264934154614736,-1.31191480262444,0.25,"N3"
"116392",101.871018029448,0.697801959061969,2915.97238446162,19.56758359348,73.1831352247207,0.497845223692663,0.032140776,"N3",17,96739.8976505384,67505.2901000001,"N317a",2.255316382,2.20856185,1.033974407,-3.119032103,1.033974407,1.02315127,610.7664044,5869.954235,"N329","N317H29",0.25,"17",0.0145097892064416,0.00993984766091402,-1.4929436419333,0.25,"N3"
"116680",60.9013200344384,0.448679973177791,2505.87691924378,16.1243818339757,42.1738484420091,0.312266005790225,0.113651232,"N3",17,94109.6936440892,42225.1348200001,"N317a",2.331317727,2.236787384,1.620443653,-3.463592776,1.620443653,1.319328243,617.7806164,5864.521498,"N330","N317H30",0.25,"17",0.209633934092925,0.120352859525695,-0.944425852082418,0.25,"N3"
"116968",99.4931357584013,0.603500240014389,2134.18381047498,11.6383101787109,73.5620844009826,0.446991084485964,0.042570166,"N3",17,100848.968508362,60862.3767000001,"N317a",2.446123618,2.339677079,1.262035617,-2.599055516,1.262035617,1.11558616,615.5518014,5861.067654,"N331","N317H31",0.25,"17",0.101071611681719,0.0475031177552587,-1.37089465631233,0.25,"N3"
"117256",48.0455466245299,0.299492285189545,1422.47257264533,8.18743842211504,34.4026879118898,0.214216076529868,0.222431719,"N3",17,97013.5908563107,29054.8220200001,"N317a",2.175346634,2.17488323,1.643703458,-3.083717463,1.643703458,1.641710774,616.9734904,5864.267479,"N332","N317H32",0.25,"17",0.215823468817899,0.215296648325635,-0.652803281818252,0.25,"N3"
"117544",31.2617288631801,0.176811162389885,737.419335919092,4.24132701881525,22.8986572170419,0.128130680636829,0.239036813,"N3",17,98432.9257539892,17404.0400200001,"N317a",2.287720405,2.20118847,2.450428208,-2.902163978,2.450428208,1.853807644,616.4244808,5870.900662,"N333","N317H33",0.25,"17",0.389241983189732,0.268064668598482,-0.621535210133021,0.25,"N3"
"117832",116.207330455852,0.777746432957427,3050.28057162632,19.5881378655015,84.2231564409301,0.560873831015024,0.146223055,"N3",17,97901.4095384067,76142.4720500001,"N317a",2.340230635,2.215724624,1.974434753,-2.969844131,1.974434753,1.424414168,615.0396656,5872.121594,"N334","N317H34",0.25,"17",0.29544278665182,0.153636284753423,-0.834984146735953,0.25,"N3"
"118408",13.9900748431836,0.0818401697892704,423.358819889004,2.85084205074292,9.99000998377235,0.0571358272953673,0.440067173,"N3",17,94436.259478696,7728.67951000009,"N317a",2.245195426,2.163581852,3.592859213,-3.42029217,3.592859213,2.653319561,618.7188492,5862.952314,"N335","N317H35",0.25,"17",0.555440199610672,0.423789558772821,-0.356481026612429,0.25,"N3"
"118696",117.326677796055,0.780239583135083,3297.9589066336,21.0133788923289,84.4547696933549,0.558912534920454,0.1712876,"N3",17,97174.919689858,75819.7188300001,"N317a",2.218536399,2.215703153,1.563762497,-3.062947842,1.563762497,1.552961614,618.9851599,5868.036798,"N336","N317H36",0.25,"17",0.194170793433021,0.191160720999637,-0.766274075718073,0.25,"N3"
"118984",83.5234567155906,0.556470079939458,1879.88124405296,12.561072995812,61.469851671301,0.405719599452729,0.033623836,"N3",17,99100.198120265,55146.2951700001,"N317a",2.523889347,2.311235328,1.306174641,-2.817712964,1.306174641,1.058496308,615.9000538,5865.148352,"N337","N317H37",0.25,"17",0.116001247805786,0.0246893475533302,-1.47335274126543,0.25,"N3"
"119272",76.4165094646858,0.432160514190033,2320.07509695551,11.446287444529,54.5756135093084,0.31008859194057,0.01689755,"N3",17,97355.2916995544,42073.1129200001,"N317a",2.41565738,2.364191239,1.035607985,-3.039767373,1.035607985,1.023348375,615.6788111,5867.590216,"N340","N317H40",0.25,"17",0.0151953903801274,0.0100235042736375,-1.77217625980135,0.25,"N3"
"119560",41.9431892846184,0.310405904312681,790.04970290078,6.53509163853373,31.3709299233602,0.227897974079643,0.077921538,"N3",17,99870.4718862966,31000.3841400001,"N317a",2.338356286,2.302121525,1.345490445,-2.720930155,1.345490445,1.264706597,612.9378603,5866.197207,"N341","N317H41",0.25,"17",0.128880617968589,0.101989783943944,-1.10834248402573,0.25,"N3"
"119848",96.0848688998945,0.660453483168343,2204.6117909962,15.2870790829399,70.5677294655394,0.480326634244078,0.051740896,"N3",17,98824.2905721245,65268.8469300001,"N317a",2.298659468,2.164769579,1.121078397,-2.852563089,1.121078397,1.04131007,615.1912578,5871.73237,"N342","N317H42",0.25,"17",0.0496359838652706,0.0175800682607435,-1.28616605485244,0.25,"N3"
"120136",110.730066527175,0.705280464161508,2898.27689007823,17.2430274126454,80.274345590021,0.510128220715751,0.075179069,"N3",17,98225.1413306351,69276.2732700001,"N317a",2.362064146,2.265326561,1.385183826,-2.928578417,1.385183826,1.187814224,617.379102,5866.930585,"N343","N317H43",0.25,"17",0.141507411898533,0.0747485216210192,-1.12390305679015,0.25,"N3"
"120424",101.870646016676,0.649747699859582,2938.31175537477,17.1755198752047,73.1292582781347,0.466305887192868,0.078280246,"N3",17,97376.5757134246,63270.2060900001,"N317a",2.268115453,2.253168843,1.206630426,-3.037034896,1.206630426,1.18433668,618.1534513,5870.027982,"N344","N317H44",0.25,"17",0.0815742721467265,0.07347517998904,-1.10634781821748,0.25,"N3"
"120712",88.9658089363038,0.551544883662376,2641.61023355486,14.5234805358198,63.673408910687,0.395981172657541,0.013200324,"N3",17,97418.3214124253,53730.5767500001,"N317a",2.285977261,2.255894849,1.007493038,-3.031677248,1.007493038,1.005839119,617.096403,5861.571596,"N346","N317H46",0.25,"17",0.00324205375247241,0.00252852215333421,-1.87941540896951,0.25,"N3"
"121000",99.0903414731576,0.668796482143926,3910.77909639402,24.3745010720917,68.9353385363382,0.464806792916763,0.193533391,"N3",17,93963.0481436598,62842.1560500001,"N317a",2.161037598,2.154986389,1.464151865,-3.483085969,1.464151865,1.444852263,618.4197619,5863.767634,"N347","N317H47",0.25,"17",0.165586125022184,0.159823442494622,-0.713244093818334,0.25,"N3"
"121288",97.8115846391015,0.61445238683855,2116.31074285503,12.1681818398422,72.2698562559402,0.453896832306701,0.095023268,"N3",17,100552.04504598,61784.4440800001,"N317a",2.359118366,2.328060784,1.559562893,-2.635912788,1.559562893,1.45126643,615.8345004,5863.722566,"N348","N317H48",0.25,"17",0.193002893381134,0.161747149485956,-1.02217003758803,0.25,"N3"
"121576",100.092716003361,0.694006918052385,2291.32009953808,15.7099172631501,73.5303903819131,0.505854306535871,0.132295581,"N3",17,99069.1397615295,68754.6683600001,"N317a",2.29916646,2.250615189,1.638925795,-2.821631123,1.638925795,1.458040516,615.1134132,5865.299945,"N349","N317H49",0.25,"17",0.214559290634819,0.163769592315803,-0.878454662081337,0.25,"N3"
"121864",99.0690448196113,0.601123541552725,2704.25602957201,14.9607342524992,71.5220454902692,0.434017739825109,0.093631963,"N3",17,98030.8885887001,58928.6749300001,"N317a",2.386616891,2.262650315,1.657704641,-2.953323237,1.657704641,1.274104017,619.253519,5864.953741,"N350","N317H50",0.25,"17",0.219507153348992,0.105204884957798,-1.0285758715084,0.25,"N3"
"122152",97.5563159110198,0.648700208438895,2596.80276214541,16.5138099522734,70.6101130160464,0.467311399061759,0.032080689,"N3",17,97785.0555384479,63433.1859100001,"N317a",2.473799983,2.405980516,1.193211488,-2.984708983,1.193211488,1.114028719,616.0024809,5862.026373,"N351","N317H51",0.25,"17",0.0767174260099971,0.0468963868363255,-1.49375631290394,0.25,"N3"
"122440",118.789979533329,0.815352408079751,3117.92549854885,20.8287488672436,86.0764748804933,0.587159696713258,0.052616084,"N3",17,97747.1717017418,79698.3918300001,"N317a",2.275108662,2.22990456,1.103781037,-2.989552665,1.103781037,1.072337672,613.732695,5862.370528,"N353","N317H53",0.25,"17",0.0428829285976962,0.0303315633366564,-1.27888147781013,0.25,"N3"
"122728",106.202092267472,0.683520610898695,3056.25741811866,14.8635893138354,76.4397767378451,0.499372577163603,0.006297802,"N3",18,90755.3004413994,62033.12,"N318a",2.487688812,2.373234344,1.009123654,-3.030826379,1.009123654,1.003531251,617.8682005,5866.153727,"H03","N318H03",0.25,"18",0.00394438621659412,0.00153090141296784,-2.20081099750372,0.25,"N3"
"123016",123.728997941382,0.855800652259415,3526.64358958399,19.6178561005812,89.1977101466516,0.621949328090279,0.131700277,"N3",18,90224.9797732033,77214.59,"N318a",2.284547549,2.189961325,1.574682369,-3.104083281,1.574682369,1.293718874,614.6574281,5870.222238,"H05","N318H05",0.25,"18",0.197192964917868,0.111839914095557,-0.880413311602795,0.25,"N3"
"123304",130.301900654669,0.888556495206535,3731.85869602364,19.888838902866,93.886463507888,0.647295950986492,0.137805105,"N3",18,90464.3149125998,80382.65,"N318a",2.25206105,2.218863755,1.495456793,-3.070969078,1.495456793,1.392145837,617.8488887,5867.825027,"H11","N318H11",0.25,"18",0.174773869836243,0.143684733038039,-0.860734693660151,0.25,"N3"
"123592",104.431000840167,0.722919247622002,2939.690196865,16.0194085678437,75.3392105594252,0.527162370104362,0.336246497,"N3",18,90565.4601331538,65471.51,"N318a",2.336085527,2.183919919,3.975803282,-3.05700104,3.975803282,2.275145773,611.3046867,5868.276713,"H14","N318H14",0.25,"18",0.599424887884373,0.357009227973932,-0.473342231425208,0.25,"N3"
"123880",113.266000107911,0.775323421444345,3274.87071972944,17.4964891876028,81.5602675837283,0.56434721431744,0.140008815,"N3",18,90382.3361474836,70075.54,"N318a",2.220294684,2.183291581,1.407091344,-3.082301714,1.407091344,1.311603651,613.1507899,5867.914794,"H15","N318H15",0.25,"18",0.14832229139885,0.117802616907778,-0.853844620140764,0.25,"N3"
"124168",126.832958109167,0.891175937177812,3350.63209060414,18.8598340709797,92.1267190281507,0.652854336023933,0.019412346,"N3",18,91029.6453323266,81123.43,"N318a",2.44738959,2.28764773,1.060452687,-2.993097031,1.060452687,1.01635932,613.3097387,5864.485256,"H16","N318H16",0.25,"18",0.0254912968665422,0.00704727399631304,-1.71192197654944,0.25,"N3"
"124456",96.4257495531857,0.68696475912227,2140.36064832412,12.4106642265831,71.2602166994379,0.511279859069462,0.228815004,"N3",18,92644.0906245562,63643.23,"N318a",2.28707131,2.239868174,2.358185757,-2.773347748,2.358185757,2.019898276,614.4888036,5865.602241,"H17","N318H17",0.25,"18",0.37257801198156,0.305329498513809,-0.640515501116946,0.25,"N3"
"124744",109.58996759158,0.824865319768727,2882.54953476781,18.2498609018242,79.6550833512005,0.601597019972986,0.04710994,"N3",18,90581.2215392314,74717.31,"N318a",2.342382176,2.264601591,1.142927337,-3.054825813,1.142927337,1.077209541,616.9775586,5864.318685,"H18","N318H18",0.25,"18",0.0580186204713455,0.0323001913652633,-1.32688744888606,0.25,"N3"
"125032",101.733380310187,0.716237709280848,2150.43194543337,12.0614989676425,75.5377480228709,0.536825398690008,0.026132,"N3",18,93370.2326943206,66875.28,"N318a",2.521587535,2.387528392,1.190968229,-2.675755027,1.190968229,1.066391831,615.3529963,5866.087305,"H19","N318H19",0.25,"18",0.0759001761309518,0.0279168095442018,-1.58282735048223,0.25,"N3"
"125320",110.040379346123,0.756434609260225,3264.83480545136,17.4042614054029,79.0000627378653,0.549532336850171,0.29866169,"N3",18,90187.9321554559,68221.27,"N318a",2.240311859,2.14112726,2.503345951,-3.109217007,2.503345951,1.818813715,613.0986932,5866.754198,"H20","N318H20",0.25,"18",0.398520871273533,0.259788220399115,-0.524820481743516,0.25,"N3"
"125608",110.864766085057,0.782129614139178,3067.7678948755,17.2063084858929,80.1860131994232,0.570752885223869,0.03597878,"N3",18,90638.4237068219,70891,"N318a",2.354433768,2.292549839,1.094294726,-3.046934537,1.094294726,1.057367548,615.5491698,5867.735436,"H27","N318H27",0.25,"18",0.0391343061264021,0.0242259772050847,-1.44395356717865,0.25,"N3"
"125896",111.932627053666,0.783123398251648,3249.06950172969,17.6817181835974,80.5313020622302,0.569995013839981,0.130187024,"N3",18,90377.1044486871,70776.43,"N318a",2.284914223,2.188982926,1.565322362,-3.083025286,1.565322362,1.285682613,615.4695008,5868.69429,"H29","N318H29",0.25,"18",0.19460378956362,0.109133770738258,-0.885432300606797,0.25,"N3"
"126184",125.976101075677,0.869515736459748,3770.1696030027,20.172850308888,90.3990383182729,0.631158953277057,0.100070732,"N3",18,90104.7748474266,78347.52,"N318a",2.280020413,2.259805933,1.350072083,-3.120747883,1.350072083,1.302064198,615.8566061,5869.657031,"H31","N318H31",0.25,"18",0.130356956949376,0.114632397557679,-0.999692923414967,0.25,"N3"
"126472",113.716171514147,0.764585581437728,2657.91585458589,13.9161493539849,83.607674405782,0.568626491606742,0.141567987,"N3",18,92567.5066706243,70775.78,"N318a",2.23708847,2.157474165,1.466984593,-2.783685108,1.466984593,1.262584267,614.6142363,5863.52126,"H33","N318H33",0.25,"18",0.166425552691122,0.101260373303029,-0.849034943264135,0.25,"N3"
"126760",88.736303398032,0.549853667557436,2479.47210455399,11.6546692760135,64.0543606473909,0.40274682587734,0.021418551,"N3",18,91013.8469791556,50044.3,"N318a",2.522278893,2.298016411,1.132564533,-2.995266616,1.132564533,1.02165241,617.6402083,5869.395835,"H34","N318H34",0.25,"18",0.0540629572873613,0.0093031638070091,-1.66920991324226,0.25,"N3"
"127048",79.7231658500307,0.612210926460124,1698.6263142648,10.6985715234152,59.1989810783717,0.457160698481154,0.034846906,"N3",18,92986.8864137432,56927.59,"N318a",2.524942228,2.315756115,1.328557737,-2.727181399,1.328557737,1.065030443,613.0369169,5866.193846,"H35","N318H35",0.25,"18",0.123380432901838,0.0273620218948992,-1.45783577615358,0.25,"N3"
"127336",70.2040536953957,0.413938338130137,1746.18513262793,7.39444449599466,51.222369144853,0.308424553396686,0.121550441,"N3",18,92760.0833096268,38396.96,"N318a",2.324909836,2.237158854,1.662278749,-2.757707229,1.662278749,1.360065962,614.3319309,5864.949758,"H37","N318H37",0.25,"18",0.220703852782455,0.133559971780459,-0.915243461143812,0.25,"N3"
"127624",131.057769379139,0.885460433523524,3840.24926804752,20.0800845478432,94.1936618691461,0.644198641887998,0.033629264,"N3",18,90333.1338608875,79986.42,"N318a",2.325582553,2.30490472,1.065701975,-3.08910831,1.065701975,1.055592137,612.5075969,5868.989585,"H38","N318H38",0.25,"18",0.0276357706295727,0.0234961465440053,-1.47328263742032,0.25,"N3"
"127912",111.500577479481,0.754226839006592,3167.80631689171,16.3937287844825,80.3698616954786,0.551054672571007,0.059352619,"N3",18,90759.8589042012,68453.52,"N318a",2.237852396,2.188377359,1.097172651,-3.030198544,1.097172651,1.065381709,614.2168904,5864.453011,"H39","N318H39",0.25,"18",0.0402749734970027,0.0275052363303965,-1.22656011256191,0.25,"N3"
"128200",63.429411512293,0.44757987705002,1647.57384370978,9.55148000399943,46.2063835646161,0.327612771540561,0.239880358,"N3",18,90945.2444964385,40705.26,"N318a",2.140972977,2.123917537,1.577037203,-3.004692153,1.577037203,1.513396698,615.1005139,5864.431508,"H40","N318H40",0.25,"18",0.19784193864725,0.179952782068483,-0.620005311688066,0.25,"N3"
"128488",39.8424006692007,0.394668754009448,765.109085522368,8.40400043728552,29.7997524046585,0.288946671086154,0.344313956,"N3",18,90967.2769259574,35901.94,"N318a",2.303375345,2.274796042,3.581577425,-3.001664265,3.581577425,3.213295953,613.1894969,5865.070617,"H42","N318H42",0.25,"18",0.554074343987398,0.506950727056532,-0.463045373778182,0.25,"N3"
"128776",112.659692304267,0.798111349341624,3263.51502272943,18.4290322743707,81.1143693574553,0.579601986389377,0.035995729,"N3",18,90152.0630791103,71951.38,"N318a",2.39660783,2.266605144,1.131691521,-3.114189431,1.131691521,1.046521045,614.3309966,5867.478214,"H44","N318H44",0.25,"18",0.0537280620246518,0.0197479662011968,-1.44374902650413,0.25,"N3"
"129064",3.36523798258287,0.0237883072140842,90.8407303579794,0.512322472718327,2.44111342416072,0.0173962577910421,0.313805812,"N3",18,90852.6920621063,2161.232,"N318a",2.302044599,2.164974067,3.273592594,-3.017419531,3.273592594,2.026602433,617.2598709,5863.167651,"H45","N318H45",0.25,"18",0.515024629508676,0.306768559699912,-0.503339017102957,0.25,"N3"
"129352",111.746301517218,0.779416179096832,3377.83858116761,18.7038789850983,80.0766900835686,0.563849854707565,0.052199178,"N3",18,89767.1700003391,69965.98,"N318a",2.414657394,2.328881964,1.298451484,-3.167670882,1.298451484,1.155894185,611.8664177,5867.841707,"H46","N318H46",0.25,"18",0.113425727069119,0.0629180789167064,-1.2823363359417,0.25,"N3"
"129640",86.6872513586162,0.641808779843886,3069.46572608959,18.7587308676556,61.1766832275985,0.455235536986181,0.057630014,"N3",18,87821.8284326217,56364.82,"N318a",2.476313938,2.341827979,1.548025808,-3.441536296,1.548025808,1.206747602,617.9426629,5864.401676,"H47","N318H47",0.25,"18",0.189778196772299,0.0816164444791677,-1.23935127491592,0.25,"N3"
"129928",112.343142722329,0.808483734608775,2954.03924886638,17.133006080454,81.7099786366258,0.592195825710558,0.17523477,"N3",18,91015.9553866691,73584.92,"N318a",2.272554466,2.217093079,1.835974554,-2.994977047,1.835974554,1.579456334,611.7075796,5867.001936,"H48","N318H48",0.25,"18",0.263866657729075,0.198507623805597,-0.756379717112415,0.25,"N3"
"130216",105.424801282777,0.717146729285083,3151.26306177251,16.475957243883,75.6229699726042,0.521067566455277,0.013553836,"N3",18,90202.7369691659,64688.6,"N318a",2.419724622,2.367089081,1.023836116,-3.107165236,1.023836116,1.015449004,611.2392188,5863.840876,"H49","N318H49",0.25,"18",0.0102304452990674,0.00665811795499617,-1.86793777358207,0.25,"N3"
"130504",112.095654375506,0.787751647954036,2493.23479668247,13.928852414166,82.8541548780055,0.587552937262161,0.068404752,"N3",18,92865.6055623618,73155.04,"N318a",2.351403936,2.226294762,1.3023369,-2.743495529,1.3023369,1.116189303,612.6169785,5865.360626,"H54","N318H54",0.25,"18",0.114723345894575,0.0477378561394899,-1.16491372729023,0.25,"N3"
"130792",86.071516620273,0.558207029382616,1782.75830589749,8.53243304973793,64.0187826682615,0.422452442406974,0.038240281,"N3",18,94380.5487692783,52683.89,"N318a",2.410408256,2.338996349,1.164201382,-2.541224851,1.164201382,1.093711343,611.8771351,5865.188796,"H61","N318H61",0.25,"18",0.0660281104913955,0.0389027162534766,-1.41747892507007,0.25,"N3"
"131080",25.1165811661753,0.200907509854355,557.714215038238,4.67870075471777,18.4655021989287,0.146245057052054,0.531885386,"N3",19,88557.9117122005,17791.95,"N319a",2.257252414,2.235340295,4.497950178,-3.157059908,4.497950178,4.12641308,614.1389656,5866.513202,"H01","N319H01",0.25,"19",0.653014640619509,0.615572701432778,-0.274181942123017,0.25,"N3"
"131368",41.7777191863458,0.267991189385528,1051.03069126904,5.86267525399794,30.3650954245188,0.196300280055869,0.105926991,"N3",19,89175.2741379136,23898.19,"N319a",2.232555024,2.203582724,1.273232217,-3.070221186,1.273232217,1.21988097,612.157011,5863.51282,"H02","N319H02",0.25,"19",0.10490761917949,0.086317456417268,-0.974993364266438,0.25,"N3"
"131656",73.4662299953498,0.518260185043042,1767.47404385626,11.4121183625257,53.6352898324665,0.379370833593173,0.050149679,"N3",19,89110.4328343581,46182.39,"N319a",2.311145642,2.216821545,1.125907608,-3.079313517,1.125907608,1.059311874,617.5633819,5867.687664,"H03","N319H03",0.25,"19",0.0515027537639332,0.0250238403879009,-1.29973184248354,0.25,"N3"
"131944",94.7081870809869,0.635768015462104,2301.10167394211,13.9818293949491,69.0676116805831,0.465446831632255,0.026211262,"N3",19,89123.0434088697,56661.58,"N319a",2.358032562,2.332593509,1.052613967,-3.077544689,1.052613967,1.042784915,616.5390429,5869.673186,"H05","N319H05",0.25,"19",0.022269128317384,0.0181947400071799,-1.58151206846806,0.25,"N3"
"132232",82.4971064169122,0.549791987453881,2041.02113770625,12.3551616710961,60.0529133206341,0.401634802999767,0.094021797,"N3",19,88909.3148963004,48881.63,"N319a",2.269784841,2.251927659,1.291112363,-3.107557297,1.291112363,1.254954501,613.1592057,5867.705669,"H11","N319H11",0.25,"19",0.110964039715982,0.0986279805399004,-1.02677145257634,0.25,"N3"
"132520",101.358060854273,0.691701693017036,2364.18020438654,14.8026172838054,74.2117965740224,0.507779082678926,0.031964779,"N3",19,89393.5515761086,61833.67,"N319a",2.404951258,2.327353241,1.112331369,-3.039661884,1.112331369,1.060394954,615.6595354,5867.064293,"H14","N319H14",0.25,"19",0.0462341849888787,0.0254676524303789,-1.49532829387089,0.25,"N3"
"132808",19.2005405138247,0.163083305551633,335.122967507908,2.89734937319937,14.4707964710114,0.121968674662032,0.115593195,"N3",19,91261.3976007978,14883.21,"N319a",2.296296322,2.204382755,1.502281635,-2.78117013,1.502281635,1.259022796,613.9954039,5866.199706,"H15","N319H15",0.25,"19",0.176751358141277,0.100033593560906,-0.937067732186592,0.25,"N3"
"133096",87.6529172930587,0.592118996630238,2186.88410709033,13.4665072236428,63.7504042098966,0.432038383422794,0.063589096,"N3",19,88791.202206322,52574.96,"N319a",2.399552433,2.306157425,1.377608793,-3.124174118,1.377608793,1.188639196,612.6992532,5866.803834,"H16","N319H16",0.25,"19",0.139125906132803,0.0750500472463072,-1.19661734902177,0.25,"N3"
"133384",97.8155570700028,0.654281292968691,2126.47422402561,13.1044910797977,72.1294571022372,0.483500439124656,0.06984067,"N3",19,90053.8311628291,58920.54,"N319a",2.370292434,2.22084991,1.359799986,-2.947673559,1.359799986,1.115778002,617.0755571,5866.880309,"H17","N319H17",0.25,"19",0.133475032366756,0.0475777948730698,-1.15589160298079,0.25,"N3"
"133672",64.7255286278561,0.386185745624937,1479.86465819605,7.96886714865914,47.4764877706445,0.284533980947837,0.188678741,"N3",19,89756.0836791324,34662.52,"N319a",2.302493609,2.233210005,2.127381422,-2.989071131,2.127381422,1.726676078,614.4822466,5869.522214,"H18","N319H18",0.25,"19",0.327845362314198,0.237210872175568,-0.724277030341202,0.25,"N3"
"133960",95.1294951826373,0.624058943769314,2166.68509844063,13.1046866930231,69.8164537887982,0.458990232728671,0.161427975,"N3",19,89581.7153782596,55904.27,"N319a",2.195174578,2.146104462,1.434235919,-3.013378382,1.434235919,1.304912387,615.0838605,5864.454676,"H23","N319H23",0.25,"19",0.156620594771582,0.11558135372812,-0.792021201117396,0.25,"N3"
"134248",80.241610795482,0.474622824200587,1883.23176084846,10.0417382327119,58.7077849577195,0.348819316513805,0.042760134,"N3",19,89507.0483842684,42482.09,"N319a",2.348235603,2.188375564,1.124688168,-3.023801565,1.124688168,1.034450951,612.9346845,5862.479255,"H25","N319H25",0.25,"19",0.0510321262789927,0.0147099032037346,-1.36896094248643,0.25,"N3"
"134536",14.2162391065662,0.0716785225782794,325.078429912918,1.33902338852731,10.4246358210713,0.0533392701208703,0.187243938,"N3",19,90753.6354825935,6505.087,"N319a",2.286281036,2.286374189,2.008551745,-2.850912094,2.008551745,2.009137142,615.199573,5865.771657,"H27","N319H27",0.25,"19",0.302883024655438,0.303009582333631,-0.727592233632584,0.25,"N3"
"134824",27.6807471282172,0.204432834837741,597.623128837985,4.24482028504669,20.4191654832933,0.150528148732199,0.372116804,"N3",19,89693.9130866802,18336.38,"N319a",2.240333442,2.202910238,3.029435468,-2.997732401,3.029435468,2.643877891,613.92848,5865.204813,"H28","N319H28",0.25,"19",0.481361705738308,0.422241393139809,-0.429320717724521,0.25,"N3"
"135112",112.856820759745,0.751094053611493,2718.48919699612,16.5166342216988,82.3588632032731,0.549882041295674,0.156366587,"N3",19,89123.9120561928,66940.44,"N319a",2.222162768,2.188504005,1.49712872,-3.077422857,1.49712872,1.3922133,613.7529528,5868.481529,"H31","N319H31",0.25,"19",0.175259141680699,0.143705778317902,-0.805856043039628,0.25,"N3"
"135400",86.2469735339854,0.560213095394715,2056.52402355271,12.3100611500225,63.0167277699752,0.410166792376784,0.095587492,"N3",19,89131.2151402291,49932.47,"N319a",2.163887544,1.980638453,1.133887897,-3.076398611,1.133887897,1.030642053,612.1208926,5868.239646,"H33","N319H33",0.25,"19",0.0545701197059995,0.0131078588831042,-1.0195989331504,0.25,"N3"
"135688",92.1581207439301,0.592103891404084,2243.99301091732,13.2388855639364,67.185565557684,0.432763375224025,0.029500961,"N3",19,88959.29260842,52673.14,"N319a",2.306941967,2.267185381,1.043763944,-3.10053277,1.043763944,1.03162916,615.1557711,5869.761974,"H34","N319H34",0.25,"19",0.018602290419136,0.0135236093946612,-1.53016383655745,0.25,"N3"
"135976",94.4224035792086,0.621641075906334,2291.29200972373,13.724973430339,68.8594264757368,0.454925685083062,0.237972736,"N3",19,89084.1414867253,55378.36,"N319a",2.224452069,2.203746237,1.982556241,-3.08300209,1.982556241,1.861957667,616.138928,5865.105984,"H35","N319H35",0.25,"19",0.297225516196203,0.269969802747741,-0.623472796233423,0.25,"N3"
"136264",62.2472868931031,0.440829020183097,1246.50898779843,8.55765913371145,46.2727393108287,0.326783132336262,0.209521055,"N3",19,90367.0418373411,39836.41,"N319a",2.312774889,2.293674956,2.394970009,-2.90427351,2.394970009,2.245043358,613.9270469,5863.638748,"H36","N319H36",0.25,"19",0.379300079334148,0.351224732848613,-0.67877232777715,0.25,"N3"
"136552",49.1985715098525,0.269055860567623,1442.05852208462,7.02639889952385,35.1962993608015,0.193620508769186,0.33938694,"N3",19,87437.6223226225,23525.6,"N319a",2.37868925,2.242961246,4.743435586,-3.316198111,4.743435586,2.820025435,617.5772524,5865.048687,"H37","N319H37",0.25,"19",0.676093007407541,0.450253025422315,-0.469304873848227,0.25,"N3"
"136840",87.4959170621622,0.543653413449733,2102.81294105369,12.0170920524077,63.8602534396845,0.397806914490197,0.092130184,"N3",19,89072.6220271905,48424.63,"N319a",2.289481352,2.234726888,1.324539642,-3.084618568,1.324539642,1.215904111,611.2803615,5863.69178,"H38","N319H38",0.25,"19",0.122064960779129,0.0848993268235537,-1.03559806147479,0.25,"N3"
"137128",69.3434451878216,0.411430301130498,1734.82827332846,9.36677158614714,50.4117447459908,0.300168312146856,0.240065098,"N3",19,88781.0329711575,36527.21,"N319a",2.339542141,2.242900644,2.961042377,-3.125605822,2.961042377,2.115869357,612.2184327,5867.410803,"H39","N319H39",0.25,"19",0.471444622845417,0.325488848955977,-0.619670975502376,0.25,"N3"
"137416",86.0388750291003,0.579674793161552,1934.09241320642,12.2381502240497,63.2220330366744,0.426117347097167,0.264353514,"N3",19,89528.3227634439,51897.31,"N319a",2.256695639,2.223016186,2.393459922,-3.02083087,2.393459922,2.138537957,612.812093,5864.72815,"H40","N319H40",0.25,"19",0.379026159706009,0.330116962972234,-0.577814912228167,0.25,"N3"
"137704",87.9683385847326,0.55937078755543,2219.92028891207,12.9040070518457,63.8991710905371,0.407563456152143,0.178478956,"N3",19,88650.9510207237,49588.75,"N319a",2.310444341,2.269127803,2.09058595,-3.14393425,2.09058595,1.841273899,616.7201326,5865.920495,"H41","N319H41",0.25,"19",0.32026802734847,0.265118396856235,-0.748412983091572,0.25,"N3"
"137992",93.0971484164809,0.587628548463931,1751.90868664953,10.2824688337056,69.6394759101468,0.440150673234504,0.234644651,"N3",19,91415.5545887289,53718.39,"N319a",2.247633223,2.245330527,2.110693855,-2.760073185,2.110693855,2.095109335,613.6881801,5869.897646,"H42","N319H42",0.25,"19",0.324425245753863,0.321206691907647,-0.62958934159068,0.25,"N3"
"138280",59.01151073268,0.314917702453141,1446.66357469812,6.69688322732921,42.9768378720711,0.231327595860673,0.016168356,"N3",19,89456.331259091,28171.38,"N319a",2.496318685,2.296050326,1.062924548,-3.030886412,1.062924548,1.012195284,613.7918731,5864.343051,"H44","N319H44",0.25,"19",0.0265024371006649,0.00526430952132843,-1.79133413695357,0.25,"N3"
"138568",107.224270957743,0.691820158775227,2127.45675310801,12.5815853909902,79.7911928192909,0.516198730589778,0.058378935,"N3",19,91024.6985307346,62972.72,"N319a",2.480504741,2.368695817,1.575989225,-2.813632727,1.575989225,1.259132892,612.6031591,5869.713367,"H47","N319H47",0.25,"19",0.197553243902877,0.100071569040769,-1.23374383205856,0.25,"N3"
"138856",76.2528874610616,0.519754357318362,1800.247801407,11.1184311114211,55.7711578705572,0.381567640988644,0.337929487,"N3",19,89397.5380595786,46464.76,"N319a",2.275699149,2.15605472,3.170233147,-3.039104462,3.170233147,2.084599136,612.398272,5869.34476,"H48","N319H48",0.25,"19",0.501091202511829,0.31902255342921,-0.471173910969532,0.25,"N3"
"139144",93.6442293089391,0.639353654514314,1995.78114213236,12.6815152930942,69.1892023848118,0.472929154212208,0.246376276,"N3",19,90151.2413873432,57638.53,"N319a",2.350183632,2.215488328,3.15257928,-2.934159756,3.15257928,1.978755658,614.5570434,5864.912771,"H50","N319H50",0.25,"19",0.498666016873539,0.296392169681993,-0.608401113465118,0.25,"N3"
"139432",73.8329273566448,0.490806239313561,1864.65693237725,11.5969338816744,53.6271320238066,0.356750589672455,0.110061407,"N3",19,88415.1975343502,43394.73,"N319a",2.304313805,2.2807865,1.489298733,-3.177220345,1.489298733,1.414752809,617.7974326,5863.917794,"H51","N319H51",0.25,"19",0.172981820036089,0.150680564902463,-0.958364939567473,0.25,"N3"
"139720",65.5141688495436,0.376170841186763,1456.25797382355,7.51051738032568,48.1899816893626,0.278070290623032,0.184573889,"N3",19,90085.4223923628,33887.51,"N319a",2.244993014,2.180039541,1.758232768,-2.94328928,1.758232768,1.489437189,616.4817451,5863.538479,"H52","N319H52",0.25,"19",0.245076369694609,0.173022193320868,-0.733829737033205,0.25,"N3"
"140008",53.862850877566,0.279997242604101,1003.79754113576,4.44389234502751,40.3065021769248,0.211782812844813,0.025562286,"N3",19,92412.2435255048,25875.17,"N319a",2.585491229,2.364848565,1.296622946,-2.624525309,1.296622946,1.052951116,615.7347004,5863.249334,"H54","N319H54",0.25,"19",0.112813702931704,0.0224082092251296,-1.59240031042005,0.25,"N3"
"140296",93.544566467658,0.603527890203609,2269.83497142183,13.3463308612268,68.2235117637263,0.441599756735091,0.115423203,"N3",19,89068.3544249543,53755.24,"N319a",2.295547016,2.274479259,1.498455902,-3.085217476,1.498455902,1.430100439,615.9661914,5868.496504,"H57","N319H57",0.25,"19",0.17564396663444,0.15536653996273,-0.937706878165248,0.25,"N3"
"140584",27.5373699632137,0.172053992595473,612.421228776176,3.2302030292339,20.2491699987528,0.127969414766125,0.0957973,"N3",19,90703.3590129581,15605.87,"N319a",2.461444814,2.353825289,2.099900762,-2.857838869,2.099900762,1.546921785,611.6003822,5870.096319,"H60","N319H60",0.25,"19",0.322198771146223,0.189468355585834,-1.01864673112631,0.25,"N3"
"140872",83.3035973609013,0.55138859544786,1350.76215999656,8.33132431794216,63.2498552901618,0.419111992826087,0.047113419,"N3",19,92918.4863506028,51234.19,"N319a",2.425242627,2.358340444,1.268956745,-2.556236029,1.268956745,1.161813816,611.8964274,5865.23922,"H65","N319H65",0.25,"19",0.103446818526556,0.0651365366925299,-1.32685537805948,0.25,"N3"
"141160",46.4371503525061,0.261467993500592,1185.80984653862,5.87293398489569,33.6870103729415,0.191017347845357,0.186873436,"N3",19,88914.1701389441,23248.21,"N319a",2.218755124,2.200216706,1.6502983,-3.106874704,1.6502983,1.573913013,617.6289233,5869.119166,"H68","N319H68",0.25,"19",0.217562452295618,0.196980726105616,-0.728452429057446,0.25,"N3"
"141448",90.4339713689231,0.588289763852213,2168.02889900566,12.92174557117,66.0309653239414,0.430741025482968,0.250836849,"N3",19,89135.2528329441,52437.36,"N319a",2.242270467,2.180686926,2.18542366,-3.075832367,2.18542366,1.80622518,618.0121153,5865.844592,"H70","N319H70",0.25,"19",0.339535640558089,0.256771892342505,-0.600608663448066,0.25,"N3"
"141736",59.540965510739,0.427616725054068,1643.69857105799,9.00628243505404,43.0671672663374,0.31326025616535,0.195205842,"RS",17,104129.889176739,44527.68219,"RS17a",2.160763331,2.091578194,1.470014378,-3.061027212,1.470014378,1.28567634,-87.15591041,3863.675981,"RS01","RS17H01",0.25,"17",0.167321582541049,0.109131651758112,-0.709507189177535,0.25,"RS"
"142024",23.0713947153655,0.162017391742865,1018.1242780646,5.08793186446763,15.8798232848851,0.114041619176456,0.39930649,"RS",17,99609.0678685473,16138.40137,"RS17a",2.195870141,2.15615237,2.73954977,-3.615850349,2.73954977,2.38222512,-79.38261577,3861.694065,"RS02","RS17H02",0.25,"17",0.437679194765261,0.376982799864672,-0.398693631082191,0.25,"RS"
"142312",24.5792692806227,0.230762602369844,779.261304871563,7.8031831007969,17.5031349145971,0.161233207799025,0.103321895,"RS",17,98793.6976610348,22797.89077,"RS17a",2.397418963,2.282356137,1.824445367,-3.718592717,1.824445367,1.376308399,-83.09746382,3866.25546,"RS03","RS17H03",0.25,"17",0.26113086295105,0.138715760190786,-0.985807637143551,0.25,"RS"
"142600",57.692400736306,0.434183960807291,1163.65153791968,7.18254650849974,43.072534350832,0.325846464078011,0.024432237,"RS",17,106961.978935497,46441.17567,"RS17a",2.476826291,2.338036886,1.118949871,-2.725597462,1.118949871,1.038968778,-87.76343247,3859.408387,"RS04","RS17H04",0.25,"17",0.0488106305536037,0.0166024967910076,-1.61203676748097,0.25,"RS"
"142888",29.6749105571432,0.266629069354225,532.656487158964,4.94432597225432,22.3846185564431,0.19782776317706,0.368765102,"RS",17,105613.365407615,28159.59333,"RS17a",2.35588247,2.226483492,4.690136916,-2.88420377,4.690136916,2.856041881,-83.13979117,3855.407207,"RS05","RS17H05",0.25,"17",0.671185520965693,0.455764571645396,-0.433250185031504,0.25,"RS"
"143176",20.217648918183,0.142172249731708,856.594181868826,4.94252556445248,13.9926159022979,0.0990606402121256,0.407398057,"RS",17,98490.1564575653,14002.56712,"RS17a",2.318540628,2.164801654,4.448033765,-3.757057781,4.448033765,2.495874011,-80.04989411,3862.535632,"RS06","RS17H06",0.25,"17",0.648168075313552,0.397222658851545,-0.3899810466078,0.25,"RS"
"143464",100.600361244553,0.767007910942271,1749.10417152611,11.3244792683591,76.2034585291019,0.58220738114521,0.044043336,"RS",17,108322.030678838,83083.85446,"RS17a",2.54598862,2.342035752,1.56715925,-2.56765844,1.56715925,1.125582382,-81.74298839,3862.769677,"RS07","RS17H07",0.25,"17",0.195113130407414,0.0513772867542808,-1.35611979343504,0.25,"RS"
"143752",58.2429388708932,0.46251488538294,2861.57902540656,19.9412393784228,39.7685882538558,0.315400788514205,0.35609942,"RS",17,96162.2882540864,44476.48973,"RS17a",2.212560777,2.214536882,2.635146422,-4.056049555,2.635146422,2.653771695,-78.73525619,3860.558695,"RS08","RS17H08",0.25,"17",0.420804751806592,0.423863557614101,-0.448428733686051,0.25,"RS"
"144040",45.3559080937966,0.379213970159895,1470.68607488017,11.3031030713482,32.2733010541455,0.268319784125602,0.019316039,"RS",17,100188.37964746,37992.83321,"RS17a",2.567961881,2.321087125,1.155944923,-3.543362761,1.155944923,1.021338767,-83.6053921,3857.780029,"RS09","RS17H09",0.25,"17",0.0629371418639073,0.0091698167551068,-1.71408192640962,0.25,"RS"
"144328",31.4531890750884,0.273915746153802,805.746946844969,6.79306021536466,22.9126001560684,0.197411230487104,0.04292775,"RS",17,102256.572078455,28009.68524,"RS17a",2.485619442,2.373220788,1.355411637,-3.287952047,1.355411637,1.152684083,-80.49308643,3863.123235,"RS10","RS17H10",0.25,"17",0.13207120999162,0.0617102961849728,-1.36726187388236,0.25,"RS"
"144616",17.1389299254266,0.116308864322432,565.856065804945,3.06518240611657,12.174195511623,0.0833159532863035,0.20299449,"RS",17,101568.361696415,11813.3008000001,"RS17a",2.324501338,2.322301734,2.429172823,-3.372364315,2.429172823,2.410815302,-80.323777,3858.990093,"RS14","RS17H14",0.25,"17",0.385458413695727,0.382163939371729,-0.69251575023985,0.25,"RS"
"144904",22.6322045708428,0.195561143858707,480.971502334402,3.93449599652271,16.7793308498119,0.143920155138954,0.198881592,"RS",17,104660.975264022,20467.6200400001,"RS17a",2.332323575,2.231196606,2.453681474,-2.997436399,2.453681474,1.779025945,-84.75072059,3858.492124,"RS15","RS17H15",0.25,"17",0.389818183874803,0.250182281804088,-0.701405412264136,0.25,"RS"
"145192",23.7372091060883,0.165502555547755,743.751362565736,3.89401594139557,16.9411452490437,0.119907156899406,0.296431361,"RS",17,102856.258827303,17022.9736900001,"RS17a",2.279463917,2.176879217,2.86104733,-3.214859538,2.86104733,2.015238386,-87.8879247,3862.231871,"RS16","RS17H16",0.25,"17",0.456525042351857,0.304326426953936,-0.528075852012678,0.25,"RS"
"145480",46.0942097168671,0.400130665200512,1065.01768790422,8.93801593752612,33.894609108247,0.291405410339381,0.037869318,"RS",17,103451.476630157,41394.10816,"RS17a",2.475100538,2.334507748,1.263683741,-3.142731916,1.263683741,1.088744612,-80.4183911,3861.669166,"RS17","RS17H17",0.25,"17",0.101638397740525,0.0369260187762628,-1.42171251614941,0.25,"RS"
"145768",38.239869963025,0.31896705897888,930.903399021052,7.26915030429755,28.0150597529515,0.231831132137486,0.07253626,"RS",17,103221.505993132,32924.2601900001,"RS17a",2.340007369,2.213292182,1.308402425,-3.170550106,1.308402425,1.11719973,-81.20020228,3859.597615,"RS18","RS17H18",0.25,"17",0.116741340377388,0.0481308220705677,-1.13944484058403,0.25,"RS"
"146056",73.3543652010324,0.587006611832857,2331.70855085809,16.656724477885,52.3069190464652,0.417395762459778,0.040717582,"RS",17,100737.562027389,59133.61497,"RS17a",2.300012227,2.238112279,1.077424921,-3.475031148,1.077424921,1.04695617,-82.26087605,3864.263584,"RS19","RS17H19",0.25,"17",0.0323870166226084,0.0199285006610949,-1.39021802033822,0.25,"RS"
"146344",50.8164421693249,0.400692572829034,1544.76816152562,10.5438665328151,36.4125816165409,0.287072859513129,0.150944094,"RS",17,101585.381088079,40704.50771,"RS17a",2.262394117,2.168160408,1.617569702,-3.370269917,1.617569702,1.318410787,-87.60408242,3863.078418,"RS20","RS17H20",0.25,"17",0.208863003740594,0.120050747686939,-0.82118387497867,0.25,"RS"
"146632",44.4282215349344,0.299424598963805,1087.63530767974,5.23020493562654,32.5110970901106,0.223493067896771,0.470924995,"RS",17,106317.377664245,31834.03817,"RS17a",2.419900579,2.431293734,7.702017456,-2.801156021,7.702017456,8.069588158,-85.2723212,3857.603187,"RS21","RS17H21",0.25,"17",0.886604498581166,0.906851370499997,-0.32704825816103,0.25,"RS"
"146920",62.0827403962709,0.492498018501816,1976.49875261341,13.5196633203069,44.2734345449995,0.35135654844074,0.208166749,"RS",17,101108.995080792,49795.97973,"RS17a",2.331899237,2.222043513,2.545762021,-3.429026713,2.545762021,1.788275623,-79.40751422,3863.651082,"RS22","RS17H22",0.25,"17",0.405817803167951,0.252434456474912,-0.681588640238946,0.25,"RS"
"147208",37.6430727889295,0.320608076645281,1217.63783461388,10.066997830108,26.7906852066797,0.225674043629158,0.12029653,"RS",17,99610.4474477532,31935.91397,"RS17a",2.365222435,2.350077085,1.847962754,-3.615677226,1.847962754,1.768932556,-80.74705057,3864.676898,"RS24","RS17H24",0.25,"17",0.266693213693999,0.247711274902142,-0.919746899872017,0.25,"RS"
"147496",68.0380278309233,0.519174148434,2485.94187076975,16.1462300241544,47.8488106561435,0.365794318007707,0.386341162,"RS",17,99716.7096939561,51770.3378400001,"RS17a",2.346044193,2.327557719,4.715482577,-3.602349607,4.715482577,4.382818038,-82.46006361,3858.815804,"RS25","RS17H25",0.25,"17",0.67352614453967,0.641753440370377,-0.413029018292858,0.25,"RS"
"147784",39.1697973132131,0.323590000725843,1159.72991321292,8.57954358054684,28.1315490133704,0.231658311932554,0.514924671,"RS",17,101500.15744098,32844.43602,"RS17a",2.253255992,2.179019206,4.293633721,-3.38076102,4.293633721,3.225343896,-86.00062254,3865.359116,"RS26","RS17H26",0.25,"17",0.632824993119932,0.508576027241884,-0.288256299816806,0.25,"RS"
"148072",62.7527683461292,0.444878924568479,1499.34460815998,8.02818661923853,46.0501058445843,0.330981692978348,0.481227277,"RS",17,105933.337785584,47127.50939,"RS17a",2.270095034,2.187660317,4.303190928,-2.846390297,4.303190928,3.134396,-84.11581023,3855.292674,"RS30","RS17H30",0.25,"17",0.633790615693827,0.496153864420494,-0.317649763886555,0.25,"RS"
"148360",12.250837302027,0.0956528308911728,338.47410732268,2.36599619336528,8.84368924390884,0.0689550233486915,0.113967387,"RS",17,102286.197897599,9783.96439000004,"RS17a",2.319857915,2.290187115,1.57678603,-3.284331066,1.57678603,1.470106089,-82.80864185,3856.221386,"RS31","RS17H31",0.25,"17",0.197772763528624,0.167348676384101,-0.943219408946731,0.25,"RS"
"148648",61.1818009207394,0.458151523155644,862.668045717817,5.10666930335665,47.3265119067054,0.357681088307081,0.143839354,"RS",17,111758.95340766,51202.53473,"RS17a",2.342774323,2.228326172,1.965868124,-2.177211012,1.965868124,1.451106926,-90.72136778,3859.582676,"RS32","RS17H32",0.25,"17",0.293554380769733,0.161699414960715,-0.842122276075705,0.25,"RS"
"148936",73.1614194787747,0.559004074989503,1956.950800844,12.3414386269892,53.0969214649124,0.407586316961096,0.534965639,"RS",17,103586.242588817,57905.13172,"RS17a",2.214755012,2.17040406,3.829098649,-3.126458797,3.829098649,3.232211029,-87.14595103,3861.096502,"RS33","RS17H33",0.25,"17",0.583096555212786,0.509499707838413,-0.271674111944996,0.25,"RS"
"149224",57.8338764607312,0.466475950709242,2175.80006990571,15.5462746792201,40.5435318287955,0.326399326693296,0.36498623,"RS",17,98953.2979134684,46159.33372,"RS17a",2.279203973,2.249151347,3.445281734,-3.698415383,3.445281734,3.07665177,-81.2350601,3856.888665,"RS34","RS17H34",0.25,"17",0.537224741633684,0.488078343525385,-0.437723520058111,0.25,"RS"
"149512",30.0669813344037,0.273459472971456,1010.25605594662,9.33890542586881,21.2958654264118,0.190876461560802,0.324909016,"RS",17,98685.1570609768,26986.39104,"RS17a",2.34595759,2.304718413,4.001060486,-3.732333506,4.001060486,3.413268893,-84.59635022,3865.911861,"RS35","RS17H35",0.25,"17",0.602175116871992,0.533170502795533,-0.488238237116942,0.25,"RS"
"149800",48.3131263701289,0.368051215658629,1332.75363979319,8.39509647559439,34.9666985344788,0.267483019171171,0.111279296,"RS",17,103211.481293499,37987.11116,"RS17a",2.292408649,2.267779951,1.458673065,-3.171764144,1.458673065,1.385219257,-87.00154004,3862.550571,"RS36","RS17H36",0.25,"17",0.163957963602123,0.141518520381542,-0.953585630538318,0.25,"RS"
"150088",65.0537541545861,0.494321262205044,1752.57953306912,10.990834722791,47.1488286489568,0.360169436242309,0.169001789,"RS",17,103504.898882494,51164.67226,"RS17a",2.317786711,2.110101568,2.052418546,-3.136278593,2.052418546,1.253375971,-83.32869859,3859.548476,"RS41","RS17H41",0.25,"17",0.312265930359234,0.0980813644008613,-0.772108698056647,0.25,"RS"
"150376",40.8736807580252,0.307912150419796,952.462695707495,5.71597037367525,30.0415979246,0.228433722038572,0.519438731,"RS",17,105600.841005037,32515.78204,"RS17a",2.484558367,2.324328192,11.06773934,-2.885686199,11.06773934,5.748404505,-89.91303649,3862.376972,"RS42","RS17H42",0.25,"17",1.04405892237597,0.759547321067671,-0.284465671124771,0.25,"RS"
"150664",83.0901029694366,0.611481165107211,1511.93167265539,8.81860995516464,62.6638479517948,0.465244323498021,0.07561669,"RS",17,108605.114073066,66409.98169,"RS17a",2.312971653,2.190687682,1.271952095,-2.535034174,1.271952095,1.106091508,-87.59412304,3861.574552,"RS43","RS17H43",0.25,"17",0.104470754968894,0.0437910580495854,-1.12138233710569,0.25,"RS"
"150952",53.827129607447,0.452702052963476,2608.01418595387,20.300708406407,36.7840838726238,0.307497999424131,0.087323396,"RS",17,95743.184256107,43343.13607,"RS17a",2.341035129,2.204892279,1.42850329,-4.110647355,1.42850329,1.155572638,-78.65060148,3861.171197,"RS44","RS17H44",0.25,"17",0.154881244947813,0.062797249937217,-1.05886938295624,0.25,"RS"
"151528",54.233713168504,0.444456654479976,792.186236598238,6.07095340551604,41.8087096523958,0.340005833074636,0.132003442,"RS",17,109262.551680814,48562.46818,"RS17a",2.279527149,2.163835902,1.557450113,-2.459593929,1.557450113,1.24282801,-84.73827136,3855.003852,"RS47","RS17H47",0.25,"17",0.192414144579488,0.0944110325225559,-0.879414744384169,0.25,"RS"
"151816",45.7056199440631,0.29238809052823,787.998379852081,3.56336260421568,34.606972274282,0.226239977400171,0.026911403,"RS",17,110655.844024113,32354.45094,"RS17a",2.440254142,2.302617648,1.107063507,-2.301204384,1.107063507,1.035277907,-86.88451735,3856.821439,"RS48","RS17H48",0.25,"17",0.0441725350147289,0.0150569461947038,-1.57006366012273,0.25,"RS"
"152104",32.4092601569738,0.277747119854363,595.809286820529,5.01470530736888,24.4080916781049,0.206628242824657,0.289097722,"RS",17,105927.369347437,29421.02175,"RS17a",2.157173842,2.121413009,1.863176636,-2.847094585,1.863176636,1.683909892,-87.5244074,3856.216407,"RS49","RS17H49",0.25,"17",0.270254029562748,0.22631884817658,-0.538955330421101,0.25,"RS"
"152392",66.2557906794425,0.509075459562339,2017.80436087497,12.6606847047779,47.4956229221973,0.36678736127803,0.160599988,"RS",17,102224.488182439,52039.9783,"RS17a",2.236628172,2.189692197,1.573834354,-3.291874647,1.573834354,1.414065015,-81.91229782,3861.206055,"RS50","RS17H50",0.25,"17",0.196959020952263,0.150469377640959,-0.794254491507736,0.25,"RS"
"152680",20.9108559679586,0.154175776291608,646.393420461438,4.10226990008994,14.9044603999122,0.110373352884933,0.390264659,"RS",18,94634.639701141,14590.37,"RS18a",2.222288271,2.144781357,2.956508021,-3.150646608,2.956508021,2.250036249,-88.14247237,3862.930974,"H03","RS18H03",0.25,"18",0.470779061576732,0.352189514828635,-0.408640775124625,0.25,"RS"
"152968",21.9581722161115,0.160803050065064,438.591692714685,2.83365674847135,16.3682695703289,0.119960394850634,0.142367041,"RS",18,99068.1461175909,15930.46,"RS18a",2.194532872,2.193069237,1.348247346,-2.578341874,1.348247346,1.344572639,-87.84304726,3858.305141,"H05","RS18H05",0.25,"18",0.129769574060375,0.128584269456098,-0.846590541377451,0.25,"RS"
"153256",12.8778903584443,0.100805754965794,281.434220774924,2.57499406980348,9.50043869771219,0.0724611356613242,0.382265271,"RS",18,95064.5744704929,9583.056,"RS18a",2.234736763,2.225965618,3.039256712,-3.093986449,3.039256712,2.942368439,-85.25518105,3859.081218,"H11","RS18H11",0.25,"18",0.482767384481536,0.468697053505729,-0.417635156069836,0.25,"RS"
"153544",66.1065197231484,0.447807250432129,1605.02011251717,10.2251787543497,48.294481351179,0.325523272303605,0.124594341,"RS",18,96256.7191763973,43104.46,"RS18a",2.241480915,2.187139232,1.387643974,-2.938206594,1.387643974,1.260547682,-86.50360066,3861.672005,"H14","RS18H14",0.25,"18",0.142278054043289,0.100559278126567,-0.904501682622959,0.25,"RS"
"153832",46.3163039060848,0.324159801269757,937.187608641286,5.67125447055652,34.4751735165593,0.242000386812254,0.226191477,"RS",18,99147.5861106364,32139.66,"RS18a",2.180531581,2.177443459,1.684438024,-2.568322488,1.684438024,1.670550275,-88.76054433,3861.528114,"H15","RS18H15",0.25,"18",0.226455036492583,0.222859550208527,-0.645523763520225,0.25,"RS"
"154120",31.3738557540088,0.206870708996785,819.192626346279,5.31697271528082,22.7789248917123,0.14861113821124,0.150407778,"RS",18,94999.5481008645,19652.62,"RS18a",2.310341478,2.252737578,1.841640417,-3.102539664,1.841640417,1.575178175,-82.65855509,3858.398683,"H16","RS18H16",0.25,"18",0.265204837501759,0.197329685771801,-0.822729704601176,0.25,"RS"
"154408",38.470288040456,0.233680959853731,941.684390346748,4.59954883799921,28.054334886529,0.172410232544473,0.102383631,"RS",18,97858.0089465294,22867.55,"RS18a",2.35254428,2.250656648,1.604440369,-2.731972102,1.604440369,1.294043406,-81.16238701,3857.907688,"H17","RS18H17",0.25,"18",0.205323580642804,0.111948844083933,-0.989769472409323,0.25,"RS"
"154696",34.1309450735933,0.276583773966038,884.944426732968,6.62838529111513,24.7679257310981,0.200086364827859,0.660433182,"RS",18,95740.9167945317,26480.38,"RS18a",2.228400683,2.135106498,4.9319923,-3.005369351,4.9319923,3.425635062,-85.06082351,3857.729619,"H18","RS18H18",0.25,"18",0.69302238988839,0.534741095056388,-0.18017111469835,0.25,"RS"
"154984",24.6373578886582,0.175004920390845,594.132044660276,4.73062312387245,18.0054680146567,0.125087050082338,0.449750289,"RS",18,94468.6937548808,16532.49,"RS18a",2.188380197,2.156968273,2.958728521,-3.172585141,2.958728521,2.640295657,-88.68526387,3864.107214,"H19","RS18H19",0.25,"18",0.471105118171601,0.42165256134491,-0.347028548913895,0.25,"RS"
"155272",36.8088643630022,0.247523252449554,1406.53271719047,8.88442034837906,25.6920456770349,0.171974317249265,0.459732745,"RS",18,91538.7825417242,22657.98,"RS18a",2.182201691,2.137620792,2.948939842,-3.566407156,2.948939842,2.512317389,-80.73605665,3863.995733,"H20","RS18H20",0.25,"18",0.469665913089632,0.400074504326325,-0.337494562017919,0.25,"RS"
"155560",9.27563384953669,0.0619375372212764,302.438062591012,1.84062654808247,6.58512821584301,0.0438532372324313,0.12469192,"RS",18,93479.5025723284,5789.89,"RS18a",2.288959571,2.258602502,1.541401351,-3.304163993,1.541401351,1.438362727,-85.84000634,3863.603634,"H27","RS18H27",0.25,"18",0.187915735298483,0.157868420448693,-0.904161687765288,0.25,"RS"
"155848",61.8249793897738,0.399508448683113,1842.73214004117,10.5159728071313,44.2576613087074,0.286313957470028,0.075040741,"RS",18,94748.1293193487,37852.68,"RS18a",2.270954043,2.196578656,1.195412199,-3.135665093,1.195412199,1.10954877,-83.32743081,3864.808662,"H29","RS18H29",0.25,"18",0.0775176834295284,0.0451463963169071,-1.12470288610791,0.25,"RS"
"156136",59.716224524245,0.400922327391038,2098.25912464984,12.2827802466976,42.0539930799719,0.282999389959521,0.152334689,"RS",18,93163.7545932167,37351.43,"RS18a",2.160245066,2.157232789,1.305359729,-3.346457013,1.305359729,1.298670492,-81.39438783,3858.835731,"H31","RS18H31",0.25,"18",0.115730210364817,0.113498972736437,-0.817201189731216,0.25,"RS"
"156424",81.5478978368345,0.572274395686571,1636.79471140994,10.6731598332494,60.722214268846,0.424506501566565,0.014829403,"RS",18,98445.6955520612,56337.95,"RS18a",2.467708734,2.203229901,1.042148518,-2.657127824,1.042148518,1.004757896,-83.0717797,3860.164844,"H33","RS18H33",0.25,"18",0.0179296152702376,0.00206142782824742,-1.82887633238527,0.25,"RS"
"156712",52.6068724254295,0.354378173248305,1507.66358807817,9.00168177147335,37.8232610555966,0.254876735801284,0.184554424,"RS",18,95123.7969060252,33709.8,"RS18a",2.163407144,2.105190244,1.435540867,-3.086201741,1.435540867,1.28593075,-83.99800928,3857.134308,"H34","RS18H34",0.25,"18",0.157015560510658,0.109217581572142,-0.733875539762502,0.25,"RS"
"157000",11.1463310206541,0.0860153472030778,287.09520094869,2.39539294980342,8.09769849712965,0.0612977826849145,0.020217675,"RS",18,94156.6374298169,8098.916,"RS18a",2.510073245,2.319056008,1.107958897,-3.21394446,1.107958897,1.022967235,-84.19412116,3859.491288,"H36","RS18H36",0.25,"18",0.0445236492577542,0.00986172375460335,-1.69426878903815,0.25,"RS"
"157288",51.0839937204849,0.378552604232267,1556.98932544399,10.9626668834385,36.4964524809842,0.26871761776217,0.11399829,"RS",18,93748.2686771463,35488.65,"RS18a",2.309073247,2.251229033,1.536057511,-3.268276383,1.536057511,1.356563733,-84.04880346,3862.157618,"H37","RS18H37",0.25,"18",0.186407476269953,0.132440202255382,-0.943101663129615,0.25,"RS"
"157576",48.9702291578387,0.347295338126661,1407.3396215718,8.95311067750401,35.169912079239,0.249413728175044,0.031808755,"RS",18,94967.7243809454,32981.85,"RS18a",2.195892532,2.141615066,1.020434913,-3.106727717,1.020434913,1.013058447,-86.29698632,3860.254759,"H38","RS18H38",0.25,"18",0.00878530907520801,0.00563450210000913,-1.49745332891877,0.25,"RS"
"157864",32.366813999294,0.258614521501378,779.860780950641,6.29495248051154,23.6609614545693,0.186796120780243,0.145865326,"RS",18,95575.5128772548,24717.22,"RS18a",2.253619448,2.221720511,1.550266728,-3.026983276,1.550266728,1.440932959,-81.37162981,3860.04075,"H39","RS18H39",0.25,"18",0.190406426255981,0.158643775252805,-0.836047933031476,0.25,"RS"
"158152",79.0239830925629,0.536775966957043,1695.76074795813,11.5122376691635,58.4354987068687,0.392649722621599,0.357506552,"RS",18,96929.2234243486,52029.28,"RS18a",2.283084336,2.268041297,3.430905326,-2.851178139,3.430905326,3.24103213,-86.82575606,3857.441847,"H40","RS18H40",0.25,"18",0.53540873409725,0.510683336435646,-0.446715994502423,0.25,"RS"
"158440",29.8964747901792,0.226516431304371,926.604107761623,7.17002491516558,21.3121704998046,0.15936997917189,0.442358437,"RS",18,92826.2755108763,21026.68,"RS18a",2.21771322,2.088163668,3.251781329,-3.391819586,3.251781329,2.063794765,-84.3954939,3864.179171,"H41","RS18H41",0.25,"18",0.512121333108469,0.314666506492115,-0.354225685115476,0.25,"RS"
"158728",62.4302354219515,0.394224337334901,1091.96916945546,6.33724255217371,47.1521600725743,0.296808710753435,0.145010552,"RS",18,100084.524858955,39455.76,"RS18a",2.20337886,2.137160339,1.383185447,-2.450752879,1.383185447,1.235498101,-87.23021958,3857.324941,"H42","RS18H42",0.25,"18",0.140880410918813,0.0918420822141363,-0.838600394257198,0.25,"RS"
"159016",44.8165064921174,0.346185670551212,1192.76859146982,8.62404883659266,32.4540323353406,0.249469683408037,0.199944854,"RS",18,95329.7762655891,33001.8,"RS18a",2.335580232,2.274571816,2.492731835,-3.059163729,2.492731835,2.034402373,-80.92865079,3861.650441,"H44","RS18H44",0.25,"18",0.39667556015481,0.308436853744631,-0.69908976886561,0.25,"RS"
"159304",59.259336422333,0.421464257563837,1544.96458199528,10.2241525332525,42.9880368786152,0.304525029160015,0.111407178,"RS",18,95611.5373885446,40296.85,"RS18a",2.326188144,2.303306221,1.580193704,-3.022272639,1.580193704,1.495848842,-85.79623767,3864.882394,"H45","RS18H45",0.25,"18",0.198710327094938,0.174887709569848,-0.953086826528874,0.25,"RS"
"159592",60.9557007523762,0.40516818329268,1726.10550824419,11.2696121632208,43.8473934978189,0.288773190341894,0.009980093,"RS",18,94169.3377795129,38154.42,"RS18a",2.460620736,2.270462977,1.018210448,-3.212258507,1.018210448,1.003771556,-82.14030031,3864.150402,"H46","RS18H46",0.25,"18",0.00783754908068189,0.00163488486340528,-2.00086541169874,0.25,"RS"
"159880",20.523123673839,0.150010585438775,455.064516139387,2.97304469387354,15.1202446839699,0.110601967624368,0.076636295,"RS",18,97783.2385434345,14668.52,"RS18a",2.267458685,2.235923767,1.197758876,-2.741526632,1.197758876,1.155140426,-85.56160574,3862.670195,"H47","RS18H47",0.25,"18",0.0783693978842121,0.062634782955292,-1.11556549949253,0.25,"RS"
"160168",49.0075086484461,0.355640270223284,1327.55243600136,8.86883899082241,35.4250933623009,0.256256121143965,0.130006754,"RS",18,95318.7109511441,33899.17,"RS18a",2.276459478,2.225578511,1.532321614,-3.060614739,1.532321614,1.372174018,-81.81110268,3857.168487,"H48","RS18H48",0.25,"18",0.185349927520144,0.137409191738638,-0.886034085010569,0.25,"RS"
"160456",26.0103309015933,0.176500449295697,570.626683944279,3.89063934122702,19.1998765879771,0.128755918061545,0.228524879,"RS",18,96634.3588249198,17056.01,"RS18a",2.421544116,2.208107348,3.863001776,-2.889261856,3.863001776,1.832739215,-88.58194215,3859.418432,"H49","RS18H49",0.25,"18",0.58692490781006,0.26310067252145,-0.641066512337037,0.25,"RS"
"160744",7.84379383453147,0.0719308064110293,245.563331557131,1.88864852605564,5.57828689675689,0.0515632411272444,0.320294389,"RS",18,94774.4891256315,6817.206,"RS18a",2.108280876,1.801130373,1.737797025,-3.132187961,1.737797025,1.075622596,-83.15582839,3861.405833,"H51","RS18H51",0.25,"18",0.239999049402472,0.031659917031216,-0.49445066935267,0.25,"RS"
"161032",86.5119817100106,0.587630689219966,1619.70468094816,10.4563161885345,64.8693864984316,0.437951426718292,0.028192822,"RS",18,98961.2118747459,58152.64,"RS18a",2.378471789,2.338077467,1.071492433,-2.591841672,1.071492433,1.05158635,-81.36638548,3862.574887,"H61","RS18H61",0.25,"18",0.0299891083522304,0.021844940159551,-1.54986145063823,0.25,"RS"
"161320",69.9430894169785,0.331964167313938,857.787664267869,4.40099049978526,54.7004441907728,0.255809631849932,0.067517808,"SE",17,57233.2379838826,18999.38419,"SE17a",2.399292192,2.233398551,1.417738461,-2.001275517,1.417738461,1.119876925,1629.990878,334.1370037,"SE01","SE17H01",0.25,"17",0.151596121241464,0.0491702961251939,-1.17058166574492,0.25,"SE"
"161608",123.307880684119,0.602191351954298,1240.10888781993,6.71371506345956,98.3634691656595,0.472153574987149,0.027127063,"SE",17,58345.4909074592,35135.15005,"SE17a",2.488763182,2.384489294,1.15894351,-1.760684694,1.15894351,1.06964864,1627.768358,334.7442496,"SE02","SE17H02",0.25,"17",0.0640622678072697,0.02924114332209,-1.56659722400251,0.25,"SE"
"161896",121.117339920705,0.581469762721506,1373.6216576752,7.35393714203882,95.4671852870548,0.450193753770095,0.014367384,"SE",17,57533.7082076661,33454.11166,"SE17a",2.511660954,2.40205786,1.056623173,-1.935823111,1.056623173,1.023131247,1628.254155,336.3554753,"SE03","SE17H03",0.25,"17",0.023920131048698,0.00993134846460149,-1.84262230060549,0.25,"SE"
"162184",66.294356289945,0.368196756757083,930.390901363957,5.61133209507564,51.1210383245246,0.27980338520546,0.159142965,"SE",17,56353.788536191,20749.28217,"SE17a",2.287497793,2.265210308,1.792809833,-2.194842302,1.792809833,1.685081828,1630.071844,332.8739323,"SE04","SE17H04",0.25,"17",0.253534225502646,0.226620995169374,-0.798212554838824,0.25,"SE"
"162472",96.677665033097,0.43023080086126,891.221881974104,4.36096640003044,77.8156695874034,0.340553212900383,0.069775917,"SE",17,58965.9671255869,25368.97526,"SE17a",2.370201261,2.213773688,1.358984869,-1.628455069,1.358984869,1.109292842,1623.958902,335.8332438,"SE05","SE17H05",0.25,"17",0.133214621304688,0.0450462106001291,-1.15629444727325,0.25,"SE"
"162760",113.608145418061,0.614686613534773,1179.3921319892,7.15141351452288,90.2937455906801,0.479900882830047,0.105083055,"SE",17,58069.8440864626,35694.75581,"SE17a",2.29240756,2.162298213,1.416201446,-1.819879502,1.416201446,1.157907279,1623.716004,331.8456626,"SE06","SE17H06",0.25,"17",0.15112503348346,0.0636737840625057,-0.978467309788176,0.25,"SE"
"163048",113.863731198129,0.555471732802551,2403.12934068329,12.7964499981498,84.338097565529,0.405033380054268,0.078922341,"SE",17,53825.1402985933,29898.34395,"SE17a",2.401542356,2.182698839,1.551149606,-2.76870256,1.551149606,1.108040106,1633.278102,328.9875587,"SE07","SE17H07",0.25,"17",0.190653686870267,0.0445554801570903,-1.10280004115548,0.25,"SE"
"163336",108.381045840738,0.496531557988402,1963.80417194042,9.87631091271819,81.5321091477123,0.367412284995843,0.059532142,"SE",17,54710.640306642,27165.55947,"SE17a",2.354869056,2.304878479,1.242028567,-2.564733037,1.242028567,1.165346997,1633.658643,331.784938,"SE08","SE17H08",0.25,"17",0.0941315848484415,0.066455261365341,-1.22524849100705,0.25,"SE"
"163624",110.395906311822,0.539593162005267,2336.88810420584,12.4599010522563,81.7480851115844,0.393362747758946,0.052512724,"SE",17,53811.087472077,29036.09484,"SE17a",2.332342784,2.225671793,1.161927188,-2.771966523,1.161927188,1.069651364,1631.885485,329.0037519,"SE09","SE17H09",0.25,"17",0.0651789139057878,0.0292422493083158,-1.2797354529092,0.25,"SE"
"163912",115.223028816495,0.601286593796786,2010.58784497733,11.6115264589694,86.955541607117,0.446243957645479,0.06076416,"SE",17,54890.6628893751,33005.01972,"SE17a",2.290408547,2.232676343,1.153563338,-2.523669943,1.153563338,1.097540577,1634.614043,336.4404897,"SE10","SE17H10",0.25,"17",0.0620414450545258,0.0404205854439369,-1.21635250137937,0.25,"SE"
"164200",144.683250231057,0.676515082132074,1884.77253980428,9.86635139263119,112.488126642779,0.516370211595295,0.095185024,"SE",17,56629.9409604599,38311.00916,"SE17a",2.234564791,2.227404097,1.228815565,-2.133737713,1.228815565,1.216757668,1631.213466,337.3270687,"SE11","SE17H11",0.25,"17",0.0894867037867195,0.0852040918455575,-1.02143137625617,0.25,"SE"
"164488",74.0832833459071,0.315717415659178,1103.96527492607,5.17141243156321,56.8374010199451,0.238198533150598,0.03770039,"SE",17,55903.9640976072,17649.85507,"SE17a",2.492885418,2.353615482,1.298422375,-2.295019536,1.298422375,1.102434356,1633.763899,335.5943938,"SE12","SE17H12",0.25,"17",0.113415990841054,0.042352739023571,-1.42365415711591,0.25,"SE"
"164776",91.2793265368062,0.478173175363836,1251.85687238379,7.2614503625402,70.5540084796182,0.363507185561137,0.071189948,"SE",17,56376.1094074095,26957.54325,"SE17a",2.344619499,2.319521798,1.308645386,-2.189892224,1.308645386,1.256305109,1629.764173,330.9671802,"SE13","SE17H13",0.25,"17",0.116821978278979,0.0990951259165339,-1.14758132428903,0.25,"SE"
"165064",124.680079149783,0.601758085498753,1077.15876629821,5.80935620664099,100.990082193058,0.478655368563699,0.022359567,"SE",17,59286.2829760414,35676.00014,"SE17a",2.518536031,2.439419058,1.139581154,-1.560736139,1.139581154,1.074547517,1625.533693,337.4728077,"SE14","SE17H14",0.25,"17",0.0567452584145053,0.0312256249597235,-1.6505366109525,0.25,"SE"
"165352",34.8656493061226,0.143962232817053,439.818387987755,2.0476878745059,27.1909902226404,0.110158664587415,0.04092701,"SE",17,56787.5601817674,8175.26396000002,"SE17a",2.612922917,2.326281986,1.787136415,-2.098994547,1.787136415,1.0964439,1633.707222,330.5704463,"SE15","SE17H15",0.25,"17",0.252157704167975,0.0399864157274321,-1.38798998239928,0.25,"SE"
"165640",86.2194014107284,0.460865845511085,1031.59988632111,6.1587013972134,67.5513388098835,0.3548580557666,0.055503697,"SE",17,57182.6639068357,26353.53675,"SE17a",2.350873296,2.253178177,1.20675688,-2.012326009,1.20675688,1.096559994,1628.69542,331.4570252,"SE16","SE17H16",0.25,"17",0.0816197835110469,0.0400323973910006,-1.25567808835073,0.25,"SE"
"165928",77.0532085269792,0.334729659407269,778.598553918288,3.80182855111261,61.4472128179434,0.26196059581152,0.025155932,"SE",17,58225.1529622796,19489.68562,"SE17a",2.501388797,2.341938557,1.152288511,-1.786492647,1.152288511,1.042598371,1627.513315,337.6468849,"SE17","SE17H17",0.25,"17",0.0615612317328147,0.0181170420313765,-1.59935958790059,0.25,"SE"
"166216",113.603068457007,0.532475599621879,2148.67481016395,11.1087879779927,85.0882603753848,0.392134110423161,0.099507463,"SE",17,54421.3960988595,28978.06552,"SE17a",2.270417097,2.20013201,1.323256996,-2.630993343,1.323256996,1.191030102,1631.136548,330.3396928,"SE18","SE17H18",0.25,"17",0.121644198764695,0.0759227379456559,-1.0021443462073,0.25,"SE"
"166504",44.801197190478,0.208712722061083,638.483016178544,3.28920751892199,34.5165801536861,0.158076129687496,0.28974128,"SE",17,56144.3097683837,11718.03172,"SE17a",2.344052708,2.270507424,3.570392551,-2.24139398,3.570392551,2.715156642,1629.448405,328.3843611,"SE20","SE17H20",0.25,"17",0.552715967753891,0.433794889834203,-0.537989625614129,0.25,"SE"
"166792",82.3604063072524,0.392738762785454,984.752624525865,5.23750017534783,64.5615588131173,0.302463759890973,0.022409376,"SE",17,57195.7494103304,22462.98786,"SE17a",2.467074349,2.327691902,1.093398165,-2.009465875,1.093398165,1.030209926,1631.055582,338.9909224,"SE21","SE17H21",0.25,"17",0.0387783406996366,0.0129257299614308,-1.64957023643815,0.25,"SE"
"167368",117.731077216917,0.62112197425433,1325.57973936537,7.67893393776767,92.8257172359018,0.481987857667097,0.088752112,"SE",17,57679.1555040532,35825.79094,"SE17a",2.349420151,2.320167371,1.46717427,-1.904262535,1.46717427,1.37973345,1625.460823,329.4207274,"SE23","SE17H23",0.25,"17",0.16648170212161,0.139795193375617,-1.05182130341053,0.25,"SE"
"167656",28.3675747622095,0.183430009242289,377.686453038588,2.64559948826135,21.9560089345277,0.140164045567728,0.136981131,"SE",17,56699.8960691447,10400.46246,"SE17a",2.240524471,2.167672176,1.452539453,-2.118305961,1.452539453,1.267077537,1630.618365,333.3637773,"SE24","SE17H24",0.25,"17",0.162127937267186,0.102803191727095,-0.863339252310445,0.25,"SE"
"167944",122.324095613306,0.536372898173734,1980.39110534628,9.61155539066004,93.0701377811131,0.401056674253962,0.038822498,"SE",17,55348.7057252174,29687.5457,"SE17a",2.315389302,2.263028668,1.07989422,-2.41979474,1.07989422,1.052378576,1632.213398,330.8821658,"SE25","SE17H25",0.25,"17",0.0333812166719401,0.0221719982699111,-1.4109165237464,0.25,"SE"
"168232",23.6357249900018,0.194974597246746,415.614572676454,4.00689458682316,17.767487101545,0.143802570929669,0.218216051,"SE",17,54512.4901401864,10628.55081,"SE17a",2.231312795,2.194117031,1.899696294,-2.610087529,1.899696294,1.707227584,1633.071638,329.6676741,"SE26","SE17H26",0.25,"17",0.278684175488267,0.232291419115429,-0.661113307806568,0.25,"SE"
"168520",115.293490044692,0.506542990996656,1255.99505320376,6.13033532663029,91.2804557164937,0.39391373631484,0.149326788,"SE",17,57815.9079891274,29286.24296,"SE17a",2.355782998,2.300689012,2.10717444,-1.874661151,2.10717444,1.781997892,1630.772201,336.100432,"SE27","SE17H27",0.25,"17",0.323700489662943,0.250907185956013,-0.825862276420939,0.25,"SE"
"168808",79.8498298378506,0.359792963167394,1056.53937608734,5.26532577405481,61.9794059716215,0.274528232611076,0.076046647,"SE",17,56608.3069293496,20367.27049,"SE17a",2.364199095,2.286411287,1.398893832,-2.138513933,1.398893832,1.225168617,1627.339237,331.7970829,"SE28","SE17H28",0.25,"17",0.14578475528798,0.088195863715432,-1.11891992982269,0.25,"SE"
"169096",118.034833252056,0.535233761017499,1093.01208801636,5.46737621327969,94.9597211771291,0.423342198539319,0.011953982,"SE",17,58915.3870451925,31533.50419,"SE17a",2.560080733,2.370355181,1.058581478,-1.639181974,1.058581478,1.012366996,1626.841296,338.6913478,"SE29","SE17H29",0.25,"17",0.0247242908712264,0.00533797835828353,-1.92248740245136,0.25,"SE"
"169384",111.013229090171,0.566534196277805,1860.41515677026,10.499621890391,84.1269431085096,0.422185179168572,0.061923831,"SE",17,55142.055299132,31239.85998,"SE17a",2.39498469,2.276561163,1.348946864,-2.466552194,1.348946864,1.142841388,1628.367507,329.3478579,"SE30","SE17H30",0.25,"17",0.129994842832699,0.0579859599698394,-1.20814218328942,0.25,"SE"
"169672",142.055285258264,0.650436522828316,1938.35406799095,9.83214532380052,109.952131284469,0.494688927349678,0.021178223,"SE",17,56404.8885054443,36687.79955,"SE17a",2.544258773,2.378932318,1.154053351,-2.183512803,1.154053351,1.041100263,1632.346992,333.3678256,"SE31","SE17H31",0.25,"17",0.0622258863841225,0.0174925561876146,-1.67411048302318,0.25,"SE"
"169960",96.8311455514927,0.525756472138385,1272.6146623415,7.56642880745235,75.1670359181082,0.401833002564673,0.139638968,"SE",17,56713.6407826316,29817.5637,"SE17a",2.307645546,2.254814745,1.736582168,-2.115276183,1.736582168,1.516222355,1633.099977,335.3555438,"SE32","SE17H32",0.25,"17",0.239695337180175,0.180762895536358,-0.85499336949379,0.25,"SE"
"170248",97.2221695126927,0.506781868369127,993.841217963752,5.66018594422194,77.4104868809869,0.397275435516133,0.236005943,"SE",17,58333.8303028383,29562.52751,"SE17a",2.340832784,2.336220606,2.930586318,-1.763183124,2.930586318,2.881447201,1625.68348,332.2262033,"SE33","SE17H33",0.25,"17",0.466954517691363,0.459610666074434,-0.627077060675619,0.25,"SE"
"170536",126.677350992834,0.584116141974259,1399.64334396944,7.16331340221708,100.126943214567,0.453637909885908,0.064316715,"SE",17,57730.9646777165,33721.58836,"SE17a",2.318467213,2.277959123,1.211570499,-1.893039694,1.211570499,1.15501569,1626.165229,339.051647,"SE34","SE17H34",0.25,"17",0.0833486899847757,0.0625878838248201,-1.1916761454444,0.25,"SE"
"170824",111.841786512589,0.583558747350124,1267.38499978035,7.2991302350975,88.1312813297014,0.452311403954831,0.15526887,"SE",17,57604.4977007795,33615.60852,"SE17a",2.336111974,2.239550993,2.039124727,-1.920452561,2.039124727,1.553866389,1628.565874,334.1046173,"SE35","SE17H35",0.25,"17",0.3094437910509,0.191413672756601,-0.808915607648186,0.25,"SE"
"171112",107.102246778944,0.558050311184842,1929.17761738022,11.0923529273229,80.5693464375136,0.412961846731756,0.071549712,"SE",17,54714.8056869131,30533.61434,"SE17a",2.359559206,2.340604727,1.347223138,-2.563781389,1.347223138,1.302356964,1628.225816,327.7771152,"SE36","SE17H36",0.25,"17",0.129439533047669,0.114730036649758,-1.1453921100113,0.25,"SE"
"171400",83.3955681082844,0.409739324612072,941.211337015383,5.13739177080225,65.749337832428,0.317508788251873,0.034218183,"SE",17,57589.0471639266,23596.49729,"SE17a",2.376755161,2.307847071,1.102301977,-1.92380573,1.102301977,1.058887838,1629.796559,328.064545,"SE37","SE17H37",0.25,"17",0.0423005863299102,0.0248499601854393,-1.46574305540346,0.25,"SE"
"171688",115.442763849054,0.590376310806923,1229.18281799919,6.9702199632883,91.5459346311715,0.460244676549358,0.041330439,"SE",17,57975.1438590389,34227.15155,"SE17a",2.350701609,2.27329124,1.119210982,-1.840281126,1.119210982,1.064281704,1623.351656,333.651207,"SE39","SE17H39",0.25,"17",0.0489119629192615,0.0270565962860273,-1.38372998174309,0.25,"SE"
"171976",52.5263318520912,0.252324806800687,630.672886529097,3.30901928666811,41.1572417235534,0.194651440323466,0.077757168,"SE",17,57302.3914823449,14458.81486,"SE17a",2.360442234,2.300041772,1.403444536,-1.986181195,1.403444536,1.259650123,1627.035614,331.3963007,"SE40","SE17H40",0.25,"17",0.147195254031299,0.100249933410378,-1.10925956526761,0.25,"SE"
"172264",104.213568809968,0.432732643579744,1295.8696098384,6.03072250812204,81.431517031919,0.331799934673876,0.047952881,"SE",17,56916.5104029442,24629.63201,"SE17a",2.427916031,2.360502167,1.283123965,-2.070642379,1.283123965,1.170026983,1632.66276,334.4770614,"SE41","SE17H41",0.25,"17",0.108268616401977,0.0681958775007584,-1.31918529537933,0.25,"SE"
"172552",98.1355840975198,0.429603246212541,1149.56876913241,5.59621105749322,77.1332670651368,0.331632059831915,0.149258105,"SE",17,57345.1104878566,24635.64562,"SE17a",2.292884965,2.260660152,1.742673113,-1.976865901,1.742673113,1.59937115,1628.586116,332.8415458,"SE42","SE17H42",0.25,"17",0.24121593069333,0.203949257800534,-0.826062076538936,0.25,"SE"
"172840",130.082307444712,0.645057596331193,1745.99274368101,9.66347465563313,100.80950009424,0.491039715286989,0.048756265,"SE",17,56461.3201784549,36420.80348,"SE17a",2.432974573,2.326787648,1.302676021,-2.171013119,1.302676021,1.134968958,1627.254223,330.3923208,"SE43","SE17H43",0.25,"17",0.114836418945877,0.0549839835082897,-1.31196957114264,0.25,"SE"
"173128",71.5336613156611,0.292527786612816,704.445174815554,3.2150828480824,57.211428870686,0.229686900863711,0.095504492,"SE",17,58438.1634918886,17094.78662,"SE17a",2.356712495,2.208745428,1.555029006,-1.740846172,1.555029006,1.18919785,1626.509335,336.6631465,"SE44","SE17H44",0.25,"17",0.191738494345656,0.0752541153546457,-1.01997620113946,0.25,"SE"
"173416",96.6246744501175,0.389525797113756,887.914565566099,4.03464601616719,77.821173812882,0.307666995769489,0.138003415,"SE",17,58824.5099805505,22913.6641400001,"SE17a",2.377267786,2.155208532,2.124417567,-1.658478127,2.124417567,1.246610187,1625.675384,333.545951,"SE46","SE17H46",0.25,"17",0.327239883982093,0.0957306715210131,-0.860110166516842,0.25,"SE"
"173992",49.5017592236188,0.275343066515762,576.481565602446,3.6083875556327,38.8752907897534,0.212423152056752,0.137480937,"SE",17,57306.7944280222,15779.0285100001,"SE17a",2.299795386,2.258314821,1.6823765,-1.985220769,1.6823765,1.515350357,1629.38768,335.4324616,"SE48","SE17H48",0.25,"17",0.225923193349446,0.180513055624173,-0.861757516594873,0.25,"SE"
"174280",26.0377726936987,0.146211903537723,306.147727024024,1.80264232127434,20.4262271716125,0.113491060756409,0.121720885,"SE",17,57696.825127672,8435.96263000005,"SE17a",2.344167578,2.145461854,1.75364853,-1.90043383,1.75364853,1.182137222,1632.942093,337.2096678,"SE49","SE17H49",0.25,"17",0.243942555519817,0.0726678921953165,-0.914634898663368,0.25,"SE"
"174568",80.1152360957033,0.426269976291464,774.037502980556,4.58313978837834,64.1274486457374,0.335435108310575,0.163041509,"SE",17,58581.0702579854,24971.35143,"SE17a",2.335626982,2.291413574,2.113788475,-1.710315542,2.113788475,1.844157432,1625.262457,334.683525,"SE50","SE17H50",0.25,"17",0.325061525669367,0.265797993144079,-0.78770181378821,0.25,"SE"
"174856",81.9251726970676,0.434122298624953,1722.00589950111,10.2182852838515,60.6812310184414,0.315869074595185,0.040532086,"SE",17,53696.6969534519,23310.9335100001,"SE17a",2.381046837,2.301151319,1.145743256,-2.798567053,1.145743256,1.077450491,1634.856941,333.5945307,"SE51","SE17H51",0.25,"17",0.0590873096082003,0.0323973233993631,-1.3922010445441,0.25,"SE"
"175144",33.6210364513453,0.199878056320566,570.564944838495,2.48099551642465,25.493803854313,0.153925274316941,0.185392565,"SE",18,77237.9760649668,15438.18,"SE18a",2.300093086,2.250286759,2.082477622,-1.989954677,2.082477622,1.790239869,1628.513833,332.8866326,"H03","SE18H03",0.25,"18",0.318580343238905,0.252911224725032,-0.731907686827011,0.25,"SE"
"175432",79.0449460724431,0.499927109053241,1273.94803065753,8.5940554450151,60.2873310968914,0.372656281348621,0.230165847,"SE",18,74493.1559333261,37241.15,"SE18a",2.212188833,2.1807426,1.864286506,-2.442254671,1.864286506,1.704642984,1631.888816,332.7195098,"H05","SE18H05",0.25,"18",0.270512656093722,0.231633435343613,-0.637959118411866,0.25,"SE"
"175720",118.862373359191,0.740596708057594,1362.51191732383,8.21186845148655,93.9294174347474,0.576801872391322,0.093005706,"SE",18,78212.3621125999,57923.82,"SE18a",2.223909591,2.168250955,1.202333642,-1.833248873,1.202333642,1.13158019,1625.776633,335.279695,"H11","SE18H11",0.25,"18",0.0800249990920854,0.0536853358784549,-1.03149040619557,0.25,"SE"
"176008",91.4187882772564,0.576433978432365,1422.77716754877,8.11140046003767,70.1022653520899,0.438375072397593,0.136246223,"SE",18,76168.7714513375,43906.27,"SE18a",2.274818489,2.131550428,1.568577379,-2.164200912,1.568577379,1.20147989,1632.351953,334.8265477,"H14","SE18H14",0.25,"18",0.195505947607443,0.0797165061136007,-0.865675528339353,0.25,"SE"
"176296",121.558730678696,0.721087835479407,1478.98754599638,8.32479941008923,95.5448541819523,0.559345969753523,0.086141206,"SE",18,77862.462625891,56145.68,"SE18a",2.368184403,2.269497256,1.506382918,-1.88929572,1.506382918,1.248404019,1629.951834,337.0339156,"H15","SE18H15",0.25,"18",0.177935382247322,0.0963551581242733,-1.06478905229157,0.25,"SE"
"176584",113.630275217189,0.708992618635855,2063.65684433907,12.9710752677533,85.7614995452991,0.525217504692952,0.299425008,"SE",18,73979.5385330228,52450.95,"SE18a",2.258541028,2.200261188,2.675893619,-2.528738494,2.675893619,2.189489167,1631.600369,331.3676671,"H16","SE18H16",0.25,"18",0.427468843924026,0.340342800761868,-0.523711930169179,0.25,"SE"
"176872",112.233526939054,0.669323893651647,1292.37218918394,7.46616021512073,88.7081521592833,0.520980101513379,0.03759504,"SE",18,78160.3378367177,52314.58,"SE18a",2.511142493,2.177131414,1.339376409,-1.841566226,1.339376409,1.024373776,1631.365237,337.7347864,"H18","SE18H18",0.25,"18",0.126902645256163,0.0104584519866783,-1.42486944876175,0.25,"SE"
"177160",25.8104973562221,0.231920689193726,302.364576933354,2.8314771488592,20.2285564000326,0.180030618384209,0.07025368,"SE",18,45327.5595486821,10512.4,"SE18a",2.347934366,2.297107111,1.308943467,-2.302662019,1.308943467,1.211361654,1630.373856,331.6598183,"H19","SE18H19",0.25,"18",0.116920889866161,0.0832738218286985,-1.15333092178823,0.25,"SE"
"177364",123.619061388061,0.727194450922187,1760.64689158996,9.88221650801842,95.6246568070771,0.55495923168587,0.096399952,"SE",18,76464.4284338054,55604.51,"SE18a",2.284946895,2.256679917,1.33991771,-2.115774791,1.33991771,1.276216893,1631.133503,334.2132846,"H20","SE18H20",0.25,"18",0.127078127327265,0.105924488984168,-1.01592318234344,0.25,"SE"
"177652",115.003364456856,0.677389024749548,1281.23571664251,7.67479440686819,91.095633256205,0.526436752292487,0.132846411,"SE",18,78025.1244984985,52853.36,"SE18a",2.313552501,2.230857411,1.707705675,-1.863209305,1.707705675,1.401152859,1628.940504,336.2912937,"H27","SE18H27",0.25,"18",0.232413021658586,0.146485517297831,-0.87665017406477,0.25,"SE"
"177940",106.744130318374,0.633412764310154,1351.76619534225,7.79990627143435,83.5327244872556,0.488177162126505,0.100506829,"SE",18,77306.3447866092,48966.83,"SE18a",2.303156077,2.219879334,1.416326768,-1.978894949,1.416326768,1.226061814,1625.678838,330.4668222,"H29","SE18H29",0.25,"18",0.151163463217595,0.0885123664322842,-0.997804428827988,0.25,"SE"
"178228",128.543160217766,0.753224743081827,2284.35208305212,12.9256567344932,97.2548523320009,0.561568422166103,0.060507444,"SE",18,74507.707089361,56121.05,"SE18a",2.322459445,2.309221787,1.195032186,-2.439813216,1.195032186,1.176208742,1627.912543,329.7823969,"H31","SE18H31",0.25,"18",0.0773796023669634,0.0704844029084367,-1.21819119246736,0.25,"SE"
"178516",129.449768145672,0.758865921742862,1760.72205729164,10.5394678702189,100.576650565906,0.577870589740038,0.26116319,"SE",18,76279.7859957327,57886.13,"SE18a",2.285103928,2.209851395,2.61636559,-2.145995662,2.61636559,2.031226921,1632.490129,336.1533661,"H33","SE18H33",0.25,"18",0.417698428729538,0.307758443854376,-0.583088035308284,0.25,"SE"
"178804",109.207121546985,0.660810146303538,2093.67673801941,12.4412285392697,81.9795209109976,0.488122639460516,0.164072498,"SE",18,73744.2272528543,48730.93,"SE18a",2.197740342,2.159792918,1.454476985,-2.568561382,1.454476985,1.346685873,1633.005752,333.608159,"H34","SE18H34",0.25,"18",0.162706853553803,0.129266304310574,-0.784964209731888,0.25,"SE"
"179092",119.902714995345,0.702364418391265,1539.60386398323,9.03724162619104,93.662053510152,0.538947011254462,0.066563892,"SE",18,76930.0756489916,54032.95,"SE18a",2.437028575,2.271951095,1.530884051,-2.039884092,1.530884051,1.15774396,1626.101293,331.5516215,"H35","SE18H35",0.25,"18",0.18494229852464,0.0636125239388627,-1.17676129271632,0.25,"SE"
"179380",93.2254419052538,0.570726989942398,1073.72392573672,6.71964701044764,73.6192668578799,0.441842523897271,0.266783597,"SE",18,77692.6771142806,44341.31,"SE18a",2.162887636,2.156169116,1.790830692,-1.916582761,1.790830692,1.757020036,1624.83836,333.8256715,"H36","SE18H36",0.25,"18",0.253054528894351,0.244776713956664,-0.573840876222434,0.25,"SE"
"179668",126.439918741047,0.721829487867002,1907.52847503165,10.9184163903133,97.2323856869114,0.544995631640939,0.333601998,"SE",18,75559.7342125337,54541.24,"SE18a",2.260703566,2.138541305,2.964082444,-2.264551289,2.964082444,1.954082142,1633.050702,337.7179836,"H37","SE18H37",0.25,"18",0.471890279090123,0.290942815814447,-0.476771356961828,0.25,"SE"
"179956",111.614564874539,0.647921653095527,1592.72146405203,9.34698471347805,86.2828249010261,0.491516945381771,0.167706838,"SE",18,75958.5460601113,49215.19,"SE18a",2.174579268,2.164777411,1.400445038,-2.198748541,1.400445038,1.373312046,1626.734827,330.975786,"H38","SE18H38",0.25,"18",0.146266069131237,0.137769229486007,-0.775449229313272,0.25,"SE"
"180244",94.1349445777816,0.545085036568905,1073.76302787736,6.1359650848781,74.426143007054,0.423890128637062,0.085191964,"SE",18,78081.2378521784,42560.91,"SE18a",2.185827984,2.173642189,1.127995335,-1.854222907,1.127995335,1.116297053,1626.877397,337.2844663,"H39","SE18H39",0.25,"18",0.0523073035587176,0.0477797782147004,-1.06960136949449,0.25,"SE"
"180532",106.637807162574,0.64899265458835,1278.8055931975,6.97453281168654,83.9300697536671,0.507041086225442,0.110272801,"SE",18,78484.6691559371,50935.97,"SE18a",2.283913228,2.272587822,1.425435596,-1.789803998,1.425435596,1.392515931,1627.366634,334.9353645,"H42","SE18H42",0.25,"18",0.153947599804946,0.143800172395723,-0.957531593926683,0.25,"SE"
"180820",120.38948230805,0.739467888140345,1734.42365364388,10.618796700208,92.9829919288627,0.56122192024227,0.257970523,"SE",18,75997.28779478,56197.56,"SE18a",2.207947528,2.154175969,2.000501299,-2.192374693,2.000501299,1.708630039,1627.896447,332.010467,"H44","SE18H44",0.25,"18",0.301138837718689,0.232648037317394,-0.588429915857732,0.25,"SE"
"181108",116.305263649073,0.711605999058434,1784.79728919954,10.5666723150532,89.2790568529043,0.538270577749589,0.086380083,"SE",18,75715.0551727933,53879.29,"SE18a",2.328783877,2.155344665,1.385499328,-2.238882601,1.385499328,1.10331735,1630.934277,330.9504704,"H45","SE18H45",0.25,"18",0.141606319475188,0.0427004476448043,-1.06358638298793,0.25,"SE"
"181396",86.8428421229202,0.561266563793208,1787.55079111456,10.1654800775882,64.7385400463832,0.41620203893438,0.072836732,"SE",18,74062.4013820918,41568.75,"SE18a",2.315085905,2.215023027,1.25834727,-2.514745355,1.25834727,1.11974251,1630.308758,329.9240985,"H46","SE18H46",0.25,"18",0.0998005112460044,0.0491181661142261,-1.1376495481353,0.25,"SE"
"181684",125.305073289962,0.734311419159999,1327.49420739697,8.04828240773239,99.7589691413821,0.572570402075086,0.070633742,"SE",18,78313.2234356142,57506.3,"SE18a",2.414093368,2.279607846,1.500056325,-1.817139472,1.500056325,1.18678917,1633.192802,337.0003189,"H47","SE18H47",0.25,"18",0.176107566507306,0.0743735745249025,-1.15098778529771,0.25,"SE"
"181972",95.1061088855151,0.574656484194843,1539.82256609645,8.61523634135038,72.6421479093217,0.434263499590318,0.018645614,"SE",18,75634.5093032364,43463.86,"SE18a",2.487020036,2.335693565,1.076932981,-2.252187211,1.076932981,1.022439533,1631.039987,332.6569805,"H48","SE18H48",0.25,"18",0.0321886774042803,0.00963763329459359,-1.72942331075152,0.25,"SE"
"182260",76.4102175970824,0.416186142739054,753.03947038053,4.34779635443376,61.2419169130345,0.32607714734985,0.061294845,"SE",18,78731.9132836788,32767.13,"SE18a",2.283805926,2.205701051,1.148271563,-1.750488118,1.148271563,1.079973539,1625.983912,337.5181812,"H49","SE18H49",0.25,"18",0.0600446096344719,0.033413114739664,-1.21257604884528,0.25,"SE"
"182548",106.5524086164,0.652784936917329,1748.70999568507,9.97380744053335,81.2598782051515,0.492370408427029,0.074521805,"SE",18,75475.3838265107,49269.19,"SE18a",2.358452348,2.252295,1.369679972,-2.278513339,1.369679972,1.167164906,1631.835932,331.4344099,"H54","SE18H54",0.25,"18",0.136619105382399,0.0671322208322092,-1.12771663455886,0.25,"SE"
"182836",124.949250165571,0.742652650204853,1576.46724251817,9.07122903077695,97.8309379345042,0.572833753570535,0.020709749,"SE",18,77376.0387364797,57463.52,"SE18a",2.567027075,2.273946783,1.176215329,-1.967630907,1.176215329,1.016611612,1628.956594,333.9630857,"H61","SE18H61",0.25,"18",0.0704868350360344,0.00715506601858556,-1.68382516467852,0.25,"SE"
"183124",59.1679323094403,0.371974589398573,549.869456937158,3.77599220345154,47.5926222563382,0.293763548091616,0.027802467,"SE",19,137935.772341219,51308.6,"SE19a",2.555530318,2.376522033,1.275972114,-1.695509553,1.275972114,1.068506669,1625.756839,335.7974761,"H01","SE19H01",0.25,"19",0.105841183109078,0.0287772371232621,-1.55591666606211,0.25,"SE"
"183412",41.348998136567,0.284857735552143,851.210758837532,5.40919243408857,30.6960071696663,0.211307051302379,0.309432268,"SE",19,128663.741916502,36650.86,"SE19a",2.242631794,2.160483973,2.600694078,-2.565332174,2.600694078,1.97746362,1633.418983,331.105592,"H02","SE19H02",0.25,"19",0.415089268747037,0.296108502395461,-0.509434399480778,0.25,"SE"
"183700",25.1808119520976,0.136690232268874,244.446218185688,1.30739361745926,20.1552413492355,0.108594294225486,0.120111942,"SE",19,138851.001018614,18979.58,"SE19a",2.309978049,2.289438952,1.587639395,-1.612843752,1.587639395,1.510562591,1625.010347,335.0998129,"H03","SE19H03",0.25,"19",0.20075186676501,0.179138725215217,-0.920413811191008,0.25,"SE"
"183988",55.8090785223743,0.359820407171207,915.617206912751,5.96277920033593,42.3612977234071,0.270573905568989,0.058478594,"SE",19,130625.345764883,47001.66,"SE19a",2.43042553,2.188638317,1.407694132,-2.376195669,1.407694132,1.063661216,1630.388245,332.3400292,"H05","SE19H05",0.25,"19",0.148508300249891,0.0268033239641132,-1.2330030776607,0.25,"SE"
"184276",75.4019084661676,0.494201937739874,873.076296533589,6.14450420414678,59.3348293393194,0.382457002780192,0.138313055,"SE",19,134862.733166945,66649.42,"SE19a",2.371108229,2.286148776,2.086309105,-1.977143168,2.086309105,1.629055493,1624.789811,331.0141203,"H11","SE19H11",0.25,"19",0.319378653395751,0.211935878595309,-0.859136826059321,0.25,"SE"
"184564",67.4339593227355,0.443885547166923,781.355347546271,4.83615236388813,53.0201566725949,0.348084368849354,0.119570494,"SE",19,136856.226290142,60748.5,"SE19a",2.387092119,2.260718054,1.965171154,-1.793724895,1.965171154,1.414332017,1626.931504,334.7413993,"H14","SE19H14",0.25,"19",0.293400380666036,0.150551372844807,-0.922375976484084,0.25,"SE"
"184852",34.389417239893,0.194720269068612,371.91615473301,1.98678808188999,27.2337580540287,0.153699882683138,0.188685775,"SE",19,137857.360450449,26843.62,"SE19a",2.282465475,2.224615963,1.996230876,-1.702617407,1.996230876,1.686669514,1624.55159,336.954126,"H15","SE19H15",0.25,"19",0.30021076860179,0.2270299952704,-0.724260840014573,0.25,"SE"
"185140",41.0646827034129,0.251002806354572,709.354801425529,4.38620112365273,31.0171900857019,0.187747427142438,0.068616867,"SE",19,129857.390733537,32594.57,"SE19a",2.383007197,2.275215586,1.382384105,-2.449900866,1.382384105,1.171172936,1627.43895,329.0339466,"H17","SE19H17",0.25,"19",0.140628731536383,0.0686210279547003,-1.16356911542112,0.25,"SE"
"185428",36.1553991037933,0.192319538387897,445.742315831196,2.30583899173848,28.2492352558866,0.149375462972837,0.082898021,"SE",19,135408.191639248,26041.64,"SE19a",2.254216089,2.177997415,1.206445371,-1.926688313,1.206445371,1.114289065,1631.890734,338.5942034,"H18","SE19H18",0.25,"19",0.08150766142061,0.0469978686200386,-1.08145583711002,0.25,"SE"
"185716",71.5906491478727,0.496961616074369,980.663720916676,6.64874092078302,55.3631397967849,0.381783894209752,0.127456903,"SE",19,133768.798977126,66477.96,"SE19a",2.295143136,2.223136213,1.585399443,-2.078949928,1.585399443,1.353331193,1628.736261,332.1515687,"H20","SE19H20",0.25,"19",0.200138701276285,0.131404092008499,-0.894636638393036,0.25,"SE"
"186004",38.6556120416423,0.182954631908765,752.760243073891,3.45222628968752,28.8420429726047,0.135801397123089,0.013412476,"SE",19,128754.250243563,23556.19,"SE19a",2.644216184,2.333685961,1.142657885,-2.556542158,1.142657885,1.011481158,1629.806792,329.3040733,"H23","SE19H23",0.25,"19",0.0579162208616932,0.00495779708918208,-1.87249104214263,0.25,"SE"
"186292",22.3020883560128,0.107062439201376,328.562047150087,1.38010059810528,17.0693409307379,0.082555533094254,0.130427599,"SE",19,134322.414352533,14380.89,"SE19a",2.367203799,2.254716141,1.971302346,-2.0273242,1.971302346,1.460234229,1631.379734,336.9159548,"H25","SE19H25",0.25,"19",0.294753238754011,0.164422524416775,-0.884630500435663,0.25,"SE"
"186580",82.1171754182236,0.52569009414012,986.053599908831,6.8904357426666,64.3859231677227,0.404682586985046,0.1347363,"SE",19,134073.726375399,70481.23,"SE19a",2.327545749,2.304489143,1.792897952,-2.050488472,1.792897952,1.681675116,1629.562387,334.2509384,"H27","SE19H27",0.25,"19",0.253555571132437,0.225742097908544,-0.870515383001199,0.25,"SE"
"186868",30.6440530774462,0.163675613995831,337.712272415596,1.73104548248855,24.2087258405404,0.128732422600604,0.037336111,"SE",19,137308.805944498,22474.1,"SE19a",2.544483187,2.185786421,1.425930759,-1.75245595,1.425930759,1.025815215,1627.304921,337.6516551,"H28","SE19H28",0.25,"19",0.154098437357144,0.0110691362792943,-1.42787092096649,0.25,"SE"
"187156",66.9912098606576,0.442560137960282,822.99716496825,5.30119974082369,52.3976007272676,0.343770432002395,0.062206268,"SE",19,135422.177709504,59932.46,"SE19a",2.252939389,2.21334432,1.119725531,-1.925397277,1.119725531,1.087461378,1627.408831,336.1053651,"H31","SE19H31",0.25,"19",0.0491115807235231,0.0364138416088956,-1.20616585291909,0.25,"SE"
"187444",64.2536394497865,0.410410312122012,753.659079418513,5.3714557395859,50.4950238789665,0.315985609289212,0.403583884,"SE",19,134095.789614659,55034.3,"SE19a",2.268532675,2.226632445,3.627905776,-2.048431635,3.627905776,3.095630846,1625.371128,332.0386512,"H33","SE19H33",0.25,"19",0.559655999034514,0.490749165478567,-0.394066184431195,0.25,"SE"
"187732",79.3282733185656,0.522141407670175,1184.76245184317,7.80554838416366,60.8543432644256,0.396700749266497,0.027285337,"SE",19,132129.38527101,68990.22,"SE19a",2.553508188,2.396570926,1.262880209,-2.233091116,1.262880209,1.077614111,1631.130417,330.7038634,"H34","SE19H34",0.25,"19",0.101362157334738,0.0324632696946153,-1.56407067789562,0.25,"SE"
"188020",79.8828643810401,0.553123563728352,1924.96740385536,13.4516656788682,58.4062203309132,0.400279347696774,0.099824905,"SE",19,125174.926635386,69237.2,"SE19a",2.298665983,2.215039407,1.398569868,-2.908959389,1.398569868,1.215250739,1632.602845,328.4050302,"H35","SE19H35",0.25,"19",0.145684167188721,0.0846658938432879,-1.00076109443686,0.25,"SE"
"188308",51.0008159253768,0.301229450258742,790.779137489006,5.17748745248539,38.9506245571865,0.225689669286579,0.094151974,"SE",19,130096.429204842,39188.88,"SE19a",2.309498549,2.297131373,1.389464921,-2.426912308,1.389464921,1.356334145,1630.247418,330.806327,"H36","SE19H36",0.25,"19",0.142847586875579,0.132366695027146,-1.02617057008895,0.25,"SE"
"188596",62.7950146032509,0.396402945168641,765.524828330048,5.29305832509319,49.1550411601154,0.304590465992225,0.132889628,"SE",19,133797.781339481,53037.83,"SE19a",2.335316441,2.223628217,1.816048124,-2.07624197,1.816048124,1.381161422,1631.710117,336.7587901,"H37","SE19H37",0.25,"19",0.259127352836348,0.140244439322286,-0.876508914302936,0.25,"SE"
"188884",78.006653380896,0.495332614579048,854.660627853085,5.68296840719614,61.7300265088097,0.386425258677819,0.033970833,"SE",19,136072.445052462,67401.12,"SE19a",2.427263088,2.296765158,1.150064819,-1.865518689,1.150064819,1.053078589,1632.985851,337.4312747,"H38","SE19H38",0.25,"19",0.0607223183890109,0.0224607828620806,-1.46889380364902,0.25,"SE"
"189172",82.5017655529508,0.538138544899673,1252.90985900887,8.18552380104382,63.1749502611085,0.408145747631055,0.121284723,"SE",19,131874.844299121,70966.94,"SE19a",2.196993357,2.16268524,1.267192744,-2.257194996,1.267192744,1.20639387,1633.658915,338.0032285,"H39","SE19H39",0.25,"19",0.102842677463708,0.081489121768456,-0.916193899336529,0.25,"SE"
"189460",75.140331077354,0.463510320076039,925.261043272259,6.55291848251361,58.7207079440013,0.354126384913928,0.385331154,"SE",19,132951.346368923,61624.32,"SE19a",2.211449355,2.189158087,2.809960062,-2.155570984,2.809960062,2.593997307,1624.269616,329.065587,"H40","SE19H40",0.25,"19",0.448700147315657,0.413969520878498,-0.414165876885457,0.25,"SE"
"189748",46.8190151984942,0.300168531489727,901.283843849071,6.30361504137687,34.9893000177105,0.220434274267277,0.062747478,"SE",19,127232.595870254,38191.22,"SE19a",2.366191386,2.240309624,1.2893275,-2.705150604,1.2893275,1.110166772,1632.908822,329.2535797,"H41","SE19H41",0.25,"19",0.110363245807479,0.0453882244793555,-1.20240372502931,0.25,"SE"
"190036",84.7612975377012,0.572153766962038,1264.23001906566,8.68424315542999,65.0161598409956,0.434037500445297,0.23572135,"SE",19,131906.332227307,75470.71,"SE19a",2.202394483,2.190290162,1.842109762,-2.254210711,1.842109762,1.778801614,1627.51248,330.6745103,"H42","SE19H42",0.25,"19",0.265315504042544,0.250127514835237,-0.627601080321366,0.25,"SE"
"190324",82.5573045496447,0.547569736526483,964.090129485602,6.40090937449131,64.8965457503411,0.426378823220215,0.07448256,"SE",19,135789.919347385,74354.45,"SE19a",2.40921686,2.283754805,1.528026934,-1.891499281,1.528026934,1.212491722,1628.540655,334.8795771,"H44","SE19H44",0.25,"19",0.184131009465118,0.0836787822417293,-1.12794540486819,0.25,"SE"
"190612",50.8668046098799,0.339829063310955,940.562594231107,6.75775529381888,38.1755820738278,0.250924309458609,0.001177311,"SE",19,128005.840542826,43500.11,"SE19a",2.909093848,2.324109626,1.010605222,-2.629412889,1.010605222,1.000082153,1634.842432,332.1134449,"H46","SE19H46",0.25,"19",0.00458153799475586,3.56771291002338e-05,-2.92910879820775,0.25,"SE"
"190900",82.691911726566,0.566788539987272,1708.35813772347,11.5475218712228,61.3598020129982,0.417494444500059,0.70749855,"SE",19,127661.591272867,72357.13,"SE19a",2.173829644,2.173176338,4.242767181,-2.663074732,4.242767181,4.231895466,1629.757743,327.7766507,"H47","SE19H47",0.25,"19",0.627649200802402,0.626534931451498,-0.150274445878081,0.25,"SE"
"191188",66.7666745728173,0.43403611873688,938.45244338252,6.7784339864204,51.5145968799102,0.328323474305001,0.058847666,"SE",19,131489.057606741,57071,"SE19a",2.373939416,2.160665026,1.273331378,-2.29381609,1.273331378,1.051390176,1633.973922,336.6454954,"H48","SE19H48",0.25,"19",0.104941441288018,0.0217639147321278,-1.23027075734768,0.25,"SE"
"191476",56.1204205524476,0.362746263518421,840.409053435221,5.6726707433067,43.0139362591908,0.274360065760413,0.109529734,"SE",19,131469.509561408,47690.07,"SE19a",2.329367682,2.234581204,1.576629327,-2.295674562,1.576629327,1.294363268,1633.514917,334.7975294,"H50","SE19H50",0.25,"19",0.19772960064613,0.112056179846642,-0.960467967041397,0.25,"SE"
"191764",23.7923897449124,0.128782502949971,307.618800304239,1.54827632857128,18.4906084255454,0.0999986446706374,0.085003376,"SE",19,135367.109589199,17432.92,"SE19a",2.324706998,2.170870165,1.364124968,-1.930481315,1.364124968,1.113303915,1628.28075,336.7904484,"H51","SE19H51",0.25,"19",0.134854158023362,0.0466137362937281,-1.07056382547329,0.25,"SE"
"192052",38.5665583853665,0.268617811988124,935.373546177176,6.85087647356143,28.1705518839465,0.193468421289656,0.173291445,"SE",19,124515.115592851,33446.98,"SE19a",2.243803328,2.19901919,1.680882072,-2.975022554,1.680882072,1.502560737,1634.713676,328.1157461,"H52","SE19H52",0.25,"19",0.225537245101447,0.176832036222741,-0.761222876876396,0.25,"SE"
"192340",40.1778925293019,0.239613644415821,793.408890777935,5.54083337302084,29.9489422990642,0.174277613253903,0.046334267,"SE",19,125877.93438698,30162.07,"SE19a",2.427433966,2.260341106,1.265342076,-2.838953257,1.265342076,1.072259704,1635.02585,330.1208645,"H54","SE19H54",0.25,"19",0.102207949730092,0.0302999853140785,-1.33409770305127,0.25,"SE"
"192628",13.0322464076075,0.0565066144505246,134.905862862495,0.511895279968556,10.3293120448419,0.0451364623462801,0.018147469,"SE",19,139691.441024329,7893.49,"SE19a",2.637246901,2.329458529,1.23614921,-1.537411571,1.23614921,1.020204567,1626.142361,336.7277344,"H57","SE19H57",0.25,"19",0.0920708956464575,0.00868726334186422,-1.74118393679767,0.25,"SE"
"192916",2826.86329748638,0.388911771858362,28051.1334689059,4.82920725916769,2248.78022313265,0.301012843853982,0.051957607,"SE",19,134881.975362537,52457.19,"SE19a",2.293316925,2.175050765,1.11701222,-1.975359797,1.11701222,1.045287697,1629.608539,338.1857856,"H65","SE19H65",0.25,"19",0.0480579242790283,0.0192358387949183,-1.28435085934319,0.25,"SE"
"193204",81.1540672703303,0.534979968909499,843.023222756568,5.83669706714263,64.5508141578473,0.419460404644254,0.135160089,"SE",19,136835.19652001,73204.09,"SE19a",2.364064996,2.30573926,2.004844272,-1.795645833,2.004844272,1.690791686,1625.481345,333.3209273,"H67","SE19H67",0.25,"19",0.302080644069573,0.228090103639357,-0.869151530923509,0.25,"SE"
"193492",52.9957084671905,0.363558331156526,610.838590798547,4.15181432346694,41.7171906016255,0.283755398338064,0.074432611,"SE",19,136142.594071624,49495.77,"SE19a",2.216762794,2.198088424,1.126468614,-1.859076262,1.126468614,1.109162422,1627.610899,338.5002046,"H68","SE19H68",0.25,"19",0.0517190957877684,0.0449951474235899,-1.12823674625059,0.25,"SE"
"193780",61.4875273833698,0.449217174760368,752.183723243783,5.57386391682713,48.0865090749731,0.347714470537412,0.118928194,"SE",19,134893.182372924,60596.34,"SE19a",2.296826109,2.230506775,1.528494395,-1.974321246,1.528494395,1.330308437,1628.871054,334.9549835,"H70","SE19H70",0.25,"19",0.184263850504022,0.1239523454462,-0.924715176103577,0.25,"SE"
"194068",71.7613893940982,0.486275067899513,969.020879521344,6.61365337444006,55.5825567965152,0.372960187101883,0.14554894,"SE",19,133524.566436167,64929.67,"SE19a",2.281961686,2.177811684,1.663942333,-2.101793051,1.663942333,1.320511852,1630.229243,333.4903236,"J12","SE19J12",0.25,"19",0.221138270936758,0.120742303486979,-0.836990953082107,0.25,"SE"
"194356",76.5101532858131,0.498026616982203,1207.13285801953,7.3424592303414,58.1621133403894,0.379839971688748,0.096978605,"TB",17,110637.026799652,55100.18,"TB17a",2.415541422,2.366416208,1.839894651,-2.258562422,1.839894651,1.607838718,336.9092205,5125.413844,"TB01","TB17H01",0.25,"17",0.264792956814319,0.206242482599275,-1.01332406733495,0.25,"TB"
"194644",95.6425426554382,0.612537993951744,1300.4238655857,8.8277612496807,73.7835525631262,0.468239758206791,0.118496361,"TB",17,110916.797881688,67940.75,"TB17a",2.301417915,2.26002256,1.542159655,-2.226993205,1.542159655,1.405978754,338.4637332,5127.223394,"TB02","TB17H02",0.25,"17",0.18812933720148,0.147978758030692,-0.926294986547432,0.25,"TB"
"194932",59.4254384010386,0.394617328004058,859.819934548917,6.25341452209408,45.5353375104667,0.298805821662549,0.252312372,"TB",17,109753.134458289,43310.49,"TB17a",2.289275928,2.218711016,2.578475397,-2.358827456,2.578475397,2.034877292,337.0185221,5121.604479,"TB03","TB17H03",0.25,"17",0.411362991861363,0.308538225347945,-0.598061453566474,0.25,"TB"
"195220",82.8771000852078,0.597658737015394,1315.47493363627,9.56544784187099,62.9633495731702,0.452100595264762,0.279280491,"TB",17,109632.151128935,65522.61,"TB17a",2.358482126,2.336293824,3.647819607,-2.372614085,3.647819607,3.351505468,336.9739918,5118.203982,"TB04","TB17H04",0.25,"17",0.562033353334674,0.52523993228421,-0.553959400664791,0.25,"TB"
"195508",55.3091728194827,0.372748968155231,996.690834556236,7.25569020268298,41.4678877306069,0.276501334315415,0.120859323,"TB",17,107273.475840577,39986.08,"TB17a",2.436278407,2.135470851,2.324209182,-2.644479815,2.324209182,1.166445481,334.5288728,5118.47926,"TB05","TB17H05",0.25,"17",0.366275212573729,0.0668644449264435,-0.917719842804654,0.25,"TB"
"195796",111.681958439253,0.758964919491825,1830.35463493821,12.8333437879961,84.5743721569242,0.570974745577913,0.04666916,"TB",17,108964.780355557,82700.44,"TB17a",2.329927445,2.254721143,1.127385627,-2.448938675,1.127385627,1.070035249,337.6419465,5120.564089,"TB06","TB17H06",0.25,"17",0.0520724937142753,0.0293980844086163,-1.33097001592753,0.25,"TB"
"196084",116.458750423196,0.751291158606619,1764.35354158836,11.5409463717105,88.9014597237529,0.570652827054274,0.038066521,"TB",17,110133.086942561,82742.01,"TB17a",2.467369051,2.29554862,1.251224915,-2.315628653,1.251224915,1.06557867,336.476062,5117.499593,"TB07","TB17H07",0.25,"17",0.0973353836851501,0.0275855185135255,-1.41945681269295,0.25,"TB"
"196372",37.8931256316928,0.307624808586127,486.211424738307,3.92280083551341,29.3939784410224,0.238051474506768,0.143157655,"TB",17,112435.139087023,34587.84,"TB17a",2.371593061,2.342876904,2.146200579,-2.057041176,2.146200579,1.959584441,341.2286608,5122.592242,"TB08","TB17H08",0.25,"17",0.331670307696191,0.292163982522061,-0.844185424202829,0.25,"TB"
"196660",73.4156613867759,0.506391253906287,1373.99680224585,9.4255544535714,54.8641599168339,0.377321137294326,0.039776108,"TB",17,107808.381777666,54593.22,"TB17a",2.416485219,2.342202969,1.185080888,-2.582304994,1.185080888,1.103639101,337.8403088,5123.555716,"TB09","TB17H09",0.25,"17",0.0737479942390748,0.0428270787659336,-1.40037771384144,0.25,"TB"
"196948",16.4485299764549,0.161323045803171,368.517900685121,2.98943883102829,12.0543031501844,0.120258033202264,0.319668229,"TB",17,107861.557865888,17400.56,"TB17a",2.204107665,2.176633924,2.33768519,-2.576140935,2.33768519,2.133697482,335.706902,5125.413844,"TB10","TB17H10",0.25,"17",0.368786025452291,0.329132844698867,-0.495300524990852,0.25,"TB"
"197236",113.166844090657,0.739367796045074,1704.54020436632,10.7935252513607,86.4404245751213,0.564465316617874,0.099701572,"TB",17,110758.417404763,81891.21,"TB17a",2.232138346,2.214032427,1.244328858,-2.244854979,1.244328858,1.213132083,339.3219538,5117.625088,"TB11","TB17H11",0.25,"17",0.094935173232841,0.0839080884141157,-1.00129799409012,0.25,"TB"
"197524",46.5998958638881,0.295856550402716,810.931258878391,5.77417581613267,35.0510221764228,0.219405402635804,0.489682626,"TB",17,107242.013694853,31728.25,"TB17a",2.325034053,2.182203632,5.444786085,-2.648146467,5.444786085,3.119585558,331.5655829,5121.899998,"TB12","TB17H12",0.25,"17",0.735980821845872,0.494096901124496,-0.310085304530247,0.25,"TB"
"197812",114.504384677328,0.731283999670478,1898.86016803709,13.0559896863455,86.5789414731943,0.547168022145916,0.214655944,"TB",17,108308.69003792,79204.41,"TB17a",2.384632083,2.2490053,3.168060325,-2.52443021,3.168060325,1.981070726,334.6827048,5124.462515,"TB13","TB17H13",0.25,"17",0.500793442666567,0.296899980517461,-0.668257081045903,0.25,"TB"
"198100",88.8690748404485,0.587910361206404,1776.67222436162,11.5915396826633,65.9852058168422,0.435547096171458,0.153459305,"TB",17,107120.777444318,62977.42,"TB17a",2.244305418,2.218807078,1.561236453,-2.662285612,1.561236453,1.470629134,338.3503833,5117.835595,"TB14","TB17H14",0.25,"17",0.193468682983235,0.167503165341764,-0.814006773001886,0.25,"TB"
"198388",57.5017790986896,0.440969782366545,749.07450185187,6.03771611578762,44.5343879997509,0.338820324479408,0.112024966,"TB",17,111550.097755024,49190.22,"TB17a",2.293462723,2.190824891,1.467295362,-2.155825135,1.467295362,1.22104952,338.7592525,5121.685443,"TB15","TB17H15",0.25,"17",0.166517544773964,0.0867332772345153,-0.950685179224914,0.25,"TB"
"198676",84.4460017719954,0.564259168431839,2063.30609883305,13.4366598547109,61.4555398229678,0.410208225189911,0.087664218,"TB",17,104897.352832557,59189.29,"TB17a",2.278169894,2.243984458,1.273461892,-2.924469101,1.273461892,1.211543154,333.4318079,5126.425897,"TB16","TB17H16",0.25,"17",0.104985953350091,0.0833388879000955,-1.05717763692124,0.25,"TB"
"198964",108.763525501655,0.711932670408666,1590.14618353913,10.8962554800449,83.2968789439928,0.540956193257854,0.137892204,"TB",17,110178.032137469,78439.34,"TB17a",2.305174685,2.21158694,1.710443915,-2.310528457,1.710443915,1.372622413,337.2290291,5122.604386,"TB17","TB17H17",0.25,"17",0.233108838354259,0.137551086032689,-0.860460286800868,0.25,"TB"
"199252",65.4769570083397,0.465162517569336,965.080015972474,7.13274884539182,50.0977202345174,0.353383688974926,0.130514259,"TB",17,110155.093079619,51240.02,"TB17a",2.251056651,2.193090611,1.449067956,-2.313131227,1.449067956,1.295791844,335.783818,5118.106825,"TB18","TB17H18",0.25,"17",0.161088752775369,0.112535242072542,-0.884342038005956,0.25,"TB"
"199540",129.369811940738,0.829817630751632,2071.82186465131,13.6435673964284,98.1974255375415,0.626029990891622,0.188151379,"TB",17,109304.662071163,90702.94,"TB17a",2.380335566,2.145018536,2.77471771,-2.410009498,2.77471771,1.395047889,338.4961189,5124.511093,"TB19","TB17H19",0.25,"17",0.443218806116217,0.144589116262997,-0.725492594299228,0.25,"TB"
"199828",59.991069296607,0.439150010374232,1269.83877670886,9.35446601187464,44.276968439323,0.322834021872499,0.182026281,"TB",17,106204.529450551,46639.72,"TB17a",2.3059723,2.270242941,2.092331057,-2.769663124,2.092331057,1.873343988,332.0392235,5124.130562,"TB20","TB17H20",0.25,"17",0.32063040144441,0.272617530911559,-0.73986590394194,0.25,"TB"
"200116",123.165754517159,0.816249034544559,1837.71506292467,12.3593253533972,94.1538912521587,0.620886878539809,0.101537678,"TB",17,110309.644691022,90040.14,"TB17a",2.186367771,2.161783234,1.178414975,-2.295605563,1.178414975,1.147512245,341.9978207,5124.166996,"TB21","TB17H21",0.25,"17",0.0712982527742754,0.0597573285513966,-0.993372772419669,0.25,"TB"
"200404",89.2061477772885,0.584187697975895,1351.32782852629,8.59722560893043,68.0975580839971,0.445634520184652,0.167586342,"TB",17,110659.194440393,64645.74,"TB17a",2.170491459,2.107478116,1.388444206,-2.256058127,1.388444206,1.244712498,340.2935242,5120.450739,"TB22","TB17H22",0.25,"17",0.14252843251035,0.0950690502662258,-0.775761378520388,0.25,"TB"
"200692",79.591502177056,0.518201201420142,1239.75901088795,8.44820593852229,60.5747339153162,0.391272042606171,0.256705122,"TB",17,109407.598814178,56695.15,"TB17a",2.230380308,2.126619884,2.140657145,-2.398243268,2.140657145,1.584713634,339.5486535,5123.373546,"TB23","TB17H23",0.25,"17",0.330547114768457,0.199950794370915,-0.590565465827411,0.25,"TB"
"200980",63.2335166519709,0.394499191581989,976.335258092462,5.8805845389007,48.1971879962039,0.300549278139773,0.11483149,"TB",17,110501.65592276,43592.81,"TB17a",2.282244485,2.24984772,1.450352078,-2.273866268,1.450352078,1.357517251,341.5687104,5121.292766,"TB24","TB17H24",0.25,"17",0.161473441525956,0.132745357204902,-0.939938999935411,0.25,"TB"
"201268",113.301546499649,0.740390588423745,1742.06143189578,11.7890073553782,86.3446694420057,0.560358887326887,0.077621773,"TB",17,109694.876920177,81217.05,"TB17a",2.458981617,2.33079343,1.786932481,-2.365464283,1.786932481,1.324800281,332.0392235,5118.701912,"TB25","TB17H25",0.25,"17",0.25210814305791,0.122150411557907,-1.11001644153259,0.25,"TB"
"201556",71.8416484615912,0.518045985355007,1647.38923153521,10.9622592863442,52.6044390280731,0.381085255894688,0.406726472,"TB",17,106282.658946327,55059.31,"TB17a",2.22659193,2.157513343,3.116757773,-2.760470864,3.116757773,2.430138512,336.9294615,5126.733561,"TB26","TB17H26",0.25,"17",0.49370305125431,0.38563102803572,-0.390697560397516,0.25,"TB"
"201844",57.3158376668655,0.419295689034566,788.27236991822,6.25104453828631,44.1495959189003,0.31943624151303,0.103004765,"TB",17,110500.021420875,46332.18,"TB17a",2.347818484,2.252154406,1.591216429,-2.274051165,1.591216429,1.300506354,338.7268668,5119.191745,"TB27","TB17H27",0.25,"17",0.201729254145545,0.114112478408398,-0.987142684369197,0.25,"TB"
"202132",104.715821497258,0.727998191868903,1762.41340882746,12.2690295944981,79.1002854342411,0.547859654107361,0.193394222,"TB",17,109004.882012523,79355.36,"TB17a",2.279187939,2.227789789,2.012817994,-2.444339221,2.012817994,1.72913861,335.16849,5116.560409,"TB28","TB17H28",0.25,"17",0.303804506247278,0.237829808279888,-0.713556505387463,0.25,"TB"
"202420",92.0495079788194,0.593348495256152,2131.97374275469,13.5942432093683,67.3504389896251,0.433024367449888,0.201253401,"TB",17,105348.312921928,62508.26,"TB17a",2.217853621,2.193691907,1.727426454,-2.870846024,1.727426454,1.619501865,333.974268,5123.029449,"TB30","TB17H30",0.25,"17",0.237399566146439,0.209381452475089,-0.696256771715112,0.25,"TB"
"202708",85.1343806183328,0.57246048412908,1761.86425514088,12.4148201727084,62.9702852540216,0.420080992341065,0.238981282,"TB",17,105993.105100191,60676.87,"TB17a",2.276802829,2.091246088,2.359667942,-2.794572028,2.359667942,1.405688008,334.9903688,5126.583777,"TB31","TB17H31",0.25,"17",0.372850892333052,0.14788893985907,-0.621636113455449,0.25,"TB"
"202996",68.2762854745228,0.427321858410186,1625.32339922078,10.0973357255885,49.8256131548364,0.310897299223378,0.094695781,"TB",17,104987.591851516,44863.49,"TB17a",2.267977746,2.229877025,1.290919895,-2.913720471,1.290919895,1.218792814,335.7716734,5127.660601,"TB32","TB17H32",0.25,"17",0.110899293979178,0.0859298849587856,-1.02366936977429,0.25,"TB"
"203284",104.506545596835,0.693962997661582,1579.42927765108,10.7944002580471,79.7851939590466,0.526449968043915,0.204034166,"TB",17,109980.219877976,76322.2,"TB17a",2.268864921,2.266846314,2.029031844,-2.332990971,2.029031844,2.016202435,339.6620034,5126.59997,"TB33","TB17H33",0.25,"17",0.307288862984533,0.304534134911242,-0.690297102854192,0.25,"TB"
"203572",111.764036384991,0.736056213276683,1538.03898365673,10.6368206489557,86.1171309019131,0.562506969005967,0.037030194,"TB",17,110883.223968277,81616.29,"TB17a",2.418665707,2.370069473,1.164869909,-2.23077746,1.164869909,1.112765147,339.8360764,5125.033313,"TB34","TB17H34",0.25,"17",0.066277426685536,0.0464035146272138,-1.43144401268972,0.25,"TB"
"203860",88.5970437864645,0.581984090398797,1450.20360483965,8.91054586217161,67.1040465762472,0.44220006543178,0.144935758,"TB",17,110173.667472702,64119.32,"TB17a",2.237966331,2.197938031,1.488743493,-2.31102365,1.488743493,1.368172366,331.7072703,5120.329292,"TB35","TB17H35",0.25,"17",0.172819876280678,0.136140814406824,-0.83882445382326,0.25,"TB"
"204148",97.6649458929751,0.640292209370627,1386.02968860883,9.44945519103044,75.0282481339748,0.488295106623194,0.070748767,"TB",17,110624.585374269,70832.06,"TB17a",2.399198984,2.343236667,1.451929054,-2.259968159,1.451929054,1.30219054,335.378997,5121.559948,"TB36","TB17H36",0.25,"17",0.161945395834409,0.114674536011091,-1.15028112456356,0.25,"TB"
"204436",92.5124585183222,0.622353787027155,1237.14436092067,8.53401439543575,71.4990641854484,0.478115411361685,0.10969849,"TB",17,111531.486683106,69412.04,"TB17a",2.380056854,2.371409226,1.808845522,-2.157910815,1.808845522,1.764722061,334.7960547,5116.973326,"TB37","TB17H37",0.25,"17",0.257401479072285,0.246676314891518,-0.959799350448817,0.25,"TB"
"204724",56.0761790014848,0.428289999638792,990.067967486509,7.5204188653504,42.1473644215196,0.320992240395703,0.352888295,"TB",17,108508.93086272,46473.29,"TB17a",2.326741009,2.317770526,4.011153626,-2.501341579,4.011153626,3.873557622,337.8969837,5125.555532,"TB39","TB17H39",0.25,"17",0.603269295650658,0.588110020798548,-0.452362746574052,0.25,"TB"
"205012",49.6241184433649,0.369713954522504,708.770708569992,5.16218992147075,38.0858837130989,0.283514998605732,0.113941558,"TB",17,111307.655598634,41151.99,"TB17a",2.335618044,2.275529735,1.641238812,-2.183022108,1.641238812,1.423890659,333.2213009,5120.029725,"TB40","TB17H40",0.25,"17",0.215171778608138,0.153476640974897,-0.943317846436503,0.25,"TB"
"205300",61.8634714730279,0.452241477922096,909.834181181402,6.81006340445573,47.3469788398779,0.344190853321478,0.10771,"TB",17,110377.153018677,49917.13,"TB17a",2.413937782,2.287876084,1.975681141,-2.287958036,1.975681141,1.420370491,332.1647181,5123.114461,"TB41","TB17H41",0.25,"17",0.295716854280821,0.152401641009899,-0.967743974109547,0.25,"TB"
"205588",73.8827896818691,0.533346714789451,1326.9030391778,9.46798343469481,55.4478546249102,0.399293138687751,0.27274685,"TB",17,108377.317900643,57802.69,"TB17a",2.200271333,2.167596168,2.036711793,-2.516512317,2.036711793,1.843633083,335.0146581,5121.090356,"TB42","TB17H42",0.25,"17",0.308929578059933,0.265674492702338,-0.564240256451876,0.25,"TB"
"205876",33.9391644080561,0.237515664829573,669.939672694419,4.24530023908548,25.2266694813385,0.177696000199089,0.360143085,"TB",17,108295.045796059,25721.77,"TB17a",2.312341679,2.307752638,3.865511755,-2.526005003,3.865511755,3.797371318,339.2733752,5125.648641,"TB43","TB17H43",0.25,"17",0.587206998295726,0.579483065792384,-0.443524919566102,0.25,"TB"
"206164",78.4427106854465,0.507255285079909,1254.64969262166,8.48571622815131,59.5476445633163,0.382021141470052,0.098245365,"TB",17,109094.662623934,55338.84,"TB17a",2.257497115,2.185277652,1.287433812,-2.434047978,1.287433812,1.166439759,341.0626841,5119.535843,"TB44","TB17H44",0.25,"17",0.109724910861144,0.0668623144890067,-1.00768792952665,0.25,"TB"
"206452",70.2791556450838,0.493390819937763,1121.60784509217,8.24464469990003,53.3476318242023,0.371620776441493,0.135487662,"TB",17,109108.089904856,53832.93,"TB17a",2.358835686,2.28704373,1.976085295,-2.432509583,1.976085295,1.612080107,336.2898443,5120.159267,"TB46","TB17H46",0.25,"17",0.295805686379324,0.207386618836106,-0.868100251426362,0.25,"TB"
"206740",93.8752098849451,0.621578604594332,1687.52009934509,11.6840123986876,70.4242808910088,0.462693577904436,0.119499093,"TB",17,107690.526548427,66938.13,"TB17a",2.221979305,2.127115932,1.312979932,-2.595977365,1.312979932,1.152760802,336.2615068,5119.301047,"TB47","TB17H47",0.25,"17",0.118258088246168,0.0617392004876401,-0.922635391005299,0.25,"TB"
"207028",86.9731123357915,0.583670036307544,1148.27449876102,7.54843069186982,67.3125573385403,0.451030053266072,0.021107882,"TB",17,112259.392317812,65522.44,"TB17a",2.586189245,2.321488558,1.211281649,-2.076595146,1.211281649,1.025513877,338.2370334,5120.058062,"TB48","TB17H48",0.25,"17",0.0832451376802774,0.0109415415096014,-1.67555534233706,0.25,"TB"
"207316",76.6092590331075,0.508648982591934,1175.9014621871,8.3039240955339,58.3788781219457,0.384006584091414,0.192683085,"TB",17,109390.830207634,55641.53,"TB17a",2.295494952,2.258693333,2.114014168,-2.400159256,2.114014168,1.8852831,338.3746726,5117.038097,"TB49","TB17H49",0.25,"17",0.32510789359752,0.275376574454904,-0.715156408923147,0.25,"TB"
"207604",6.84997678379034,0.0466023705182064,122.700232206024,0.779746993622472,5.14108544704221,0.035096228428468,0.142564711,"TB",17,109092.324348904,5083.961,"TB17a",2.36938672,2.283569227,2.123989566,-2.434315899,2.123989566,1.649169896,336.3060371,5123.644776,"TB50","TB17H50",0.25,"17",0.327152378963219,0.21726539857632,-0.845987961963907,0.25,"TB"
"207892",89.4821933889366,0.589930016264825,1429.68405842951,9.8265090898242,67.9315506621071,0.444475295291582,0.051053905,"TB",17,109146.677766427,64388.9,"TB17a",2.297541916,2.194447942,1.117017793,-2.428089535,1.117017793,1.051232895,340.3218617,5122.434362,"TB51","TB17H51",0.25,"17",0.0480600910566755,0.0216989422970036,-1.29197103408458,0.25,"TB"
"208180",100.940458381739,0.682756998168956,1312.67593775698,7.99490276763844,78.3851192325506,0.532162898036739,0.051460715,"TB",18,100102.898356652,68345.95,"TB18a",2.424284604,2.309540319,1.312359662,-2.123602071,1.312359662,1.130534157,333.6613121,5118.164549,"H03","TB18H03",0.25,"18",0.118052873009315,0.0532836882846711,-1.28852418395549,0.25,"TB"
"208468",116.007180259957,0.791300916716802,1403.54606368858,8.51404415980403,90.7379680294333,0.622007155537359,0.006987296,"TB",18,101048.598909455,79959.85,"TB18a",2.629452391,2.325755483,1.036035579,-2.006065347,1.036035579,1.002929467,337.9503599,5122.444716,"H05","TB18H05",0.25,"18",0.0153746699826219,0.00127039147525548,-2.15569085851412,0.25,"TB"
"208756",49.3964752609559,0.393377095314017,988.733918531842,7.50480290359031,36.7348934875262,0.292004256359282,0.656602576,"TB",18,94818.47447225,37299.42,"TB18a",2.311477251,2.201102238,6.856467825,-2.801531719,6.856467825,4.401326819,334.3640552,5125.189784,"H11","TB18H11",0.25,"18",0.83610044235803,0.64358361814678,-0.18269741776813,0.25,"TB"
"209044",82.0940445988912,0.574221309402568,1941.46362919734,11.9451144276289,60.0493803976086,0.42257260543875,0.019651869,"TB",18,93911.1850030532,53925.8,"TB18a",2.451764453,2.335510655,1.064135047,-2.921716387,1.064135047,1.024859256,333.3446005,5124.655812,"H14","TB18H14",0.25,"18",0.0269967467984648,0.0106642277922861,-1.70659613954875,0.25,"TB"
"209332",79.6996995082251,0.583815783081802,1692.29495606527,11.3591604404255,58.9282702455614,0.432515749539618,0.479107348,"TB",18,94611.52762679,55235.7,"TB18a",2.150152692,1.9557293,2.720785089,-2.828843513,2.720785089,1.506875384,335.7733903,5123.704618,"H15","TB18H15",0.25,"18",0.434694238822209,0.178077338393655,-0.319567168379213,0.25,"TB"
"209620",94.5933503387204,0.626967675149315,1301.74420984137,7.37416447298886,73.0479195406344,0.488462826579396,0.015279431,"TB",18,100053.721597466,62730.45,"TB18a",2.593093005,2.351786166,1.122176661,-2.129744356,1.122176661,1.017271035,336.033344,5124.789272,"H16","TB18H16",0.25,"18",0.0500612320164167,0.00743667890377069,-1.81589281841487,0.25,"TB"
"209908",87.5724742714365,0.611490622149578,1266.4290726558,7.9989897966445,67.291526882693,0.471366161166255,0.006294867,"TB",18,98878.6196057312,60463.35,"TB18a",2.642257768,2.361503918,1.03258965,-2.277422161,1.03258965,1.003200523,336.471966,5123.003752,"H17","TB18H17",0.25,"18",0.0139277676505659,0.00138774989807948,-2.20101344137443,0.25,"TB"
"210196",87.5472916661046,0.643277919180904,1578.50992951226,10.5541338065796,65.8044912080827,0.484762910222563,0.16183247,"TB",18,96420.9571175364,62025.47,"TB18a",2.244179852,2.192967088,1.611500385,-2.592040384,1.611500385,1.42933852,338.3564568,5118.306324,"H18","TB18H18",0.25,"18",0.207230413604702,0.155135097900191,-0.790934337315409,0.25,"TB"
"210484",39.0716628932432,0.35537078451612,507.484587386939,4.85829897877991,30.3374384171185,0.272731062428893,0.268764923,"TB",18,98395.1789329319,34966.77,"TB18a",2.268841974,2.263845361,2.531285845,-2.338687474,2.531285845,2.487424096,336.9267916,5118.13113,"H19","TB18H19",0.25,"18",0.403341190553995,0.395749837079548,-0.570627412484249,0.25,"TB"
"210772",108.304439756234,0.744276069369873,1563.97635770515,9.56880208452984,83.2233046460474,0.574718052045884,0.070734401,"TB",18,99069.0852957642,73734.75,"TB18a",2.370414109,2.231172476,1.368140046,-2.253367102,1.368140046,1.128626396,338.8520436,5123.971568,"H20","TB18H20",0.25,"18",0.136130555053693,0.052550203211259,-1.15036931985402,0.25,"TB"
"211060",92.8848134977198,0.651746242954112,1639.04466205635,10.4380298539412,69.962965109626,0.492331554446771,0.037330462,"TB",18,96679.9287931398,63010.78,"TB18a",2.397790363,2.333793767,1.142328728,-2.558512336,1.142328728,1.085845551,337.6335741,5123.496004,"H27","TB18H27",0.25,"18",0.0577910988421984,0.0357680562669832,-1.42793663523284,0.25,"TB"
"211348",50.9461346865794,0.811395813163351,902.316155859629,13.3310576057495,38.2663510583304,0.612391874090917,0.105517957,"TB",18,34775.7517135713,28216.9,"TB18a",2.315025796,2.222352423,1.491258908,-2.314073081,1.491258908,1.25147384,340.3629554,5125.239762,"H29","TB18H29",0.25,"18",0.173553050934016,0.0974217758280705,-0.976673626030834,0.25,"TB"
"211528",20.3815574294493,0.174028069381458,333.581996522207,2.88651684953438,15.4548004865279,0.13100170790981,0.402739923,"TB",18,96304.3244090927,16759.66,"TB18a",2.270021795,2.269106052,3.64167947,-2.607169785,3.64167947,3.628882281,335.6028288,5125.398355,"H31","TB18H31",0.25,"18",0.561301717808081,0.559772880148384,-0.394975317302896,0.25,"TB"
"211816",114.350681960781,0.820892772913437,1653.77599665607,10.5855274438208,87.8733840197914,0.633690155133688,0.12816315,"TB",18,99036.0761265623,81298,"TB18a",2.318470752,2.249682879,1.690564079,-2.257532714,1.690564079,1.43125172,336.0820414,5121.802291,"H33","TB18H33",0.25,"18",0.228031636875631,0.155716021595621,-0.892236827018217,0.25,"TB"
"212104",82.0939715971527,0.617020089603765,1263.22604581136,8.80061176768289,62.6954520201489,0.471531905089584,0.335506058,"TB",18,97932.7947957162,60426.5,"TB18a",2.207545812,2.195479282,2.461873283,-2.397566627,2.461873283,2.361681825,335.1844211,5120.398506,"H34","TB18H34",0.25,"18",0.39126569526055,0.373221387369559,-0.474299633670195,0.25,"TB"
"212392",71.6343841283487,0.533410003624129,934.60369552985,6.47942337894828,55.6211560073863,0.414234980849615,0.145801059,"TB",18,99695.7981828042,53178.74,"TB18a",2.330680558,2.25274925,1.913539987,-2.174540934,1.913539987,1.546602329,340.1110592,5119.466049,"H36","TB18H36",0.25,"18",0.281837542051502,0.189378659838595,-0.836239321586041,0.25,"TB"
"212680",99.6493318638453,0.699055044014125,1665.17283451419,10.3438607768705,75.4730896975665,0.532264350447802,0.205357398,"TB",18,97533.7824593714,68181.48,"TB18a",2.231362554,2.131143371,1.819725851,-2.448600018,1.819725851,1.415720197,339.8430623,5124.121737,"H37","TB18H37",0.25,"18",0.260005964707049,0.150977427854858,-0.687489647070354,0.25,"TB"
"212968",94.4866191941047,0.652812165428587,1903.5456879106,11.762757092281,70.2323159934994,0.487359330486513,0.050551008,"TB",18,95422.2287801626,62292.79,"TB18a",2.286058817,2.253473957,1.104874715,-2.72219061,1.104874715,1.08089804,332.6703421,5121.560375,"H38","TB18H38",0.25,"18",0.0433130348818201,0.0337847293337136,-1.29627018004384,0.25,"TB"
"213256",71.8946370901963,0.537089479012123,1508.9555926824,10.2396550522755,53.233188305922,0.398708883260581,0.311726535,"TB",18,94825.5471019018,50929.8,"TB18a",2.143355824,2.128273946,1.887187449,-2.800599363,1.887187449,1.805404004,332.9303036,5123.229076,"H39","TB18H39",0.25,"18",0.275815039551888,0.25657440129708,-0.506226227836775,0.25,"TB"
"213544",125.031705263545,0.825029829512104,1806.49437877264,10.3548773332165,96.0789373854254,0.638609324095508,0.099332771,"TB",18,99334.2610272223,81953.73,"TB18a",2.421316894,2.24469199,1.904092578,-2.219953365,1.904092578,1.266575616,338.2915056,5120.717602,"H40","TB18H40",0.25,"18",0.279688060191895,0.102631122773423,-1.00290744922349,0.25,"TB"
"213832",100.805278606654,0.706291242484802,1691.16912901438,10.416675314708,76.3206681244757,0.537950636419779,0.095336585,"TB",18,97569.372044823,68912.39,"TB18a",2.241524501,2.117683911,1.241814795,-2.444039663,1.241814795,1.092483401,340.3872659,5121.026283,"H41","TB18H41",0.25,"18",0.094056829731726,0.0384148470988715,-1.02074040875698,0.25,"TB"
"214120",91.6104891667406,0.619270148699688,1574.37550755594,9.32939796175384,69.1946113240975,0.470669366704876,0.066995387,"TB",18,97339.2863786047,60279.31,"TB18a",2.242181629,2.226936364,1.126574549,-2.473551663,1.126574549,1.112255878,339.8024303,5122.936958,"H42","TB18H42",0.25,"18",0.0517599356498092,0.0462047095661546,-1.17395509982777,0.25,"TB"
"214408",78.3985875905778,0.562695071269408,1305.9391370604,8.23788824870625,59.4038973825342,0.42889597197193,0.212399504,"TB",18,97649.3474805869,54946.81,"TB18a",2.34408973,2.192245736,2.704624566,-2.433797889,2.704624566,1.669102348,337.446771,5125.506795,"H44","TB18H44",0.25,"18",0.432106988396171,0.222482968080572,-0.672846501763424,0.25,"TB"
"214696",77.1514988988881,0.522672857390851,1312.70163941835,7.92331194113492,58.3229752290584,0.397004474736862,0.260426751,"TB",18,97271.9870394593,50841.43,"TB18a",2.122507991,2.076971573,1.582136615,-2.482197018,1.582136615,1.424508581,339.4693363,5119.524463,"H45","TB18H45",0.25,"18",0.199243981423982,0.153665069700259,-0.584314407143112,0.25,"TB"
"214984",94.9629110343277,0.649327449468767,1490.32996850747,8.80529745098808,72.3805618276409,0.498733878619387,0.089370093,"TB",18,98483.8868929965,63948.29,"TB18a",2.189357398,2.171426614,1.143973348,-2.327423203,1.143973348,1.125125127,339.6724414,5121.535248,"H46","TB18H46",0.25,"18",0.0584159064925262,0.0512008237307553,-1.04880779013102,0.25,"TB"
"215272",77.8691927412332,0.570384742345408,1446.89471129381,9.44590342568732,58.3637201327417,0.429431081272485,0.234488112,"TB",18,96321.0603496997,54940.06,"TB18a",2.318337398,2.20481944,2.685648448,-2.604997701,2.685648448,1.848417387,335.5946165,5118.915439,"H47","TB18H47",0.25,"18",0.429049162805519,0.266800045024466,-0.629879170107414,0.25,"TB"
"215560",67.286277163923,0.516696885254901,1496.69961511685,10.6911269981302,49.5272982177263,0.380443539886665,0.271725495,"TB",18,93967.0239081231,48552.47,"TB18a",2.234473651,2.20342117,2.270005304,-2.914286187,2.270005304,2.05124541,334.3680953,5123.629545,"H48","TB18H48",0.25,"18",0.356026871948735,0.312017622256688,-0.565869611422516,0.25,"TB"
"215848",38.8833746861397,0.325397456985445,652.158661184473,5.38540697768485,29.4399863209117,0.245000433084745,0.458384237,"TB",18,96327.7444463925,31344.8,"TB18a",2.355786212,2.292833462,5.780772145,-2.604130307,5.780772145,4.494775347,333.6613445,5120.534109,"H49","TB18H49",0.25,"18",0.761985851554777,0.652707990174607,-0.338770325381033,0.25,"TB"
"216136",88.252461643119,0.622003449526813,1565.20272325475,9.90479250201097,66.4419180727568,0.470132927073689,0.121098075,"TB",18,96741.4741120436,60173.53,"TB18a",2.330801772,2.289580373,1.684628967,-2.550557513,1.684628967,1.518047015,333.7669324,5119.64135,"H51","TB18H51",0.25,"18",0.226504264063046,0.181285222177958,-0.916862760436819,0.25,"TB"
"216424",99.4615656927564,0.702438362742467,1488.14686785908,9.34232868071425,76.1691162661574,0.540575881065237,0.174292954,"TB",18,98696.6062464581,69328.28,"TB18a",2.301056296,2.191892098,1.993201551,-2.300453061,1.993201551,1.482915398,337.3492253,5120.542401,"H61","TB18H61",0.25,"18",0.299551216443269,0.171116374743939,-0.758720169406194,0.25,"TB"
"216712",58.5346903948784,0.440949477838195,921.050689989017,5.59886871164444,44.8351557666348,0.339445281500603,0.228959799,"TB",19,125473.851746576,55327.63,"TB19a",2.352777273,2.344985968,2.981275038,-2.336226463,2.981275038,2.897071136,337.2541067,5121.638122,"H01","TB19H01",0.25,"19",0.474402043786982,0.461959159198573,-0.640240764844035,0.25,"TB"
"217000",58.8928333924179,0.429989957458988,943.12992775983,5.48390018994107,45.0378188264945,0.330862295293719,0.063003063,"TB",19,125412.238971054,53926,"TB19a",2.265755157,2.186466983,1.135610864,-2.34236598,1.135610864,1.072269162,336.286175,5122.949048,"H02","TB19H02",0.25,"19",0.0552295386201834,0.0303038160456438,-1.2006383360756,0.25,"TB"
"217288",59.5074315173099,0.445247414546099,1094.96260804787,6.68163107015918,44.8853196407771,0.337074102047226,0.188717127,"TB",19,123165.744748692,54839.23,"TB19a",2.226327204,2.203421678,1.69467485,-2.568306684,1.69467485,1.595993294,338.59352,5118.237518,"H03","TB19H03",0.25,"19",0.229086384310968,0.203031062212133,-0.724188683703343,0.25,"TB"
"217576",63.8621608217986,0.469356446834538,1101.47475773793,6.50426568748546,48.4646586358861,0.358166800568869,0.322605848,"TB",19,124260.40985128,58322.42,"TB19a",2.230012688,2.227883753,2.576930569,-2.457700729,2.576930569,2.557648755,337.443705,5125.39953,"H05","TB19H05",0.25,"19",0.411102717384282,0.407840902050639,-0.491327764252976,0.25,"TB"
"217864",56.0548492810257,0.425627584605566,905.069529272049,5.9942567086296,42.7690991857718,0.324273379647314,0.36095643,"TB",19,124037.751028108,52793.89,"TB19a",2.29811062,2.238089826,3.666302929,-2.480119228,3.666302929,2.924391348,333.6072071,5119.525137,"H11","TB19H11",0.25,"19",0.564228345775641,0.466035490346076,-0.442545217353492,0.25,"TB"
"218152",35.4517920884644,0.267379978450012,641.715175065612,4.06669027358694,26.7851466863129,0.202148140707674,0.339685202,"TB",19,122982.136697822,32882.96,"TB19a",2.174831772,2.117802733,2.225271339,-2.586954832,2.225271339,1.859885261,337.8379387,5123.758937,"H14","TB19H14",0.25,"19",0.347382974348701,0.269486152792333,-0.468923372263699,0.25,"TB"
"218440",34.5079339753218,0.290776457939871,707.400445843903,5.59533947229012,25.739128750019,0.214725988456708,0.006655931,"TB",19,119809.56194605,34837.8,"TB19a",2.592633348,2.496062656,1.024213431,-2.913650036,1.024213431,1.010916177,333.4884993,5124.979054,"H15","TB19H15",0.25,"19",0.0103904666467279,0.00471514631743021,-2.176791188892,0.25,"TB"
"218728",53.4123103934357,0.40426668343448,950.290777744484,6.22446607789909,40.352742583595,0.305264726920826,0.363542795,"TB",19,122814.800636538,49649.93,"TB19a",2.234429168,2.216112673,2.903607674,-2.603974581,2.903607674,2.716770087,334.188499,5120.737399,"H16","TB19H16",0.25,"19",0.462937935537931,0.434052886790318,-0.439444458151871,0.25,"TB"
"219016",54.672853261531,0.423398297109013,890.777075652134,6.1805717780226,41.6863309837321,0.321420254602925,0.141383648,"TB",19,123544.507233887,52308.53,"TB19a",2.31936707,2.218181553,1.810529778,-2.529925346,1.810529778,1.407776735,332.6898532,5123.195705,"H17","TB19H17",0.25,"19",0.257805672105105,0.148533783750729,-0.849600816805215,0.25,"TB"
"219304",52.137099743929,0.424711290836933,712.183556395871,4.86731257380143,40.5761214690855,0.330313521658611,0.078486681,"TB",19,126911.05504585,53900.56,"TB19a",2.373644848,2.332299613,1.450037643,-2.193862677,1.450037643,1.334821977,338.7932727,5125.243759,"H18","TB19H18",0.25,"19",0.161379276672893,0.12542334842571,-1.10520403572575,0.25,"TB"
"219592",41.6106231807295,0.288874816644762,739.598072381635,4.18794149715136,31.4475897743258,0.219448531523897,0.273685455,"TB",19,123639.007701807,35716.2,"TB19a",2.328113633,2.209491873,3.190661872,-2.520367622,3.190661872,2.102992856,336.7081854,5119.608162,"H20","TB19H20",0.25,"19",0.503880782599869,0.32283779736295,-0.562748282535399,0.25,"TB"
"219880",59.3209225781594,0.456856208793393,839.260884368445,5.80669643377471,45.9055637080126,0.351654889978673,0.150337696,"TB",19,125459.787558498,57317.08,"TB19a",2.305873475,2.284832593,1.817207031,-2.337627649,1.817207031,1.71248571,337.7393212,5119.904077,"H23","TB19H23",0.25,"19",0.259404408485201,0.233626956167944,-0.822932109817965,0.25,"TB"
"220168",58.5025257530275,0.410567859023851,1069.29678394542,5.638452351244,44.1527797640818,0.313588075498916,0.025353432,"TB",19,124385.110104377,51068.53,"TB19a",2.332134812,2.305685437,1.039933554,-2.445162773,1.039933554,1.03216987,339.9228803,5118.891658,"H27","TB19H27",0.25,"19",0.0170055911708665,0.0137511774584788,-1.59596324351898,0.25,"TB"
"220456",82.9557509294032,0.594759261527508,1224.57991991229,6.86167964703076,63.9801862540135,0.462257940057286,0.067280293,"TB",19,126817.13040716,75425.66,"TB19a",2.52837487,2.42895338,1.983577568,-2.203117132,1.983577568,1.511129187,336.2861908,5124.091229,"H28","TB19H28",0.25,"19",0.297449188271571,0.179301593924027,-1.1721121258902,0.25,"TB"
"220744",47.5183835421535,0.338037439007487,1039.23167415952,5.66564013493674,35.2109983196269,0.253097859955141,0.500408411,"TB",19,121662.366484468,41126.44,"TB19a",2.324310508,2.248804738,5.543900373,-2.721822262,5.543900373,4.107019341,335.8514961,5123.95625,"H31","TB19H31",0.25,"19",0.743815417158383,0.613526748061784,-0.300675399178082,0.25,"TB"
"221032",36.4477556619309,0.266240858833691,572.983690991511,3.56110236639088,27.8910309156396,0.203889949760117,0.277980804,"TB",19,124750.503643571,33213.68,"TB19a",2.296745449,2.259883697,2.880237376,-2.408496618,2.880237376,2.52373592,338.2827504,5124.457219,"H33","TB19H33",0.25,"19",0.459428281800436,0.402043909016237,-0.555985193307516,0.25,"TB"
"221320",81.4740883025573,0.606395881870715,1158.9684665047,7.34553718127417,62.9544308531623,0.469009457206139,0.190053463,"TB",19,126131.860071416,76485.84,"TB19a",2.267453962,2.142759566,1.916479272,-2.270845413,1.916479272,1.39549831,340.6558018,5119.550998,"H34","TB19H34",0.25,"19",0.282504126431643,0.144729314878309,-0.721124212627103,0.25,"TB"
"221608",48.5737161247563,0.385830903052153,740.697292696972,5.34864116054452,37.2845915592984,0.294418064081944,0.301538944,"TB",19,124255.610529776,47941.66,"TB19a",2.419932909,2.31199749,4.991797499,-2.458183527,4.991797499,3.278101124,335.4446221,5125.321682,"H35","TB19H35",0.25,"19",0.698256959116139,0.515622346707875,-0.520656590415764,0.25,"TB"
"221896",43.2169564617611,0.314770442407744,794.12206800433,4.75410181690249,32.5594178256704,0.238143416329938,0.084791183,"TB",19,123077.751658193,38741.24,"TB19a",2.313444479,2.282538528,1.334146929,-2.577240229,1.334146929,1.266153905,337.4360339,5118.94361,"H36","TB19H36",0.25,"19",0.125203660869956,0.102486498753817,-1.07164930544999,0.25,"TB"
"222184",39.9533195701061,0.29575020825591,824.403802067801,4.91491691055148,29.7721794129407,0.221624636117907,0.544624329,"TB",19,121777.372676728,36015.68,"TB19a",2.291359569,2.226771335,5.270492994,-2.710011721,5.270492994,4.080217767,333.9156272,5126.209489,"H37","TB19H37",0.25,"19",0.721851240366245,0.610683342619928,-0.263902962124864,0.25,"TB"
"222472",72.1308507012051,0.545618744779261,944.898292834799,5.97806072615269,56.2576500216187,0.426259691853252,0.083656788,"TB",19,127546.583866275,69591.81,"TB19a",2.439017871,2.394987999,1.776980476,-2.131422997,1.776980476,1.579872968,333.9079391,5118.445252,"H38","TB19H38",0.25,"19",0.249682656160932,0.198622168274328,-1.07749881415959,0.25,"TB"
"222760",51.7706797863833,0.38651891537712,976.760603143319,5.69284902473041,38.9367172920148,0.293161509554136,0.01273489,"TB",19,123421.949152101,47704.92,"TB19a",2.533699683,2.3596318,1.053517682,-2.542331696,1.053517682,1.012834878,333.7260461,5123.662947,"H39","TB19H39",0.25,"19",0.022641829104618,0.00553864830334515,-1.89500480198418,0.25,"TB"
"223048",77.1276296693863,0.547321006060856,1095.22464314128,6.12902120466829,59.6456545876677,0.426657421528889,0.09039402,"TB",19,127237.674726222,69639.85,"TB19a",2.26972432,2.245088096,1.271292425,-2.161733866,1.271292425,1.2255668,332.7201681,5122.279363,"H40","TB19H40",0.25,"19",0.104245459253088,0.0883369876246143,-1.04386029924703,0.25,"TB"
"223336",60.6607297002557,0.440197656639138,899.289219913233,5.28921855419591,46.7482040481358,0.340741817979229,0.145220041,"TB",19,126245.61544533,55573.02,"TB19a",2.236347228,2.225057268,1.484856336,-2.259577036,1.484856336,1.448036217,338.4292882,5121.238342,"H41","TB19H41",0.25,"19",0.17168443648106,0.160779424186095,-0.837973444964367,0.25,"TB"
"223624",72.2051239903589,0.531622662326691,973.375569603453,5.72370637436873,56.1922832849959,0.416052550363608,0.037145615,"TB",19,127794.735165467,67938.58,"TB19a",2.608996187,2.393499697,1.658045723,-2.107126951,1.658045723,1.136361829,339.0332925,5120.044235,"H42","TB19H42",0.25,"19",0.219596502675532,0.0555166371125945,-1.43009244687524,0.25,"TB"
"223912",75.3919780498542,0.537474229765891,970.775265011824,5.65691027518366,58.8469029616384,0.421587349025491,0.038269758,"TB",19,128117.263240683,68859.73,"TB19a",2.511283119,2.399607109,1.350424022,-2.075619221,1.350424022,1.151230436,336.2431424,5117.957197,"H46","TB19H46",0.25,"19",0.130470154791987,0.0611622628709739,-1.41714428404142,0.25,"TB"
"224200",56.0003428461409,0.415926933393165,1188.34593645829,7.31004724020622,41.6202229408663,0.309940849230688,0.175876617,"TB",19,121022.26162502,50336.42,"TB19a",2.307345763,2.222684674,2.046875458,-2.787762403,2.046875458,1.605407427,332.6797522,5123.79535,"H47","TB19H47",0.25,"19",0.311091418847743,0.20558526779589,-0.754791896659123,0.25,"TB"
"224488",61.306522192536,0.464304741542547,1043.63929061208,6.63474413136753,46.5795411220588,0.35322635622116,0.120121717,"TB",19,123837.496100029,57498.34,"TB19a",2.277953431,2.272966902,1.47146224,-2.500316381,1.47146224,1.455287215,340.8377834,5120.781436,"H48","TB19H48",0.25,"19",0.167749121909604,0.162948713995392,-0.920378468695034,0.25,"TB"
"224776",15.3324408197467,0.113516508741045,357.119621582749,2.14246432620248,11.2767321577075,0.0839896278391726,0.56019187,"TB",19,120067.706901488,13629.67,"TB19a",2.24064669,2.172036504,4.425027733,-2.886746168,4.425027733,3.391279309,334.8152934,5122.782933,"H50","TB19H50",0.25,"19",0.645915996898505,0.530363560159101,-0.251663198332441,0.25,"TB"
"225064",63.1402091889807,0.465948733506869,1026.20295732895,6.41446225378817,48.1479648079933,0.355801694718924,0.09176445,"TB",19,124351.791030559,57941.56,"TB19a",2.236132821,2.215357377,1.216640842,-2.4485116,1.216640842,1.184907382,339.8445912,5122.959382,"H51","TB19H51",0.25,"19",0.0851623914113924,0.0736844051492336,-1.03732553403896,0.25,"TB"
"225352",67.0347867319375,0.477504475166914,1286.20220626756,7.26543172476146,50.3088462778074,0.360994958442088,0.02270937,"TB",19,122976.732332139,58721.94,"TB19a",2.394418024,2.348099099,1.053431792,-2.587504148,1.053431792,1.036647431,335.8236329,5119.379738,"H52","TB19H52",0.25,"19",0.0226064209911045,0.0156310757656365,-1.64379491374674,0.25,"TB"
"225640",44.9624749447689,0.374110262203215,516.863739284125,4.19570318357747,35.4620104057086,0.291589040251277,0.068778515,"TB",19,127216.317669863,47592.93,"TB19a",2.283747821,2.253623936,1.183580142,-2.163832188,1.183580142,1.145432562,338.4191694,5120.540054,"H54","TB19H54",0.25,"19",0.0731976699963942,0.0589695249410199,-1.1625472052844,0.25,"TB"
"225928",34.4448945021516,0.263659634151143,534.991354901619,3.44163579549652,26.4181276945418,0.202406104797516,0.153045893,"TB",19,125088.909442595,32980.9,"TB19a",2.367481744,2.192792299,2.232262139,-2.374634266,2.232262139,1.389773095,334.421062,5124.600045,"H57","TB19H57",0.25,"19",0.348745193328434,0.142943899798362,-0.815178320240898,0.25,"TB"
"226216",1888.89831554316,0.420633070352576,37179.4216099626,4.89811453487425,1408.54603565857,0.326620132346083,0.054818392,"TB",19,126686.2393281,53288.42,"TB19a",2.352191269,2.249833615,1.204147277,-2.216025352,1.204147277,1.091813907,335.3055639,5121.137147,"H65","TB19H65",0.25,"19",0.0806796079157764,0.0381486218392354,-1.26107370786564,0.25,"TB"
"226504",69.8602946251656,0.520515502036689,1025.31790456222,6.62355208129804,53.7607776367736,0.400608378474033,0.106776714,"TB",19,125443.492584775,65295.28,"TB19a",2.319806949,2.282894395,1.517916336,-2.33925128,1.517916336,1.399753947,335.0098562,5120.005353,"H67","TB19H67",0.25,"19",0.181247834922531,0.146051700784205,-0.971523448468055,0.25,"TB"
"226792",74.8671693333652,0.5383671222571,1061.00929305846,6.07123224052894,57.9355347546935,0.419382966034366,0.153394222,"TB",19,127138.449768321,68447.16,"TB19a",2.271810083,2.169007505,1.674945751,-2.171485662,1.674945751,1.329570329,335.3636587,5118.751545,"H68","TB19H68",0.25,"19",0.224000745448755,0.123711314731737,-0.814190998931866,0.25,"TB"
"227080",67.9081679278474,0.517332353443081,943.081349582189,6.2025862022507,52.6417373145502,0.400535866141331,0.185135603,"TB",19,126276.000128779,65326.66,"TB19a",2.319229781,2.282957855,2.213955756,-2.256568909,2.213955756,1.971157763,337.9440625,5122.162478,"H70","TB19H70",0.25,"19",0.345168937628046,0.294721384735267,-0.73251005504723,0.25,"TB"
"227368",64.4184407195643,0.467563519960507,883.257480485609,5.36176334378192,49.9822089549873,0.363618529229886,0.051154137,"TB",19,126902.236973089,59334.86,"TB19a",2.30448417,2.275865363,1.124049034,-2.194731236,1.124049034,1.098940993,340.0164721,5124.797253,"J12","TB19J12",0.25,"19",0.0507852567233825,0.0409743738589054,-1.29111923773641,0.25,"TB"
"227656",77.9233681505568,0.504893282838171,1375.93982195398,9.28027593846045,58.6215407471935,0.376844473524768,0.147863717,"TM",17,106223.724325503,53631.64504,"TM17a",2.262253276,2.106349339,1.596687313,-2.404461559,1.596687313,1.193159104,-87.47297348,-27.54013091,"TM01","TM17H01",0.25,"17",0.203219874476111,0.0766983593300607,-0.830138380701066,0.25,"TM"
"227944",110.79694560773,0.684055951685983,1687.91828551843,11.3409935450099,84.6276332285609,0.515862983608238,0.12423139,"TM",17,107448.288986952,73500.64171,"TM17a",2.35576973,2.270497728,1.838692335,-2.261183779,1.838692335,1.47355119,-85.06822081,-29.87201228,"TM02","TM17H02",0.25,"17",0.264509065621921,0.168365227493966,-0.905768655517292,0.25,"TM"
"228232",20.7454626839754,0.163117955479829,382.699457548269,2.93856022126189,15.5151112973942,0.121993635637248,0.247776705,"TM",17,106461.199313814,17365.73318,"TM17a",2.233995611,2.198225311,2.106997056,-2.376547605,2.106997056,1.885285447,-87.30294046,-33.61273865,"TM03","TM17H03",0.25,"17",0.323663928790897,0.275377115110318,-0.605939526715066,0.25,"TM"
"228520",85.572850692843,0.629583520053984,1405.3583836912,9.98580712557873,64.7431266616142,0.476890923515251,0.024150326,"TM",17,107978.212190451,67981.30287,"TM17a",2.517142609,2.30755759,1.159475153,-2.199686671,1.159475153,1.029683586,-88.10452468,-30.7545646,"TM04","TM17H04",0.25,"17",0.0642614463499328,0.0127037897870984,-1.61707700242611,0.25,"TM"
"228808",92.486602755914,0.63628121399694,1494.98455533344,10.2980360492129,70.1512461911011,0.480991340739343,0.134221674,"TM",17,107736.057441309,68550.42947,"TM17a",2.281085185,2.201669255,1.578985026,-2.227750977,1.578985026,1.330911221,-86.69567969,-28.04213315,"TM05","TM17H05",0.25,"17",0.198378011479854,0.124149086642417,-0.872177349006323,0.25,"TM"
"229096",85.938547657816,0.669063515855727,1570.98158794938,11.8157380643198,64.3460060076615,0.501379629707076,0.172664282,"TM",17,106696.771559419,71386.91718,"TM17a",2.238535312,2.118546541,1.653627659,-2.34891876,1.653627659,1.280364778,-85.35160918,-34.55196864,"TM06","TM17H06",0.25,"17",0.218437727800784,0.107333718478467,-0.762797492974774,0.25,"TM"
"229384",107.245741806181,0.63963882673359,1502.81968760091,9.83772663340741,82.5940946121014,0.486001391007258,0.055769433,"TM",17,108348.193782903,69303.71173,"TM17a",2.420402715,2.326516374,1.349574081,-2.156929298,1.349574081,1.173100123,-87.4891671,-25.89647841,"TM07","TM17H07",0.25,"17",0.130196728897334,0.0693350803258854,-1.25360377089705,0.25,"TM"
"229672",99.4915859270239,0.626129842073233,1658.07839865268,11.1581825313561,75.2937416088496,0.468781198420002,0.055899058,"TM",17,106589.394508039,66738.80069,"TM17a",2.546909464,2.225106719,1.833950914,-2.361504792,1.833950914,1.078229744,-85.56212625,-32.17960322,"TM08","TM17H08",0.25,"17",0.263387707525811,0.0327113080870295,-1.25259551069764,0.25,"TM"
"229960",110.812438632577,0.701849638695708,1936.57557597384,13.0212670597727,83.4539215733398,0.523361596581136,0.261429508,"TM",17,106113.774067624,74475.91398,"TM17a",2.349524093,2.232990222,3.31803461,-2.417406784,3.31803461,2.190211752,-89.43240158,-29.12710573,"TM09","TM17H09",0.25,"17",0.520880911782864,0.340486104922064,-0.5826453944207,0.25,"TM"
"230248",103.072975082965,0.65018009794684,1779.92716612822,11.7513549217172,77.7044227368585,0.486101467230424,0.039369075,"TM",17,106422.489966245,69193.7851,"TM17a",2.468654207,2.311234488,1.269421877,-2.381093438,1.269421877,1.079388178,-89.40001434,-31.75047227,"TM10","TM17H10",0.25,"17",0.103605978599421,0.0331776571445357,-1.4048447890989,0.25,"TM"
"230536",89.8392345238769,0.57597420750711,1582.4320323903,10.7870690445619,67.6075434621497,0.429093248386271,0.193844259,"TM",17,106002.760912252,61054.85625,"TM17a",2.304003242,2.229137025,2.183682562,-2.430490767,2.183682562,1.738309899,-85.96696676,-29.45097814,"TM11","TM17H11",0.25,"17",0.339189506014565,0.240127203314073,-0.712547056774602,0.25,"TM"
"230824",61.5137504570809,0.421768844029088,1145.19364798714,7.96723394920458,46.0249382052629,0.313942328730791,0.137731466,"TM",17,105901.579555553,44665.98708,"TM17a",2.351810561,2.269757813,1.957432002,-2.442427918,1.957432002,1.559144268,-89.89391977,-27.58871177,"TM12","TM17H12",0.25,"17",0.291686684308981,0.192886302422642,-0.860966829902525,0.25,"TM"
"231112",99.87944701096,0.645614506976818,1380.42103408467,9.43923253836011,77.0297802905805,0.493032589896029,0.016750933,"TM",17,108959.658758916,70345.9366099999,"TM17a",2.635170024,2.40594213,1.2009214,-2.086583636,1.2009214,1.032328324,-89.18949726,-30.85982314,"TM13","TM17H13",0.25,"17",0.0795145838697381,0.0138178432450323,-1.77596099845,0.25,"TM"
"231400",104.727999935955,0.676243628324561,1549.99386527688,10.6816483405244,80.2070113972801,0.512446303463722,0.039749308,"TM",17,108027.803856717,73053.11413,"TM17a",2.536428776,2.280929033,1.447506282,-2.193947053,1.447506282,1.06338488,-86.65519564,-29.02184719,"TM14","TM17H14",0.25,"17",0.160620457188431,0.0266904808989327,-1.40067042762128,0.25,"TM"
"231688",112.239180135605,0.691345640810547,2036.78430689169,13.5428644134467,84.231086067519,0.512734317822897,0.324675626,"TM",17,105474.835575021,72919.5678099999,"TM17a",2.33991115,2.255852611,3.905359761,-2.492900028,3.905359761,2.843072754,-87.63490968,-29.45097814,"TM15","TM17H15",0.25,"17",0.591661047181407,0.453787973393029,-0.488550313440609,0.25,"TM"
"231976",87.0961169664675,0.464309622595706,1277.03000674972,8.0228668088008,66.7587399391485,0.348701794247178,0.083243026,"TM",17,106955.637258549,49660.53161,"TM17a",2.334316932,2.235483591,1.376317442,-2.318628224,1.376317442,1.180271329,-88.42030029,-32.46299158,"TM16","TM17H16",0.25,"17",0.13871861370247,0.071981857426365,-1.07965214096382,0.25,"TM"
"232264",17.9259277414439,0.0818782789014056,292.650527667134,1.51466586372103,13.5951262440448,0.0610734676740226,0.211652378,"TM",17,106148.014670235,8691.21674999996,"TM17a",2.217008418,2.190224925,1.782963198,-2.413373957,1.782963198,1.656442599,-86.00745081,-28.04213315,"TM17","TM17H17",0.25,"17",0.251142379030389,0.219176390794807,-0.674376847688548,0.25,"TM"
"232552",107.600495454297,0.728799253627984,1781.58927959766,12.6918087945742,81.4527078505179,0.546908970225796,0.085367685,"TM",17,106862.812842224,77881.5382799999,"TM17a",2.323657366,2.214313117,1.364069037,-2.329481406,1.364069037,1.160439399,-84.37189513,-34.17951537,"TM18","TM17H18",0.25,"17",0.134836350987186,0.0646224654579434,-1.06870649561192,0.25,"TM"
"232840",109.792169766491,0.731870666965799,1934.53657747971,13.3650747014638,82.5976121102057,0.546612203985931,0.267496388,"TM",17,106300.50543293,77798.2216799999,"TM17a",2.24126939,2.171551055,2.293186977,-2.395429517,2.293186977,1.839749804,-85.93457952,-30.60072521,"TM19","TM17H19",0.25,"17",0.360439466752953,0.264758765329993,-0.572682077875498,0.25,"TM"
"233128",101.759496974353,0.645486401206157,1457.33582184178,9.69642077112336,78.1697339272553,0.491601669518165,0.041805186,"TM",17,108632.296852377,70120.6706199999,"TM17a",2.427881795,2.361258706,1.221126164,-2.124195568,1.221126164,1.13233977,-82.64727453,-27.41058194,"TM20","TM17H20",0.25,"17",0.0867605365889508,0.0539767608588171,-1.3787698399599,0.25,"TM"
"233416",119.724236302763,0.732388698777838,2273.68189513012,14.9730079153603,89.4264969501816,0.540858400880096,0.058365413,"TM",17,104975.39332365,76882.79173,"TM17a",2.306435287,2.20462359,1.161302162,-2.552230351,1.161302162,1.072136781,-88.45268753,-25.96125289,"TM21","TM17H21",0.25,"17",0.0649452345668151,0.0302501952859462,-1.23384443701479,0.25,"TM"
"233704",69.1728679490956,0.427584252254454,1173.29946091847,7.47730285447105,52.2154521041624,0.320736261334384,0.095968718,"TM",17,106813.402479614,45671.72885,"TM17a",2.295094615,2.193810581,1.362976085,-2.335262393,1.362976085,1.170201321,-85.61070711,-24.15161579,"TM22","TM17H22",0.25,"17",0.134488235699932,0.068260584035071,-1.01787030668883,0.25,"TM"
"233992",105.516628719325,0.658769171054867,1823.287174405,12.4472369971424,79.573073073173,0.490340748112994,0.098706091,"TM",17,105898.690900017,69762.79293,"TM17a",2.273661397,2.249582111,1.326338593,-2.442768881,1.326338593,1.273334793,-84.17757168,-32.73018632,"TM23","TM17H23",0.25,"17",0.122654406648149,0.10494260603876,-1.0056560468636,0.25,"TM"
"234280",86.9606364332711,0.581213528059799,1509.57194881996,10.5679713755687,65.5347935430451,0.434278981176597,0.058759556,"TM",17,106351.677508856,61813.03361,"TM17a",2.488310624,2.271083465,1.613687264,-2.389413581,1.613687264,1.123978918,-80.44089372,-28.83157215,"TM24","TM17H24",0.25,"17",0.20781937135303,0.0507581654304331,-1.23092149449306,0.25,"TM"
"234568",92.3080266319556,0.549678370257713,1537.24600582717,10.0585713378676,69.8749163316507,0.410454073541727,0.157674078,"TM",17,106276.28715427,58417.77634,"TM17a",2.32776611,2.231603055,2.00953322,-2.398277697,2.00953322,1.537969639,-86.25035512,-25.4187666,"TM26","TM17H26",0.25,"17",0.303095189997294,0.186947762159227,-0.802239699866484,0.25,"TM"
"234856",76.6089545420325,0.508698135259708,1584.14818162362,10.6688372570384,56.7109060730848,0.374708149539019,0.055500702,"TM",17,104677.981869964,53249.49424,"TM17a",2.246380117,2.164426507,1.091464006,-2.587695038,1.091464006,1.047258719,-88.54984925,-24.19614824,"TM27","TM17H27",0.25,"17",0.0380094182372491,0.0200539847867303,-1.25570152367375,0.25,"TM"
"235144",126.373400745597,0.796130629711274,1805.48299793783,12.1817829259538,97.1238038246314,0.6052159543751,0.096686711,"TM",17,108410.121805389,86308.61869,"TM17a",2.387944149,2.27394604,1.698408827,-2.149786778,1.698408827,1.315353694,-84.36987092,-28.37612657,"TM28","TM17H28",0.25,"17",0.230042238286669,0.119042548794135,-1.01463321294874,0.25,"TM"
"235432",55.2324291982826,0.415524198692441,884.773905175362,6.68140629453635,41.9431200513085,0.314316986515865,0.086546562,"TM",17,107814.193688294,44799.40649,"TM17a",2.318800253,2.236789812,1.359997402,-2.21868856,1.359997402,1.195615544,-82.3881766,-28.98136314,"TM29","TM17H29",0.25,"17",0.133538078739231,0.0775915525946974,-1.06275017948223,0.25,"TM"
"235720",115.991533178175,0.741259081268785,1842.00586925343,12.4522236974598,88.1838442268539,0.558265803274626,0.170209885,"TM",17,107291.233038077,79530.6009,"TM17a",2.252113087,2.206188853,1.699131307,-2.279468254,1.699131307,1.512586218,-81.72423815,-28.6332003,"TM30","TM17H30",0.25,"17",0.230226941966179,0.179720138983653,-0.769015221711522,0.25,"TM"
"236008",98.7230569904859,0.637509903236977,1732.36169696647,11.7736092743755,74.3178948102813,0.475601652343281,0.09147559,"TM",17,106167.717672051,67682.9715,"TM17a",2.251348831,2.111990048,1.24160393,-2.411053945,1.24160393,1.081629178,-81.44084979,-26.34989979,"TM31","TM17H31",0.25,"17",0.093983078571501,0.0340783942720002,-1.03869478071626,0.25,"TM"
"236296",92.8140077531439,0.591967631731312,1645.89035567259,11.1817390012246,69.8047345767505,0.440631467668916,0.183495582,"TM",17,105902.167077362,62690.66,"TM17a",2.23420752,2.180742794,1.699899238,-2.442358569,1.699899238,1.487041727,-80.08868247,-31.44279348,"TM32","TM17H32",0.25,"17",0.23042317921503,0.172323155174,-0.736374387739517,0.25,"TM"
"236584",71.1669184977249,0.493051481063313,1306.9231870457,9.10882758506128,53.3117938803831,0.367818809017609,0.290965162,"TM",17,106163.710485393,52344.17491,"TM17a",2.2303587,2.125230839,2.366773645,-2.411525753,2.366773645,1.708606233,-84.69576754,-27.31342022,"TM33","TM17H33",0.25,"17",0.37415672458385,0.232641986337237,-0.536159007085908,0.25,"TM"
"236872",113.344718962622,0.717415701953448,1637.95820611568,10.8134377967338,86.9824302926063,0.546198212418082,0.048162413,"TM",17,108591.489352508,77905.23974,"TM17a",2.412517869,2.327712231,1.254463916,-2.128892048,1.254463916,1.13284975,-84.16542646,-30.68574172,"TM34","TM17H34",0.25,"17",0.0984581735761231,0.0541723131529344,-1.31729176248253,0.25,"TM"
"237160",92.0181354057231,0.58924706827444,1512.3513750772,10.4488104169335,69.7273088483794,0.441386632252877,0.043479982,"TM",17,106648.304426916,62842.20082,"TM17a",2.394964371,2.340107833,1.184921077,-2.354598188,1.184921077,1.120719486,-83.0925991,-28.43078004,"TM35","TM17H35",0.25,"17",0.0736894246373803,0.0494969230968506,-1.3617106443765,0.25,"TM"
"237448",69.7594490913722,0.44517793868685,1205.74473788476,7.82856035298407,52.5816833249074,0.333747095431798,0.111092782,"TM",17,106747.153981114,47521.47799,"TM17a",2.322105222,2.220292705,1.561688311,-2.343017629,1.561688311,1.271586923,-81.12507419,-28.05832677,"TM36","TM17H36",0.25,"17",0.193594359681973,0.10434605298122,-0.954314157435409,0.25,"TM"
"237736",64.0687229930498,0.43260236460318,1150.35358366722,7.90054417050694,48.1191913393716,0.323095392519119,0.047058945,"TM",17,106299.660525854,45985.48441,"TM17a",2.314682055,2.186110196,1.114776939,-2.395528871,1.114776939,1.040819416,-82.91446927,-24.2366323,"TM37","TM17H37",0.25,"17",0.0471879760363889,0.017375385189781,-1.32735781336515,0.25,"TM"
"238024",87.6361663911109,0.529845786562839,1189.70896081871,7.42833287722875,67.6614456478079,0.406325412963819,0.087494264,"TM",17,109468.797942628,58001.58147,"TM17a",2.286199339,2.174851395,1.289213097,-2.028310539,1.289213097,1.123488203,-83.35169703,-31.79905313,"TM39","TM17H39",0.25,"17",0.110324708821322,0.0505685165425073,-1.05802041777544,0.25,"TM"
"238312",126.741641841452,0.792307640519823,2018.37098015309,13.519106991995,96.3445822234889,0.595781639785928,0.098301677,"TM",17,107105.360165812,84860.39503,"TM17a",2.246603414,2.186911024,1.265392515,-2.301142213,1.265392515,1.16873142,-82.09669143,-32.98118744,"TM40","TM17H40",0.25,"17",0.102225261209102,0.067714719704648,-1.00743907315837,0.25,"TM"
"238600",30.2572883968479,0.218248105013997,528.408224414038,3.79715743563862,22.7682486900368,0.163794138756117,0.059639725,"TM",17,106873.953927362,23325.03791,"TM17a",2.446617352,2.289156949,1.472468734,-2.328178276,1.472468734,1.146857777,-79.78505208,-30.21207831,"TM41","TM17H41",0.25,"17",0.168046081866316,0.05950956393979,-1.22446436775522,0.25,"TM"
"238888",104.201893538011,0.625598991693866,1726.62842982193,11.19728814419,78.9117725004864,0.468180203628738,0.126950133,"TM",17,106537.927594063,66650.0203,"TM17a",2.215826342,2.109546602,1.332758368,-2.367541901,1.332758368,1.149210412,-85.81717577,-23.56054863,"TM42","TM17H42",0.25,"17",0.124751418013595,0.0603995521038127,-0.896366839799035,0.25,"TM"
"239176",32.0889449338205,0.138248612007578,498.468076823342,2.72209123117479,24.4423548562157,0.102479094087527,0.2442586,"TM",17,105414.768064371,14573.4453,"TM17a",2.131932162,2.127347491,1.558888116,-2.500020759,1.558888116,1.541629639,-82.76872668,-33.68560994,"TM43","TM17H43",0.25,"17",0.192814946268068,0.187980051368732,-0.612150136445248,0.25,"TM"
"239464",75.7110443995844,0.520021305550516,1357.71696650634,9.36970324303385,56.8502110195937,0.388910219088908,0.079033211,"TM",17,106459.241706246,55361.07388,"TM17a",2.319548809,2.271992897,1.308781781,-2.376777457,1.308781781,1.216554435,-82.38007979,-25.4187666,"TM44","TM17H44",0.25,"17",0.116867240738741,0.0851315463052323,-1.10219037297344,0.25,"TM"
"239752",103.072430356392,0.689467921426671,1858.64779226635,12.6640536950381,77.3516292480772,0.514643965073167,0.118103841,"TM",17,106231.948773544,73243.52094,"TM17a",2.302007527,2.196550949,1.541386281,-2.403493775,1.541386281,1.253917584,-84.47715366,-26.39848065,"TM46","TM17H46",0.25,"17",0.187911489259752,0.0982689926428089,-0.927735977932809,0.25,"TM"
"240040",76.8746970880352,0.53466508598449,1492.86387661887,10.7520827792961,57.2723981082019,0.39549357759899,0.315030136,"TM",17,105167.776845693,56229.53862,"TM17a",2.166515224,2.111713634,2.042500825,-2.529343148,2.042500825,1.735132568,-86.76045417,-26.38228703,"TM47","TM17H47",0.25,"17",0.310162240623241,0.239332661462021,-0.501647899313612,0.25,"TM"
"240328",110.085917440887,0.672947577225155,1658.42055455469,10.848019511205,84.1483842026466,0.508912360349224,0.031625423,"TM",17,107783.920582765,72532.92817,"TM17a",2.50222185,2.331243796,1.233546694,-2.222198923,1.233546694,1.061044579,-83.86989289,-33.42651201,"TM48","TM17H48",0.25,"17",0.091155593682033,0.0257336308447868,-1.49996365695171,0.25,"TM"
"240616",120.696259295497,0.746434664128817,2158.22970802736,14.2020420204607,90.685881375819,0.555206558698091,0.252810805,"TM",17,105816.919277437,78985.41663,"TM17a",2.312387524,2.186509121,2.805861534,-2.452424716,2.805861534,1.847223164,-82.64727453,-23.44314488,"TM49","TM17H49",0.25,"17",0.448066235294086,0.266519365954108,-0.59720436847669,0.25,"TM"
"240904",91.9470130625166,0.58605122425593,1638.48670285809,10.7024650164075,69.0826254645746,0.437702917218301,0.117255125,"TM",17,106300.201111421,62297.36287,"TM17a",2.267172681,2.219007389,1.419516428,-2.395465301,1.419516428,1.29613501,-84.05611953,-25.60499324,"TM50","TM17H50",0.25,"17",0.152140422961534,0.11265024153776,-0.930868166006677,0.25,"TM"
"241192",70.5571844003647,0.40558102591085,1122.64903826427,7.30498968256695,53.6570070268231,0.303334717402185,0.229303225,"TM",17,106463.673819621,43179.65,"TM17a",2.229901267,2.162341201,1.961392065,-2.376257066,1.961392065,1.619598587,-78.92274178,-27.44296918,"TM51","TM17H51",0.25,"17",0.292564413987524,0.209407389201358,-0.63958983715905,0.25,"TM"
"241480",109.362613499721,0.676003086353628,1917.13310896893,12.7859188962611,82.3595263780047,0.503117055053757,0.096948608,"TM",17,105886.673618758,71579.71826,"TM17a",2.336263186,2.236353416,1.494240646,-2.444187451,1.494240646,1.239754287,-82.60679048,-29.94893198,"TM53","TM17H53",0.25,"17",0.174420545815206,0.0933356187314273,-1.01345842219393,0.25,"TM"
"241768",66.7742370560582,0.463774598734017,982.244400062599,5.92713023730599,51.4896440457369,0.356265940223679,0.146808934,"TM",18,86314.523648498,40030.48,"TM18a",2.349036264,2.230286996,2.035605312,-2.258599672,2.035605312,1.473355962,-86.4804012,-32.74185883,"H03","TM18H03",0.25,"18",0.308693575512948,0.168307684830514,-0.833247514795688,0.25,"TM"
"242056",90.417648499009,0.632900719540059,1228.20270891552,8.14050245000409,70.2074473606563,0.485875639153547,0.121901311,"TM",18,86253.1965829829,54589.71,"TM18a",2.301425406,2.234135626,1.568021897,-2.267484165,1.568021897,1.354056104,-84.02191254,-29.35468007,"H05","TM18H05",0.25,"18",0.195352123195275,0.131636659292126,-0.913991623692495,0.25,"TM"
"242344",101.087957174179,0.677846724599908,1821.97949153571,9.8843878050091,76.4032567449145,0.513890716447035,0.063444208,"TM",18,85058.8190922238,57656.84,"TM18a",2.276330728,2.233843938,1.149211032,-2.441785547,1.149211032,1.106895501,-87.30371416,-27.4876554,"H11","TM18H11",0.25,"18",0.0603997864059938,0.0441066222506686,-1.19760801972304,0.25,"TM"
"242632",74.9235937085582,0.519425993977287,1295.44027099105,8.24063693128104,56.7665781818516,0.390482043249412,0.30778289,"TM",18,84265.6529659814,43769.77,"TM18a",2.261064866,2.233138339,2.765358378,-2.55889383,2.765358378,2.503870609,-86.45006001,-29.74056873,"H14","TM18H14",0.25,"18",0.441751421898285,0.398611882346208,-0.511755526756406,0.25,"TM"
"242920",105.672816767195,0.723060722353431,1683.70982875006,8.73899655302526,80.8656000193041,0.558556601035998,0.043015651,"TM",18,86851.7156700207,62799.06,"TM18a",2.470348098,2.367390249,1.319205515,-2.181045042,1.319205515,1.146474833,-85.15253115,-25.983105,"H15","TM18H15",0.25,"18",0.120312458228534,0.059364525695535,-1.36637350008936,0.25,"TM"
"243208",116.653706842732,0.783872623241564,1974.38711499548,10.7611575862827,88.7284845061973,0.597867912148576,0.074504231,"TM",18,85630.9951512551,67123.79,"TM18a",2.38912583,2.248151495,1.459484027,-2.357981747,1.459484027,1.161824387,-80.2886458,-25.68880613,"H16","TM18H16",0.25,"18",0.164199346310179,0.0651404881914873,-1.12781906352315,0.25,"TM"
"243496",98.7734046974179,0.682809295966253,1844.99746931308,9.94708533026936,74.4026808348778,0.517703237592541,0.362270746,"TM",18,85067.9998839248,58085.22,"TM18a",2.16307877,2.126271555,2.253042909,-2.440436437,2.253042909,2.000299787,-81.18401821,-27.96900993,"H17","TM18H17",0.25,"18",0.352769462902025,0.301095088705514,-0.440966734592925,0.25,"TM"
"243784",95.4369295554902,0.663203367345419,1612.22674577096,9.20728294211447,72.563346880763,0.505265149177989,0.149681297,"TM",18,85524.3414354654,56720.03,"TM18a",2.279333752,2.212548109,1.682295492,-2.373560246,1.682295492,1.431812536,-85.38774645,-29.30011592,"H18","TM18H18",0.25,"18",0.225902281160989,0.155886160492621,-0.824832462296511,0.25,"TM"
"244072",102.275582171676,0.718510007232877,1619.60250369831,9.90398700388857,78.2441124883022,0.547792642559919,0.050320276,"TM",18,85592.3635870356,61498.97,"TM18a",2.324192475,2.323457882,1.140343546,-2.363622269,1.140343546,1.139540961,-81.22004769,-31.96618263,"H19","TM18H19",0.25,"18",0.0570357089289353,0.0567299405884019,-1.29825698550897,0.25,"TM"
"244360",81.3797217986981,0.542732653858538,1139.88155498763,6.85269000605694,62.986118208366,0.417426038459761,0.103421595,"TM",18,86430.8107251396,46908.82,"TM18a",2.372123865,2.24610112,1.700122873,-2.241770405,1.700122873,1.289458024,-87.08745223,-28.8596729,"H20","TM18H20",0.25,"18",0.23048031028267,0.110407209023867,-0.985388768687744,0.25,"TM"
"244648",107.790067601406,0.754334398985913,1705.25773040172,9.9237712659727,82.4950122532833,0.577794930649064,0.059074674,"TM",18,86037.2697271254,64900.87,"TM18a",2.29375766,2.132799599,1.149523311,-2.298815987,1.149523311,1.041277237,-83.81325652,-25.57773131,"H27","TM18H27",0.25,"18",0.0605177826831727,0.0175663745340243,-1.2285986663167,0.25,"TM"
"244936",82.2537072287025,0.583208788420452,1163.06052417343,6.17281896805289,63.6863039242296,0.456540394139696,0.007781467,"TM",18,88141.7029555128,51405.01,"TM18a",2.650418988,2.335510132,1.052773918,-1.996750875,1.052773918,1.003938329,-83.2100101,-26.48201401,"H29","TM18H29",0.25,"18",0.0223351169528306,0.0017070353213356,-2.10893851998388,0.25,"TM"
"245224",61.7387028197084,0.396375731417801,1187.69797945575,5.47390243374624,46.3190457571917,0.30214064677569,0.077702094,"TM",18,85574.567566668,33919.68,"TM18a",2.275175456,2.201186501,1.215079449,-2.366221489,1.215079449,1.121366223,-85.97203714,-24.38891619,"H31","TM18H31",0.25,"18",0.0846046755756668,0.0497474704483682,-1.10956727720435,0.25,"TM"
"245512",115.092897595973,0.793460432076213,1655.1219147625,9.89784316995612,88.8854192812423,0.61100511054481,0.129406201,"TM",18,86547.1982897869,68671.78,"TM18a",2.289044864,2.244833818,1.575746318,-2.224949252,1.575746318,1.423609257,-81.95987571,-31.52183828,"H33","TM18H33",0.25,"18",0.197486300995717,0.153390803335003,-0.88804491226425,0.25,"TM"
"245800",54.8541946892922,0.357621904632514,1189.98530973091,5.20020788705669,40.6206437539656,0.271197417843483,0.248490974,"TM",18,85085.4090754526,30428.41,"TM18a",2.296821413,2.170975945,2.614116456,-2.43787857,2.614116456,1.745862935,-87.85003919,-29.841916,"H34","TM18H34",0.25,"18",0.417324931014843,0.242010144919511,-0.604689381631596,0.25,"TM"
"246088",130.832407288533,0.87720921756902,2128.40320318113,11.4369608749351,99.9274784044793,0.672517421760084,0.09287902,"TM",18,86123.2780582995,75548.13,"TM18a",2.228233895,2.185777069,1.208581062,-2.286326433,1.208581062,1.150481519,-84.36432488,-27.79556958,"H35","TM18H35",0.25,"18",0.0822757847384043,0.0608796466806422,-1.03208237564284,0.25,"TM"
"246376",79.9296354651939,0.533767096334401,1349.0022562777,7.13229009081274,60.7831985767804,0.40821144439989,0.136430261,"TM",18,85888.5011362312,45844.46,"TM18a",2.276422328,2.191389872,1.576086731,-2.32044867,1.576086731,1.315907096,-82.45879249,-29.12860353,"H36","TM18H36",0.25,"18",0.197580112746367,0.119225228853315,-0.865089290033618,0.25,"TM"
"246664",101.682488313924,0.719830267546611,1916.71221992687,10.4157155295317,76.5286137799352,0.54614165378706,0.056250674,"TM",18,85131.9538547078,61280.56,"TM18a",2.386348336,2.235715561,1.276506765,-2.43104249,1.276506765,1.086194606,-87.66794569,-24.94240689,"H37","TM18H37",0.25,"18",0.106023120741824,0.0359076417725248,-1.24987226943478,0.25,"TM"
"246952",28.7621189017471,0.192550814497239,363.248623067161,2.16942743094258,22.5130490454656,0.14979126244583,0.006991065,"TM",18,87531.7980555294,16854.32,"TM18a",2.75383912,2.360414175,1.098493436,-2.083546457,1.098493436,1.003910606,-83.53437836,-31.51404808,"H38","TM18H38",0.25,"18",0.0407974661563959,0.00169504244108188,-2.15545665996367,0.25,"TM"
"247240",94.73923456787,0.658178080660405,1490.88867619299,8.10457458541137,72.5859779693046,0.507488063446504,0.069528603,"TM",18,86671.9166684516,57045.55,"TM18a",2.361480079,2.252099807,1.334920045,-2.20694916,1.334920045,1.146665468,-80.56939091,-28.59849923,"H39","TM18H39",0.25,"18",0.125455254423308,0.0594367338623987,-1.15783649656701,0.25,"TM"
"247528",42.9155220690493,0.254773831447539,760.48711460797,3.06283969451755,32.4621352892379,0.196915077710335,0.130465266,"TM",18,86903.2233185182,22140.67,"TM18a",2.308776241,2.213855516,1.66619186,-2.17363408,1.66619186,1.344059992,-85.41810503,-27.39020422,"H40","TM18H40",0.25,"18",0.221725008440396,0.128418653846591,-0.884505095930151,0.25,"TM"
"247816",54.5153095275632,0.362518306541997,1004.58852191772,5.03997075650126,41.0976153358209,0.276147574418454,0.023750567,"TM",18,85510.9228433097,30999.27,"TM18a",2.430767466,2.3004316,1.078135991,-2.375521624,1.078135991,1.027091415,-80.51249377,-24.79426654,"H42","TM18H42",0.25,"18",0.0326735441679256,0.0116090991603164,-1.62432601795356,0.25,"TM"
"248104",59.3639870979587,0.389767008788005,1266.48951012407,5.76595297858141,44.0695374046803,0.295066273503164,0.153649319,"TM",18,84922.9662175006,33100.17,"TM18a",2.09079742,2.01586433,1.18402883,-2.461766056,1.18402883,1.102499791,-83.87775012,-26.77045197,"H44","TM18H44",0.25,"18",0.0733622771820684,0.0423785158110278,-0.813469360270588,0.25,"TM"
"248392",92.23999530425,0.614061186563139,1458.14743807385,8.53488125370022,70.5331017760728,0.467771934786694,0.228370512,"TM",18,85513.3783554984,52510.45,"TM18a",2.257474936,2.204588577,2.133521009,-2.375162682,2.133521009,1.813228529,-82.44362069,-27.90957303,"H45","TM18H45",0.25,"18",0.329096923758653,0.258452543548906,-0.641359974429934,0.25,"TM"
"248680",105.519498180477,0.742498597621357,1519.56543444225,8.74063722308447,81.5491139324661,0.575084933357293,0.014338235,"TM",18,87106.2745265712,64676.29,"TM18a",2.56051172,2.395034295,1.083568697,-2.144461635,1.083568697,1.021745081,-87.67552141,-28.34127038,"H46","TM18H46",0.25,"18",0.0348564502956704,0.00934255555936008,-1.8435043059163,0.25,"TM"
"248968",132.051722029962,0.913065141933837,2126.20640487225,12.6356904217272,100.882911506297,0.695846006853432,0.078537463,"TM",18,85554.7075694415,78117.02,"TM18a",2.246217056,2.225134695,1.175811429,-2.369122804,1.175811429,1.149349649,-85.06904244,-32.01102025,"H47","TM18H47",0.25,"18",0.0703376772576474,0.0604521675319467,-1.10492313187762,0.25,"TM"
"249256",79.3095990056959,0.526248341871925,1309.69737716742,8.00234284182518,60.37811425907,0.397291429878561,0.04323547,"TM",18,84663.5007941618,44554.03,"TM18a",2.31024438,2.27771908,1.094286319,-2.50001581,1.094286319,1.07268719,-81.00949991,-26.49564881,"H48","TM18H48",0.25,"18",0.039130969614174,0.0304730943209898,-1.3641598155759,0.25,"TM"
"249544",110.499446912736,0.737777264187792,1786.74639295961,10.3221257280551,84.3216220183527,0.561645104289973,0.259724754,"TM",18,85450.8730347009,63043.71,"TM18a",2.19389394,2.084063515,1.925426909,-2.384302798,1.925426909,1.444259771,-87.35302132,-31.55693706,"H49","TM18H49",0.25,"18",0.284527037048354,0.159645314400764,-0.585486656403504,0.25,"TM"
"249832",113.704404995119,0.784176163313884,2058.68431352032,11.1067065448175,85.9436852653917,0.596235140405526,0.162102151,"TM",18,85334.4764360236,66917.26,"TM18a",2.206114629,2.190969839,1.472216606,-2.401341235,1.472216606,1.424516186,-87.08366874,-25.92854293,"H54","TM18H54",0.25,"18",0.16797171208703,0.153667388254715,-0.79021122228145,0.25,"TM"
"250120",57.1329615987998,0.40315228936006,873.246591896904,6.0769836702331,43.7868020766165,0.304892984256279,0.07921052,"TM",19,136638.214178171,55086.01,"TM19a",2.212232252,2.199816057,1.137234357,-2.391462088,1.137234357,1.12451006,-84.20422299,-26.04970428,"H01","TM19H01",0.25,"19",0.0558499716920964,0.050963345038832,-1.1012171356511,0.25,"TM"
"250408",72.8106985709353,0.517894640347164,1210.68021423513,7.92777173382484,55.3531778225098,0.391066522257687,0.156565189,"TM",19,136404.518576684,70643.17,"TM19a",2.161839116,2.157393741,1.324209851,-2.41285944,1.324209851,1.313841036,-82.75492753,-30.246769,"H02","TM19H02",0.25,"19",0.121956814340517,0.118542822328541,-0.805304793400632,0.25,"TM"
"250696",32.3705576440827,0.218960378060008,460.859292358865,3.05289302025519,24.9562501192991,0.166890310928332,0.035853386,"TM",19,137827.484987851,30178.76,"TM19a",2.46983412,2.223075194,1.2296774,-2.283135414,1.2296774,1.032357733,-85.56546607,-31.43168696,"H03","TM19H03",0.25,"19",0.0897911912963212,0.0138302152629242,-1.44546982321305,0.25,"TM"
"250984",67.9839432518707,0.477403127251491,1305.84818583602,7.82337857211935,50.9774754128658,0.35804247088464,0.190133333,"TM",19,135375.45791139,64628.67,"TM19a",2.256771793,2.183682742,1.856799022,-2.507519245,1.856799022,1.527320214,-87.63847653,-29.29885952,"H05","TM19H05",0.25,"19",0.268764898699415,0.183930099658895,-0.720941738637239,0.25,"TM"
"251272",48.4547544659574,0.335407648254495,653.654628320339,3.83319631750595,37.5717030527176,0.260780039132557,0.027045965,"TM",19,140906.542757606,47261.13,"TM19a",2.583492239,2.414265252,1.3228872,-2.006959677,1.3228872,1.087913906,-81.14174851,-30.35589985,"H11","TM19H11",0.25,"19",0.121522814326524,0.036594528056505,-1.56789751831885,0.25,"TM"
"251560",70.9039564705225,0.510585320264016,954.760740371927,7.29505397107636,54.9787056300291,0.388215168695031,0.110175133,"TM",19,137453.715362812,70181.85,"TM19a",2.3032486,2.279158146,1.486527115,-2.317079782,1.486527115,1.410707261,-84.3377724,-25.16102357,"H15","TM19H15",0.25,"19",0.172172835362334,0.149436901690243,-0.957916416550912,0.25,"TM"
"251848",70.5329784418233,0.497640915210704,916.710600232342,6.46627702110766,54.9412915672222,0.381981607645246,0.083741426,"TM",19,138911.020209684,69127.81,"TM19a",2.364416651,2.255636915,1.470527597,-2.185250521,1.470527597,1.212580833,-83.87489008,-31.79494899,"H16","TM19H16",0.25,"19",0.167473179208511,0.0837106991553198,-1.0770596479509,0.25,"TM"
"252136",43.7121617092936,0.33820225064416,759.667911294183,5.329693156302,33.0761035399908,0.25463852900006,0.275489569,"TM",19,135964.954025045,45983.65,"TM19a",2.208743757,2.202198527,2.108634198,-2.453205824,2.108634198,2.064880035,-85.63681473,-24.95522826,"H17","TM19H17",0.25,"19",0.32400124566213,0.314894825168718,-0.559894840411118,0.25,"TM"
"252424",56.5504990411101,0.397790865180438,890.416608280741,5.96412744224721,43.2008879223936,0.300999510690994,0.132205963,"TM",19,136719.579483884,54385.8,"TM19a",2.284127055,2.197356597,1.576642994,-2.384020805,1.576642994,1.312236006,-87.38048293,-31.0824573,"H18","TM19H18",0.25,"19",0.197733365308411,0.11801195004419,-0.878748956048623,0.25,"TM"
"252712",59.5739696340325,0.431928908569748,910.233254722478,6.41551542226789,45.670817725059,0.327137656685946,0.030883789,"TM",19,136862.116026795,59114.7,"TM19a",2.621578013,2.48910035,1.530523158,-2.37099576,1.530523158,1.202507136,-86.64597718,-31.39115445,"H25","TM19H25",0.25,"19",0.184839905194721,0.0800876622735012,-1.51026942333483,0.25,"TM"
"253000",68.2148329751133,0.487304467459726,941.35477189171,6.05823939456518,52.8326455646108,0.375704142659333,0.09528327,"TM",19,139594.776043423,68025.16,"TM19a",2.379262016,2.295605604,1.644008217,-2.123873234,1.644008217,1.35981494,-81.42250264,-29.3456106,"H27","TM19H27",0.25,"19",0.215903983878508,0.133479808366197,-1.02098334683818,0.25,"TM"
"253288",66.8584721712637,0.478157830649585,1072.26506262869,6.84647349160507,51.0289123311907,0.363481156612114,0.154474735,"TM",19,137420.821929724,65708.84,"TM19a",2.244517888,2.208267912,1.568158714,-2.320071459,1.568158714,1.441979008,-83.53952289,-27.09741032,"H28","TM19H28",0.25,"19",0.195390015699272,0.158958938069871,-0.811142541140971,0.25,"TM"
"253576",70.4015605416654,0.481395530283663,1082.55550286086,6.78561264722162,53.9383479777624,0.366516513914345,0.066328764,"TM",19,137660.409831705,66269.1,"TM19a",2.394423886,2.300685883,1.391416881,-2.298297167,1.391416881,1.195499683,-86.80838037,-24.93652333,"H31","TM19H31",0.25,"19",0.143457268017374,0.0775494652938103,-1.17829809546479,0.25,"TM"
"253864",62.7175743907885,0.446675036901859,951.020433365438,6.34269168716096,48.1382170597454,0.339831540898946,0.097645521,"TM",19,137547.93298086,61439.23,"TM19a",2.377602278,2.27847321,1.66244441,-2.308514595,1.66244441,1.331647829,-83.11764176,-25.97174605,"H33","TM19H33",0.25,"19",0.220747131969795,0.124389385386505,-1.01034767300692,0.25,"TM"
"254152",51.393861510763,0.351625720656512,1032.87067357145,5.68256982572611,38.3232975060916,0.264079333599551,0.064252138,"TM",19,135584.985424237,47675.17,"TM19a",2.420187961,2.247141597,1.44508361,-2.488187313,1.44508361,1.121608602,-88.62186541,-28.63780901,"H35","TM19H35",0.25,"19",0.159892975335581,0.0498413313882822,-1.19211241653902,0.25,"TM"
"254440",48.6840221552936,0.330172390655597,809.611501824659,4.57459160152495,36.9944573331365,0.251813953534716,0.054926157,"TM",19,137923.942336843,45538.68,"TM19a",2.434179787,2.344658865,1.376020786,-2.274390459,1.376020786,1.193443378,-83.93712437,-27.77717483,"H36","TM19H36",0.25,"19",0.138624994347834,0.07680181906503,-1.260220786052,0.25,"TM"
"254728",58.1491593927609,0.409385295167702,901.878294167303,5.30728722760176,44.5272301351481,0.314310144611837,0.054380417,"TM",19,138946.48853154,56882.65,"TM19a",2.400558259,2.26226137,1.289231714,-2.182059288,1.289231714,1.099810761,-86.56098782,-32.8941167,"H37","TM19H37",0.25,"19",0.110330980245349,0.0413179646821544,-1.26455746647811,0.25,"TM"
"255016",44.1524451289747,0.355875154349803,771.290917544889,5.88959282155955,33.4107279964775,0.266636194898666,0.385271311,"TM",19,135227.353305752,48124.06,"TM19a",2.265050144,2.246164916,3.430252404,-2.521202087,3.430252404,3.193981961,-86.55342364,-26.23992148,"H38","TM19H38",0.25,"19",0.535326077369704,0.504332458997116,-0.414233329264376,0.25,"TM"
"255304",83.3675974791325,0.571115186240573,1032.06550123453,6.88341123493987,65.2656766187179,0.441688307181329,0.012800455,"TM",19,140076.535499971,79999.83,"TM19a",2.684337175,2.316595877,1.178430579,-2.080808401,1.178430579,1.009082415,-84.22090073,-30.54300109,"H39","TM19H39",0.25,"19",0.0713040034532575,0.00392663790990058,-1.89277459281485,0.25,"TM"
"255592",54.5254442883426,0.402741218734273,932.403797156682,5.92741622679852,41.3412921063481,0.305310921585709,0.04358387,"TM",19,137001.545219053,55176.17,"TM19a",2.451627485,2.272238847,1.284680156,-2.358267784,1.284680156,1.070641728,-82.73822555,-32.80367619,"H40","TM19H40",0.25,"19",0.108795015780577,0.0296441658986937,-1.36067420949537,0.25,"TM"
"255880",39.5759883853331,0.276588959715021,624.492082296096,3.39969220309607,30.19382155005,0.213488536337811,0.023952723,"TM",19,139771.362059541,38659.22,"TM19a",2.465330868,2.299962453,1.104609429,-2.10807085,1.104609429,1.027442493,-82.29662546,-28.89659569,"H41","TM19H41",0.25,"19",0.0432087460623753,0.0117575233250459,-1.62064510785893,0.25,"TM"
"256168",79.8876188418797,0.537777780278199,1184.67516258668,7.67133287046187,61.4036055249766,0.408955686644018,0.107469082,"TM",19,137478.060197567,73932.65,"TM19a",2.320106872,2.290314389,1.524577441,-2.314866066,1.524577441,1.426064036,-83.96140386,-28.25737457,"H42","TM19H42",0.25,"19",0.183149489275216,0.154139027519376,-0.968716460846991,0.25,"TM"
"256456",38.1786721799677,0.272331716982998,729.922876777914,4.13010823707884,28.6050021622467,0.205831622742899,0.113568068,"TM",19,136545.807304265,37185.75,"TM19a",2.26306033,2.205863003,1.385704273,-2.399918556,1.385704273,1.253719509,-85.25740795,-28.89036953,"H44","TM19H44",0.25,"19",0.141670556171997,0.0982003839275191,-0.944743762294322,0.25,"TM"
"256744",65.2136741151123,0.476748827877584,992.336505057685,7.1417907498098,49.9998687399968,0.360776366160265,0.202950478,"TM",19,136732.683896054,65187.15,"TM19a",2.264946906,2.225165647,1.996262656,-2.382822752,1.996262656,1.773167244,-82.06444243,-27.28137789,"H46","TM19H46",0.25,"19",0.300217682515877,0.248749699910488,-0.692609921471515,0.25,"TM"
"257032",84.851678896158,0.573835232329901,1152.58259015955,7.35821314544468,65.8435140851748,0.441051078907022,0.146923065,"TM",19,139115.631373616,79829.45,"TM19a",2.248084262,2.197705217,1.536127941,-2.166851997,1.536127941,1.376312618,-86.41835764,-26.83237512,"H47","TM19H47",0.25,"19",0.186427388713941,0.138717091495319,-0.832910020302904,0.25,"TM"
"257320",70.4792899543505,0.476107541851771,900.962492434046,6.28160178450755,54.9246774827015,0.364895679931574,0.12333107,"TM",19,138675.696216036,66024.54,"TM19a",2.339036768,2.304561183,1.744001057,-2.206444263,1.744001057,1.591404247,-86.74917975,-29.23025638,"H48","TM19H48",0.25,"19",0.241546743812792,0.201780512733609,-0.908927500616425,0.25,"TM"
"257608",51.2114066125907,0.363902536107844,842.417832777894,5.60655874302956,38.9691477462651,0.274608608517381,0.131154776,"TM",19,136306.783955197,49602.38,"TM19a",2.306617176,2.295883864,1.66224879,-2.421818972,1.66224879,1.616320118,-85.33176652,-29.58572383,"H50","TM19H50",0.25,"19",0.22069602548776,0.208527378538073,-0.882215889955981,0.25,"TM"
"257896",41.4068287415584,0.305901996598129,614.75848475665,4.33868182018826,31.7818713032881,0.23275818245453,0.048991442,"TM",19,137565.755692938,42081.64,"TM19a",2.449090144,2.260517088,1.343371698,-2.306895018,1.343371698,1.080580043,-81.36938034,-31.52521795,"H51","TM19H51",0.25,"19",0.128196194392998,0.0336569423860279,-1.30987977745679,0.25,"TM"
"258184",52.4212860826105,0.399331765123155,863.828184670448,5.93301136303396,39.9113620056601,0.302440481138352,0.108017445,"TM",19,136857.842809338,54651.68,"TM19a",2.355536147,2.325893433,1.672243104,-2.371386051,1.672243104,1.55043695,-87.84638988,-27.62907511,"H52","TM19H52",0.25,"19",0.22329941368377,0.190454109932365,-0.966506099555514,0.25,"TM"
"258472",38.3988508084278,0.289962182522147,657.674142770766,3.74553014460396,29.0433875431287,0.222702124984367,0.058810472,"TM",19,139002.2544989,40305.4,"TM19a",2.378401426,2.281349985,1.282206228,-2.177043438,1.282206228,1.134592763,-82.53186065,-25.48842623,"H54","TM19H54",0.25,"19",0.107957882030995,0.0548400090901417,-1.23054533503134,0.25,"TM"
"258760",43.8431562978501,0.306500050396677,667.049422974645,4.60810713125658,33.5991774272236,0.231857710603333,0.092127562,"TM",19,136677.614688099,41891.7,"TM19a",2.149576873,2.111479387,1.111580182,-2.387858152,1.111580182,1.082414866,-84.42121136,-33.08431814,"H57","TM19H57",0.25,"19",0.0459407952798879,0.0343937482767732,-1.03561042155361,0.25,"TM"
"259048",1827.7609968848,0.260161744909875,32226.5675825528,3.83340133831102,1372.37969855797,0.197201196701609,0.046931505,"TM",19,136983.968040135,35637.99,"TM19a",2.375593578,2.28206489,1.183503464,-2.359871626,1.183503464,1.088141208,-84.62760163,-32.92529169,"H65","TM19H65",0.25,"19",0.0731695334048427,0.036685257380454,-1.32853551860414,0.25,"TM"
"259336",72.5723331281326,0.483363519417102,1052.29061773128,7.22880471377591,55.8626375571332,0.365843044505455,0.062935591,"TM",19,136758.043531535,66103.85,"TM19a",2.336541466,2.26462379,1.233168574,-2.380504608,1.233168574,1.134145168,-85.15268452,-32.02725781,"H67","TM19H67",0.25,"19",0.0910224486588406,0.0546686468199621,-1.20110368518258,0.25,"TM"
"259624",39.2132991385633,0.268290172494337,699.645733756863,4.13039097588673,29.6106958469802,0.202472627861775,0.029884815,"TM",19,136318.114562217,36572.81,"TM19a",2.518392529,2.421607931,1.238086454,-2.420779943,1.238086454,1.112756428,-88.7417563,-27.89100544,"H68","TM19H68",0.25,"19",0.0927509719734336,0.0464001117273002,-1.52454942829367,0.25,"TM"
"259912",69.5095865034314,0.47045651360548,968.87605902438,6.37805530808191,53.7620179467687,0.359586021781658,0.150108814,"TM",19,138257.55103594,65044.16,"TM19a",2.192301504,2.145638687,1.375649086,-2.244192123,1.375649086,1.267021426,-87.38959354,-29.64185837,"H70","TM19H70",0.25,"19",0.138507663950356,0.102783959094089,-0.823593806363126,0.25,"TM"
"260200",59.5318972105501,0.403888814649233,922.890230757192,6.24799379207315,45.540482114199,0.304659092623362,0.077924013,"TM",19,136245.160757399,55027.9,"TM19a",2.364805844,2.30524259,1.417680107,-2.427471399,1.417680107,1.27093996,-87.07999981,-32.18629179,"J12","TM19J12",0.25,"19",0.151578245347946,0.104125034695169,-1.10832868987073,0.25,"TM"
"11",58.9206698466159,0.413260985186211,3559.87221207687,20.2355439595059,39.3413124092292,0.278332096837164,0.075950391,"CB",17,96052.2133056282,39694.6323,"CB17a",2.5039529,2.444674913,1.327796481,-4.144006937,1.327796481,1.21079814,-685.4574718,2652.694566,"CB01","CB17H01",0.5,"17",0.123131513321064,0.0830717451319447,-1.11946998600521,0.5,"CB"
"2891",61.285606784538,0.429473675147168,5682.37851735882,32.4312035007815,39.2012738060462,0.276988557994016,0.0747564,"CB",17,91538.4116070175,39313.33805,"CB17a",2.241995302,2.224434604,1.040988344,-4.74567255,1.040988344,1.035513329,-681.7899008,2653.250961,"CB02","CB17H02",0.5,"17",0.0174458667201217,0.0151556934505176,-1.12635162085366,0.5,"CB"
"5771",38.9649782181213,0.279108177679895,1127.95698320242,6.91984470786784,27.9934936953819,0.201218596225153,0.276585617,"CB",17,103597.224417989,28914.83252,"CB17a",2.3344116,2.244119691,1.862804738,-3.198774363,1.862804738,1.471586676,-684.5765129,2650.603448,"CB03","CB17H03",0.5,"17",0.27016733387989,0.167785846999622,-0.558170407812914,0.5,"CB"
"8651",49.4560754705585,0.369582863369638,3193.43043428289,20.9373068472579,32.7991712259853,0.24531203717108,0.26202691,"CB",17,94508.742806795,34928.81178,"CB17a",2.354916456,2.347376125,1.905020751,-4.346501756,1.905020751,1.862598881,-685.1792742,2654.150467,"CB04","CB17H04",0.5,"17",0.279899710718048,0.270119337706377,-0.581654104617771,0.5,"CB"
"11531",60.4886200886193,0.426236441188467,4022.17851161757,23.0679216214476,40.0076880068754,0.284212202668999,0.138890308,"CB",17,94989.9510870249,40488.1787,"CB17a",2.357495353,2.231852167,1.324651831,-4.28301724,1.324651831,1.124901745,-688.0122526,2654.259427,"CB05","CB17H05",0.5,"17",0.122101744125411,0.0511145904759596,-0.85732805900664,0.5,"CB"
"14411",6.54360952017448,0.0296682290404163,590.285089430406,2.01743183116924,4.18755407298177,0.0193360976626102,0.26482744,"CB",17,92610.6791294156,2747.59484,"CB17a",2.362144207,2.255525567,1.962654061,-4.600100335,1.962654061,1.474759153,-683.472996,2654.340568,"CB06","CB17H06",0.5,"17",0.29284375724715,0.168721100270958,-0.577037017634255,0.5,"CB"
"17291",3.90941308547412,0.0258300229074405,100.19094304868,0.49695441991082,2.8359499958477,0.0191000079091189,0.285640351,"CB",17,106557.74251006,2752.38893000001,"CB17a",2.401635985,2.252687137,2.368144888,-2.846568322,2.368144888,1.528055327,-686.0092302,2650.135149,"CB07","CB17H07",0.5,"17",0.374408269897986,0.18413907922383,-0.544180441928072,0.5,"CB"
"20171",34.1473460449464,0.212951224503273,1340.15760909654,6.03035003713588,23.7624285506007,0.15149623367316,0.647405039,"CB",17,102078.133575916,21737.66354,"CB17a",2.3898601,2.275689365,4.739549835,-3.383424396,4.739549835,3.050195827,-685.8237652,2650.677634,"CB08","CB17H08",0.5,"17",0.675737094108748,0.484327722578062,-0.188823924640925,0.5,"CB"
"23051",45.8862508744746,0.340080391106359,2527.35383188133,15.3487300169522,30.9179878349365,0.230919409488537,0.621738362,"CB",17,96926.0842495651,32962.66064,"CB17a",2.251081369,2.231538613,2.690877042,-4.030797715,2.690877042,2.510880436,-682.8238684,2647.306807,"CB10","CB17H10",0.5,"17",0.429893853393287,0.399826032815778,-0.206392335316546,0.5,"CB"
"25931",29.5644948389485,0.189183127731548,990.902271177528,4.4344587849674,20.8791635982097,0.137155905450667,0.519799403,"CB",17,104245.041122191,19721.40293,"CB17a",2.305965082,2.248580701,2.80817556,-3.120852435,2.80817556,2.296154895,-685.5733874,2649.750309,"CB11","CB17H11",0.5,"17",0.448424255293907,0.361001181537241,-0.284164223630609,0.5,"CB"
"28811",28.2957771564189,0.233915614794063,1159.04077853153,9.17311684934602,19.634299496796,0.161079908719551,0.027778508,"CB",17,98451.4525901777,23029.33206,"CB17a",2.826149601,2.436841085,1.577550941,-3.835611595,1.577550941,1.028789758,-680.5936514,2651.489044,"CB12","CB17H12",0.5,"17",0.197983392029011,0.0123266320321059,-1.55629108418401,0.5,"CB"
"31691",57.4891904067456,0.443244027170488,1251.46703634559,8.93583061903146,42.5095532884478,0.326228290901196,0.222187971,"CB",17,106005.750624424,46986.41581,"CB17a",2.30612698,2.246555493,1.503273072,-2.911489292,1.503273072,1.329500089,-684.6275158,2648.11358,"CB13","CB17H13",0.5,"17",0.177037878052473,0.123688370740326,-0.653279456960112,0.5,"CB"
"34571",27.7679151047061,0.220626243351751,502.283418808416,3.93249899350217,20.9171029578892,0.164393240996581,0.168325222,"CB",17,107466.155566084,23709.85419,"CB17a",2.511193848,2.357863767,2.231717637,-2.740456514,2.231717637,1.453233709,-684.414231,2649.61121,"CB14","CB17H14",0.5,"17",0.348639245619428,0.162335463139824,-0.773850804079317,0.5,"CB"
"37451",61.1566180554768,0.438572551337927,4219.29796645491,26.0766195684442,40.2858015188446,0.289699933340711,0.035534055,"CB",17,94002.3169353207,41226.83597,"CB17a",2.656082128,2.434975903,1.261746252,-4.413663212,1.261746252,1.045994367,-686.4450731,2655.165888,"CB15","CB17H15",0.5,"17",0.100972023341816,0.0195293457287662,-1.44935522978516,0.5,"CB"
"40331",25.6801894387644,0.194989854839584,1129.43500193527,7.28396894537096,17.6816755151767,0.134928701651096,0.188538988,"CB",17,98984.4000647044,19300.9538,"CB17a",2.342764459,2.258722514,1.493428306,-3.768127807,1.493428306,1.269467959,-683.2550746,2652.59256,"CB16","CB17H16",0.5,"17",0.17418437855987,0.103621743882367,-0.724598828363088,0.5,"CB"
"43211",47.1976735031493,0.365795536672893,2212.30559760016,15.3079372837876,32.3182864844581,0.250264072338974,0.374305287,"CB",17,97743.1903767935,35754.02278,"CB17a",2.247148663,2.147645691,1.785813962,-3.92586193,1.785813962,1.398864655,-686.9180089,2648.479873,"CB17","CB17H17",0.5,"17",0.251836214079336,0.145775697029264,-0.426774038504842,0.5,"CB"
"46091",63.1119451366148,0.440510357390852,2979.07007579418,17.0095899551467,43.198403439155,0.303815750179441,0.077664247,"CB",17,98620.8619641009,43443.51115,"CB17a",2.57485028,2.38455114,1.561706053,-3.814120827,1.561706053,1.138215854,-684.5347833,2653.492066,"CB18","CB17H18",0.5,"17",0.193599293578753,0.0562246305226698,-1.10977886413464,0.5,"CB"
"48971",32.0367604261203,0.169632760319716,1955.94883345647,7.65501088513915,21.3402766776784,0.115184503108797,0.055301966,"CB",17,96927.4424881773,16442.06962,"CB17a",2.676488166,2.292184694,1.642906835,-4.030622552,1.642906835,1.034166534,-684.6692454,2646.963697,"CB19","CB17H19",0.5,"17",0.215612936415825,0.0145904797382235,-1.25725942913338,0.5,"CB"
"51851",44.8180657662656,0.327153214130522,2065.19507986022,13.9888221718181,30.7389797645008,0.223344945264557,0.667504568,"CB",17,97509.6133314246,31900.58341,"CB17a",2.221726071,2.182796999,2.575846703,-3.955768947,2.575846703,2.253066449,-688.7819324,2646.755049,"CB20","CB17H20",0.5,"17",0.41092001318225,0.352774000427101,-0.175545757902855,0.5,"CB"
"54731",74.9133463320642,0.540511823207452,3141.51917096951,18.5690094267844,51.885057294054,0.377167946038531,0.073582813,"CB",17,99909.8133312683,54002.43536,"CB17a",2.423067516,2.298680118,1.168534414,-3.651807185,1.168534414,1.062955405,-682.9815136,2646.648406,"CB21","CB17H21",0.5,"17",0.0676415071349353,0.0265150446092029,-1.13322361352819,0.5,"CB"
"57611",26.7829851640993,0.211002271691202,937.020916181724,5.85130991266788,18.869279334473,0.150424461831123,0.153554509,"CB",17,102315.971657381,21588.90245,"CB17a",2.514445785,2.407850371,2.098438247,-3.354333759,2.098438247,1.549952724,-683.3941733,2645.340878,"CB22","CB17H22",0.5,"17",0.321896193284582,0.19031845170639,-0.813737426338674,0.5,"CB"
"60491",47.1760861781938,0.34177468632975,3018.8070429509,19.7746196375062,31.3303870620163,0.226376322891116,0.026715993,"CB",17,94287.5370205406,32225.09339,"CB17a",2.587023595,2.358562421,1.090144028,-4.375793367,1.090144028,1.013988533,-685.0633586,2644.098262,"CB23","CB17H23",0.5,"17",0.0374838799896326,0.00603304367287624,-1.5732286789991,0.5,"CB"
"63371",49.4277133124238,0.355866896512348,3169.33838278694,18.7946505167678,32.7996110684834,0.237870648685348,0.311568962,"CB",17,95248.180716421,33895.67447,"CB17a",2.176139904,2.175682205,1.356565694,-4.249082168,1.356565694,1.355388366,-689.9967284,2645.688625,"CB24","CB17H24",0.5,"17",0.132440830055494,0.132063753545642,-0.506445812564032,0.5,"CB"
"66251",35.9467382475511,0.178549968496488,1983.56373033167,6.76718263821806,24.1728559917487,0.123373787722592,0.300648866,"CB",17,98825.1855689745,17645.23377,"CB17a",2.384948744,2.239441723,2.333125188,-3.788250003,2.333125188,1.524677976,-687.3306686,2647.41345,"CB25","CB17H25",0.5,"17",0.36793804226523,0.183178126952146,-0.521940429905531,0.5,"CB"
"69131",59.8427119156446,0.435161013439101,3183.33379428693,19.7451092984818,40.4689651205885,0.295322785205802,0.036927021,"CB",17,96868.602375151,42153.43918,"CB17a",2.634015831,2.434797376,1.237789519,-4.038213021,1.237789519,1.04951225,-685.1468179,2645.396517,"CB26","CB17H26",0.5,"17",0.0926468009777871,0.0209875120716873,-1.43265572661509,0.5,"CB"
"72011",46.9308858563122,0.361084520183362,2983.61004849741,21.3329132473533,31.1715900723116,0.238667164332413,0.869877784,"CB",17,94068.9235660154,33966.83213,"CB17a",2.337874903,2.130399781,5.113334801,-4.404809302,5.113334801,2.340321869,-684.2148561,2644.830849,"CB27","CB17H27",0.5,"17",0.708704229547689,0.36927559087922,-0.0605417605571064,0.5,"CB"
"74891",48.4075927766362,0.295268736683187,2913.39178804644,13.8983447230195,32.3339224775278,0.199650699873519,0.10834668,"CB",17,96474.461129843,28485.89226,"CB17a",2.388804052,2.333464966,1.263282848,-4.089177067,1.263282848,1.173055676,-690.7154054,2648.4706,"CB28","CB17H28",0.5,"17",0.101500599623247,0.0693186252491614,-0.96518439195626,0.5,"CB"
"77771",70.8236359982001,0.529352938819332,2162.54304422575,14.5068514019987,50.6123791899716,0.377824814231712,0.70144038,"CB",17,102450.560076156,54232.50506,"CB17a",2.28730817,2.274430972,3.425891181,-3.337901821,3.425891181,3.26284713,-684.1360334,2648.975992,"CB29","CB17H29",0.5,"17",0.534773564046367,0.513596726821071,-0.154009236591961,0.5,"CB"
"80651",17.1871044924538,0.133199222425005,634.124496465241,4.49034966675844,12.0577446658983,0.0931218884909874,0.048677336,"CB",17,100119.765019713,13335.87485,"CB17a",2.615537487,2.420750903,1.338997717,-3.625567095,1.338997717,1.075586877,-688.2950867,2649.472111,"CB30","CB17H30",0.5,"17",0.126779836537664,0.0316454948516978,-1.31267319774185,0.5,"CB"
"83531",57.843960096798,0.435066324989386,2530.5320746815,17.2113315525354,39.8708180248089,0.299335001033258,0.022662428,"CB",17,98355.7518983891,42791.27552,"CB17a",2.723270235,2.407817387,1.192086819,-3.847768251,1.192086819,1.015153673,-685.4760183,2646.23111,"CB31","CB17H31",0.5,"17",0.0763078859743299,0.00653179031247693,-1.64469356267591,0.5,"CB"
"86411",58.3752772963722,0.433042757785451,3195.60249504384,20.9105545164123,39.3633020178594,0.292062121292171,0.142839636,"CB",17,96201.1431920536,41659.20835,"CB17a",2.314719635,2.29100051,1.248700394,-4.124640576,1.248700394,1.207940325,-690.682949,2652.073258,"CB32","CB17H32",0.5,"17",0.0964582487495659,0.0820454796796787,-0.845151265195812,0.5,"CB"
"89291",66.7108181088532,0.475843837168685,3239.91632149538,19.3530388453187,45.5364062226824,0.32648550859468,0.108001488,"CB",17,98053.6064680812,46658.20435,"CB17a",2.446338529,2.310898465,1.398387377,-3.886226916,1.398387377,1.144429175,-689.6582547,2647.914205,"CB33","CB17H33",0.5,"17",0.145627495007156,0.0585889207690191,-0.966570260941409,0.5,"CB"
"92171",65.6571066268172,0.472273064437346,3531.97051525392,21.3248927035894,44.3538638873123,0.320665133872596,0.163967427,"CB",17,96921.0548235119,45773.20357,"CB17a",2.335830545,2.256283979,1.370542643,-4.031446348,1.370542643,1.205507034,-686.8206397,2646.93124,"CB34","CB17H34",0.5,"17",0.136892552704032,0.0811697487810572,-0.785242418288779,0.5,"CB"
"95051",38.4031308500325,0.243640213123266,2085.78632713469,11.2370347122159,25.9154314243964,0.165077022896737,0.234920224,"CB",17,96692.9703352419,23558.2959,"CB17a",2.381113193,2.207500895,1.904672947,-4.060897287,1.904672947,1.272818589,-691.9533844,2648.999176,"CB35","CB17H35",0.5,"17",0.27982041334121,0.10476650937986,-0.629079593722501,0.5,"CB"
"97931",62.3724388816843,0.459272654478344,1375.15464319214,9.15284863586191,46.0491162247774,0.338415269958827,0.134970951,"CB",17,106141.613689954,48747.94067,"CB17a",2.478387637,2.322458063,1.717013267,-2.895478831,1.717013267,1.237954512,-686.5841718,2650.928012,"CB36","CB17H36",0.5,"17",0.234773650875903,0.0927046870505487,-0.869759692082191,0.5,"CB"
"100811",64.1501879606202,0.467180398158816,4068.77471678004,25.3189402249318,42.6219444389879,0.311470165582431,0.545928762,"CB",17,94975.297304568,44370.59721,"CB17a",2.169723269,2.131906146,1.85626014,-4.284945722,1.85626014,1.669024308,-686.296701,2644.506285,"CB37","CB17H37",0.5,"17",0.26863883904325,0.222462661876005,-0.262864024490821,0.5,"CB"
"103691",38.0159539771215,0.306113821474773,1673.6934439095,13.238341377524,26.1725863249568,0.208744868284228,1.199148515,"CB",17,97386.9337437178,29811.48645,"CB17a",2.331439034,2.304202868,6.804064148,-3.97150545,6.804064148,6.092061962,-686.7789101,2650.135149,"CB39","CB17H39",0.5,"17",0.832768399442457,0.784764311869822,0.0788729739668111,0.5,"CB"
"106571",64.5615137721138,0.46117802355167,3343.62810905983,20.3322416838443,43.7781202231964,0.313880886235019,0.023396408,"CB",17,97178.7109777115,44816.68586,"CB17a",2.708942718,2.322691945,1.182526183,-3.998260282,1.182526183,1.007984495,-688.2069908,2652.62038,"CB40","CB17H40",0.5,"17",0.0728107654830258,0.00345385176453488,-1.63085081376607,0.5,"CB"
"109451",50.1786165831659,0.368161801509614,2258.90748902939,14.747644272039,34.4948286541263,0.252987035561642,0.033950726,"CB",17,98219.335878211,36160.60764,"CB17a",2.5267878,2.372475071,1.088284723,-3.865117352,1.088284723,1.025221426,-689.4101952,2654.435619,"CB41","CB17H41",0.5,"17",0.0367425327251123,0.0108176738839724,-1.46915093436072,0.5,"CB"
"112331",30.127942427402,0.193569259181189,1646.31087653934,8.95636081785086,20.3229065364954,0.131109693158303,0.14230074,"CB",17,96658.529970849,18710.12004,"CB17a",2.510179666,2.315291549,1.954727565,-4.065350364,1.954727565,1.248073499,-687.7108719,2645.275965,"CB42","CB17H42",0.5,"17",0.291086237301269,0.0962401616847201,-0.846792841468203,0.5,"CB"
"115211",49.8807735488468,0.361716439036044,2887.2844509613,18.2342571069738,33.4445279664672,0.242909330137538,0.178418572,"CB",17,95742.3571411116,34631.58449,"CB17a",2.377110964,2.349654288,1.57038971,-4.184396041,1.57038971,1.471997075,-689.5330658,2652.564741,"CB43","CB17H43",0.5,"17",0.196007440880755,0.167906947017362,-0.748559940894235,0.5,"CB"
"118091",57.0636751621765,0.41044873291021,3173.32151746538,19.175510732312,38.4235761761449,0.277739755984603,0.197389373,"CB",17,96554.8995096293,39630.83616,"CB17a",2.375813452,2.2515509,1.6658977,-4.078759172,1.6658977,1.277299892,-688.5964674,2650.75182,"CB44","CB17H44",0.5,"17",0.221648328589613,0.106292875454601,-0.70467623247537,0.5,"CB"
"120971",63.7048352293817,0.462056591827364,2943.22897055316,18.0556062640356,43.698393636805,0.318296169549256,0.220439883,"CB",17,98490.2702286367,45508.07859,"CB17a",2.382154334,2.274799321,1.825907499,-3.830684041,1.825907499,1.398434188,-689.4727897,2649.532388,"CB46","CB17H46",0.5,"17",0.261478772271975,0.145642032766195,-0.65670982815132,0.5,"CB"
"123851",58.392568162635,0.421097309564227,2731.40675960231,17.3055004162729,39.993183372343,0.288622530141294,0.066581256,"CB",17,97940.3576638373,41242.42111,"CB17a",2.620036271,2.304329927,1.593746009,-3.900672363,1.593746009,1.054253671,-687.0988373,2646.296023,"CB47","CB17H47",0.5,"17",0.202419110235161,0.0229451219394667,-1.176648016498,0.5,"CB"
"126731",61.6616822413735,0.441874264898657,3519.22072805417,20.8446504603675,41.4033432095183,0.298715013009635,0.144208749,"CB",17,96451.0085233741,42619.21849,"CB17a",2.493300877,2.41913035,1.875537127,-4.092216143,1.875537127,1.535744186,-689.8854494,2650.928012,"CB48","CB17H48",0.5,"17",0.273125665603051,0.186318879848415,-0.841008390607161,0.5,"CB"
"129611",26.5511659999138,0.159403957015457,1529.88124915274,7.49525704631775,17.7987434096554,0.107794918150139,0.13397991,"CB",17,96485.770729698,15380.21365,"CB17a",2.390365109,2.309019421,1.386758731,-4.087711791,1.386758731,1.212123762,-687.7062353,2651.159843,"CB49","CB17H49",0.5,"17",0.142000908867213,0.0835469650527008,-0.872960318278882,0.5,"CB"
"132491",58.6219041267057,0.419619981968368,3257.58999820649,19.6358269362811,39.4768628057366,0.283899605901469,0.088440841,"CB",17,96537.4852026319,40509.0578,"CB17a",2.498193524,2.317216504,1.409346269,-4.081013832,1.409346269,1.104035796,-690.3908416,2650.260338,"CB50","CB17H50",0.5,"17",0.149017710100356,0.0429831546914124,-1.05334713628868,0.5,"CB"
"135371",56.2349230354013,0.409674318928403,835.058705582544,5.53965074785903,43.1962636718032,0.31380676968199,0.014751985,"CB",17,110815.744635275,45398.36471,"CB17a",2.647257628,2.340585409,1.046332134,-2.356795292,1.046332134,1.003691621,-686.03705,2649.045542,"CB51","CB17H51",0.5,"17",0.0196695631809402,0.00160029859569483,-1.8311495378862,0.5,"CB"
"138251",58.6390078331301,0.453882202500585,1782.46163197557,12.4955883506226,41.9221549065641,0.323809607660922,0.216890546,"CB",17,102398.525066512,46476.86809,"CB17a",2.4569446,2.309309691,2.282282374,-3.344252229,2.282282374,1.494214403,-682.6754963,2650.176878,"CB53","CB17H53",0.5,"17",0.358369376227395,0.174412918335521,-0.663759377951295,0.5,"CB"
"141131",39.5872845330695,0.264781141912504,2294.48683132208,12.4102750629156,26.5950549532686,0.178962679140176,0.276853307,"CB",18,81891.7200197179,21683.38,"CB18a",2.285776937,2.06631874,1.628319375,-4.086195607,1.628319375,1.125225172,-689.6892724,2649.947545,"H03","CB18H03",0.5,"18",0.211739590477529,0.0512394390445488,-0.557750284493482,0.5,"CB"
"144011",43.2806951755128,0.349838561858646,2366.13592257286,17.4055159382019,29.2282373339544,0.235044782027353,0.268798414,"CB",18,81350.3549717288,28459.49,"CB18a",2.310137207,2.25920037,1.704812325,-4.169104231,1.704812325,1.499327293,-689.8513646,2645.682342,"H05","CB18H05",0.5,"18",0.231676576464558,0.175896446743188,-0.57057329809247,0.5,"CB"
"146891",66.857555568963,0.43668592553085,2987.70733613279,14.7576374114999,46.1073745124746,0.304964500582943,0.245899365,"CB",18,84922.5372787521,37084.48,"CB18a",2.385909739,2.272975565,1.999082381,-3.63192526,1.999082381,1.473499002,-687.1450383,2648.10297,"H11","CB18H11",0.5,"18",0.300830691505069,0.168349846038649,-0.609242592763325,0.5,"CB"
"149771",21.7191627043109,0.192503536395593,833.474699338679,7.05860148804182,15.1659685045829,0.133344643486049,0.101313375,"CB",18,84156.184677607,16200.36,"CB18a",2.535010784,2.300428009,1.660718124,-3.745239023,1.660718124,1.117951033,-681.71099,2651.144159,"H14","CB18H14",0.5,"18",0.220295925299189,0.0484227815793641,-0.994333216976755,0.5,"CB"
"152651",41.9247072228459,0.309483035851883,1609.68594863069,9.96181857721836,29.3670489059385,0.217185850543156,0.52949407,"CB",18,85383.214583195,26424.66,"CB18a",2.255281094,2.176850743,2.384798481,-3.564300059,2.384798481,1.855043194,-683.4853023,2648.659244,"H15","CB18H15",0.5,"18",0.377451686400317,0.26835402645643,-0.27613889935385,0.5,"CB"
"155531",45.9460513573714,0.38669272353042,1875.54879475357,15.5058750204508,31.8944880095869,0.26547145466851,0.259189276,"CB",18,83323.8512373126,32220.73,"CB18a",2.306636331,2.292312992,1.649742389,-3.869483726,1.649742389,1.590057562,-683.6092008,2652.379229,"H16","CB18H16",0.5,"18",0.217416133443964,0.20141284658867,-0.58638297143714,0.5,"CB"
"158411",60.6482599215478,0.41863033638809,3286.66028262272,17.8981719779841,41.0240319791303,0.285560251763464,0.4051541,"CB",18,82732.3091031138,34634.26,"CB18a",2.36592332,2.306227436,2.80862633,-3.958541644,2.80862633,2.278708156,-683.2533336,2647.493556,"H17","CB18H17",0.5,"18",0.448493962906126,0.35768870677103,-0.392379761845437,0.5,"CB"
"161291",76.1321120189425,0.520044576008891,4411.57735439207,23.6768863819183,51.1542273611949,0.352514533439459,0.112782335,"CB",18,82156.3509764778,42724.97,"CB18a",2.450153042,2.317744662,1.440673805,-4.045867308,1.440673805,1.165133635,-685.2453983,2646.6428,"H18","CB18H18",0.5,"18",0.15856565970014,0.0663757396235728,-0.947758918196702,0.5,"CB"
"164171",37.7259232750449,0.221822232450821,2510.97093682438,9.88118444800822,24.9655779633129,0.150691770635274,0.191210649,"CB",18,82355.8557596346,18268.36,"CB18a",2.393106197,2.338217054,1.709828482,-4.015549667,1.709828482,1.489453902,-685.7348714,2646.232052,"H19","CB18H19",0.5,"18",0.232952547200958,0.173027066519286,-0.718487924438831,0.5,"CB"
"167051",53.6009923491492,0.378769594980898,3318.44767108462,18.4550279861349,35.7885540588651,0.255015164901192,0.261980584,"CB",18,81539.5479448596,30884.7,"CB18a",2.299545064,2.237219279,1.630393909,-4.140067278,1.630393909,1.409748934,-684.7702993,2652.205256,"H20","CB18H20",0.5,"18",0.212292544181591,0.149141774863091,-0.58173089407766,0.5,"CB"
"169931",37.5289024428625,0.264035088739638,2103.55602694223,10.9447693951879,25.2909611783477,0.180664160161289,0.175344987,"CB",18,83017.1275894869,21919.43,"CB18a",2.376087592,2.231810447,1.550497713,-3.915582408,1.550497713,1.192838126,-684.3918422,2653.623102,"H27","CB18H27",0.5,"18",0.190471129985011,0.0765815117718989,-0.756106645803914,0.5,"CB"
"172811",57.2038478270241,0.415235651551051,3427.73064193505,21.0314112467112,38.2916178776972,0.278485196206624,0.159422775,"CB",18,81189.1200913783,33712.62,"CB18a",2.376151478,2.373484113,1.470118617,-4.193903581,1.470118617,1.461426832,-689.0219789,2651.936186,"H29","CB18H29",0.5,"18",0.167352377353798,0.16477707678952,-0.797449635573045,0.5,"CB"
"175691",38.2281112692458,0.204863928805634,2312.86129496499,8.12266250191292,25.494968597384,0.140801429358965,0.198945814,"CB",18,83428.3178090158,17091.45,"CB18a",2.48575052,2.351045727,2.345192007,-3.853821773,2.345192007,1.570854717,-686.8006267,2645.802287,"H31","CB18H31",0.5,"18",0.370178405331236,0.196136020480538,-0.701265194370455,0.5,"CB"
"178571",53.9744878864267,0.387277447571454,3060.86569088311,17.0681151348839,36.3729845820065,0.263372683776028,0.732980815,"CB",18,82453.6915078391,31932.46,"CB18a",2.263329538,2.205277231,3.256392398,-4.000708937,3.256392398,2.631700467,-688.5906893,2646.822493,"H33","CB18H33",0.5,"18",0.512736732217792,0.420236457536235,-0.134907392410269,0.5,"CB"
"181451",51.0980901132953,0.318354032825794,1623.16925101179,7.07737463058249,36.443024484546,0.231835015277583,0.469843555,"CB",18,88967.7271828333,28323.24,"CB18a",2.311730081,2.230822557,2.627213878,-3.050248095,2.627213878,2.002817262,-685.9285044,2650.344011,"H35","CB18H35",0.5,"18",0.419495429563472,0.301641325865997,-0.328046726129338,0.5,"CB"
"184331",50.7481371920092,0.328617036527704,3293.9593858686,15.7659381378048,33.7188964910884,0.221590918715352,0.090609831,"CB",18,81679.644499311,26841.32,"CB18a",2.445567649,2.374073441,1.291603,-4.118608927,1.291603,1.169912865,-688.1919196,2651.150797,"H36","CB18H36",0.5,"18",0.111129045079974,0.068153516738564,-1.04282467961431,0.5,"CB"
"187211",60.250997153692,0.422286739574941,5363.38567197381,30.3765059893012,38.7751747202466,0.273450841561976,0.527640228,"CB",18,78085.3073984537,32974.39,"CB18a",2.319737873,2.181396754,2.99271677,-4.681145275,2.99271677,1.875510261,-682.6786283,2653.009242,"H37","CB18H37",0.5,"18",0.476065617258996,0.273119444537655,-0.277662100668503,0.5,"CB"
"190091",11.0626889158388,0.0812710252669835,582.887405125442,3.52210341850364,7.50515241892276,0.0553622789955462,1.215233369,"CB",18,82607.7666418638,6713.618,"CB18a",2.421291453,2.362363828,9.960989617,-3.977372905,9.960989617,7.820752673,-686.767076,2650.240695,"H38","CB18H38",0.5,"18",0.99830248740484,0.893248551781133,0.0846596862773746,0.5,"CB"
"192971",9.64617528942568,0.0580304091342721,771.072561268716,3.07323517704358,6.26654128281428,0.0387459642786742,0.9916303,"CB",18,80787.8433038865,4688.152,"CB18a",2.308510714,2.276585822,5.157183659,-4.255837945,5.157183659,4.541711618,-683.7897392,2646.233569,"H39","CB18H39",0.5,"18",0.71241259789304,0.65721955465531,-0.00365021151115827,0.5,"CB"
"195851",23.8947049153298,0.166510309009229,705.659980360418,3.94324992829093,17.2036805380367,0.120493790482521,0.22419046,"CB",18,88345.0754943026,14710.37,"CB18a",2.413511633,2.287169634,2.033078742,-3.138038463,2.033078742,1.447594608,-683.8083412,2649.939671,"H40","CB18H40",0.5,"18",0.308154199372839,0.160646956779207,-0.649382871926186,0.5,"CB"
"198731",36.3405257537368,0.282427721542061,2146.93391588784,14.6158696982309,24.3673905232079,0.189008112860177,0.519895571,"CB",18,80995.2707372363,22875.31,"CB18a",2.301518123,2.301055473,2.763740116,-4.223784608,2.763740116,2.759123606,-687.806809,2652.094083,"H42","CB18H42",0.5,"18",0.4414972024165,0.440771156876893,-0.284083882313398,0.5,"CB"
"201611",55.6281326423225,0.3869032463588,2985.42232707112,17.0633678805966,37.6562481702157,0.263100087939506,0.312367178,"CB",18,82447.3837844666,31899.16,"CB18a",2.219469149,2.192614748,1.486960241,-4.001665226,1.486960241,1.40307611,-689.6294597,2648.178907,"H44","CB18H44",0.5,"18",0.172299356319431,0.14708123001374,-0.505334605916218,0.5,"CB"
"204491",23.5371872801877,0.189802258974695,1159.24322590183,7.54309168351462,16.093388840406,0.130419170477071,1.098945054,"CB",18,83406.6538276061,15830.77,"CB18a",2.40610998,2.288454658,8.473142927,-3.857068092,8.473142927,5.254166993,-684.6392876,2648.542277,"H45","CB18H45",0.5,"18",0.928044532251789,0.720503871835261,0.0409759787372779,0.5,"CB"
"207371",67.1132470846854,0.465684754673953,4407.25590472923,23.7679513681159,44.5377321751119,0.312080695416639,0.074755401,"CB",18,81120.0640365583,37776.38,"CB18a",2.51949295,2.437094336,1.356916394,-4.20454008,1.356916394,1.193270277,-689.2553657,2652.918432,"H46","CB18H46",0.5,"18",0.132553089558754,0.0767388229791056,-1.1263574245452,0.5,"CB"
"210251",53.9467478648405,0.346888452769933,3690.922459407,17.5642867152216,35.6502889371647,0.232654058741352,0.123380129,"CB",18,81191.8849852277,28164.53,"CB18a",2.362158265,2.307935474,1.272441765,-4.193477901,1.272441765,1.180830737,-685.4390887,2652.798682,"H47","CB18H47",0.5,"18",0.104637915395526,0.0721876493026053,-0.908754780015537,0.5,"CB"
"213131",71.5460150821862,0.513220223439906,1179.75062465673,7.03967576102751,54.4872776231847,0.392232638552483,0.03599681,"CB",18,93871.5379278914,48176.77,"CB18a",2.558153129,2.400264068,1.126514328,-2.379578823,1.126514328,1.035544733,-686.0508417,2649.141528,"H48","CB18H48",0.5,"18",0.0517367198341634,0.01516886409422,-1.44373598425443,0.5,"CB"
"216011",52.8636314566556,0.394886471304763,2324.38400368906,14.1648129163453,36.5338457271009,0.274134221476601,0.214566709,"CB",18,84361.8683616275,33313.36,"CB18a",2.40906646,2.243917673,1.940614841,-3.71472541,1.940614841,1.303948708,-682.7567245,2647.141304,"H49","CB18H49",0.5,"18",0.287939348357575,0.115260508366239,-0.668437659905757,0.5,"CB"
"218891",37.9879350517969,0.237080251340103,2307.68190397739,10.8014199458234,25.4004899877879,0.160694750365616,0.149068389,"CB",18,82150.0149418204,19476.15,"CB18a",2.284210013,2.216219536,1.213496671,-4.046831366,1.213496671,1.126254992,-688.1324929,2646.255372,"H54","CB18H54",0.5,"18",0.0840385892643166,0.0516367289533782,-0.826614441982118,0.5,"CB"
"221771",43.0143077951137,0.356016842017186,2271.41342731225,17.9587442889799,29.1181859833186,0.238866286975431,0.081239649,"CB",18,81225.8601198538,28917.77,"CB18a",2.455055779,2.249271292,1.257492733,-4.18824831,1.257492733,1.051170762,-687.8893702,2653.219578,"H61","CB18H61",0.5,"18",0.0995054839648484,0.0216732726127238,-1.09023196165439,0.5,"CB"
"224651",66.9207267227916,0.391018663094446,3492.62857572895,19.8637754611716,45.5053142333354,0.261918424413589,0.08194116,"CB",19,85037.229800892,33251.14,"CB19a",2.450660242,2.256829803,1.253052121,-4.141459924,1.253052121,1.055324253,-688.8194902,2651.853902,"H01","CB19H01",0.5,"19",0.0979691359517819,0.0233859190199158,-1.08649789224969,0.5,"CB"
"227541",71.6759739365555,0.456782111376896,3706.97277267908,23.3337975735002,48.8287141849672,0.305799272510063,0.102617991,"CB",19,84984.7695282655,38819.52,"CB19a",2.473454586,2.319206108,1.442515134,-4.149173672,1.442515134,1.140006826,-684.4066626,2646.3829,"H02","CB19H02",0.5,"19",0.159120378207811,0.0569074517621377,-0.988776491981888,0.5,"CB"
"230431",68.562017749099,0.424975345857206,1882.30396863939,11.8369572882908,49.6922279623764,0.302295091687362,0.200193468,"CB",19,90909.1855483337,38634.16,"CB19a",2.411211824,2.247409656,1.857734759,-3.306811312,1.857734759,1.27576272,-683.4288744,2650.048271,"H03","CB19H03",0.5,"19",0.26898370700655,0.105769907161643,-0.698550096975759,0.5,"CB"
"233321",7.81764425436371,0.0489702809076881,165.035701197369,1.21360590495101,5.81629083131298,0.0352430171170868,0.477684503,"CB",19,92096.8070103914,4510.007,"CB19a",2.310526484,2.264113136,2.653322886,-3.144570978,2.653322886,2.259572913,-684.0396776,2649.140537,"H05","CB19H05",0.5,"19",0.423790103007397,0.354026359919334,-0.320858847832736,0.5,"CB"
"236211",28.5634489834534,0.184075595177633,1240.02481700501,8.77876858964293,19.7949739366569,0.124081623931217,0.532602298,"CB",19,85636.0328200392,15763.5,"CB19a",2.146502997,2.131727595,1.708485687,-4.053747668,1.708485687,1.642256586,-687.4703099,2651.463119,"H11","CB19H11",0.5,"19",0.232611344807034,0.215441012209896,-0.273596964058237,0.5,"CB"
"239101",54.8125815090768,0.362029469636362,1884.16177420505,13.6071860449923,38.8325655532864,0.249917390938293,1.280378085,"CB",19,87931.9839679775,31833.97,"CB19a",2.178068811,2.108678594,3.926787829,-3.723029325,3.926787829,3.016026046,-686.3000235,2648.730149,"H14","CB19H14",0.5,"19",0.594037436237609,0.479435087723344,0.107338232134839,0.5,"CB"
"241991",55.5111968881269,0.367674020539212,2662.62688868378,18.5251552945933,38.0318755356667,0.246483610526925,0.103200932,"CB",19,85114.8345594423,31294.51,"CB19a",2.458476845,2.377409754,1.401826833,-4.130057658,1.401826833,1.221368816,-687.9737551,2645.589823,"H15","CB19H15",0.5,"19",0.146694368753746,0.0868468273906371,-0.986316380609685,0.5,"CB"
"244881",37.0514556777046,0.220456021706705,1264.40487114216,7.18028994287926,26.27369653089,0.154381394152234,0.35674426,"CB",19,89342.5759819059,19696.11,"CB19a",2.295949078,2.172806328,1.996030005,-3.52409754,1.996030005,1.439262476,-687.0953263,2649.129581,"H17","CB19H17",0.5,"19",0.300167065462367,0.158140002750741,-0.447643005936878,0.5,"CB"
"247771",79.1726168851671,0.472160642977142,2739.25174859603,16.2806169590009,56.0845974404319,0.32876582773072,0.047282316,"CB",19,88778.3852031677,41917.66,"CB19a",2.613164496,2.378118289,1.316623333,-3.603284271,1.316623333,1.050633596,-688.2267334,2648.036348,"H18","CB19H18",0.5,"19",0.119461547325523,0.0214512840781036,-1.32530125883184,0.5,"CB"
"250661",66.669888864814,0.388307136836283,2515.50588830351,14.7425764577828,46.8103730459791,0.267787663016216,0.024387565,"CB",19,87833.646756742,34106.43,"CB19a",2.606241231,2.300276914,1.088217099,-3.737016306,1.088217099,1.007202512,-684.2192753,2652.719842,"H20","CB19H20",0.5,"19",0.0367155456307237,0.00311680024752079,-1.61283156007395,0.5,"CB"
"253551",83.7625926060854,0.498217653708697,3336.56951276128,19.740795748217,58.5172273914239,0.342120857571648,0.391049223,"CB",19,87417.8413907931,43553.11,"CB19a",2.278564167,2.211192143,2.025560082,-3.796331943,2.025560082,1.664848098,-685.5756685,2651.521246,"H23","CB19H23",0.5,"19",0.306545129718605,0.221374614292859,-0.407768572701825,0.5,"CB"
"256441",93.8820008521284,0.560650762927422,2456.60528332344,14.7685537803364,68.3923506828683,0.401035535106719,0.027447308,"CB",19,91474.5069501297,51285.25,"CB19a",2.640111352,2.302239632,1.144234714,-3.229320391,1.144234714,1.009263837,-682.5041053,2647.689994,"H25","CB19H25",0.5,"19",0.0585151193341692,0.00400471229741461,-1.56150024422214,0.5,"CB"
"259331",70.5458676741449,0.423569558501556,3847.3884085848,23.2611822963178,47.7692661880896,0.281519854864773,0.079191451,"CB",19,84304.1201693648,35708.66,"CB19a",2.532131897,2.398896876,1.431317323,-4.249690166,1.431317323,1.160264992,-688.0956756,2653.484502,"H27","CB19H27",0.5,"19",0.155735927505643,0.0645571887271874,-1.10132169952064,0.5,"CB"
"262221",85.2711548425408,0.53087211360708,4184.48830216703,26.069866673517,58.3814229684878,0.356804248642142,0.271149054,"CB",19,85357.9841331406,45314.17,"CB19a",2.323421844,2.119577691,1.779471266,-4.094399519,1.779471266,1.182184869,-685.2474494,2645.202205,"H28","CB19H28",0.5,"19",0.250290979629331,0.0726853964340671,-0.566791906416786,0.5,"CB"
"265111",96.368149065303,0.600713244913064,1812.78812592502,10.9727538103893,72.6210070174039,0.445715111891803,0.023302469,"CB",19,95272.2505532279,57231.3,"CB19a",2.699234732,2.34617303,1.168126726,-2.720842048,1.168126726,1.009621024,-684.917491,2648.024048,"H31","CB19H31",0.5,"19",0.0674899604279662,0.00415838559273006,-1.63259806110841,0.5,"CB"
"268001",47.6458899419735,0.313374989622039,2114.43817956507,15.277622170437,32.8833380211444,0.210775526801305,0.535191913,"CB",19,85426.9654138258,26770.68,"CB19a",2.274240531,2.242414186,2.57034332,-4.084301837,2.57034332,2.302749127,-682.8623914,2647.054458,"H33","CB19H33",0.5,"19",0.409991135791734,0.362246626329723,-0.271490457583301,0.5,"CB"
"270891",63.1977637771353,0.375127035411641,3363.48659078068,19.6184487297741,42.8892314854267,0.250544416719206,0.161635262,"CB",19,84763.0666904826,31796.92,"CB19a",2.474469562,2.331024287,1.924659356,-4.181825482,1.924659356,1.349120813,-688.1414868,2652.530599,"H34","CB19H34",0.5,"19",0.284353875194858,0.130050842236703,-0.791463888478173,0.5,"CB"
"273781",14.5102994715038,0.0927594722468194,729.69770451971,4.40685452932531,9.92821260889715,0.062551282512336,0.139289931,"CB",19,85672.5622463045,7946.942,"CB19a",2.439154237,2.294452043,1.580223478,-4.048416729,1.580223478,1.203868675,-686.5178859,2646.977879,"H35","CB19H35",0.5,"19",0.19871850999179,0.0805791141365001,-0.856080276750402,0.5,"CB"
"276671",13.6186322409271,0.0882986391752986,690.767770006688,5.45269177700305,9.28438777055454,0.0580020456387819,0.163939345,"CB",19,83212.3334926258,7347.536,"CB19a",2.34433508,2.282998695,1.393718299,-4.412629703,1.393718299,1.25133315,-681.9143692,2652.303972,"H36","CB19H36",0.5,"19",0.144175002203217,0.097372949937007,-0.785316804417472,0.5,"CB"
"279561",31.5846114374339,0.174052356572904,1771.28648468415,9.69377814103475,21.2887377046191,0.115519043712157,0.736657964,"CB",19,84172.5224436331,14650.43,"CB19a",2.22293647,2.222333293,2.816465654,-4.269217762,2.816465654,2.810299816,-681.944334,2646.944882,"H37","CB19H37",0.5,"19",0.449704459505605,0.448752654954374,-0.132734111635144,0.5,"CB"
"282451",73.1013422822703,0.443938114017369,4184.43348688599,25.1182281675958,49.2504454510252,0.294178392147223,0.305263541,"CB",19,84025.0642424916,37301.93,"CB19a",2.393093914,2.247861921,2.429410829,-4.291135175,2.429410829,1.569933799,-682.7501678,2652.892535,"H38","CB19H38",0.5,"19",0.385500963006368,0.195881339456897,-0.515325062350659,0.5,"CB"
"285341",72.4674541135109,0.441672005364255,3643.88921078895,22.5032654575256,49.4793313225299,0.295760587467993,0.19711555,"CB",19,85009.3569073614,37546.25,"CB19a",2.33623501,2.22869098,1.50788563,-4.145557756,1.50788563,1.233165844,-689.2572769,2645.501451,"H39","CB19H39",0.5,"19",0.178368402446527,0.0910214872126336,-0.705279113859516,0.5,"CB"
"288231",79.5785888844211,0.485069646148182,3257.05462474569,19.5646741989013,55.4580064667951,0.332500452704149,0.075736141,"CB",19,87245.2857771104,42320.04,"CB19a",2.585856482,2.304649479,1.580996386,-3.821030297,1.580996386,1.069855388,-686.636095,2645.872044,"H40","CB19H40",0.5,"19",0.198930877179488,0.0293250782104088,-1.12069682735227,0.5,"CB"
"291121",73.4832034004138,0.446007247485774,2822.67671618065,16.9566071658048,51.5422825231691,0.307536881175893,0.009827707,"CB",19,87820.1866915835,39168.44,"CB19a",2.791834811,2.341273137,1.067737834,-3.738932015,1.067737834,1.001649483,-689.3931668,2649.588613,"H41","CB19H41",0.5,"19",0.028464631696363,0.000715771200834527,-2.00754779991072,0.5,"CB"
"294011",42.9030334853111,0.291552862603647,1008.24888525095,6.85460398933706,31.6426863317234,0.210933616144683,0.391862544,"CB",19,92637.4941024577,27008.73,"CB19a",2.318652324,2.264143012,2.312779674,-3.071399857,2.312779674,1.940003211,-686.7223424,2649.977548,"H42","CB19H42",0.5,"19",0.364134261856812,0.287802448754158,-0.406866246375235,0.5,"CB"
"296901",69.7226716975276,0.428402580869085,3423.57777671868,20.2459484862565,47.678371763768,0.289040345543898,0.510847823,"CB",19,85722.6479016529,36723.8,"CB19a",2.241244089,2.163670981,2.209561335,-4.041111149,2.209561335,1.742511424,-687.9907947,2646.983717,"H44","CB19H44",0.5,"19",0.344306061604278,0.241175634037707,-0.291708453043664,0.5,"CB"
"299791",59.8802709974395,0.375659233337967,3196.53680230905,19.3043415434682,40.6476506548576,0.251340786337956,0.242688707,"CB",19,84928.5921086277,31904.21,"CB19a",2.300593842,2.287012123,1.560586714,-4.15743927,1.560586714,1.510660476,-689.2648452,2650.480521,"H46","CB19H46",0.5,"19",0.193287905244486,0.179166866742296,-0.614950432162883,0.5,"CB"
"302681",79.8870829526281,0.471519932580611,2997.26633945166,17.7932160145703,56.1287239835264,0.325371576102517,0.400416281,"CB",19,87893.073264543,41443.34,"CB19a",2.297197844,2.135664294,2.1906016,-3.728561913,2.1906016,1.411066856,-682.5403928,2649.795735,"H47","CB19H47",0.5,"19",0.340563400539122,0.149547591007382,-0.3974882723398,0.5,"CB"
"305571",71.5916991973259,0.44359110295366,2991.16119105335,18.473725078484,49.7784667237607,0.303096314899723,0.071821424,"CB",19,86935.5042588141,38563.82,"CB19a",2.535398479,2.351467697,1.373433278,-3.865492985,1.373433278,1.091760121,-684.4118185,2653.539933,"H48","CB19H48",0.5,"19",0.137807566049797,0.0381272266745111,-1.14374598838829,0.5,"CB"
"308461",66.7651221598785,0.415137830636143,2157.9295875682,13.5666764259037,47.6382264397556,0.290615778636355,0.276846529,"CB",19,89309.1839960395,37075.62,"CB19a",2.379939486,2.292119517,2.14801885,-3.528770316,2.14801885,1.655536321,-683.3656404,2648.159457,"H50","CB19H50",0.5,"19",0.332038088207715,0.218938713228735,-0.557760917142463,0.5,"CB"
"311351",46.0712655285223,0.256453416700986,909.482836729407,5.06214411598384,34.4858977182107,0.188812560622823,0.42127637,"CB",19,94454.895129135,24223.28,"CB19a",2.341544767,2.193631227,2.660940727,-2.828544148,2.660940727,1.666362677,-685.7140653,2648.940487,"H51","CB19H51",0.5,"19",0.425035200660548,0.221769529770659,-0.375432900394676,0.5,"CB"
"314241",35.4751417177763,0.246834767998085,1930.58031446807,11.857202002994,24.0267431185617,0.16626611069116,0.142210506,"CB",19,85567.2979187595,21120.99,"CB19a",2.533228518,2.284801029,2.10065882,-4.063784696,2.10065882,1.196750752,-689.7977764,2652.701242,"H52","CB19H52",0.5,"19",0.322355521885504,0.0780037090508717,-0.847068318308891,0.5,"CB"
"317131",55.2281053094121,0.31956549998833,2958.12033317718,17.6683860812792,37.4137718629389,0.212251702214651,0.070904503,"CB",19,84240.9489478153,26920.5,"CB19a",2.530157372,2.410584928,1.351659567,-4.259060245,1.351659567,1.142753254,-686.3652968,2653.87655,"H54","CB19H54",0.5,"19",0.130867322677706,0.0579524666205082,-1.14932618278658,0.5,"CB"
"320021",41.8486740383421,0.269555420581721,1307.1558838583,9.12551380818273,29.953072728645,0.188036490976581,0.388303218,"CB",19,88959.6363458406,23979.55,"CB19a",2.299551881,2.29049646,2.154766103,-3.577790119,2.154766103,2.092534576,-689.2668756,2647.052233,"H57","CB19H57",0.5,"19",0.333400134965692,0.320672642790481,-0.410829010293891,0.5,"CB"
"322911",466.166103453243,0.229475469827454,38386.9440027046,10.4632111745027,300.734646117116,0.155381170797062,0.408494104,"CB",19,86064.5236497396,19727.91,"CB19a",2.262449119,2.251271031,1.990266985,-3.991358278,1.990266985,1.923084757,-683.806314,2651.437324,"H65","CB19H65",0.5,"19",0.298911338889516,0.283998425520971,-0.388814207476105,0.5,"CB"
"325801",16.152390790904,0.100998877358459,656.372746856461,5.30367892858933,11.2371034961037,0.0674288065071117,0.619234635,"CB",19,84724.5961915961,8557.089,"CB19a",2.296241947,2.287191454,3.16434443,-4.18750001,3.16434443,3.059327091,-681.9412655,2651.103059,"H67","CB19H67",0.5,"19",0.500283749132594,0.485625912493733,-0.208144760709023,0.5,"CB"
"328691",53.5819722091006,0.305325424633376,1397.67963199571,8.47478070185047,39.0292757932119,0.217260819810202,0.494794838,"CB",19,90944.3322754479,27767.62,"CB19a",2.299440971,2.145413898,2.628639755,-3.301979576,2.628639755,1.625184064,-685.9912586,2651.199474,"H68","CB19H68",0.5,"19",0.41973107179075,0.210902555131856,-0.305574839842855,0.5,"CB"
"331581",76.9360813304795,0.451900875319479,3999.48415430512,23.2269921234237,52.3305968951993,0.302345283172989,0.113914271,"CB",19,84926.661234873,38378.43,"CB19a",2.38383993,2.230114153,1.277518731,-4.157723464,1.277518731,1.084422025,-685.6043495,2652.663299,"H70","CB19H70",0.5,"19",0.106367276486049,0.0351983296746095,-0.943421864785617,0.5,"CB"
"334471",36.1998819349398,0.254704484006891,1694.08402352395,11.2340950885941,24.9299361372714,0.173037979076943,0.084518044,"CB",19,86382.7833883156,22002.08,"CB19a",2.570521295,2.387040731,1.625986142,-3.945219532,1.625986142,1.165041472,-685.6308612,2646.149757,"J12","CB19J12",0.5,"19",0.21111683985671,0.0663413852248529,-1.073050562375,0.5,"CB"
"337361",86.4075110089449,0.538733494052666,2476.77151261548,15.2115765327615,62.055969203391,0.384590125076957,0.223233254,"GT",17,93590.961331747,50420.58561,"GT17a",2.358969569,2.296608935,1.72443394,-3.021374423,1.72443394,1.474758903,2112.494784,4837.942951,"GT01","GT17H01",0.5,"17",0.236646561972189,0.168721026649696,-0.651241110124389,0.5,"GT"
"340241",74.8968701177817,0.455697627080629,1848.46111805983,10.8434495943587,54.642905832324,0.330926749800626,0.241334651,"GT",17,95387.2932112263,43467.76317,"GT17a",2.252738848,2.206749046,1.397623517,-2.783729887,1.397623517,1.284644445,2111.022338,4847.95047,"GT02","GT17H02",0.5,"17",0.145390199657619,0.10878294327698,-0.617380317305112,0.5,"GT"
"343121",26.2423089633999,0.136092030804868,882.53382519969,5.46623878162116,18.5265984756964,0.0937888651568995,0.393497348,"GT",17,89996.9360995228,12247.8658,"GT17a",2.309098282,2.313197039,2.247288657,-3.510851741,2.247288657,2.278326621,2116.69324,4843.720383,"GT03","GT17H03",0.5,"17",0.351658859731428,0.357615984681492,-0.40505819024989,0.5,"GT"
"346001",110.777407436393,0.66934137384823,2388.01631617461,15.5137640294129,81.809387608217,0.48735440551787,0.121729914,"GT",17,95666.4252081917,64033.49648,"GT17a",2.418285965,2.341449358,1.400436672,-2.747204532,1.400436672,1.227720396,2111.567642,4848.096981,"GT04","GT17H04",0.5,"17",0.146263474728465,0.0890994707948046,-0.914602684804181,0.5,"GT"
"348881",63.7548992996035,0.423960068428271,1367.68745693115,8.55593538748039,47.1282766001515,0.312993180968729,0.200047331,"GT",17,97149.4441509376,41187.48499,"GT17a",2.376752105,2.34828886,1.684528725,-2.554916393,1.684528725,1.565324638,2109.344929,4844.185979,"GT05","GT17H05",0.5,"17",0.226478421077084,0.194604421033243,-0.698867238534945,0.5,"GT"
"351761",121.423472196053,0.783752940301302,3810.77347584315,25.638876345925,86.4017105867229,0.551329688295418,0.281936457,"GT",17,92072.8815923272,72162.39167,"GT17a",2.342181952,2.333151721,1.933363748,-3.225791388,1.933363748,1.881430783,2114.413847,4839.81343,"GT06","GT17H06",0.5,"17",0.286313570990518,0.274488245449343,-0.549848762190828,0.5,"GT"
"354641",118.782365205412,0.800220093111901,4129.96645950782,28.4036509240844,83.6699827727394,0.558337962261869,0.206752464,"GT",17,91241.7091853628,73013.44902,"GT17a",2.408742612,2.377830697,1.887135031,-3.339145445,1.887135031,1.726434938,2117.239809,4842.351938,"GT07","GT17H07",0.5,"17",0.275802976540169,0.237150216279449,-0.684549305982299,0.5,"GT"
"357521",116.61583723265,0.695956260081427,2227.45979337533,14.2327614886593,87.1884157281299,0.51311581399792,0.049906347,"GT",17,97006.2686440971,67512.11993,"GT17a",2.713423076,2.413153471,1.697470445,-2.573352051,1.697470445,1.074621128,2111.968459,4846.372253,"GT08","GT17H08",0.5,"17",0.229802221429621,0.0312553749295029,-1.30184421806823,0.5,"GT"
"360401",98.2797946703474,0.639727854674815,2890.06150451086,19.8490257141494,70.4010705569345,0.452402549973004,0.243036328,"GT",17,92615.6992493586,59248.84259,"GT17a",2.228569985,2.162266226,1.338196044,-3.152313751,1.338196044,1.206461922,2114.049468,4841.392406,"GT09","GT17H09",0.5,"17",0.126519741675896,0.0815136193850879,-0.614328805122931,0.5,"GT"
"363281",43.6749222352235,0.305638441539205,990.934659354431,8.14486400483559,32.0329371803767,0.219454538596597,0.234462143,"GT",17,94194.4917171263,28789.45765,"GT17a",2.367449885,2.343460784,1.826566053,-2.941025752,1.826566053,1.706963559,2112.482638,4839.606949,"GT10","GT17H10",0.5,"17",0.261635381959773,0.23222424970633,-0.629927269850582,0.5,"GT"
"366161",119.423075710101,0.689708485240745,2890.87035979338,16.8696320961797,87.2353698501311,0.499488784833972,0.059166123,"GT",17,95096.1249042863,65588.60426,"GT17a",2.575461699,2.324704784,1.356232023,-2.821944307,1.356232023,1.050838795,2114.482674,4844.558455,"GT11","GT17H11",0.5,"17",0.132333994611116,0.0215360977488013,-1.22792688796266,0.5,"GT"
"369041",9.00850658716515,0.0617297826093166,225.179741670624,1.59438440683661,6.55209158697785,0.0444620103088285,0.208518496,"GT",17,94522.2662928899,5834.83895000003,"GT17a",2.353265054,2.324515037,1.625500417,-2.89760421,1.625500417,1.5142515,2111.99275,4844.432947,"GT12","GT17H12",0.5,"17",0.210987085244496,0.180198012542637,-0.680855416208362,0.5,"GT"
"371921",76.8501321991585,0.506851919368116,1801.40144370415,13.7459746569037,56.2266487851097,0.363291994338607,0.073097907,"GT",17,94011.0704511175,47649.6915,"GT17a",2.56132858,2.3813272,1.462565258,-2.965390245,1.462565258,1.120213015,2114.389555,4847.679969,"GT13","GT17H13",0.5,"17",0.165115252912861,0.0493006141369055,-1.13609505794452,0.5,"GT"
"374801",98.6228142268274,0.645547890232395,2086.6135085342,14.7665681274229,72.9981886993153,0.470649424469848,0.113441157,"GT",17,95806.488791614,61847.67671,"GT17a",2.503369188,2.339140235,1.641351105,-2.728916879,1.641351105,1.196738571,2109.940082,4837.785053,"GT14","GT17H14",0.5,"17",0.21520149187206,0.0779992886082708,-0.945229352716781,0.5,"GT"
"377681",48.0588927830261,0.341012706508449,1133.31624560029,8.04476387646123,35.1907889776506,0.247856586438929,0.069406966,"GT",17,95478.8028087549,32559.48496,"GT17a",2.569226971,2.438987433,1.447999476,-2.771743787,1.447999476,1.170985694,2114.021127,4843.91067,"GT15","GT17H15",0.5,"17",0.160768404699284,0.0685515893039512,-1.1585969395806,0.5,"GT"
"380561",88.2822572554245,0.555390412603139,1964.18266017058,12.4079552500242,65.0232410788937,0.4058750648863,0.076068106,"GT",17,96058.0423416882,53349.71577,"GT17a",2.507444349,2.338904779,1.337148025,-2.696139365,1.337148025,1.092678446,2108.296327,4838.890336,"GT16","GT17H16",0.5,"17",0.126179487203819,0.0384923763377826,-1.11879739699579,0.5,"GT"
"383441",56.9265629345561,0.306905390751736,1804.10597544774,10.1776680921583,40.4616524866375,0.215597795917974,0.217029879,"GT",17,91933.4413478053,28214.86874,"GT17a",2.349717126,2.245677383,1.651460427,-3.244736426,1.651460427,1.314159949,2114.417896,4838.165627,"GT17","GT17H17",0.5,"17",0.217868171402278,0.118648227278979,-0.663480471720381,0.5,"GT"
"386321",2.45336467449876,0.017653874102423,48.5917651207591,0.374110925031449,1.82639526302327,0.0129696472754776,0.030572796,"GT",17,96623.5042860043,1705.77918000005,"GT17a",2.801332642,2.359610864,1.570638693,-2.622771731,1.570638693,1.01843863,2113.28832,4845.696128,"GT18","GT17H18",0.5,"17",0.196076292179974,0.00793486401328829,-1.51466484155379,0.5,"GT"
"389201",95.1043034105144,0.635179998811028,2971.98993330005,21.2245003467005,67.6900960765549,0.445868637034147,0.209830331,"GT",17,91855.929420344,58345.04914,"GT17a",2.364420183,2.309458824,1.680674298,-3.255280008,1.680674298,1.468047271,2116.353153,4841.789174,"GT19","GT17H19",0.5,"17",0.225483558599205,0.166740040051391,-0.678131734284333,0.5,"GT"
"392081",105.100313796138,0.674524651864666,2477.62411650229,16.0510540667972,76.9763762021009,0.489836823275839,0.128494249,"GT",17,95386.9263371402,64340.83328,"GT17a",2.39816625,2.263701296,1.380571272,-2.783777964,1.380571272,1.138446801,2108.154624,4840.623161,"GT20","GT17H20",0.5,"17",0.140058832009201,0.0563127410803194,-0.891116309558037,0.5,"GT"
"394961",48.9903484644007,0.355634160021744,1239.79111465149,8.85432848842096,35.6116789943491,0.257094289611757,0.231840955,"GT",17,94908.6767084927,33752.76752,"GT17a",2.290402383,2.277073763,1.484421089,-2.846607928,1.484421089,1.441253011,2110.632402,4843.380296,"GT21","GT17H21",0.5,"17",0.171557115692421,0.15874022761191,-0.634809842922003,0.5,"GT"
"397841",114.166016218085,0.694114269773807,2384.67281888971,14.7323392537625,84.6307274015577,0.509860157229934,0.177963296,"GT",17,96606.6866509627,67056.07976,"GT17a",2.462051254,2.371432727,1.989109711,-2.624947586,1.989109711,1.54640235,2108.365154,4842.513884,"GT22","GT17H22",0.5,"17",0.298658737658311,0.189322500999323,-0.74966955942345,0.5,"GT"
"400721",21.589865151126,0.141228252927837,352.467398745746,2.4310330404706,16.3950480153116,0.105934845072178,0.07054716,"GT",17,98881.5186089968,13964.86412,"GT17a",2.60085654,2.348941495,1.572897231,-2.334017675,1.572897231,1.086894224,2106.705205,4844.45319,"GT23","GT17H23",0.5,"17",0.196700347882252,0.0361872808219214,-1.15152046484591,0.5,"GT"
"403601",94.0546969053441,0.609469873649711,2457.85173420763,16.4402901785404,68.1898085885888,0.437079760201234,0.044482889,"GT",17,94067.3019105629,57331.18661,"GT17a",2.57370507,2.303057689,1.211432389,-2.957915773,1.211432389,1.024315944,2115.806585,4844.218368,"GT24","GT17H24",0.5,"17",0.0832991808312723,0.0104339327847329,-1.35180701468108,0.5,"GT"
"406481",110.583520327299,0.722625981399104,3639.00754483118,24.8243049971858,78.3389787199597,0.505849582799094,0.100943633,"GT",17,91573.8180515994,66173.62014,"GT17a",2.520025672,2.423436509,1.593945857,-3.29372955,1.593945857,1.29996569,2117.138593,4840.530042,"GT25","GT17H25",0.5,"17",0.202473565237327,0.113931890121984,-0.995921068896371,0.5,"GT"
"409361",66.9855494042398,0.437145651265108,2147.27015898635,16.1604172700035,47.5067991103467,0.303771970352107,0.215753278,"GT",17,90830.3529386368,39706.09379,"GT17a",2.305656872,2.253086472,1.477592562,-3.395628156,1.477592562,1.328216808,2115.438157,4838.724342,"GT26","GT17H26",0.5,"17",0.169554696258331,0.12326897174341,-0.666042597204888,0.5,"GT"
"412241",56.0624713651714,0.350140486587333,1206.16085534129,8.7575444207582,41.3843825985304,0.253006981742824,0.26381685,"GT",17,94860.4204093251,33214.47376,"GT17a",2.415878591,2.290846809,2.329217502,-2.852965167,2.329217502,1.601296374,2109.563557,4840.331658,"GT27","GT17H27",0.5,"17",0.367210044785406,0.20447172022701,-0.578697469485943,0.5,"GT"
"415121",105.020361409645,0.696724037947106,2359.26898906753,15.9177784864341,77.282965713666,0.508022333388374,0.279239363,"GT",17,95819.467111695,66759.72604,"GT17a",2.375631265,2.337547653,2.132441239,-2.727223695,2.132441239,1.893199563,2109.288248,4841.088757,"GT28","GT17H28",0.5,"17",0.328877072697871,0.277196395549437,-0.554023361375789,0.5,"GT"
"418001",93.5938635190424,0.540818046303667,1995.96328684718,11.5703595104804,69.228116176173,0.396940839325348,0.259946977,"GT",17,96521.3316507743,52200.47801,"GT17a",2.405112486,2.358269482,2.219991759,-2.635996605,2.219991759,1.913298721,2111.058776,4846.424127,"GT29","GT17H29",0.5,"17",0.346351362276103,0.281782781189807,-0.585115228739548,0.5,"GT"
"420881",82.925695498199,0.541389509023709,1691.2685897206,11.4804394021334,61.6196709589219,0.397712412037492,0.229361305,"GT",17,96616.3774291188,52307.09314,"GT17a",2.321020133,2.306422226,1.587304167,-2.623693753,1.587304167,1.531597587,2108.63768,4847.46868,"GT30","GT17H30",0.5,"17",0.20066015636558,0.185144673454306,-0.63947984904358,0.5,"GT"
"423761",127.070799503867,0.811971517476772,3280.20707463686,21.7153390404659,92.20856543867,0.582803820246182,0.156156747,"GT",17,94157.1467033474,76452.92129,"GT17a",2.381985747,2.247572775,1.472941726,-2.945982573,1.472941726,1.17573845,2114.025176,4846.732584,"GT31","GT17H31",0.5,"17",0.168185565188005,0.0703107210979776,-0.806439246646291,0.5,"GT"
"426641",90.3479701520636,0.59536947424433,2064.3704266537,14.5257492809151,66.3624779635922,0.431276249727224,0.037205518,"GT",17,95122.6007713635,56633.09281,"GT17a",2.716464989,2.365002915,1.439598134,-2.818464646,1.439598134,1.02841901,2114.786323,4842.785144,"GT32","GT17H32",0.5,"17",0.158241275050873,0.0121700958411033,-1.42939264454732,0.5,"GT"
"429521",94.5303323309049,0.614642530007837,2089.38533453352,14.2234711804612,69.6792941853243,0.44759835883968,0.129968834,"GT",17,95683.2296802665,58810.98237,"GT17a",2.453251722,2.370319073,1.57022437,-2.745009013,1.57022437,1.317288366,2111.442133,4838.598833,"GT33","GT17H33",0.5,"17",0.195961713358764,0.119680856248013,-0.88616077726654,0.5,"GT"
"432401",100.567202704336,0.657677419688242,2143.59479236791,14.676363107198,74.3999024425608,0.480680557493642,0.287628307,"GT",17,96070.2406355242,63183.22797,"GT17a",2.336329278,2.322853102,1.927215956,-2.694552106,1.927215956,1.851042384,2109.563557,4844.78518,"GT34","GT17H34",0.5,"17",0.284930382659687,0.267416363067643,-0.541168375003543,0.5,"GT"
"435281",93.7645282364376,0.611709773295473,2377.02625333765,16.2328714457131,68.1700898764866,0.439404603780563,0.2832911,"GT",17,94238.5050666095,57646.61457,"GT17a",2.41557293,2.320680597,2.467738122,-2.935186362,2.467738122,1.819775699,2109.838865,4838.615028,"GT35","GT17H35",0.5,"17",0.392299070189087,0.260017861232459,-0.54776706925508,0.5,"GT"
"438161",109.307642085352,0.668920002941705,2310.88650762361,14.5158368124714,80.9092377393796,0.490265767711758,0.29933526,"GT",17,96369.0334666488,64463.17415,"GT17a",2.152523145,2.135540675,1.279553229,-2.655735566,1.279553229,1.246318036,2107.636396,4843.635362,"GT36","GT17H36",0.5,"17",0.107058357108815,0.0956288799278234,-0.523842122713798,0.5,"GT"
"441041",103.699411475648,0.664571339550368,1919.63424944904,12.9260512416029,77.7968238506265,0.49244003998513,0.150877424,"GT",17,97548.3951111417,64827.86761,"GT17a",2.423006488,2.332477827,1.592414602,-2.503689384,1.592414602,1.312738643,2109.616189,4846.356059,"GT39","GT17H39",0.5,"17",0.2020561512902,0.118178269729031,-0.821375739453882,0.5,"GT"
"443921",19.24143477526,0.139982951330301,374.832867163494,3.11872836846779,14.3332800005933,0.102326726691448,0.152439853,"GT",17,96087.5238889785,13450.61518,"GT17a",2.483087509,2.325418577,1.893177742,-2.69230353,1.893177742,1.302396005,2111.207311,4842.141407,"GT40","GT17H40",0.5,"17",0.277191389846557,0.114743055382107,-0.816901478696247,0.5,"GT"
"446801",82.4457514651944,0.572275398784573,1617.05658051671,11.7013090887046,61.4709147266653,0.421935741938318,0.057037906,"GT",17,97008.2008031559,55515.4068,"GT17a",2.501766017,2.331609359,1.192722709,-2.57310308,1.192722709,1.05005911,2112.211378,4845.190046,"GT41","GT17H41",0.5,"17",0.0765394881391149,0.0212137470930531,-1.24383642686829,0.5,"GT"
"449681",120.708574335589,0.748708495813754,2855.5941516314,18.0886968132253,88.3654475037823,0.542884554690889,0.236198578,"GT",17,95226.2686461295,71296.71636,"GT17a",2.35741512,2.264233093,1.783593474,-2.804849135,1.783593474,1.415917746,2111.676955,4840.521945,"GT42","GT17H42",0.5,"17",0.251295874638001,0.151038024896197,-0.626722721322895,0.5,"GT"
"452561",61.4309461724282,0.369266100389835,1234.37143801832,7.8548396331273,45.6644087166945,0.271183853915233,0.23535262,"GT",17,96583.0326486741,35664.83983,"GT17a",2.257042747,2.221654491,1.392738717,-2.628008567,1.392738717,1.303881176,2107.38538,4845.663738,"GT43","GT17H43",0.5,"17",0.143869648794027,0.115238015507223,-0.628280962663483,0.5,"GT"
"455441",68.1552394592344,0.44308171365864,1672.85501740156,11.8732381376371,49.7004631476788,0.31796511016718,0.195173584,"GT",17,94136.443333643,41710.13663,"GT17a",2.382403803,2.325020084,1.683264384,-2.948731388,1.683264384,1.462028284,2111.15063,4840.218296,"GT44","GT17H44",0.5,"17",0.226152334332698,0.164955774445582,-0.709578962793131,0.5,"GT"
"458321",96.9746132995502,0.620862029789923,1979.12628518267,13.8690138245312,72.0314397994645,0.453726587585674,0.161791633,"GT",17,96059.3045449725,59639.5748,"GT17a",2.322374918,2.229701858,1.328410351,-2.695975116,1.328410351,1.163511638,2110.948197,4843.773016,"GT46","GT17H46",0.5,"17",0.123332250970813,0.0657707316656387,-0.7910439415364,0.5,"GT"
"461201",59.9560330676348,0.395593171319985,1047.60667300382,8.1596278383594,45.1584328928176,0.29141426451428,0.293792391,"GT",17,96914.1286541293,38338.5675,"GT17a",2.331460509,2.250360744,1.928562679,-2.585230636,1.928562679,1.544400727,2106.142442,4841.841807,"GT47","GT17H47",0.5,"17",0.28523375816264,0.188759997388695,-0.531959456297652,0.5,"GT"
"464081",90.7767712229859,0.598784632148903,2155.39197865736,15.0951513908223,66.4268982834445,0.432332754047066,0.197648014,"GT",17,94777.2904029498,56751.18497,"GT17a",2.346177686,2.333610704,1.546292277,-2.863924223,1.546292277,1.500986001,2112.405713,4843.222399,"GT48","GT17H48",0.5,"17",0.189291586795179,0.176376641799031,-0.704107545162014,0.5,"GT"
"466961",62.0294645457876,0.443075202625475,1277.06778505278,10.7092927575232,45.9375615940692,0.321257508377062,0.053324091,"GT",17,95221.6683533584,42190.36,"GT17a",2.599051217,2.462472217,1.352624817,-2.805453013,1.352624817,1.125333168,2113.770111,4840.647453,"GT49","GT17H49",0.5,"17",0.131177351289298,0.0512811194276521,-1.27307653910495,0.5,"GT"
"469841",12.8424789774002,0.0628223664988288,250.249435534787,1.39252388096209,9.58207238754922,0.0459462035981545,0.332622508,"GT",17,96141.9678469551,6039.86594000003,"GT17a",2.342633374,2.335344474,2.196622149,-2.685222936,2.196622149,2.144791421,2106.911687,4841.287141,"GT50","GT17H50",0.5,"17",0.341755358369237,0.331385063833919,-0.478048366152402,0.5,"GT"
"472721",99.5629994387585,0.63941202372085,2483.85110012298,15.946859658819,72.4966085832225,0.462163387574915,0.16055698,"GT",17,94890.6562108828,60674.22652,"GT17a",2.431864196,2.403975078,1.69473762,-2.848981553,1.69473762,1.576242223,2112.259962,4847.230568,"GT51","GT17H51",0.5,"17",0.229102470086821,0.197622956826805,-0.794370809315229,0.5,"GT"
"475601",122.601808888456,0.752727022106148,2588.81552833442,16.6921740832841,90.7559942062974,0.550495969715133,0.105627574,"GT",17,96137.3673254356,72365.19422,"GT17a",2.500384192,2.353769208,1.559708505,-2.685821092,1.559708505,1.192971567,2112.83892,4842.28311,"GT53","GT17H53",0.5,"17",0.193043440342315,0.0766300929225163,-0.976222694748753,0.5,"GT"
"478481",46.8448332862899,0.366036083958634,1449.65823893629,10.7673285166483,33.4039757784879,0.260181162429748,0.256170988,"GT",19,129442.694877466,47380.7,"GT19a",2.496390637,2.394309729,3.025126022,-3.011979818,3.025126022,2.118304423,2114.667893,4843.059911,"H01","GT19H01",0.5,"19",0.480743471391524,0.325988373018241,-0.591470056734028,0.5,"GT"
"481361",69.8556923249097,0.496057688659725,1614.80515516622,11.7364780887929,51.3176727408495,0.360364482445579,0.006504536,"GT",19,132613.049921145,65783.72,"GT19a",3.018745083,2.275809468,1.185359024,-2.709514618,1.185359024,1.000419435,2112.562588,4843.491238,"H02","GT19H02",0.5,"19",0.0738499102842455,0.000182120114911286,-2.18678367832251,0.5,"GT"
"484241",71.1778680722751,0.448899038715789,1991.83145434316,13.481230990664,51.3256738384855,0.318420443975037,0.235734701,"GT",19,129145.090298811,57973.11,"GT19a",2.346534418,2.331926493,1.727614165,-3.040751934,1.727614165,1.660596153,2113.375956,4846.612217,"H03","GT19H03",0.5,"19",0.237446756243785,0.220264027485337,-0.627576483052471,0.5,"GT"
"487121",57.5237316814028,0.41196501187143,1426.17098791487,10.1325695634382,41.9599702210195,0.298115641098052,0.22332859,"GT",19,132042.468613758,54396.88,"GT19a",2.439213976,2.387384459,2.202386066,-2.763413191,2.202386066,1.871368442,2111.702127,4845.291814,"H05","GT19H05",0.5,"19",0.342893450710712,0.27215930143617,-0.651055676013025,0.5,"GT"
"490001",76.1256075419972,0.486310965741124,1519.23407697096,10.3152175825661,56.7843591104774,0.357164252430094,0.20799613,"GT",19,134232.44978759,65278.71,"GT19a",2.414810457,2.409430563,1.930381428,-2.557795763,1.930381428,1.899226229,2109.154715,4846.655968,"H11","GT19H11",0.5,"19",0.285643130618551,0.278576699415543,-0.681944745495319,0.5,"GT"
"492881",76.7714273466819,0.516932184322219,1600.15759705655,11.2371363059543,56.9867421413204,0.378723034407938,0.092009544,"GT",19,133866.935719494,69200.13,"GT19a",2.52235528,2.351164901,1.518242969,-2.591879606,1.518242969,1.146393071,2109.065761,4840.690459,"H14","GT19H14",0.5,"19",0.181341278576704,0.0593335524454995,-1.03616712165927,0.5,"GT"
"495761",15.2849207004934,0.094302668993889,354.899873462728,2.52337553192775,11.2010924748215,0.0676688116539588,0.093053102,"GT",19,130811.859532835,12335.91,"GT19a",2.553558005,2.286846661,1.652387346,-2.880456924,1.652387346,1.090058888,2113.823021,4841.964498,"H15","GT19H15",0.5,"19",0.218111860485487,0.0374499603650538,-1.03126914473603,0.5,"GT"
"498641",16.2680789152269,0.135224774625016,406.670251777095,2.9823645649845,11.8355464036029,0.0989273044059168,0.269192457,"GT",19,133651.94373677,18073.05,"GT19a",2.509558825,2.182309055,3.323108601,-2.611970901,3.323108601,1.288514727,2107.592762,4841.61253,"H17","GT19H17",0.5,"19",0.521544534490969,0.11008938665742,-0.569937113575747,0.5,"GT"
"501521",67.656421388034,0.447451438482849,1419.10876121124,9.91565859472371,50.1977646637578,0.327189003151988,0.086385012,"GT",19,133581.140386235,59771.07,"GT19a",2.703835779,2.417975999,2.490969865,-2.618594646,2.490969865,1.217711559,2111.821018,4846.381866,"H18","GT19H18",0.5,"19",0.396368473605003,0.0855444285515987,-1.06356160208526,0.5,"GT"
"504401",71.5860614020747,0.431089052420588,1532.46998088747,10.0515067391336,53.0414906348169,0.313625186242242,0.011296749,"GT",19,132828.377265619,57260.86,"GT19a",2.913767213,2.382433236,1.228927087,-2.689234495,1.228927087,1.0030671,2112.209167,4847.29293,"H20","GT19H20",0.5,"19",0.0895261166920574,0.00132998604635785,-1.94704652063159,0.5,"GT"
"507281",87.9471375657233,0.575372451309735,2604.81919302573,17.9578985294362,63.0566966598633,0.406563863602436,0.307136297,"GT",19,128593.643963274,73989.24,"GT19a",2.300172392,2.264501804,1.814108328,-3.094240904,1.814108328,1.644024671,2113.705821,4845.164195,"H23","GT19H23",0.5,"19",0.258663217039371,0.215908330478222,-0.512668856121854,0.5,"GT"
"510161",63.5354216354952,0.391482900794956,1445.4788738679,9.64731623009333,46.7719829342053,0.283239475581758,0.228491306,"GT",19,132014.281939401,51681.33,"GT19a",2.41123077,2.372323844,2.047832429,-2.76608181,2.047832429,1.819523454,2112.586507,4845.332411,"H25","GT19H25",0.5,"19",0.311294416103556,0.259957658095999,-0.641130320005762,0.5,"GT"
"513041",68.8488122704382,0.478648606271262,2011.80473269735,14.4887899361131,49.4161765872055,0.339254504342932,0.225670576,"GT",19,129031.663271988,61760.83,"GT19a",2.379188023,2.349569582,1.840217761,-3.051735401,1.840217761,1.692722669,2115.638271,4845.424341,"H27","GT19H27",0.5,"19",0.264869218012183,0.228585810330452,-0.646525062605321,0.5,"GT"
"515921",55.0861656996128,0.388941724228289,1737.46037050793,12.7148856259509,39.2158462518136,0.273559687218692,0.070385933,"GT",19,127933.353405906,49758.62,"GT19a",2.626703486,2.516523243,1.679047176,-3.158590078,1.679047176,1.314367278,2114.74947,4840.058164,"H28","GT19H28",0.5,"19",0.225062898632776,0.118716738527332,-1.15251412822886,0.5,"GT"
"518801",94.7875879430286,0.633821601197835,2112.40208005027,14.7940935570318,69.9050804474246,0.461068295091471,0.191989899,"GT",19,132812.842747726,84179.65,"GT19a",2.452380635,2.327779806,2.043290102,-2.690696478,2.043290102,1.458176079,2109.526691,4843.724698,"H31","GT19H31",0.5,"19",0.310330031220549,0.16380996946954,-0.716721619858739,0.5,"GT"
"521681",64.1283927040509,0.45696957569373,1806.36460846145,12.9961170158605,46.16723935449,0.325915495556847,0.357349873,"GT",19,129929.026171741,59373.61,"GT19a",2.33902907,2.332880365,2.298830094,-2.965103865,2.298830094,2.251887797,2111.00857,4838.632187,"H33","GT19H33",0.5,"19",0.361506873850815,0.352546747476943,-0.446906367908439,0.5,"GT"
"524561",67.4489918188063,0.399834378115419,1840.47290244367,12.0383669250324,48.7670530387389,0.283544836946747,0.190761328,"GT",19,129108.533496583,51622.03,"GT19a",2.365130372,2.324099058,1.586513763,-3.044290781,1.586513763,1.441659887,2112.840676,4838.594066,"H34","GT19H34",0.5,"19",0.200443843955516,0.158862814737532,-0.719509662852427,0.5,"GT"
"527441",16.4091072325075,0.115339287743758,462.998531153761,3.3639270722153,11.8117274072589,0.0820541762896668,0.189366817,"GT",19,129565.774874561,14944.02,"GT19a",2.451640159,2.40941875,2.01739993,-3.000099897,2.01739993,1.777851405,2114.788179,4845.014963,"H35","GT19H35",0.5,"19",0.304792001423022,0.249895459285838,-0.722696120667305,0.5,"GT"
"530321",25.3113684786741,0.155009447541665,530.40346119222,3.58409451592765,18.7658445930016,0.112866847665434,0.202506781,"GT",19,132952.23192419,20608.85,"GT19a",2.413288963,2.349924106,1.884639123,-2.67758441,1.884639123,1.583184018,2108.585426,4842.208996,"H36","GT19H36",0.5,"19",0.275228202343359,0.19953139708424,-0.693560429725486,0.5,"GT"
"533201",79.3482045111434,0.491927659437463,1879.41086202403,12.8125422876308,58.1567344599947,0.353946963455906,0.210334778,"GT",19,131204.813272357,64543.28,"GT19a",2.348517098,2.304046094,1.614397864,-2.842963696,1.614397864,1.452454705,2109.369126,4838.068317,"H37","GT19H37",0.5,"19",0.208010574280827,0.162102597740315,-0.677088912550297,0.5,"GT"
"536081",68.7699334270262,0.419193940302967,1920.56275813051,12.7573683205114,49.59522939177,0.296955068170185,0.033915043,"GT",19,128954.742883284,54057.05,"GT19a",2.66044479,2.408290876,1.248685429,-3.05918932,1.248685429,1.033760474,2115.902183,4844.486105,"H38","GT19H38",0.5,"19",0.0964530439335043,0.0144199228289071,-1.46960762796794,0.5,"GT"
"538961",62.1857318694625,0.379110540787522,1542.80339706173,10.1996357537585,45.4019558397502,0.271890688866343,0.174898148,"GT",19,130732.870515932,49562.21,"GT19a",2.438046063,2.380514986,1.827219763,-2.888007164,1.827219763,1.565023126,2111.313889,4843.339496,"H39","GT19H39",0.5,"19",0.261790783870608,0.194520759403223,-0.757214789249962,0.5,"GT"
"541841",72.9749801443727,0.497021673716997,1469.81996242456,10.1984997910828,54.3792545628056,0.366243214180088,0.220276594,"GT",19,134728.008537769,66962.74,"GT19a",2.487192732,2.342217444,2.565772306,-2.511733294,2.565772306,1.634558239,2108.67931,4844.142357,"H40","GT19H40",0.5,"19",0.409218113209854,0.213400399022069,-0.657031647364358,0.5,"GT"
"544721",38.1395245815699,0.238050429843147,1115.35916029933,7.47521418259546,27.3946802213446,0.168106249320739,0.249423504,"GT",19,128506.547625882,30591.04,"GT19a",2.387359757,2.282985776,2.029836757,-3.102710009,2.029836757,1.519749285,2113.970765,4840.906962,"H41","GT19H41",0.5,"19",0.307461112600502,0.181771947732986,-0.603062623926695,0.5,"GT"
"547601",89.9470284787834,0.601871345754557,2893.86296111439,20.415868557904,63.9289715950001,0.421762151454462,0.075766802,"GT",19,127409.548287869,76684.16,"GT19a",2.568322882,2.370166151,1.515619933,-3.20987463,1.515619933,1.117833678,2115.710439,4840.459398,"H42","GT19H42",0.5,"19",0.180590308357364,0.0483771898649921,-1.12052104326481,0.5,"GT"
"550481",85.4120411668115,0.574834916916673,2740.47223108296,19.2434545730625,60.7287284123023,0.403347626955294,0.138280869,"GT",19,127596.278760207,73346.8,"GT19a",2.433864618,2.397268592,1.553055909,-3.191568136,1.553055909,1.428787255,2115.84522,4842.127019,"H44","GT19H44",0.5,"19",0.19118709032813,0.154967567588803,-0.859237899879422,0.5,"GT"
"553361",42.948120296308,0.225679533395141,1005.57287736313,6.33746357416124,31.5179870849314,0.161161091748448,0.20651865,"GT",19,130112.083307915,29363.64,"GT19a",2.4249846,2.355330765,1.981195317,-2.947504997,1.981195317,1.624444427,2110.023976,4839.779279,"H46","GT19H46",0.5,"19",0.296927292759105,0.210704858518752,-0.685040722572456,0.5,"GT"
"556241",75.2129958324775,0.505818120951609,1937.30265902455,13.4968933411617,54.6744598462645,0.36306200050792,0.142750978,"GT",19,130852.64479153,66187.64,"GT19a",2.490521448,2.337239129,1.846785588,-2.876560211,1.846785588,1.293686058,2110.559986,4840.988606,"H47","GT19H47",0.5,"19",0.266416476732203,0.11182889780078,-0.845420907680725,0.5,"GT"
"559121",75.1644849996885,0.516031726956311,2281.15682928571,16.2180937583376,53.7347381645633,0.364379905886724,0.293497086,"GT",19,128494.425218963,66307.2,"GT19a",2.274842644,2.212398347,1.641524799,-3.103889227,1.641524799,1.417068921,2111.710878,4839.646265,"H50","GT19H50",0.5,"19",0.215247448129936,0.151390973241168,-0.53239620630871,0.5,"GT"
"562001",67.845281783502,0.46603119427486,1423.73923356453,10.0746286698435,50.3315665083213,0.341620510395932,0.070780039,"GT",19,133949.433014097,62424.61,"GT19a",2.598332829,2.326427679,1.566183735,-2.584178686,1.566183735,1.07301684,2108.743573,4839.329264,"H51","GT19H51",0.5,"19",0.194842709456226,0.0306065378668695,-1.15008920240096,0.5,"GT"
"564881",73.2677183650269,0.469974447322094,1513.54703177357,10.4221669116719,54.4410067925681,0.343634076093981,0.131554604,"GT",19,133570.610503804,62774.77,"GT19a",2.421411867,2.322766705,1.467042874,-2.61958003,1.467042874,1.227686623,2108.159196,4843.57839,"H52","GT19H52",0.5,"19",0.166442806187886,0.089087523751056,-0.880893948362723,0.5,"GT"
"567761",65.2289121580303,0.453261235795918,1293.20395685108,9.28080131232888,48.6570525238754,0.334068282647386,0.094041586,"GT",19,134759.864149296,61081.42,"GT19a",2.582439989,2.357180534,1.802014748,-2.508778095,1.802014748,1.159780893,2109.798787,4845.850568,"H54","GT19H54",0.5,"19",0.255758340998654,0.0643759496156634,-1.0266800551613,0.5,"GT"
"570641",68.6199507674124,0.460718633062175,1752.3565468131,12.1823119274265,49.9375563032569,0.330991422045671,0.222939968,"GT",19,130984.797551819,60347.14,"GT19a",2.41306658,2.347613713,2.021658328,-2.863942385,2.021658328,1.670648538,2111.948683,4842.083971,"H57","GT19H57",0.5,"19",0.305707759166661,0.222885094979177,-0.651812065544771,0.5,"GT"
"573521",18.588574397369,0.108081170278034,406.335723622802,2.84390546710351,13.7083506403105,0.0776862006752194,0.210883141,"GT",19,131056.156993508,14164.7,"GT19a",2.422972311,2.343778023,1.99986306,-2.857134342,1.99986306,1.597578539,2111.821869,4840.96138,"H65","GT19H65",0.5,"19",0.301000258502742,0.203462217826293,-0.675958138436574,0.5,"GT"
"576401",55.0517394162911,0.37204726908926,1296.62776061415,8.9406784858555,40.4004475935412,0.269855479540615,0.172889709,"GT",19,132383.665630894,49252.98,"GT19a",2.387933971,2.366906099,1.58314509,-2.731154919,1.58314509,1.504870412,2110.654059,4845.096669,"H67","GT19H67",0.5,"19",0.199520718336064,0.177499103400675,-0.762230856682848,0.5,"GT"
"579281",38.3713468132199,0.309023109950163,941.772818506011,7.20172894234871,27.970366895451,0.224831280128189,0.376897335,"GT",19,132835.798094907,41049.33,"GT19a",2.337715593,2.328600644,2.390481083,-2.688536167,2.390481083,2.317366203,2108.540839,4845.583584,"H68","GT19H68",0.5,"19",0.378485311269114,0.364994668824637,-0.423776933388512,0.5,"GT"
"582161",75.8636753901486,0.458005042350819,1438.46818483236,9.51411607870248,56.8631298072728,0.33707830105718,0.065632105,"GT",19,134544.164347429,61621.91,"GT19a",2.616361844,2.419807009,1.565690871,-2.528801918,1.565690871,1.132687342,2111.129367,4846.49039,"H70","GT19H70",0.5,"19",0.19470601936213,0.0541100472129179,-1.18288366651522,0.5,"GT"
"585041",69.9910082025234,0.477242724259289,2281.21861882767,16.0482339890578,49.6928889138792,0.334719395552281,0.16613555,"GT",19,127532.70186458,60864.05,"GT19a",2.338247171,2.210025308,1.385669576,-3.197798014,1.385669576,1.147473612,2113.2051,4839.906449,"J12","GT19J12",0.5,"19",0.141659681626403,0.0597427070244972,-0.779537426447687,0.5,"GT"
"587921",75.0489279938986,0.541605730690363,2971.5318868576,17.3100396944199,52.2863058275969,0.380482858994546,0.135767755,"HS",17,99471.2948500908,53874.22333,"HS17a",2.45443,2.359023025,1.617113953,-3.463777471,1.617113953,1.31543576,-469.5321036,1270.686661,"HS01","HS17H01",0.5,"17",0.208740624368604,0.119069643939214,-0.867203363254337,0.5,"HS"
"590801",96.8864686630562,0.678397583580476,3859.70373783437,23.0801812619608,67.4377689439604,0.473611377305574,0.071738716,"HS",17,98782.9982181096,67014.14729,"HS17a",2.582448574,2.385166542,1.519154176,-3.550572489,1.519154176,1.11957714,-473.5096677,1269.449872,"HS02","HS17H02",0.5,"17",0.181601851801048,0.0490540222760716,-1.144246400717,0.5,"HS"
"593681",30.1414564752781,0.242453641029463,1128.30290634148,8.6230442001799,21.0637726919715,0.16851510951182,0.201383317,"HS",17,98297.0121166539,23832.46849,"HS17a",2.366079635,2.280551801,1.644406804,-3.612220939,1.644406804,1.355221545,-469.9369447,1266.409515,"HS03","HS17H03",0.5,"17",0.216009265075924,0.132010297355164,-0.69597651012273,0.5,"HS"
"596561",64.8260906076502,0.451287384723833,1697.96982614024,9.89156890559189,47.0450686294006,0.329219325910223,0.039621296,"HS",17,103728.497038858,46811.36215,"HS17a",2.466566656,2.25521034,1.073386111,-2.939930326,1.073386111,1.013030128,-473.4590626,1266.972244,"HS04","HS17H04",0.5,"17",0.030755971466124,0.00562236167773389,-1.40207132293066,0.5,"HS"
"599441",51.8748580304829,0.437281714163148,2584.40304501147,19.5919614135022,35.2736548973456,0.296990791266862,0.09439379,"HS",17,95807.0731134421,41894.68116,"HS17a",2.458549609,2.351573351,1.344585505,-3.932934899,1.344585505,1.154052929,-462.835019,1266.315389,"HS05","HS17H05",0.5,"17",0.12858842513048,0.0622257275766422,-1.02505657622571,0.5,"HS"
"602321",107.210419934618,0.775963659289784,3356.79882496464,21.3399707368102,76.4363607776697,0.553374911259802,0.29496243,"HS",17,101146.10105818,78485.6987,"HS17a",2.347192239,2.321430925,2.030826654,-3.255066119,2.030826654,1.876610299,-470.6332714,1264.441987,"HS06","HS17H06",0.5,"17",0.307672854756773,0.273374095442034,-0.530233297522757,0.5,"HS"
"605201",72.8884980369201,0.534094446445974,2656.71673707889,18.2989189036611,51.1872721684484,0.372606693058072,0.458521428,"HS",17,98705.8840824938,52718.26452,"HS17a",2.413380609,2.280818103,3.75402293,-3.560334322,3.75402293,2.312305504,-469.4754258,1267.668571,"HS07","HS17H07",0.5,"17",0.574496921013632,0.364045212938887,-0.33864036371325,0.5,"HS"
"608081",50.2593503378143,0.403161483062824,1968.13514664023,13.9467427590813,35.0144256732686,0.280991372166368,0.222194752,"HS",17,98600.2210776804,39751.81136,"HS17a",2.458021599,2.402807992,2.336008719,-3.573722531,2.336008719,1.953379467,-470.264866,1268.089605,"HS08","HS17H08",0.5,"17",0.368474459419181,0.290786618308804,-0.653266202840501,0.5,"HS"
"610961",73.469708027463,0.527334591484702,1626.36393532036,12.1174056252647,54.1231366063421,0.382884026743914,0.080548247,"HS",17,103185.587459378,54413.3296099999,"HS17a",2.560403421,2.353308612,1.540301109,-3.005526492,1.540301109,1.115859902,-470.5927873,1267.381133,"HS09","HS17H09",0.5,"17",0.187605628105552,0.047609671655607,-1.09394390684639,0.5,"HS"
"613841",100.485179551366,0.695355969579531,3081.5430349456,17.6408676987801,71.8051468954388,0.499907023514344,0.012368422,"HS",17,102056.916909639,70965.8864099999,"HS17a",2.822216457,2.33117118,1.133855261,-3.143007996,1.133855261,1.002401137,-468.8641157,1272.407236,"HS10","HS17H10",0.5,"17",0.0545576194943575,0.00104155059637483,-1.90768570541598,0.5,"HS"
"616721",68.0012803042523,0.515022759466293,1486.40982883824,11.5727505364249,50.151495607166,0.374782005719311,0.089736384,"HS",17,103442.328306438,53275.15337,"HS17a",2.469113678,2.353391184,1.340601877,-2.974463291,1.340601877,1.142133591,-463.8612913,1271.151216,"HS11","HS17H11",0.5,"17",0.127299823121389,0.0577169046462018,-1.04703143469693,0.5,"HS"
"619601",23.2444101123123,0.189391759850998,923.8249819663,5.85876414767342,16.1454071215509,0.133484215257088,0.134955239,"HS",17,99832.5586861604,18907.46398,"HS17a",2.477014083,2.355648718,1.710425563,-3.41846171,1.710425563,1.304485552,-472.4024272,1264.972329,"HS12","HS17H12",0.5,"17",0.233104178619427,0.115439273377656,-0.869810251347355,0.5,"HS"
"622481",94.816022054866,0.640856894662501,3332.34256581944,18.1774022226167,66.819001330506,0.455614263892182,0.050651036,"HS",17,100799.46383977,64598.03138,"HS17a",2.559491639,2.332872437,1.24041591,-3.297978371,1.24041591,1.040087858,-468.335798,1268.654359,"HS13","HS17H13",0.5,"17",0.0935673280110275,0.0170700264458804,-1.2954116672932,0.5,"HS"
"625361",79.7901854144212,0.604826519589829,3331.64906568154,21.6271956304284,55.2937400720041,0.42015275299062,0.21278836,"HS",17,98238.2453406548,59417.09602,"HS17a",2.404084767,2.388651333,1.899976041,-3.619696287,1.899976041,1.815346756,-471.7911171,1271.018631,"HS14","HS17H14",0.5,"17",0.278748124464883,0.25895959346782,-0.672052132608342,0.5,"HS"
"628241",63.7560956296011,0.474835466393504,2012.26211914126,11.9604647689035,45.4125196694117,0.341614255800603,0.263203716,"HS",17,102138.096756674,48498.79081,"HS17a",2.456524305,2.398975234,2.678903529,-3.133068986,2.678903529,2.197038895,-465.0231854,1269.86787,"HS15","HS17H15",0.5,"17",0.427957074348285,0.341837745465959,-0.579707983496903,0.5,"HS"
"631121",85.61596840383,0.601639828901099,3377.95837003345,19.540329654686,59.6488180012933,0.421978549537183,0.398980706,"HS",17,99293.8066934731,59739.1088699999,"HS17a",2.321324636,2.271837118,2.368483593,-3.486101335,2.368483593,2.013521575,-469.3924334,1269.470114,"HS16","HS17H16",0.5,"17",0.374470380622243,0.303956287458845,-0.399048105517097,0.5,"HS"
"634001",93.7509216300408,0.668071614103915,3894.51787335302,23.8941698241609,64.9837667217697,0.4640763676596,0.157565837,"HS",17,98235.7434958938,65628.5117199999,"HS17a",2.479095092,2.368237268,1.915895749,-3.62001463,1.915895749,1.43599651,-470.4753834,1270.431611,"HS17","HS17H17",0.5,"17",0.28237187381047,0.157153384412142,-0.802537939198664,0.5,"HS"
"636881",29.9212099848346,0.223838462728163,1032.28896161819,6.99839137113028,21.0845980923413,0.157594729826805,0.526857029,"HS",17,99714.6632797692,22319.9769399999,"HS17a",2.264417382,2.261786527,2.450938705,-3.433232076,2.450938705,2.428728297,-468.9744349,1263.819543,"HS18","HS17H18",0.5,"17",0.389332450210408,0.385378932790442,-0.278307221486445,0.5,"HS"
"639761",97.8567280286542,0.696537163931629,3681.12141330619,22.9126482046408,68.4991657569757,0.487915393971896,0.165933132,"HS",17,99153.2798338657,69063.9443299999,"HS17a",2.298167099,2.19434837,1.287490681,-3.503804654,1.287490681,1.130177716,-467.8580854,1269.636098,"HS19","HS17H19",0.5,"17",0.109744094253094,0.0531467399521076,-0.780066889393705,0.5,"HS"
"642641",67.4208180592831,0.526425010726937,1914.01651982708,14.1524286535715,48.5102421042569,0.376270694788106,0.436691214,"HS",17,101401.522842327,53380.2977499999,"HS17a",2.336146866,2.305801193,2.69200088,-3.223539963,2.69200088,2.419372697,-467.2477874,1268.975195,"HS20","HS17H20",0.5,"17",0.430075197520395,0.383702775258466,-0.359825545769759,0.5,"HS"
"645521",92.9389643618103,0.622733441807887,3444.71003848686,18.1623859264166,65.1285257050893,0.441497698751554,0.082760171,"HS",17,100487.902830992,62577.1775899999,"HS17a",2.451441819,2.324270442,1.259121533,-3.336674448,1.259121533,1.096932595,-470.3822699,1271.921427,"HS21","HS17H21",0.5,"17",0.100067651127653,0.0401799415957265,-1.08217862066121,0.5,"HS"
"648401",43.330244842767,0.33079038523402,2348.16498700075,13.4239737003097,29.2123191657651,0.22689941856767,0.237716397,"HS",17,96866.6008152904,32042.5402,"HS17a",2.582340205,2.347306024,3.917565244,-3.795456545,3.917565244,1.741020686,-464.6487073,1263.777035,"HS22","HS17H22",0.5,"17",0.593016238037431,0.240803931233518,-0.623940860842217,0.5,"HS"
"651281",100.99848674833,0.697464946135097,4527.08427190605,25.4262488409599,69.4647331276194,0.483570413273879,0.182630328,"HS",17,98027.5878936528,68370.8063099999,"HS17a",2.42195037,2.356383411,1.797373727,-3.646529476,1.797373727,1.514228567,-471.1352745,1272.544882,"HS23","HS17H23",0.5,"17",0.254638389128119,0.18019143520012,-0.738427100901609,0.5,"HS"
"654161",93.8923875337163,0.685111351009582,3759.35902221852,23.6699179783505,65.3312769681655,0.477563284734213,0.206863219,"HS",17,98614.3024786273,67561.7779999999,"HS17a",2.404755458,2.364779762,1.865578786,-3.571937495,1.865578786,1.666955167,-469.8559765,1265.73343,"HS24","HS17H24",0.5,"17",0.270813594627204,0.221923919572253,-0.68431672153993,0.5,"HS"
"657041",112.62591236968,0.776013055430511,3654.41522748379,20.6350864517564,80.0096145073839,0.555275648395852,0.322992744,"HS",17,101525.013153667,78784.73566,"HS17a",2.31195057,2.236896838,1.947929732,-3.208326289,1.947929732,1.580135738,-463.887606,1267.036006,"HS25","HS17H25",0.5,"17",0.289573286446565,0.198694395645763,-0.490807233941828,0.5,"HS"
"659921",33.7125101554941,0.291448694362981,1111.76830418308,9.17642678322105,23.8454491815896,0.205052133229467,0.306778548,"HS",17,99636.9357683025,29039.05484,"HS17a",2.366342989,2.301508553,2.227817341,-3.442979617,2.227817341,1.819670102,-467.5321883,1272.836368,"HS26","HS17H26",0.5,"17",0.34787958010684,0.25999265948641,-0.513175012424991,0.5,"HS"
"662801",89.0588413703219,0.633781272901861,3432.13363179499,21.5783118879735,62.1844967017569,0.442430361705171,0.185083279,"HS",17,98774.8318491159,62601.63866,"HS17a",2.388748041,2.375289978,1.654705355,-3.551605904,1.654705355,1.598119237,-468.6374046,1271.241294,"HS27","HS17H27",0.5,"17",0.218720672377732,0.203609179257865,-0.732632814991291,0.5,"HS"
"665681",119.025844205321,0.853593600106591,4446.94023515754,29.7760337196156,83.3336585894044,0.594432994323937,0.468298573,"HS",17,98508.8957549585,84086.5629699999,"HS17a",2.312913646,2.283556808,2.63087607,-3.585305624,2.63087607,2.374569144,-472.7424938,1268.955965,"HS28","HS17H28",0.5,"17",0.420100390699616,0.375584820125851,-0.329477165598595,0.5,"HS"
"668561",93.8208645121445,0.680773136230138,3543.91877663956,22.202722824595,65.662817314524,0.47728232734934,0.322910381,"HS",17,99247.8743860998,67565.2867099999,"HS17a",2.298991865,2.292689126,1.87286184,-3.491885046,1.87286184,1.838351744,-469.329683,1273.200725,"HS29","HS17H29",0.5,"17",0.272505740888997,0.264428611436912,-0.490917992955749,0.5,"HS"
"671441",65.3400300680817,0.474662181731761,2852.4779163754,18.7042722380527,45.0289346441761,0.326544474447084,0.936977913,"HS",17,97183.6429262199,46129.3999799999,"HS17a",2.205734516,2.204851951,3.274173792,-3.754611145,3.274173792,3.263298867,-467.2315938,1267.0522,"HS30","HS17H30",0.5,"17",0.515101727886985,0.513656850173131,-0.0282706464390928,0.5,"HS"
"674321",57.0236759277236,0.295631408137816,1892.17934448437,6.80228997351618,40.3280686878766,0.214621606665162,0.144777863,"HS",17,103170.245753393,30500.3650299999,"HS17a",2.397982738,2.367611466,1.465740366,-3.007385139,1.465740366,1.375510663,-465.9522958,1268.679661,"HS31","HS17H31",0.5,"17",0.166057048340861,0.138463961402628,-0.839297838083018,0.5,"HS"
"677201",25.0409634979693,0.17199252978137,1104.03444959669,6.16137272028401,17.2151285578198,0.119455492005656,0.756931522,"HS",17,98218.1779143166,16892.7928899999,"HS17a",2.344054511,2.325106048,4.5874118,-3.622249961,4.5874118,4.256942156,-463.4321597,1270.47918,"HS32","HS17H32",0.5,"17",0.661567727365533,0.629097748955458,-0.120943408429559,0.5,"HS"
"680081",80.5503847047066,0.568908850405965,3207.18847729896,18.9942403876839,56.0813574010148,0.397922130061478,0.031433477,"HS",17,98989.8378269446,56316.1948399999,"HS17a",2.704139685,2.416220321,1.300349567,-3.52442637,1.300349567,1.031019752,-462.3309918,1269.127011,"HS33","HS17H33",0.5,"17",0.114060117392575,0.0132669854604678,-1.50260757703542,0.5,"HS"
"682961",74.2151770086087,0.573527817696175,1751.24628137951,11.9471825736554,54.4653947469842,0.420529737949171,0.112183281,"HS",17,104316.678169731,59828.5167799999,"HS17a",2.355692704,2.14013575,1.218621618,-2.869250641,1.218621618,1.039588092,-464.8511279,1265.841725,"HS34","HS17H34",0.5,"17",0.085868878117052,0.0168612962153646,-0.950071862424579,0.5,"HS"
"685841",87.3293693813466,0.602751713716982,2623.9513325717,14.4011579026532,62.4991990074395,0.43593916158561,0.094747309,"HS",17,102739.467563052,61926.3901399999,"HS17a",2.538449819,2.381507518,1.60689639,-3.059687045,1.60689639,1.195345481,-468.325677,1265.522913,"HS35","HS17H35",0.5,"17",0.205987875082005,0.0774934440350523,-1.02343311595669,0.5,"HS"
"688721",58.6923520437283,0.495673402735655,1548.41086210516,13.818649845214,42.4761345907101,0.353005882690832,0.214706463,"HS",17,100993.085272919,50059.5862299999,"HS17a",2.334357964,2.225599806,1.577272867,-3.27399068,1.577272867,1.26574051,-467.1911097,1266.189888,"HS36","HS17H36",0.5,"17",0.1979068324419,0.102344679910284,-0.66815488242453,0.5,"HS"
"691601",94.6512628012481,0.672367454552106,3339.11681661688,22.8944416072222,66.6150165389078,0.46936172681152,0.665879778,"HS",17,98773.6868737053,66412.21242,"HS17a",2.219395883,2.157947976,2.549499468,-3.551750802,2.549499468,2.073410831,-462.972665,1267.975238,"HS37","HS17H37",0.5,"17",0.406454925679963,0.316685362855397,-0.176604173929149,0.5,"HS"
"694481",22.8871410267052,0.156032891897604,917.633498467232,4.1139513520983,15.8694261540654,0.111744249996768,0.32489025,"HS",17,101621.015140869,15856.22087,"HS17a",2.309394258,2.154138975,1.941101988,-3.196511882,1.941101988,1.326976679,-466.5494365,1273.304971,"HS39","HS17H39",0.5,"17",0.288048354379604,0.122863290407306,-0.488263321695137,0.5,"HS"
"697361",97.7125293714987,0.695599123604098,3348.63132206918,20.9555872038597,69.0493902473977,0.491561965330297,0.387473298,"HS",17,100126.823491572,69648.1306699999,"HS17a",2.363893616,2.279365624,2.68231506,-3.381671111,2.68231506,2.016626107,-465.0110401,1272.438611,"HS40","HS17H40",0.5,"17",0.428509787976176,0.304625385213851,-0.411758220721086,0.5,"HS"
"700241",111.408442364947,0.787504504325961,3831.88561805346,23.6820942770064,78.7052508657076,0.556608286042681,0.101881106,"HS",17,100146.646383315,78865.93512,"HS17a",2.468774648,2.353633384,1.42292229,-3.379196633,1.42292229,1.180359975,-467.5048615,1271.588445,"HS42","HS17H42",0.5,"17",0.153181182624173,0.0720144745221357,-0.991906349072677,0.5,"HS"
"703121",97.2223454812599,0.713044997455482,2530.93737590726,16.4879549453684,70.6058875647444,0.517398634841269,0.145052165,"HS",17,103113.635706547,73524.66211,"HS17a",2.383685361,2.291560768,1.422497978,-3.014245836,1.422497978,1.214769376,-464.5677391,1268.805162,"HS43","HS17H43",0.5,"17",0.153051657742633,0.084493834940453,-0.83847578467906,0.5,"HS"
"706001",70.2739088380545,0.446865798316149,2926.2879995804,13.9181978589658,48.6312035842116,0.314738487960862,0.489239089,"HS",17,99756.9602954083,44577.9737,"HS17a",2.247374242,2.227721558,2.178748055,-3.427930944,2.178748055,2.04496586,-466.6870824,1270.30105,"HS44","HS17H44",0.5,"17",0.338207012417237,0.310686062007236,-0.310478851188472,0.5,"HS"
"708881",101.443682682206,0.738886503149471,3860.66759179309,25.4834993571773,70.9219623499314,0.515137216724316,0.689920205,"HS",17,98633.3340903605,72878.8393199999,"HS17a",2.366050469,2.309324756,4.582092267,-3.569525348,4.582092267,3.670750878,-469.6161081,1262.752787,"HS46","HS17H46",0.5,"17",0.66106383008374,0.564754911341042,-0.16120113612093,0.5,"HS"
"711761",91.0242432343019,0.674265891162942,4317.93631124095,28.3375239756363,62.2510644896239,0.460883803596122,0.163841923,"HS",17,96490.5748795731,65060.3034599999,"HS17a",2.423018601,2.33104454,1.676674683,-3.844074654,1.676674683,1.357503117,-466.9077209,1262.967353,"HS47","HS17H47",0.5,"17",0.224448806742433,0.132740835457456,-0.785574963393548,0.5,"HS"
"714641",94.6173594023318,0.680872208737345,4118.33272836944,25.6766163504749,65.2821956021921,0.470469762408652,0.680876244,"HS",17,97659.3026807628,66493.5051199999,"HS17a",2.244859432,2.209150851,2.847280691,-3.693579849,2.847280691,2.506139811,-467.7174031,1265.493562,"HS48","HS17H48",0.5,"17",0.454430282933227,0.399005295489774,-0.166931818237127,0.5,"HS"
"717521",60.1112978472575,0.455123056286731,2422.03149271186,15.0395051421401,41.7615339210345,0.318663038502633,0.496242128,"HS",17,99103.2239456222,45104.1621699999,"HS17a",2.321081273,2.253491565,2.848981494,-3.510116665,2.848981494,2.248600957,-464.0475182,1271.977092,"HS49","HS17H49",0.5,"17",0.454689628221651,0.351912391162899,-0.304306369484804,0.5,"HS"
"720401",98.4010502560466,0.734273602544738,3963.31619341456,26.5233525240947,68.4171917759571,0.509558665828657,0.086675228,"HS",17,98127.6918716548,72052.5738199999,"HS17a",2.668916037,2.364454489,2.21790266,-3.633771218,2.21790266,1.145176947,-466.7295908,1264.983462,"HS50","HS17H50",0.5,"17",0.345942481780442,0.0588725968666219,-1.06210500725436,0.5,"HS"
"723281",35.9421327025847,0.273970692856544,945.280157945384,5.52292377387754,26.0429117481703,0.201544495115576,0.052150961,"HS",17,104697.580609541,28684.0686999999,"HS17a",2.547806707,2.261352299,1.232119772,-2.823691206,1.232119772,1.023633139,-470.5634364,1262.38843,"HS51","HS17H51",0.5,"17",0.090652926814122,0.0101443372501901,-1.2827376843007,0.5,"HS"
"726161",112.397009243321,0.806850194211834,2696.66854704816,16.837926264039,82.3148517335256,0.591502609557469,0.049136212,"HS",17,104295.738147776,84151.0365799999,"HS17a",2.497576082,2.478143172,1.141433613,-2.871760082,1.141433613,1.121457476,-467.8682065,1267.458053,"HS53","HS17H53",0.5,"17",0.0574506575291104,0.0497828104301926,-1.30859832711739,0.5,"HS"
"729041",77.9854501868054,0.574268090727314,1585.23229857082,11.5458526768089,57.9054225393225,0.42361174741912,0.050962925,"HS",19,139383.141397644,80043.29,"HS19a",2.557869263,2.352272684,1.240151788,-2.861953735,1.240151788,1.047516775,-466.6467911,1269.958564,"H01","HS19H01",0.5,"19",0.093474843756173,0.0201609865133688,-1.29274565377113,0.5,"HS"
"731921",68.3149776826454,0.481313854070862,2151.71187256854,13.4489001416483,48.5899949547481,0.343547636014014,0.116441011,"HS",19,134377.71113997,64677.85,"HS19a",2.467779183,2.325200881,1.525608811,-3.319103479,1.525608811,1.185535377,-470.1005509,1271.864062,"H03","HS19H03",0.5,"19",0.183443188269222,0.0739145180836279,-0.933894032451579,0.5,"HS"
"734801",81.0151988916608,0.490837087749807,2595.20268109927,13.1380111159229,57.4947931533104,0.351854077140913,0.55239296,"HS",19,135020.9801664,66273.31,"HS19a",2.294641389,2.266748777,2.842086102,-3.259408474,2.842086102,2.571383971,-469.9180227,1264.58465,"H05","HS19H05",0.5,"19",0.453637230895127,0.410166932354827,-0.257751864946113,0.5,"HS"
"737681",27.9245184755769,0.204342384782927,762.295622614772,4.42113072655911,20.1314550078992,0.149632320209646,0.292652369,"HS",19,138251.499805146,28250.64,"HS19a",2.321871544,2.316993826,1.868538804,-2.963854551,1.868538804,1.84184105,-464.6793436,1270.504757,"H11","HS19H11",0.5,"19",0.271502121285516,0.265252148072291,-0.533647955952796,0.5,"HS"
"740561",71.4964017966212,0.487343840768617,2814.28660457306,17.3296390571448,49.7305507975828,0.339566251672255,0.464640856,"HS",19,130826.099021678,63757.29,"HS19a",2.288457709,2.188165203,2.399248713,-3.65392375,2.399248713,1.750802644,-467.5741598,1265.182675,"H14","HS19H14",0.5,"19",0.380075270512528,0.243237193797681,-0.332882605221895,0.5,"HS"
"743441",73.1248771044554,0.504797659906448,1695.31862469801,10.8391788120597,53.6067983917698,0.369925160384343,0.152038336,"HS",19,138368.12536521,69847.91,"HS19a",2.393733693,2.245539391,1.490800586,-2.953314304,1.490800586,1.164637124,-464.4619973,1268.758658,"H15","HS19H15",0.5,"19",0.173419554793176,0.066190629573637,-0.818046892225817,0.5,"HS"
"746321",77.4232977655224,0.523135837763475,2793.3145161835,16.9235241895457,54.3128510380903,0.367969041792578,0.034747839,"HS",19,132208.257372859,69162.88,"HS19a",2.642873392,2.405918081,1.227679049,-3.522555828,1.227679049,1.034729705,-466.8639879,1263.906997,"H16","HS19H16",0.5,"19",0.0890848444381997,0.0148269169834544,-1.45907219940648,0.5,"HS"
"749201",31.6201096251899,0.267445229923363,1106.07022408218,10.049983620748,22.2294464553138,0.185321688789141,0.791393757,"HS",19,130026.041294379,34774.85,"HS19a",2.289688693,2.215712947,3.86528067,-3.730601311,3.86528067,2.921367674,-468.5598208,1264.768056,"H17","HS19H17",0.5,"19",0.587181034866659,0.465586219329108,-0.101607380038079,0.5,"HS"
"752081",49.0160974607689,0.394698752771287,1247.68851091663,9.40479765092105,35.6164590860514,0.286247581776574,0.379750729,"HS",19,136777.076798321,53985.74,"HS19a",2.269397182,2.245287035,1.92648844,-3.097880363,1.92648844,1.794064612,-466.5380765,1266.928798,"H18","HS19H18",0.5,"19",0.284766407348878,0.253838079806048,-0.420501383757807,0.5,"HS"
"754961",51.0374332580802,0.369463917690913,1294.78357787385,9.46283573058759,37.0586145864409,0.266018320138658,0.420406818,"HS",19,135683.880156162,50130.3,"HS19a",2.387365126,2.255462631,3.140837093,-3.198188543,3.140837093,1.989804945,-465.1682184,1266.35875,"H20","HS19H20",0.5,"19",0.497045411264493,0.298810505825768,-0.376330249361761,0.5,"HS"
"757841",37.5104100479192,0.333346790306135,1030.48589358944,9.30237637956455,27.0247882141787,0.237963833938108,0.525843859,"HS",19,134396.991790011,44800.81,"HS19a",2.30588203,2.2982126,2.835852266,-3.317310095,2.835852266,2.758052993,-465.5524546,1269.396483,"H23","HS19H23",0.5,"19",0.452683602486991,0.440602606417923,-0.279143193567609,0.5,"HS"
"760721",67.1058091314895,0.494326226017624,1995.34566049511,13.5125026545173,48.0099125090345,0.35361109306764,0.385151863,"HS",19,134705.964129093,66588.69,"HS19a",2.327290927,2.201132293,2.34824631,-3.288606167,2.34824631,1.606463418,-471.3771258,1264.712191,"H25","HS19H25",0.5,"19",0.370743648565137,0.205870840350265,-0.414367997092242,0.5,"HS"
"763601",36.5440142430793,0.32921134353185,1138.7415135939,10.718906003338,25.995981869618,0.231415085624952,0.843514204,"HS",19,132113.604997308,43493.3,"HS19a",2.243945417,2.241609001,3.438769867,-3.531508207,3.438769867,3.408342119,-471.3538666,1265.971937,"H27","HS19H27",0.5,"19",0.536403112479106,0.532543181439903,-0.073907599895386,0.5,"HS"
"766481",56.5467459483381,0.425417770613975,1931.13209293378,14.1999865929956,39.869708261887,0.298299715553645,0.516457558,"HS",19,131749.178881524,56048.44,"HS19a",2.444900654,2.230940046,4.752830742,-3.566036224,4.752830742,2.154526028,-469.8792588,1266.761299,"H28","HS19H28",0.5,"19",0.676952348457543,0.333351745000621,-0.286965362593065,0.5,"HS"
"769361",87.1145082281584,0.581160600517624,3577.88464663255,20.9281294095579,60.3325788904541,0.404424243324485,0.315878868,"HS",19,130642.799825687,75924.45,"HS19a",2.241742661,2.229560598,1.578132533,-3.671449661,1.578132533,1.531950723,-470.6011227,1270.620253,"H31","HS19H31",0.5,"19",0.198143472849068,0.185244795927544,-0.500479427016561,0.5,"HS"
"772241",39.8840208076076,0.282214381434869,1040.1167314252,6.58155420437033,28.9344274754103,0.205110858212203,0.225630522,"HS",19,137104.109128931,38692.75,"HS19a",2.398296604,2.3288827,1.948463523,-3.068028688,1.948463523,1.6030867,-464.0972654,1271.027005,"H33","HS19H33",0.5,"19",0.289692279819188,0.204957011008766,-0.646602151853723,0.5,"HS"
"775121",69.24958745228,0.438042403526294,1608.84651109496,8.66043762757481,50.7609355071664,0.323666854583382,0.064860582,"HS",19,139643.262359025,61169.67,"HS19a",2.534047774,2.296164181,1.309491109,-2.838647604,1.309491109,1.048245987,-465.5136731,1270.672176,"H35","HS19H35",0.5,"19",0.117102554059191,0.0204632084692697,-1.18801915868102,0.5,"HS"
"778001",69.7179836934461,0.466409171325069,1670.55731103281,9.84227612098995,50.9574811020885,0.342388112572532,0.125293016,"HS",19,138635.678081325,64660.95,"HS19a",2.340750591,2.245863343,1.238674768,-2.929167271,1.238674768,1.114754735,-468.3154095,1268.180537,"H36","HS19H36",0.5,"19",0.0929572910375099,0.0471793257222544,-0.902073136485458,0.5,"HS"
"780881",50.9025311816128,0.367573632037621,1529.42843009697,9.86069416764853,36.376585024305,0.26343439547305,0.188114882,"HS",19,134987.445930076,49617.83,"HS19a",2.418026482,2.209008647,1.813985355,-3.262513399,1.813985355,1.1843208,-466.6079009,1265.561415,"H37","HS19H37",0.5,"19",0.25863377651219,0.0734693567778489,-0.725576845519168,0.5,"HS"
"783761",35.2282821122571,0.258246868589899,1090.35434360953,7.5298739657268,25.1190291622548,0.183545711764892,0.250258207,"HS",19,133743.389139979,34538.81,"HS19a",2.427284825,2.259713799,2.319133003,-3.378248692,2.319133003,1.444434682,-469.4213805,1268.363896,"H38","HS19H38",0.5,"19",0.36532565627602,0.159697907628226,-0.601611671305711,0.5,"HS"
"786641",57.7118188617639,0.419099392011387,2101.12374423283,14.0327318202227,40.4645827813324,0.293777786257936,0.527206182,"HS",19,131703.584882558,55196.89,"HS19a",2.34381424,2.205192624,3.271768479,-3.570362806,3.271768479,2.015817242,-469.2428944,1269.452224,"H39","HS19H39",0.5,"19",0.514782563993716,0.304451155556835,-0.278019505863314,0.5,"HS"
"789521",56.168377103035,0.449075473106989,1114.53821493348,8.55433688940775,41.8308026042543,0.333055858461452,0.124335766,"HS",19,140221.681902004,62970.12,"HS19a",2.509271932,2.349738985,1.771284439,-2.786978006,1.771284439,1.251810275,-466.6389986,1268.328071,"H40","HS19H40",0.5,"19",0.248288307304782,0.0975385119700236,-0.905403925725659,0.5,"HS"
"792401",41.7786944533507,0.346538873353186,884.108340518658,7.56398802722398,30.8892347892315,0.253534178631248,0.071079731,"HS",19,138116.309483177,47862.67,"HS19a",2.561895449,2.33886965,1.442968024,-2.976083755,1.442968024,1.081338828,-470.585538,1267.399132,"H41","HS19H41",0.5,"19",0.159256707285996,0.0339617976295827,-1.1482542244435,0.5,"HS"
"795281",66.489684604176,0.478909256294479,2114.92628243921,14.6237150663593,47.2352321989728,0.338810784091756,0.151004314,"HS",19,133059.026532611,63723.2,"HS19a",2.325376728,2.232736571,1.297284209,-3.442375183,1.297284209,1.147186255,-467.8575309,1269.77516,"H42","HS19H42",0.5,"19",0.113035131734701,0.0596339348601487,-0.821010645292047,0.5,"HS"
"798161",44.9581321099648,0.326277947977521,1615.57871997748,10.6099230449528,31.5512974165318,0.229382199981818,0.149930954,"HS",19,132132.235681984,43111.84,"HS19a",2.455553015,2.34849881,1.728606656,-3.529745579,1.728606656,1.347608281,-469.5067106,1266.14738,"H44","HS19H44",0.5,"19",0.237696180918197,0.12956367103983,-0.8241086956134,0.5,"HS"
"801041",67.6076306537828,0.430288766432055,2288.46365297179,12.4903264077902,47.7338181128105,0.305958887198302,0.171037912,"HS",19,133809.748224258,57576.83,"HS19a",2.428935742,2.372583609,1.753114205,-3.37204814,1.753114205,1.515763954,-467.3569646,1271.313973,"H46","HS19H46",0.5,"19",0.243810208726849,0.180631575005177,-0.766907613891689,0.5,"HS"
"803921",67.8467411291052,0.463610243215642,2673.53127502634,16.4662061100579,47.1823841179066,0.323067605673655,0.146429062,"HS",19,130843.287842941,60660.29,"HS19a",2.383122969,2.360031062,1.427640014,-3.652281523,1.427640014,1.362620517,-471.2375513,1271.2541,"H47","HS19H47",0.5,"19",0.1546187118921,0.134374923831915,-0.834372719632481,0.5,"HS"
"806801",40.1699361261482,0.253300506438997,1205.1858521271,6.01878690847767,28.6719983303088,0.183752480214873,0.183149815,"HS",19,136819.453135781,34656.44,"HS19a",2.590005744,2.503052612,3.174474339,-3.094008207,3.174474339,2.324656531,-468.9711532,1264.257772,"H48","HS19H48",0.5,"19",0.501671820786416,0.366358794769808,-0.737193515680953,0.5,"HS"
"809681",68.8917768671979,0.456688739020723,2749.21965155682,16.1283758310381,47.8432617160471,0.318425406811151,0.310532808,"HS",19,130926.004434033,59792.43,"HS19a",2.288845964,2.221076927,1.769570129,-3.644381762,1.769570129,1.487609545,-470.2712498,1269.436258,"H50","HS19H50",0.5,"19",0.247867778634572,0.172488956274412,-0.507892509559341,0.5,"HS"
"812561",64.9029207822088,0.46583923730199,1952.98144927296,12.9221425847649,46.372932043803,0.3327443289019,0.016190052,"HS",19,134486.392565052,62649.04,"HS19a",2.735978178,2.343668424,1.113041164,-3.308997869,1.113041164,1.004559965,-469.1653045,1270.584402,"H51","HS19H51",0.5,"19",0.0465112263000881,0.0019758661129568,-1.79075175635615,0.5,"HS"
"815441",41.1406013668897,0.270142794593975,1119.33878493976,6.34516525312057,29.6803741194375,0.196197231997688,0.260877848,"HS",19,136995.405247153,37008.32,"HS19a",2.410785328,2.307616916,2.268857557,-3.077943325,2.268857557,1.660855045,-464.5900717,1269.544003,"H52","HS19H52",0.5,"19",0.3558072309441,0.220331730040957,-0.583562796713522,0.5,"HS"
"818321",61.7291752024082,0.473198168672713,2442.07025962394,17.5116885352109,42.9244669850902,0.328396863743368,0.980071545,"HS",19,130247.300983593,61632.78,"HS19a",2.260071442,2.258010565,4.208511448,-3.709348679,4.208511448,4.17463076,-464.8965463,1264.736234,"H54","HS19H54",0.5,"19",0.624128512882113,0.620618068805,-0.00874221975182109,0.5,"HS"
"821201",49.8341183702802,0.308464492900601,2060.03264718898,10.4593267039768,34.4854458513357,0.215953261581478,0.303177834,"HS",19,131519.287028841,40569.03,"HS19a",2.315233181,2.231158807,1.878891564,-3.587866783,1.878891564,1.50244561,-470.8184012,1268.842253,"H57","HS19H57",0.5,"19",0.273901716494697,0.176798759074496,-0.518302554106565,0.5,"HS"
"824081",10.4945384397683,0.0955519391612215,352.00239815209,3.54689158406062,7.4124118252068,0.0662923030300756,1.046261549,"HS",19,130203.20769219,12441.17,"HS19a",2.269588905,2.269070525,4.649088054,-3.713581085,4.649088054,4.639539671,-470.0189076,1264.050452,"H60","HS19H60",0.5,"19",0.667367771823904,0.66647489256737,0.0196402649217839,0.5,"HS"
"826961",32.7592188806005,0.26163310172781,1250.15786631337,9.0918188454295,22.8654448422102,0.182717996306218,0.712894917,"HS",19,131161.100844574,34316.09,"HS19a",2.262795865,2.244661092,3.169337874,-3.621956348,3.169337874,2.962820426,-468.4046202,1265.956047,"H65","HS19H65",0.5,"19",0.500968540544641,0.471705330062353,-0.146974481831717,0.5,"HS"
"829841",62.5623304296474,0.470229944153154,1698.71910177803,11.9890371846906,45.1601253703035,0.338725054608653,0.013017893,"HS",19,135752.465604804,63834.88,"HS19a",2.892337107,2.433502015,1.251783661,-3.191871643,1.251783661,1.006218683,-466.1616099,1264.33357,"H67","HS19H67",0.5,"19",0.0975292785930165,0.00269237684232043,-1.88545930244389,0.5,"HS"
"832721",89.7506590788553,0.607247565789882,1917.0580189431,11.6609107580245,66.3687546260548,0.450001080160543,0.096222162,"HS",19,140096.188264403,85073.07,"HS19a",2.481052242,2.357058638,1.418559574,-2.79817009,1.418559574,1.166582478,-464.5511963,1265.90031,"H70","HS19H70",0.5,"19",0.151847579198619,0.0669154490654862,-1.01672488923224,0.5,"HS"
"835601",73.297404097204,0.497968510659015,1462.58084070293,9.72858886514006,54.430440343136,0.369364112259105,0.244852058,"L1",17,102859.407861381,51220.75,"L117a",2.377802793,2.317920716,1.943485602,-2.559873047,1.943485602,1.639404424,707.5120556,1336.948718,"L101","L117H01",0.5,"17",0.288581327578496,0.214686102713634,-0.611096241352573,0.5,"L1"
"838481",114.809259816864,0.841588107256018,2287.91446725282,16.7626196985953,85.261429391079,0.623035757243523,0.13020186,"L1",17,102638.741000795,86379.54,"L117a",2.492037135,2.387988902,1.740936033,-2.586718416,1.740936033,1.361878219,709.0606648,1332.946096,"L102","L117H02",0.5,"17",0.240782814181383,0.134138274110595,-0.885382811605258,0.5,"L1"
"841361",87.3891321935669,0.621545386449813,1703.25274737785,12.0920742763812,65.0482277181645,0.461219503756669,0.02258763,"L1",17,102907.314114807,63961.56,"L117a",2.742417955,2.347782465,1.220866462,-2.55405259,1.220866462,1.009163713,705.2956599,1334.588933,"L103","L117H03",0.5,"17",0.0866681635450984,0.00396162598426776,-1.64612933490162,0.5,"L1"
"844241",93.5400705074961,0.612384896209125,1651.77239447976,10.4354307675673,70.3015740496729,0.460482884429379,0.017253473,"L1",17,104433.49301378,63953.49,"L117a",2.682913421,2.399771805,1.083728073,-2.370031113,1.083728073,1.008243022,711.0824602,1337.448534,"L104","L117H04",0.5,"17",0.0349203235209995,0.00356522495946614,-1.76312347143592,0.5,"L1"
"847121",94.3636294825089,0.638743529516373,1879.43951983595,12.7351875587193,70.0932775591864,0.472820440763341,0.112789285,"L1",17,102627.278650687,65552.51,"L117a",2.507953225,2.365309884,1.655205376,-2.588114452,1.655205376,1.237386228,707.325649,1331.102514,"L105","L117H05",0.5,"17",0.218851888220355,0.0925052780514548,-0.947732156437841,0.5,"L1"
"850001",102.048575429581,0.747582964267459,2003.65078565304,14.848082794986,75.90405371824,0.553599782362462,0.285025087,"L1",17,102671.079744588,76755.15,"L117a",2.337805354,2.308336794,1.923064908,-2.582780618,1.923064908,1.763983815,710.4372064,1337.067527,"L106","L117H06",0.5,"17",0.283993942954289,0.246494596051789,-0.545116913092629,0.5,"L1"
"852881",117.188560621509,0.803563406503574,2407.79284340633,16.7640603001079,86.7800825737835,0.592136534698579,0.122465821,"L1",17,102111.844362135,82053.34,"L117a",2.382612258,2.332761798,1.312665627,-2.651052518,1.312665627,1.215588721,710.9021988,1329.852975,"L107","L117H07",0.5,"17",0.118154113109602,0.0847866617680677,-0.911985101685378,0.5,"L1"
"855761",93.3150248993908,0.644095363470759,1770.06813619578,12.0805166710195,69.641494242805,0.479705007766278,0.223331585,"L1",17,103326.588397374,66552.18,"L117a",2.37275529,2.318827037,1.79315993,-2.503227428,1.79315993,1.553913686,708.7984665,1338.882431,"L108","L117H08",0.5,"17",0.253619025546017,0.191426891726809,-0.651049851844916,0.5,"L1"
"858641",120.400355365954,0.796445153383845,2249.19234707597,15.4585995654685,90.0243500720964,0.591142330414569,0.200793157,"L1",17,102934.00597855,81981.29,"L117a",2.370217752,2.335798667,1.659345234,-2.550810789,1.659345234,1.522137324,706.3403566,1333.568817,"L109","L117H09",0.5,"17",0.219936752282922,0.182453835328836,-0.697251091964168,0.5,"L1"
"861521",30.1215897243206,0.175952803610122,623.910485226735,4.29131674596604,22.2736633010764,0.127648103312048,0.430343753,"L1",17,100354.964841175,17657.74,"L117a",2.318480235,2.291152179,2.497504083,-2.867992226,2.497504083,2.274336588,713.5938291,1331.704751,"L110","L117H10",0.5,"17",0.397506206897187,0.356854738053471,-0.366184497002538,0.5,"L1"
"864401",84.4374143137971,0.620563767909234,1658.36952033809,11.5590196196559,62.7795766206136,0.462498756857111,0.096998986,"L1",17,103405.94478501,64169.98,"L117a",2.519449982,2.405216453,1.554287321,-2.493630923,1.554287321,1.243969288,706.5861676,1334.482415,"L111","L117H11",0.5,"17",0.19153130429161,0.0948096583155904,-1.01323280570186,0.5,"L1"
"867281",120.203114072226,0.770240506026119,1983.27646512352,13.4168820702513,91.0023571885891,0.577911640115557,0.028203394,"L1",17,104178.926442073,80242.83,"L117a",2.587884204,2.348192821,1.10067535,-2.400538249,1.10067535,1.01429903,710.025473,1331.99153,"L112","L117H12",0.5,"17",0.0416592404114211,0.00616601015875406,-1.54969862548285,0.5,"L1"
"870161",130.914568947565,0.869693956758789,2585.25684342777,17.9441660260125,97.3405216640612,0.641576403340838,0.187264718,"L1",17,102237.377871835,88915.23,"L117a",2.369305839,2.302261072,1.58542976,-2.635694798,1.58542976,1.366234992,708.4072173,1332.585573,"L113","L117H13",0.5,"17",0.200147006047665,0.135525404288128,-0.727544039075803,0.5,"L1"
"873041",105.499512403537,0.768506488969325,2285.96095279856,16.7784420387956,77.7056829775697,0.563734666726692,0.300157855,"L1",17,101597.31446733,78078.2,"L117a",2.323404782,2.31385203,1.911676532,-2.714197812,1.911676532,1.857888193,711.9960577,1332.778125,"L114","L117H14",0.5,"17",0.28141440872884,0.269019574768395,-0.522650286862438,0.5,"L1"
"875921",44.4582523055424,0.242553509591697,822.224757669361,4.87847331022387,33.277494685004,0.179389714568244,0.325023675,"L1",17,102527.617192027,24868.43,"L117a",2.332507801,2.300841699,2.087428927,-2.600259113,2.087428927,1.892071193,709.3105727,1335.010908,"L115","L117H15",0.5,"17",0.319611697503098,0.276937473580231,-0.488085003490732,0.5,"L1"
"878801",115.071299502498,0.787873406760726,2600.47467855466,18.2193935914272,84.4118106152081,0.574627369005746,0.21340228,"L1",17,100950.25214394,79536.02,"L117a",2.38720807,2.310709152,1.811407808,-2.794063561,1.811407808,1.48570429,713.7781874,1334.978134,"L116","L117H16",0.5,"17",0.258016235419553,0.171932377391531,-0.670800944864084,0.5,"L1"
"881681",110.300692183203,0.726265937087266,1929.59581497882,12.7319640857064,82.9975820439308,0.544569502107779,0.039998349,"L1",17,104105.003262621,75607.92,"L117a",2.555912157,2.351051831,1.151537464,-2.409411135,1.151537464,1.029235282,707.3768596,1335.469756,"L117","L117H17",0.5,"17",0.0612780718215676,0.0125146653300661,-1.39795793454673,0.5,"L1"
"884561",84.4996922669817,0.58280955743495,2284.36513764957,15.666971602172,60.869648697896,0.418714922513099,0.524033514,"L1",17,99275.6780356298,57858.81,"L117a",2.31552641,2.297654007,2.928787987,-3.003154006,2.928787987,2.744271825,713.4709236,1330.8608,"L118","L117H18",0.5,"17",0.466687934532888,0.438427126805383,-0.2806409372914,0.5,"L1"
"887441",86.3840193459772,0.57931680493721,1917.70255223458,13.1139516570018,63.4790744336423,0.423420611036581,0.117475917,"L1",17,101189.697969065,58620.89,"L117a",2.439201321,2.402904926,1.437122858,-2.76444968,1.437122858,1.337052008,711.0046201,1333.556527,"L119","L117H19",0.5,"17",0.157493897063034,0.12614830056649,-0.930051156251931,0.5,"L1"
"890321",25.2320026868642,0.178868501655905,606.533907523254,4.10972067189372,18.3895540517574,0.130540009012658,0.37089844,"L1",17,101022.569947846,18069.76,"L117a",2.271580932,2.238866441,1.906261295,-2.785112133,1.906261295,1.733889422,712.2254813,1333.544236,"L120","L117H20",0.5,"17",0.280182429984836,0.2390213970926,-0.430744993311499,0.5,"L1"
"893201",128.943065313054,0.87904203320862,2192.7911725376,15.4191622076425,97.3159740016387,0.659086083514434,0.091237759,"L1",17,104098.307410839,91506.79,"L117a",2.482834871,2.223696127,1.386991702,-2.410215139,1.386991702,1.052148446,709.6506112,1338.001609,"L121","L117H21",0.5,"17",0.14207386281345,0.0220770180786624,-1.03982539049191,0.5,"L1"
"896081",101.456628197388,0.636432637141394,1667.95059865419,11.4007974243817,76.8332926666191,0.476180686796463,0.05432152,"L1",17,103855.389828658,66096.96,"L117a",2.484137971,2.334735853,1.153698471,-2.439418478,1.153698471,1.046677838,713.0120765,1336.506259,"L122","L117H22",0.5,"17",0.0620923170587875,0.019813028661703,-1.26502808632739,0.5,"L1"
"898961",115.022021306081,0.760956669305426,2211.59327936623,14.6867699908037,85.7391620216872,0.565120294721789,0.222026236,"L1",17,102998.491637559,78377.39,"L117a",2.377729195,2.339301586,1.811653409,-2.542982294,1.811653409,1.630259556,710.5068893,1339.697847,"L123","L117H23",0.5,"17",0.258075115550373,0.212256754566297,-0.653595703581799,0.5,"L1"
"901841",97.7173509350723,0.725719858857024,2042.18098545406,14.7698478570589,72.2138392504315,0.536100137887637,0.27390812,"L1",17,102393.123810933,74308.72,"L117a",2.280133593,2.231498109,1.594475107,-2.616667091,1.594475107,1.424495362,712.1025758,1337.325629,"L124","L117H24",0.5,"17",0.202617743411573,0.153661039562799,-0.562395092905142,0.5,"L1"
"904721",127.9346009652,0.878086734746243,2671.65232723503,18.4202600561775,94.5813484409934,0.646694541345918,0.134069187,"L1",17,102049.183473767,89608.03,"L117a",2.436581776,2.328750417,1.535454578,-2.658725492,1.535454578,1.246463915,710.8284555,1330.623182,"L125","L117H25",0.5,"17",0.186236973618078,0.0956797102419409,-0.872671024188147,0.5,"L1"
"907601",112.003084509038,0.746893627872885,1975.26417609723,13.8840042629578,84.2267878018577,0.556763516011797,0.095346417,"L1",17,103429.19138299,77250.6,"L117a",2.453216446,2.371493102,1.337360334,-2.490821125,1.337360334,1.183039165,708.3109413,1338.153192,"L127","L117H27",0.5,"17",0.126248437915483,0.0729991223640532,-1.02069562255889,0.5,"L1"
"910481",119.106846064024,0.78168797699548,2877.91994796106,19.566419132331,86.7907969446279,0.565618040752686,0.100973702,"L1",17,100065.676653553,78220.14,"L117a",2.447060391,2.340768258,1.356544654,-2.90407738,1.356544654,1.160635887,715.5971887,1335.580371,"L128","L117H28",0.5,"17",0.132434094202744,0.0646959948732784,-0.9957917209048,0.5,"L1"
"913361",85.7787513851697,0.655590970513019,1800.33546581174,13.4611422668244,63.3666387710129,0.483866640384715,0.236023535,"L1",17,102292.527805137,67062.06,"L117a",2.425986758,2.408858711,2.202870226,-2.628953738,2.202870226,2.083523225,711.5945664,1329.127832,"L129","L117H29",0.5,"17",0.34298891304174,0.318798345893909,-0.627044689356092,0.5,"L1"
"916241",99.7603806919665,0.679853470178679,2418.13608472629,16.3451878235832,72.6605790921177,0.493918703222704,0.222988759,"L1",17,100514.785490527,68335.32,"L117a",2.509970273,2.288406607,2.813360819,-2.848101142,2.813360819,1.447420448,713.6839598,1329.066379,"L130","L117H30",0.5,"17",0.449225434849732,0.160594703698932,-0.651717029451027,0.5,"L1"
"919121",128.729054996088,0.8240075665771,2216.58899439952,15.1357769358069,97.042462917757,0.614980663512979,0.089370597,"L1",17,103566.418721733,85339.51,"L117a",2.46932557,2.317919567,1.338701699,-2.474247421,1.338701699,1.106721541,714.9703707,1332.905128,"L131","L117H31",0.5,"17",0.126683814569179,0.0440383630470269,-1.04880534094702,0.5,"L1"
"922001",115.359227186188,0.769440870451633,2325.88924464922,16.1872972006284,85.6012351895661,0.5665170108837,0.086776464,"L1",17,102016.794473012,78495.89,"L117a",2.516116212,2.395586813,1.44987119,-2.662693449,1.44987119,1.185083546,716.1441181,1331.155773,"L132","L117H32",0.5,"17",0.161329420195577,0.0737489683105074,-1.06159805064119,0.5,"L1"
"924881",110.076376679399,0.730581012543616,2373.39880291914,16.3374068883804,81.1295469641741,0.534631470424974,0.106197031,"L1",17,101327.071083141,74027.63,"L117a",2.50230871,2.441054518,1.572115968,-2.747491438,1.572115968,1.372625989,712.8318151,1330.090592,"L133","L117H33",0.5,"17",0.196484578856607,0.137552217469149,-0.973887624858515,0.5,"L1"
"927761",47.7985302014333,0.406280554098502,1136.50306464887,8.64812366273678,34.8243353198613,0.298781747835146,0.388377051,"L1",17,101883.854253985,41393.43,"L117a",2.338078824,2.318746341,2.453794509,-2.678993083,2.453794509,2.296795776,710.6031288,1335.50253,"L134","L117H34",0.5,"17",0.389838190280108,0.36112238078522,-0.410746440243231,0.5,"L1"
"930641",107.681018924083,0.726321030752551,2651.02615206921,18.2846602311338,78.3141277563501,0.525255253488859,0.082455024,"L1",17,100002.197024012,72633.7,"L117a",2.476934766,2.438821882,1.310851047,-2.912009642,1.310851047,1.234169688,716.1871351,1333.8515,"L135","L117H35",0.5,"17",0.117553345281861,0.0913748756580173,-1.08378287756944,0.5,"L1"
"933521",97.4583440964213,0.636474080330264,1774.6991018174,11.4508366505927,73.0491292754914,0.476006283249501,0.046024361,"L1",17,103805.616036582,66069.58,"L117a",2.525494002,2.333383683,1.155500199,-2.445410671,1.155500199,1.033349956,711.7133751,1331.594136,"L136","L117H36",0.5,"17",0.0627700246092384,0.0142474253155876,-1.33701223250565,0.5,"L1"
"936401",86.94489587269,0.622874000928988,1661.64650762774,12.2580221869545,64.8553552574602,0.461674403307906,0.096005847,"L1",17,102775.961839027,64016.48,"L117a",2.517193737,2.361711465,1.536612901,-2.570017949,1.536612901,1.17195197,713.8396401,1338.84556,"L137","L117H37",0.5,"17",0.186564475090256,0.068909813395899,-1.01770231651763,0.5,"L1"
"939281",96.7561110195373,0.613011643318443,1759.24627388782,12.0796886433414,72.537207168145,0.454305123482582,0.085924175,"L1",17,102761.058744322,62993.73,"L117a",2.491113011,2.377170948,1.370285751,-2.571830651,1.370285751,1.15767131,706.3075818,1337.157658,"L139","L117H39",0.5,"17",0.136811141712657,0.0635852705173885,-1.0658846290443,0.5,"L1"
"942161",142.356868597395,0.942872073883394,2683.04061121482,18.7804392493789,106.347644932465,0.698015535352122,0.104158362,"L1",17,102638.460805626,96774.94,"L117a",2.464237335,2.403970431,1.425258161,-2.58675254,1.425258161,1.274656037,707.6574938,1332.106242,"L140","L117H40",0.5,"17",0.153893536444891,0.105393007212204,-0.98230585846055,0.5,"L1"
"945041",107.156427734234,0.71672805817234,2074.51858437804,14.1999120405061,79.8313079566242,0.530883092888365,0.076364479,"L1",17,102699.445808916,73607.58,"L117a",2.527221554,2.40920331,1.391441633,-2.579327583,1.391441633,1.162219356,712.7826529,1339.374053,"L141","L117H41",0.5,"17",0.143464993639759,0.0652881040523255,-1.11710860688998,0.5,"L1"
"947921",114.755310331552,0.773049538442021,2388.47271153758,16.3952610271597,84.8759404129919,0.568713892249365,0.258254261,"L1",17,101925.173590812,78793.21,"L117a",2.285197686,2.268748718,1.558872813,-2.673924694,1.558872813,1.499072114,712.0370262,1335.625436,"L142","L117H42",0.5,"17",0.19281068294666,0.175822525415958,-0.587952504218715,0.5,"L1"
"950801",65.8238663636541,0.480296721122472,1311.43799120225,9.52397687157848,48.8830728355813,0.355726618250414,0.055878417,"L1",17,102689.528495497,49321.44,"L117a",2.554076781,2.300419945,1.275412028,-2.580534721,1.275412028,1.037298258,710.9718453,1330.590408,"L143","L117H43",0.5,"17",0.105650508361913,0.0159036485582135,-1.25275590566993,0.5,"L1"
"953681",81.0527225983846,0.561899529789685,2028.75054215243,13.7068042488954,58.8368799300732,0.407632241849233,0.077034061,"L1",17,100352.829679544,56388.21,"L117a",2.485327457,2.404118223,1.29318034,-2.86825818,1.29318034,1.158511815,714.7778187,1336.534937,"L144","L117H44",0.5,"17",0.11165909348482,0.0639004672698343,-1.113317206859,0.5,"L1"
"956561",91.9742048545004,0.654595847254053,1978.95696866865,14.2784908302354,67.7933995287234,0.480219678470449,0.282274611,"L1",17,101607.583028534,66511.9,"L117a",2.261643283,2.230886906,1.550646696,-2.712934486,1.550646696,1.444810507,711.4470798,1334.601223,"L146","L117H46",0.5,"17",0.190512858125538,0.159810891271984,-0.549328182421493,0.5,"L1"
"959441",70.9804885824846,0.453168878854586,1279.29178210611,8.28206636357391,53.2539043465331,0.338384005788572,0.05895024,"L1",17,103624.592444859,46959.44,"L117a",2.562569057,2.373898248,1.322315938,-2.467228086,1.322315938,1.075096203,709.3412991,1331.270485,"L147","L117H47",0.5,"17",0.12133523256041,0.0314473280308468,-1.22951442245246,0.5,"L1"
"962321",104.387057173868,0.72821583475262,2143.83753218479,15.232544512034,77.3052761714638,0.536471305265226,0.094008367,"L1",17,102081.719996178,74337.53,"L117a",2.483377408,2.382535725,1.40894855,-2.65474073,1.40894855,1.194074458,709.7632746,1329.258931,"L148","L117H48",0.5,"17",0.148895134444303,0.0770314086110346,-1.02683349129159,0.5,"L1"
"965201",108.693259867388,0.733717447598019,2379.36678659684,16.6902020677054,79.9859441366447,0.536010361112414,0.201296397,"L1",17,101134.950603838,74204.48,"L117a",2.382427395,2.291609834,1.717729992,-2.771214472,1.717729992,1.384353651,714.6139447,1337.538665,"L149","L117H49",0.5,"17",0.234954898610355,0.141247050422794,-0.696163998469627,0.5,"L1"
"968081",69.0055345476881,0.488552699696306,1536.07323466353,10.2614372733996,50.661707534931,0.359765366387327,0.262371016,"L1",17,102035.126652636,49849.54,"L117a",2.462209055,2.271130682,2.726661604,-2.66044743,2.726661604,1.52087351,714.8044483,1331.061545,"L150","L117H50",0.5,"17",0.435631242586047,0.182093095582676,-0.581084142949237,0.5,"L1"
"970961",90.1353984806348,0.603319072232702,1750.04373771308,11.9111844510877,67.1266371385923,0.44703741991959,0.074343318,"L1",17,102739.479560315,61984.69,"L117a",2.550624614,2.368865941,1.44148342,-2.574455849,1.44148342,1.11251013,711.6396318,1338.620233,"L151","L117H51",0.5,"17",0.158809651480438,0.0463039741546071,-1.12875805990784,0.5,"L1"
"973841",99.9932984098533,0.666991786235321,2326.51136980913,15.267497850054,73.1217662892149,0.486960080474901,0.099698676,"L1",17,101064.734800523,67409.35,"L117a",2.467412321,2.326051977,1.403645333,-2.779895965,1.403645333,1.13990444,714.5279109,1334.59303,"L153","L117H53",0.5,"17",0.147257386013744,0.0568684452661243,-1.00131060908766,0.5,"L1"
"976721",95.9539029499291,0.617437326867062,1796.1105469867,12.101476171212,71.9758643830313,0.456078748288923,0.059289932,"L1",19,110467.317996609,68206.65,"L119a",2.574068665,2.391055107,1.353946745,-2.632033348,1.353946745,1.087111994,713.3556064,1334.463879,"H01","L119H01",0.5,"19",0.131601582511989,0.0362742872976687,-1.22701904774985,0.5,"L1"
"979601",98.4824247902031,0.649615648777003,1747.81009242993,11.8455828214568,74.2514664914554,0.483323581088639,0.04618144,"L1",19,111356.775004095,72339.1,"L119a",2.564922703,2.4469582,1.21179879,-2.531789303,1.21179879,1.084253566,712.6087164,1335.011142,"H02","L119H02",0.5,"19",0.0834305145109109,0.0351308591736477,-1.33553252931612,0.5,"L1"
"982481",97.176797282702,0.634212802018935,1804.82215479958,12.7621806454584,72.9258808321272,0.467237313253264,0.260309696,"L1",19,110144.345963414,69854.96,"L119a",2.329063049,2.327115931,1.758604513,-2.668632984,1.758604513,1.749019811,709.6942741,1331.600378,"H03","L119H03",0.5,"19",0.245168183327073,0.242794728723533,-0.584509655014577,0.5,"L1"
"985361",72.4813096142465,0.525615582366328,1287.29048271322,9.49388395099848,54.64737511833,0.391437262088501,0.172977924,"L1",19,111474.336712422,58592.65,"L119a",2.385764918,2.376483875,1.575095269,-2.518599749,1.575095269,1.539773585,714.5167879,1332.894507,"H05","L119H05",0.5,"19",0.197306827046065,0.187456864983048,-0.762009319395767,0.5,"L1"
"988241",102.982349446184,0.677966879861174,1840.4836684856,13.0542551553937,77.578476580335,0.501678649023601,0.222798347,"L1",19,110685.2043353,75040.9,"L119a",2.342308944,2.290053823,1.646687396,-2.607402563,1.646687396,1.451977011,710.3312625,1331.753819,"H11","L119H11",0.5,"19",0.216611161356868,0.161959740279446,-0.652088035632248,0.5,"L1"
"991121",86.566008378068,0.550206646490297,1183.04310895978,8.80335906388553,66.8782811423038,0.414748740634925,0.044003725,"L1",19,112986.158176292,62165.74,"L119a",2.608211557,2.395288469,1.268723905,-2.350213289,1.268723905,1.050588818,713.662791,1333.325955,"H14","L119H14",0.5,"19",0.103367122819021,0.0214327740544298,-1.35651055809403,0.5,"L1"
"994001",106.684712019697,0.684308403790841,1938.76649771151,13.3344295799723,80.2403155627447,0.50576773280122,0.063305855,"L1",19,110538.643893551,75642.52,"L119a",2.589499252,2.333087038,1.442201098,-2.623965025,1.442201098,1.062064849,713.8769591,1331.999829,"H15","L119H15",0.5,"19",0.159025821869171,0.026151035298195,-1.19855612131598,0.5,"L1"
"996881",97.7492189678098,0.647329682823239,1860.5721964647,11.9400779827968,73.1871369799919,0.481070647823269,0.047133446,"L1",19,111214.938029743,71992.73,"L119a",2.622747029,2.433409949,1.337669403,-2.547720909,1.337669403,1.078622263,711.4276321,1330.659304,"H16","L119H16",0.5,"19",0.126348793406839,0.0328693799779807,-1.32667080713036,0.5,"L1"
"999761",95.3937453147734,0.608513692039762,1721.37559182762,11.3222711407048,71.8179683823652,0.45183049287542,0.054103613,"L1",19,111107.391443186,67610.37,"L119a",2.52749397,2.418538902,1.212829876,-2.559814453,1.212829876,1.091000055,711.024641,1332.584795,"H17","L119H17",0.5,"19",0.0837998865252241,0.037824772482197,-1.2667737320548,0.5,"L1"
"1002641",98.9225485286428,0.659546007873118,1984.85942205331,13.0964024570961,73.6983703652676,0.486548240405899,0.108921528,"L1",19,110307.428475856,72752.82,"L119a",2.448965927,2.373590242,1.411845637,-2.650138855,1.411845637,1.23719031,708.8008133,1331.866786,"H18","L119H18",0.5,"19",0.149787216075697,0.0924365098358213,-0.962886274811749,0.5,"L1"
"1005521",75.9581530808956,0.477032978281148,1301.81241337223,9.45063739823417,57.4013282003985,0.351988630821466,0.18701005,"L1",19,110335.490283398,52633.67,"L119a",2.402778003,2.34707288,1.730336279,-2.646959305,1.730336279,1.501539066,709.4829442,1333.609832,"H20","L119H20",0.5,"19",0.238130513488231,0.176536635854028,-0.72813505366531,0.5,"L1"
"1008401",102.43064565959,0.672157469858132,2022.46428407179,13.2843999501588,76.4372000234072,0.496084251268102,0.103574514,"L1",19,110364.902238842,74182.6,"L119a",2.441831834,2.413454584,1.358834332,-2.643627644,1.358834332,1.291693085,709.437763,1330.694108,"H23","L119H23",0.5,"19",0.133166511122477,0.11115933461484,-0.984747095853597,0.5,"L1"
"1011281",75.5797709473483,0.539815048988331,1342.03694644302,9.40452701796677,57.010125310177,0.403466325040786,0.216840744,"L1",19,111922.533418119,60417.47,"L119a",2.401766981,2.308019624,1.912723873,-2.468442678,1.912723873,1.489617466,709.2293796,1337.097418,"H25","L119H25",0.5,"19",0.281652278397375,0.173074755838496,-0.66385911128565,0.5,"L1"
"1014161",92.6449941453859,0.602630655992479,1860.71092839039,11.3880159181745,68.988663025557,0.44676900720435,0.175332785,"L1",19,110916.145362565,66841.47,"L119a",2.43129743,2.27198242,1.795012653,-2.581348896,1.795012653,1.261169004,707.6206369,1334.480695,"H28","L119H28",0.5,"19",0.254067514256239,0.100773288465669,-0.756136868770372,0.5,"L1"
"1017041",96.7063527734833,0.62396731593976,2101.98397735855,13.7783986604632,71.4716216854735,0.455438408263081,0.170532227,"L1",19,109013.22957526,68020.69,"L119a",2.363654045,2.310592588,1.482412244,-2.797664165,1.482412244,1.330496385,714.6549481,1334.701268,"H31","L119H31",0.5,"19",0.170968993385636,0.124013698897415,-0.768193536403392,0.5,"L1"
"1019921",97.5537331047508,0.633339940599988,1711.19310675335,11.5288469555106,73.6491999267681,0.471295702066261,0.157225609,"L1",19,111378.171733768,70540.24,"L119a",2.391853831,2.315843389,1.51229784,-2.529387712,1.51229784,1.297666269,709.7746955,1334.817229,"H33","L119H33",0.5,"19",0.179637331859757,0.113163015910034,-0.803476714393485,0.5,"L1"
"1022801",55.5010188331258,0.391259855483959,1084.03723263459,8.16517183679214,41.4221471762525,0.287201555856212,0.438132048,"L1",19,109699.721370366,42921.1,"L119a",2.339885586,2.322860273,2.736197945,-2.719194412,2.736197945,2.574926877,712.7383115,1333.079868,"H34","L119H34",0.5,"19",0.437147512387116,0.410764900419418,-0.358394978365982,0.5,"L1"
"1025681",83.1791414200092,0.554333827635592,1676.13256385141,11.040208750761,61.9315103428014,0.408810736822628,0.200642824,"L1",19,110270.775393097,61126.82,"L119a",2.350968068,2.308372816,1.578532371,-2.65429306,1.578532371,1.430636515,709.1616226,1333.227641,"H35","L119H35",0.5,"19",0.198253492406585,0.155529305610288,-0.697576368214879,0.5,"L1"
"1028561",92.8533834542863,0.605911292628126,1697.67095704195,11.5566127076438,69.8116026960987,0.448785066772124,0.372086763,"L1",19,110801.995765417,67136.18,"L119a",2.271041744,2.21968574,1.907583486,-2.594219923,1.907583486,1.649691388,711.8421263,1336.568921,"H36","L119H36",0.5,"19",0.280483554079444,0.217402707229425,-0.429355779745496,0.5,"L1"
"1031441",69.9733103803206,0.496517062637387,1515.76327998452,9.6530579139964,51.7048102729511,0.367056235338013,0.226534843,"L1",19,110566.697040365,54898.25,"L119a",2.374928526,2.354403559,1.822363548,-2.620793104,1.822363548,1.719517525,708.6063141,1331.119764,"H37","L119H37",0.5,"19",0.260635019805272,0.235406606428466,-0.644864990300826,0.5,"L1"
"1034321",104.275435245868,0.686872367340705,1550.67102423154,11.1963167173052,79.9936689918173,0.516806103651147,0.069708586,"L1",19,112752.932964596,77446.87,"L119a",2.56898901,2.387734167,1.450540436,-2.376042366,1.450540436,1.11556127,708.1998728,1335.55996,"H38","L119H38",0.5,"19",0.161529839920411,0.0474934280417869,-1.15671372659681,0.5,"L1"
"1037201",47.3381372626584,0.272120174511844,922.471839946879,4.92639077708167,35.3554169557152,0.202607459524979,0.125663996,"L1",19,111446.036275712,30326.72,"L119a",2.490270196,2.292811931,1.692384152,-2.521773577,1.692384152,1.166507435,707.7221684,1336.715261,"H39","L119H39",0.5,"19",0.228498949812663,0.0668875112130827,-0.900789134233666,0.5,"L1"
"1040081",118.203698828689,0.76135828764604,1908.71126823168,13.598430761656,89.9301508871071,0.567636887502258,0.06714654,"L1",19,111613.485751542,84977.85,"L119a",2.54648367,2.422084482,1.359970145,-2.50300622,1.359970145,1.140988598,711.4616709,1338.068779,"H40","L119H40",0.5,"19",0.133529374543693,0.0572813044967207,-1.17297636121749,0.5,"L1"
"1042961",42.9080654302355,0.271265497090719,696.122840091132,5.36692226742012,32.5683739886659,0.20018566985712,0.180014133,"L1",19,110351.919101562,29934.67,"L119a",2.408071519,2.391660565,1.711967195,-2.645098209,1.711967195,1.638433883,713.2401465,1337.845776,"H41","L119H41",0.5,"19",0.233495438397805,0.214428920648137,-0.744693396880237,0.5,"L1"
"1045841",104.113158214753,0.689386383636301,1822.10918866141,12.8532002023015,78.6051102926731,0.511775328938038,0.120930672,"L1",19,111082.226611543,76578.58,"L119a",2.452267329,2.354607799,1.50283268,-2.562645912,1.50283268,1.24842512,714.0321121,1336.59202,"H42","L119H42",0.5,"19",0.176910630488601,0.0963624986729074,-0.917463533788322,0.5,"L1"
"1048721",92.4992529813667,0.615197401002544,1740.59824997349,12.8418553792928,69.2881245787947,0.45156956729787,0.104309559,"L1",19,109696.543125872,67485.03,"L119a",2.478033048,2.408713472,1.469737156,-2.71955657,1.469737156,1.285214393,711.3826202,1333.543181,"H44","L119H44",0.5,"19",0.167239673587978,0.108975580531423,-0.981675890703602,0.5,"L1"
"1051601",66.6072267941498,0.438361181548637,1154.00247192137,8.79122267014805,50.2792641704156,0.323059020276731,0.371517181,"L1",19,110185.853704843,48301.2,"L119a",2.313969603,2.306827976,2.18168523,-2.663923264,2.18168523,2.131411814,710.5822176,1335.433938,"H46","L119H46",0.5,"19",0.338792091469908,0.32866736865781,-0.430021097270949,0.5,"L1"
"1054481",76.5093951880594,0.468239822869356,1330.54208575902,9.13384227904095,57.7559993834813,0.346036039454376,0.120912313,"L1",19,110525.562313053,51752.47,"L119a",2.462953368,2.405691779,1.54112668,-2.625444412,1.54112668,1.361629625,709.5251167,1329.999195,"H47","L119H47",0.5,"19",0.187838339019355,0.134058991796082,-0.917529470887209,0.5,"L1"
"1057361",98.7174987674912,0.625009322564286,1714.38433849558,11.674519921687,74.5853322334304,0.463898260170385,0.101303101,"L1",19,111059.380626855,69413.15,"L119a",2.432469993,2.303635419,1.322517808,-2.565217018,1.322517808,1.120944624,710.218472,1330.039711,"H48","L119H48",0.5,"19",0.121401528619559,0.0495841584600429,-0.99437726020166,0.5,"L1"
"1060241",102.438545409132,0.674756719856509,1557.25016466241,11.3809192780815,78.3838489140913,0.505959445412622,0.077317953,"L1",19,112325.913547208,75792.67,"L119a",2.492836116,2.349468186,1.31184161,-2.423472404,1.31184161,1.103980947,710.8923221,1337.761877,"H50","L119H50",0.5,"19",0.117881402070509,0.0429615782082464,-1.1117196524781,0.5,"L1"
"1063121",89.359165352102,0.590263194853018,1455.7841323653,9.76047794757532,67.9576565466188,0.443480642545562,0.040391922,"L1",19,112573.467140445,66447.97,"L119a",2.549327644,2.310226501,1.146632587,-2.395954132,1.146632587,1.021312547,712.8652524,1336.759991,"H52","L119H52",0.5,"19",0.0594242801503055,0.0091586673227606,-1.3937054809688,0.5,"L1"
"1066001",97.719908977047,0.647753707525983,1835.3725606778,12.2631150079597,73.2828103242791,0.480133844133888,0.209739685,"L1",19,110893.614849929,71831.75,"L119a",2.374819928,2.247068147,1.728529392,-2.583888292,1.728529392,1.298805185,713.0905556,1330.691105,"H54","L119H54",0.5,"19",0.237676768706245,0.113544013717741,-0.678319388581436,0.5,"L1"
"1068881",77.4494477099891,0.530759611185488,1518.50984199298,9.87234469130519,57.8259616019602,0.39410970081789,0.212229967,"L1",19,111111.39257239,58973.44,"L119a",2.357018458,2.315100158,1.659874617,-2.559364319,1.659874617,1.496164223,709.0940583,1335.97688,"H57","L119H57",0.5,"19",0.22007528370174,0.174979265472532,-0.673193293460747,0.5,"L1"
"1071761",43.0110598391609,0.313412657726198,913.998706363089,6.48488140733766,31.8395010833118,0.23025521944668,0.094394207,"L1",19,109804.022561413,34413.97,"L119a",2.459209512,2.43263034,1.346240734,-2.707315207,1.346240734,1.285003575,710.9817108,1334.367674,"H65","L119H65",0.5,"19",0.129122727123852,0.108904335916818,-1.02505465766307,0.5,"L1"
"1074641",90.3010002850026,0.597085256522697,1669.91778346478,11.5600384978852,67.8150605940658,0.441586264480943,0.151890039,"L1",19,110617.847398631,66048.29,"L119a",2.403637524,2.394207152,1.524751784,-2.615011692,1.524751784,1.491615616,710.1172283,1337.675036,"H67","L119H67",0.5,"19",0.18319915016609,0.173656921422394,-0.818470706381991,0.5,"L1"
"1077521",62.4695649617966,0.447609208517619,1160.4114541903,9.06617645279032,46.8582693583107,0.329547483061158,0.253408909,"L1",19,110064.478014555,49265.87,"L119a",2.362448646,2.350354438,1.902102643,-2.677700281,1.902102643,1.835060231,711.2303563,1331.348429,"H68","L119H68",0.5,"19",0.279233949029221,0.263650323390098,-0.596178120859343,0.5,"L1"
"1080401",107.664851065511,0.70203862319513,1762.1861367368,12.4564050214026,81.8200936445682,0.52375639211762,0.189112425,"L1",19,111695.412986138,78414.49,"L119a",2.365344967,2.283527095,1.579106426,-2.493834257,1.579106426,1.3252402,710.5167207,1336.582713,"H70","L119H70",0.5,"19",0.198411400855007,0.122294601352221,-0.72327993634974,0.5,"L1"
"1083281",88.1476505804012,0.611752503689092,2254.23889696003,16.1904602229098,64.0162183841535,0.438985396898177,0.025745953,"N3",17,97363.6641629033,59562.46532,"N317a",2.418503412,2.350568761,1.021310803,-3.038692431,1.021310803,1.01216647,612.5199574,5863.157168,"N301","N317H01",0.5,"17",0.00915792571802331,0.00525194635434241,-1.5892910279004,0.5,"N3"
"1086161",86.3284280618033,0.522522199564431,2533.85799506907,13.8890445337575,61.8631189108166,0.374792287855859,0.090840449,"N3",17,97316.7408052483,50850.15746,"N317a",2.402291067,2.349131602,1.211860925,-3.044718122,1.211860925,1.140678008,615.8385975,5869.724798,"N302","N317H02",0.5,"17",0.0834527823956902,0.0571630685339269,-1.04172072784574,0.5,"N3"
"1089041",57.6437653114712,0.39734821710231,1685.17493576768,10.5472154316784,41.3317314359553,0.285047525808573,0.330019646,"N3",17,97331.7074178339,38674.58041,"N317a",2.270367361,2.266040596,1.750515562,-3.04279586,1.750515562,1.729547167,614.1260153,5863.034256,"N303","N317H03",0.5,"17",0.243165975975479,0.237932410287072,-0.481460205893543,0.5,"N3"
"1091921",100.579495406827,0.661214642805177,2494.24683397294,15.1765169462373,73.3144641795507,0.481284815099166,0.366467293,"N3",17,98916.6849096402,65405.16048,"N317a",2.258231664,2.164746014,1.816879339,-2.840881855,1.816879339,1.434349571,611.7538023,5862.985091,"N304","N317H04",0.5,"17",0.259326086280795,0.156655007855421,-0.435964779831779,0.5,"N3"
"1094801",113.630152037635,0.753708334630621,3129.08684197268,19.7773735208048,81.9548072631908,0.541314237372966,0.158239481,"N3",17,97456.3263334461,73453.64542,"N317a",2.413644325,2.322461812,1.60086182,-3.026801688,1.60086182,1.316052628,614.4988502,5867.954857,"N305","N317H05",0.5,"17",0.204353846971529,0.119273256749813,-0.800685150160481,0.5,"N3"
"1097681",86.7648844234583,0.580224021065849,1718.3616800655,11.8004535925272,64.6558008363024,0.4274723873362,0.078432764,"N3",17,100254.955289757,58170.33329,"N317a",2.449514941,2.278678944,1.231831962,-2.672899792,1.231831962,1.06063354,613.3393747,5865.476119,"N306","N317H06",0.5,"17",0.0905514684180988,0.025565356524397,-1.10550248001992,0.5,"N3"
"1100561",72.2873147820823,0.415611196925195,2193.81332020525,11.1959316592944,51.6372362584884,0.297709436839136,0.123268526,"N3",17,97172.3070956363,40385.89886,"N317a",2.329087315,2.239282407,1.212176135,-3.063283915,1.212176135,1.10561593,613.1099379,5867.422235,"N307","N317H07",0.5,"17",0.0835657294843888,0.0436042875023157,-0.909147797122171,0.5,"N3"
"1103441",100.081959168156,0.63112639856568,2150.86318762676,12.315469953619,73.984475599709,0.466901795071325,0.043681838,"N3",17,100716.895687552,63565.09165,"N317a",2.667512825,2.414696935,1.408491698,-2.61543637,1.408491698,1.058363891,611.2785403,5865.201615,"N308","N317H08",0.5,"17",0.148754291489762,0.0246350142794443,-1.35969909611688,0.5,"N3"
"1106321",11.7595491787152,0.0864705217845258,344.288729927775,2.17808149034899,8.43474628742613,0.0623577069906241,0.249720842,"N3",17,97900.1341184796,8465.47567999999,"N317a",2.307625926,2.251291104,1.615973247,-2.970006977,1.615973247,1.417229995,615.0355685,5861.854295,"N309","N317H09",0.5,"17",0.208434166601656,0.151440335394933,-0.602545209399337,0.5,"N3"
"1109201",40.7987729035174,0.313260730522739,1399.1831632691,8.91437761428659,28.7466622776394,0.22316706980279,0.555301073,"N3",17,96582.1187338506,30255.38507,"N317a",2.282811943,2.24287205,2.735315011,-3.139435748,2.735315011,2.376917312,614.0563649,5866.615109,"N310","N317H10",0.5,"17",0.437007348827057,0.376014073790971,-0.255471487345858,0.5,"N3"
"1112081",122.862913838668,0.762737344162075,2507.81428109186,14.3910180613459,91.3118587584019,0.566168915241706,0.066954771,"N3",17,101094.276529373,77108.37999,"N317a",2.578526625,2.404793663,1.450053285,-2.568687065,1.450053285,1.122465253,612.6305788,5865.902216,"N311","N317H11",0.5,"17",0.161383961515165,0.0501729058767597,-1.17421847100226,0.5,"N3"
"1114961",59.870398035811,0.361773392366942,2011.72670521532,9.98770938031712,42.3047102075005,0.258509410125488,0.452250379,"N3",17,96907.7440179474,35058.6433,"N317a",2.303882575,2.245032818,2.474461923,-3.097363054,2.474461923,2.034707815,612.9050836,5870.810526,"N312","N317H12",0.5,"17",0.393480775278628,0.308502053146594,-0.344621060515601,0.5,"N3"
"1117841",65.722845941994,0.430744406008673,2021.09883251882,11.2652946029916,46.8477105031774,0.309463916203538,0.411816844,"N3",17,97492.2968103605,41994.26148,"N317a",2.313225661,2.241787233,2.364562518,-3.022188873,2.364562518,1.879977596,611.2293752,5868.24575,"N313","N317H13",0.5,"17",0.373750801059622,0.27415267373626,-0.385295893981591,0.5,"N3"
"1120721",28.1143599527608,0.190973335493718,504.592348452152,3.52578716526271,21.1630123352954,0.142064988129252,0.050632371,"N3",17,101338.552421297,19352.96137,"N317a",2.625457728,2.353552949,1.389847527,-2.538519526,1.389847527,1.047407041,615.1175103,5863.870062,"N314","N317H14",0.5,"17",0.142967158660833,0.020115489039564,-1.29557173510365,0.5,"N3"
"1123601",51.8668999894688,0.371802201930097,1326.56701341061,9.66299162098814,37.68114720089,0.267285041772603,0.458444292,"N3",17,97560.2459902047,36273.11428,"N317a",2.267657462,2.267188919,2.212405444,-3.013479786,2.212405444,2.208979106,614.2858017,5864.923013,"N315","N317H15",0.5,"17",0.344864718453904,0.34419160804354,-0.338713430216183,0.5,"N3"
"1126481",58.820597797679,0.479465734487736,1470.4799487141,11.4293707212279,42.8012005164095,0.347675239679779,0.355051256,"N3",17,98501.6331781433,47228.1579,"N317a",2.349306071,2.291832819,2.367939922,-2.893441864,2.367939922,1.963768973,609.3488125,5868.446507,"N316","N317H16",0.5,"17",0.374370679522643,0.293090394014624,-0.449708946688227,0.5,"N3"
"1129361",93.9460448357934,0.648260803578586,2619.95385194743,17.8596288170446,67.6626729950042,0.463319051439818,0.153548867,"N3",17,96930.2243219502,62836.06511,"N317a",2.314715662,2.250398576,1.28305632,-3.094463686,1.28305632,1.174090621,609.8691425,5865.082799,"N317","N317H17",0.5,"17",0.108245720231816,0.0697016187866989,-0.813753383763168,0.5,"N3"
"1132241",107.62246265347,0.728601930433925,2840.3912994286,18.3870007219343,77.9388566599375,0.525328450611781,0.409024487,"N3",17,97879.7346550091,71315.36362,"N317a",2.312670095,2.279124323,2.346960704,-2.972611875,2.346960704,2.100134157,612.3028119,5861.854295,"N318","N317H18",0.5,"17",0.370505818112086,0.322247038440501,-0.388250691379839,0.5,"N3"
"1135121",109.867051206117,0.747086355897016,2645.83163863385,17.5509034063875,80.3125220600706,0.542526054360991,0.191712475,"N3",17,98661.4376212227,73708.6139,"N317a",2.386323311,2.252592331,1.681532454,-2.873178881,1.681532454,1.265257452,612.1225401,5866.328313,"N319","N317H19",0.5,"17",0.225705253724458,0.102178903857094,-0.717349626050549,0.5,"N3"
"1138001",126.304214874156,0.835374591560517,3514.66353577603,23.1082785504873,91.0208580793559,0.596808899206352,0.298695121,"N3",17,96886.4971926031,80936.51802,"N317a",2.243335036,2.190661464,1.533139526,-3.100103954,1.533139526,1.36799602,617.4692379,5864.988566,"N320","N317H20",0.5,"17",0.185581680369382,0.136084833864688,-0.5247718712696,0.5,"N3"
"1140881",110.477923093223,0.703892177574045,3369.71902315228,20.0127665427233,78.8657888580265,0.501497418366314,0.09176492,"N3",17,96591.6097609253,67990.07853,"N317a",2.399857159,2.350388219,1.211862119,-3.138207446,1.211862119,1.144786377,613.351666,5872.035555,"N321","N317H21",0.5,"17",0.0834532102891434,0.0587244526621589,-1.0373233096712,0.5,"N3"
"1143761",64.8329670429468,0.380613328176029,1992.72215437985,9.82113859729235,46.2272458267476,0.273816029886689,0.327476088,"N3",17,97638.1974538025,37162.39929,"N317a",2.354635146,2.234751569,2.257639062,-3.003496168,2.257639062,1.584758317,617.2234127,5863.144877,"N322","N317H22",0.5,"17",0.353654510701684,0.199963039679052,-0.484820406294452,0.5,"N3"
"1146641",128.463269314759,0.835994187066481,3154.55562475033,19.3247363081167,93.733298938873,0.608071834467467,0.053922144,"N3",17,98838.7527309794,82628.62274,"N317a",2.569162116,2.399107853,1.289023097,-2.850733946,1.289023097,1.077404197,617.3381311,5869.065167,"N323","N317H23",0.5,"17",0.110260699207383,0.032378662996079,-1.26823284813339,0.5,"N3"
"1149521",74.5486361995683,0.522245948427351,1869.97505395449,13.2402503984729,54.2566826123071,0.376370546235805,0.204293368,"N3",17,97829.650213375,51091.13846,"N317a",2.45243904,2.281246966,2.144005094,-2.979009683,2.144005094,1.366005825,614.1219182,5869.069264,"N324","N317H24",0.5,"17",0.331225812874027,0.135452551292778,-0.689745731692341,0.5,"N3"
"1152401",120.642545317044,0.850827584842526,2236.49651432556,16.3536774312322,90.484643224061,0.630386402923742,0.103293701,"N3",17,100886.093738824,85836.67148,"N317a",2.489695593,2.386608255,1.501175908,-2.594454775,1.501175908,1.237657852,613.5114524,5870.048468,"N325","N317H25",0.5,"17",0.176431585912496,0.0926006014485444,-0.98592616158155,0.5,"N3"
"1155281",103.179373963797,0.646323749465384,2501.99746296489,14.318486292578,75.3612037820921,0.47211530224695,0.117963459,"N3",17,99306.7426550409,64184.3062600001,"N317a",2.411360663,2.35615355,1.360931215,-2.791687588,1.360931215,1.240309927,612.1880934,5871.461963,"N326","N317H26",0.5,"17",0.133836175386396,0.0935302196523229,-0.928252501272935,0.5,"N3"
"1158161",113.028468630309,0.746381687726019,2998.42068511996,19.4627233602435,81.8267618657489,0.536388396072247,0.175296651,"N3",17,97524.2355178464,72790.3035000001,"N317a",2.312804989,2.197458126,1.352396031,-3.018094514,1.352396031,1.147863309,616.2155294,5866.647886,"N327","N317H27",0.5,"17",0.131103887531969,0.0598901740536658,-0.75622638091769,0.5,"N3"
"1161041",122.494676370688,0.79526670359131,3473.70253915549,21.3458477128693,88.0995901482906,0.569869483096579,0.055698823,"N3",17,97211.4059483237,77308.9943600001,"N317a",2.388929734,2.34259103,1.075938454,-3.058255349,1.075938454,1.052246197,619.2023054,5863.43577,"N328","N317H28",0.5,"17",0.0317874294598784,0.0221173648074211,-1.25415398202566,0.5,"N3"
"1163921",101.871018029448,0.697801959061969,2915.97238446162,19.56758359348,73.1831352247207,0.497845223692663,0.070172061,"N3",17,96739.8976505384,67505.2901000001,"N317a",2.381929165,2.326483966,1.111782761,-3.119032103,1.111782761,1.071842162,610.7664044,5869.954235,"N329","N317H29",0.5,"17",0.0460199357030652,0.0301308364581117,-1.15383576776672,0.5,"N3"
"1166801",60.9013200344384,0.448679973177791,2505.87691924378,16.1243818339757,42.1738484420091,0.312266005790225,0.433405461,"N3",17,94109.6936440892,42225.1348200001,"N317a",2.268072549,2.212660914,2.119659745,-3.463592776,2.119659745,1.78970975,617.7806164,5864.521498,"N330","N317H30",0.5,"17",0.326266152094484,0.252782604055672,-0.363105620779875,0.5,"N3"
"1169681",99.4931357584013,0.603500240014389,2134.18381047498,11.6383101787109,73.5620844009826,0.446991084485964,0.046404974,"N3",17,100848.968508362,60862.3767000001,"N317a",2.608978594,2.453764002,1.297055412,-2.599055516,1.297055412,1.089787492,615.5518014,5861.067654,"N331","N317H31",0.5,"17",0.112958530140962,0.0373418189961013,-1.33343546632061,0.5,"N3"
"1172561",48.0455466245299,0.299492285189545,1422.47257264533,8.18743842211504,34.4026879118898,0.214216076529868,0.295281922,"N3",17,97013.5908563107,29054.8220200001,"N317a",2.235818247,2.23566683,1.496608033,-3.083717463,1.496608033,1.496086586,616.9734904,5864.267479,"N332","N317H32",0.5,"17",0.175108071956247,0.174956729045708,-0.529763140965753,0.5,"N3"
"1175441",31.2617288631801,0.176811162389885,737.419335919092,4.24132701881525,22.8986572170419,0.128130680636829,0.239036813,"N3",17,98432.9257539892,17404.0400200001,"N317a",2.375866674,2.275657509,1.898553551,-2.902163978,1.898553551,1.460036393,616.4244808,5870.900662,"N333","N317H33",0.5,"17",0.278422851449902,0.164363681183133,-0.621535210133021,0.5,"N3"
"1178321",116.207330455852,0.777746432957427,3050.28057162632,19.5881378655015,84.2231564409301,0.560873831015024,0.180272768,"N3",17,97901.4095384067,76142.4720500001,"N317a",2.381418832,2.313243983,1.597297466,-2.969844131,1.597297466,1.371099589,615.0396656,5872.121594,"N334","N317H34",0.5,"17",0.203385802683398,0.137069000655571,-0.744069872836984,0.5,"N3"
"1184081",13.9900748431836,0.0818401697892704,423.358819889004,2.85084205074292,9.99000998377235,0.0571358272953673,0.482092721,"N3",17,94436.259478696,7728.67951000009,"N317a",2.249022625,2.191691553,2.165295832,-3.42029217,2.165295832,1.813711518,618.7188492,5862.952314,"N335","N317H35",0.5,"17",0.335517239917167,0.258568211001934,-0.316869425773577,0.5,"N3"
"1186961",117.326677796055,0.780239583135083,3297.9589066336,21.0133788923289,84.4547696933549,0.558912534920454,0.220779786,"N3",17,97174.919689858,75819.7188300001,"N317a",2.278215284,2.27729963,1.409323953,-3.062947842,1.409323953,1.406666803,618.9851599,5868.036798,"N336","N317H36",0.5,"17",0.149010833300379,0.148191238333584,-0.656040691950664,0.5,"N3"
"1189841",83.5234567155906,0.556470079939458,1879.88124405296,12.561072995812,61.469851671301,0.405719599452729,0.033623836,"N3",17,99100.198120265,55146.2951700001,"N317a",2.650240587,2.377902785,1.226754179,-2.817712964,1.226754179,1.0258722,615.9000538,5865.148352,"N337","N317H37",0.5,"17",0.0887575461015356,0.0110932610761583,-1.47335274126543,0.5,"N3"
"1192721",76.4165094646858,0.432160514190033,2320.07509695551,11.446287444529,54.5756135093084,0.31008859194057,0.039432032,"N3",17,97355.2916995544,42073.1129200001,"N317a",2.416337122,2.366264883,1.04844659,-3.039767373,1.04844659,1.032199021,615.6788111,5867.590216,"N340","N317H40",0.5,"17",0.0205463115213572,0.0137634428229668,-1.40415084241324,0.5,"N3"
"1195601",41.9431892846184,0.310405904312681,790.04970290078,6.53509163853373,31.3709299233602,0.227897974079643,0.160215072,"N3",17,99870.4718862966,31000.3841400001,"N317a",2.332416986,2.267771286,1.347281303,-2.720930155,1.347281303,1.214959757,612.9378603,5866.197207,"N341","N317H41",0.5,"17",0.129458282869091,0.0845618930764859,-0.795296630707876,0.5,"N3"
"1198481",96.0848688998945,0.660453483168343,2204.6117909962,15.2870790829399,70.5677294655394,0.480326634244078,0.201564765,"N3",17,98824.2905721245,65268.8469300001,"N317a",2.431800501,2.305398344,1.987214726,-2.852563089,1.987214726,1.424972776,615.1912578,5871.73237,"N342","N317H42",0.5,"17",0.298244796792,0.153806567259676,-0.695585383454066,0.5,"N3"
"1201361",110.730066527175,0.705280464161508,2898.27689007823,17.2430274126454,80.274345590021,0.510128220715751,0.075179069,"N3",17,98225.1413306351,69276.2732700001,"N317a",2.536944657,2.356874876,1.408437718,-2.928578417,1.408437718,1.104527323,617.379102,5866.930585,"N343","N317H43",0.5,"17",0.148737646971796,0.0431764636038853,-1.12390305679015,0.5,"N3"
"1204241",101.870646016676,0.649747699859582,2938.31175537477,17.1755198752047,73.1292582781347,0.466305887192868,0.109762836,"N3",17,97376.5757134246,63270.2060900001,"N317a",2.281341423,2.272916952,1.118113077,-3.037034896,1.118113077,1.110516265,618.1534513,5870.027982,"N344","N317H44",0.5,"17",0.0484857268364647,0.0455249237561888,-0.959544680397901,0.5,"N3"
"1207121",88.9658089363038,0.551544883662376,2641.61023355486,14.5234805358198,63.673408910687,0.395981172657541,0.026756039,"N3",17,97418.3214124253,53730.5767500001,"N317a",2.293142824,2.249567883,1.008166038,-3.031677248,1.008166038,1.005690347,617.096403,5861.571596,"N346","N317H46",0.5,"17",0.00353206330881264,0.00246428162405378,-1.57257817968485,0.5,"N3"
"1210001",99.0903414731576,0.668796482143926,3910.77909639402,24.3745010720917,68.9353385363382,0.464806792916763,0.437840868,"N3",17,93963.0481436598,62842.1560500001,"N317a",2.190722441,2.188807548,1.695098122,-3.483085969,1.695098122,1.686343931,618.4197619,5863.767634,"N347","N317H47",0.5,"17",0.229194842721852,0.226946153979491,-0.35868370389525,0.5,"N3"
"1212881",97.8115846391015,0.61445238683855,2116.31074285503,12.1681818398422,72.2698562559402,0.453896832306701,0.098447074,"N3",17,100552.04504598,61784.4440800001,"N317a",2.492500391,2.443465484,1.471574759,-2.635912788,1.471574759,1.332352119,615.8345004,5863.722566,"N348","N317H48",0.5,"17",0.167782330041782,0.124619016973409,-1.00679718724083,0.5,"N3"
"1215761",100.092716003361,0.694006918052385,2291.32009953808,15.7099172631501,73.5303903819131,0.505854306535871,0.136745384,"N3",17,99069.1397615295,68754.6683600001,"N317a",2.447815296,2.370487289,1.597088422,-2.821631123,1.597088422,1.347241077,615.1134132,5865.299945,"N349","N317H49",0.5,"17",0.203328961300429,0.129445315873559,-0.864087324864101,0.5,"N3"
"1218641",99.0690448196113,0.601123541552725,2704.25602957201,14.9607342524992,71.5220454902692,0.434017739825109,0.170771498,"N3",17,98030.8885887001,58928.6749300001,"N317a",2.384253831,2.281405689,1.557356053,-2.953323237,1.557356053,1.267240249,619.253519,5864.953741,"N350","N317H50",0.5,"17",0.192387915185552,0.102858958154042,-0.767584611950528,0.5,"N3"
"1221521",97.5563159110198,0.648700208438895,2596.80276214541,16.5138099522734,70.6101130160464,0.467311399061759,0.182011165,"N3",17,97785.0555384479,63433.1859100001,"N317a",2.3502783,2.141772076,1.490152677,-2.984708983,1.490152677,1.102477038,616.0024809,5862.026373,"N351","N317H51",0.5,"17",0.173230767326161,0.0423695529029218,-0.739901970535992,0.5,"N3"
"1224401",118.789979533329,0.815352408079751,3117.92549854885,20.8287488672436,86.0764748804933,0.587159696713258,0.122687749,"N3",17,97747.1717017418,79698.3918300001,"N317a",2.321007392,2.260523904,1.197805091,-2.989552665,1.197805091,1.123774211,613.732695,5862.370528,"N353","N317H53",0.5,"17",0.0783861546227172,0.0506790614402255,-0.911198801635918,0.5,"N3"
"1227281",106.202092267472,0.683520610898695,3056.25741811866,14.8635893138354,76.4397767378451,0.499372577163603,0.009756157,"N3",18,90755.3004413994,62033.12,"N318a",2.555173349,2.397733947,1.009593241,-3.030826379,1.009593241,1.002598674,617.8682005,5866.153727,"H03","N318H03",0.5,"18",0.00414643440577511,0.00112712589556294,-2.0107212194607,0.5,"N3"
"1230161",123.728997941382,0.855800652259415,3526.64358958399,19.6178561005812,89.1977101466516,0.621949328090279,0.189352911,"N3",18,90224.9797732033,77214.59,"N318a",2.33285362,2.254700211,1.46382234,-3.104083281,1.46382234,1.263544399,614.6574281,5870.222238,"H05","N318H05",0.5,"18",0.165488370820997,0.101590506961849,-0.722728013904554,0.5,"N3"
"1233041",130.301900654669,0.888556495206535,3731.85869602364,19.888838902866,93.886463507888,0.647295950986492,0.175300616,"N3",18,90464.3149125998,80382.65,"N318a",2.29403282,2.271623843,1.307351606,-3.070969078,1.307351606,1.260385857,617.8488887,5867.825027,"H11","N318H11",0.5,"18",0.116392404726466,0.100503521238459,-0.756216557808482,0.5,"N3"
"1235921",104.431000840167,0.722919247622002,2939.690196865,16.0194085678437,75.3392105594252,0.527162370104362,0.411714315,"N3",18,90565.4601331538,65471.51,"N318a",2.358870487,2.269812711,2.776323647,-3.05700104,2.776323647,2.048909516,611.3046867,5868.276713,"H14","N318H14",0.5,"18",0.443470092154993,0.311522779499487,-0.385404032644418,0.5,"N3"
"1238801",113.266000107911,0.775323421444345,3274.87071972944,17.4964891876028,81.5602675837283,0.56434721431744,0.178952708,"N3",18,90382.3361474836,70075.54,"N318a",2.308041169,2.28171089,1.352904944,-3.082301714,1.352904944,1.291136535,613.1507899,5867.914794,"H15","N318H15",0.5,"18",0.131267283850765,0.110972170431983,-0.747261725267503,0.5,"N3"
"1241681",126.832958109167,0.891175937177812,3350.63209060414,18.8598340709797,92.1267190281507,0.652854336023933,0.084679926,"N3",18,91029.6453323266,81123.43,"N318a",2.466432728,2.309775,1.301632328,-2.993097031,1.301632328,1.090242887,613.3097387,5864.485256,"H16","N318H16",0.5,"18",0.11448832642055,0.0375232619157673,-1.07221953017324,0.5,"N3"
"1244561",96.4257495531857,0.68696475912227,2140.36064832412,12.4106642265831,71.2602166994379,0.511279859069462,0.306480814,"N3",18,92644.0906245562,63643.23,"N318a",2.363045684,2.325230637,2.201924484,-2.773347748,2.201924484,1.951889621,614.4888036,5865.602241,"H17","N318H17",0.5,"18",0.342802420564675,0.290455254751776,-0.513596707555784,0.5,"N3"
"1247441",109.58996759158,0.824865319768727,2882.54953476781,18.2498609018242,79.6550833512005,0.601597019972986,0.250031943,"N3",18,90581.2215392314,74717.31,"N318a",2.267787043,2.234867716,1.469608605,-3.054825813,1.469608605,1.371844606,616.9775586,5864.318685,"H18","N318H18",0.5,"18",0.167201686229894,0.137304919986756,-0.602004504198196,0.5,"N3"
"1250321",101.733380310187,0.716237709280848,2150.43194543337,12.0614989676425,75.5377480228709,0.536825398690008,0.035629005,"N3",18,93370.2326943206,66875.28,"N318a",2.625030422,2.458409318,1.20817946,-2.675755027,1.20817946,1.055920435,615.3529963,5866.087305,"H19","N318H19",0.5,"18",0.0821314481088219,0.0236311947675957,-1.44819630588483,0.5,"N3"
"1253201",110.040379346123,0.756434609260225,3264.83480545136,17.4042614054029,79.0000627378653,0.549532336850171,0.471261415,"N3",18,90187.9321554559,68221.27,"N318a",2.315299866,2.215730711,2.667749197,-3.109217007,2.667749197,1.916269267,613.0986932,5866.754198,"H20","N318H20",0.5,"18",0.426144997853641,0.282456534468938,-0.326738117080114,0.5,"N3"
"1256081",110.864766085057,0.782129614139178,3067.7678948755,17.2063084858929,80.1860131994232,0.570752885223869,0.089294454,"N3",18,90638.4237068219,70891,"N318a",2.392878866,2.313165866,1.191090273,-3.046934537,1.191090273,1.102609637,615.5491698,5867.735436,"H27","N318H27",0.5,"18",0.0759446780067464,0.0424217839691453,-1.04917551392213,0.5,"N3"
"1258961",111.932627053666,0.783123398251648,3249.06950172969,17.6817181835974,80.5313020622302,0.569995013839981,0.213248379,"N3",18,90377.1044486871,70776.43,"N318a",2.303429884,2.222006044,1.461077691,-3.083025286,1.461077691,1.255570546,615.4695008,5868.69429,"H29","N318H29",0.5,"18",0.164673309620481,0.0988411191817903,-0.671114261422014,0.5,"N3"
"1261841",125.976101075677,0.869515736459748,3770.1696030027,20.172850308888,90.3990383182729,0.631158953277057,0.142399174,"N3",18,90104.7748474266,78347.52,"N318a",2.328363085,2.322632275,1.273814003,-3.120747883,1.273814003,1.262386801,615.8566061,5869.657031,"H31","N318H31",0.5,"18",0.105106018762394,0.101192445083633,-0.846492529858449,0.5,"N3"
"1264721",113.716171514147,0.764585581437728,2657.91585458589,13.9161493539849,83.607674405782,0.568626491606742,0.225775975,"N3",18,92567.5066706243,70775.78,"N318a",2.330579956,2.238083523,1.610670772,-2.783685108,1.610670772,1.318572416,614.6142363,5863.52126,"H33","N318H33",0.5,"18",0.20700677783961,0.120103986238344,-0.646322273571587,0.5,"N3"
"1267601",88.736303398032,0.549853667557436,2479.47210455399,11.6546692760135,64.0543606473909,0.40274682587734,0.082436404,"N3",18,91013.8469791556,50044.3,"N318a",2.48562298,2.29272858,1.331095318,-2.995266616,1.331095318,1.074771949,617.6402083,5869.395835,"H34","N318H34",0.5,"18",0.124209155849755,0.0313163230444509,-1.08388096105851,0.5,"N3"
"1270481",79.7231658500307,0.612210926460124,1698.6263142648,10.6985715234152,59.1989810783717,0.457160698481154,0.087804045,"N3",18,92986.8864137432,56927.59,"N318a",2.542748777,2.385592952,1.551836207,-2.727181399,1.551836207,1.175172481,613.0369169,5866.193846,"H35","N318H35",0.5,"18",0.190845880485324,0.0701016130325585,-1.05648547634089,0.5,"N3"
"1273361",70.2040536953957,0.413938338130137,1746.18513262793,7.39444449599466,51.222369144853,0.308424553396686,0.217291763,"N3",18,92760.0833096268,38396.96,"N318a",2.404156665,2.280321982,1.929553582,-2.757707229,1.929553582,1.404338276,614.3319309,5864.949758,"H37","N318H37",0.5,"18",0.285456843049332,0.147471732939643,-0.662956736410491,0.5,"N3"
"1276241",131.057769379139,0.885460433523524,3840.24926804752,20.0800845478432,94.1936618691461,0.644198641887998,0.116590191,"N3",18,90333.1338608875,79986.42,"N318a",2.197748717,2.17676308,1.068096193,-3.08910831,1.068096193,1.057484315,612.5075969,5868.989585,"H38","N318H38",0.5,"18",0.0286103671193718,0.0242739344778442,-0.93333798623026,0.5,"N3"
"1279121",111.500577479481,0.754226839006592,3167.80631689171,16.3937287844825,80.3698616954786,0.551054672571007,0.244198634,"N3",18,90759.8589042012,68453.52,"N318a",2.215793552,2.191622636,1.310672016,-3.030198544,1.310672016,1.259809251,614.2168904,5864.453011,"H39","N318H39",0.5,"18",0.11749402695916,0.100304793126015,-0.612256769743804,0.5,"N3"
"1282001",63.429411512293,0.44757987705002,1647.57384370978,9.55148000399943,46.2063835646161,0.327612771540561,0.383817544,"N3",18,90945.2444964385,40705.26,"N318a",2.194880788,2.1902053,1.578052666,-3.004692153,1.578052666,1.559938274,615.1005139,5864.431508,"H40","N318H40",0.5,"18",0.198121493278664,0.193107413872694,-0.415875177885455,0.5,"N3"
"1284881",39.8424006692007,0.394668754009448,765.109085522368,8.40400043728552,29.7997524046585,0.288946671086154,0.398651378,"N3",18,90967.2769259574,35901.94,"N318a",2.291975819,2.27240433,2.145990238,-3.001664265,2.145990238,2.015849484,613.1894969,5865.070617,"H42","N318H42",0.5,"18",0.331627742051006,0.304458101826771,-0.399406730362141,0.5,"N3"
"1287761",112.659692304267,0.798111349341624,3263.51502272943,18.4290322743707,81.1143693574553,0.579601986389377,0.198897731,"N3",18,90152.0630791103,71951.38,"N318a",2.33988786,2.201675242,1.528680191,-3.114189431,1.528680191,1.193088767,614.3309966,5867.478214,"H44","N318H44",0.5,"18",0.184316637922855,0.0766727568171335,-0.701370171223479,0.5,"N3"
"1290641",3.36523798258287,0.0237883072140842,90.8407303579794,0.512322472718327,2.44111342416072,0.0173962577910421,0.330270939,"N3",18,90852.6920621063,2161.232,"N318a",2.334708772,2.223637171,2.128541169,-3.017419531,2.128541169,1.549714428,617.2598709,5863.167651,"H45","N318H45",0.5,"18",0.328082054464585,0.190251676383112,-0.481129638803873,0.5,"N3"
"1293521",111.746301517218,0.779416179096832,3377.83858116761,18.7038789850983,80.0766900835686,0.563849854707565,0.148570337,"N3",18,89767.1700003391,69965.98,"N318a",2.385312415,2.318804304,1.44512352,-3.167670882,1.44512352,1.275122057,611.8664177,5867.841707,"H46","N318H46",0.5,"18",0.159904969419046,0.105551758216604,-0.828067891538868,0.5,"N3"
"1296401",86.6872513586162,0.641808779843886,3069.46572608959,18.7587308676556,61.1766832275985,0.455235536986181,0.396107029,"N3",18,87821.8284326217,56364.82,"N318a",2.319626782,2.200613731,2.340904873,-3.441536296,2.340904873,1.632400419,617.9426629,5864.401676,"H47","N318H47",0.5,"18",0.36938376569552,0.212826697574748,-0.40218745088319,0.5,"N3"
"1299281",112.343142722329,0.808483734608775,2954.03924886638,17.133006080454,81.7099786366258,0.592195825710558,0.1752679,"N3",18,91015.9553866691,73584.92,"N318a",2.367658875,2.324202572,1.519154036,-2.994977047,1.519154036,1.382429278,611.7075796,5867.001936,"H48","N318H48",0.5,"18",0.181601811777967,0.140642923007499,-0.7562976168749,0.5,"N3"
"1302161",105.424801282777,0.717146729285083,3151.26306177251,16.475957243883,75.6229699726042,0.521067566455277,0.055185988,"N3",18,90202.7369691659,64688.6,"N318a",2.368635403,2.343264407,1.063351682,-3.107165236,1.063351682,1.051593028,611.2392188,5863.840876,"H49","N318H49",0.5,"18",0.0266769223713096,0.0218476980969676,-1.25817117782811,0.5,"N3"
"1305041",112.095654375506,0.787751647954036,2493.23479668247,13.928852414166,82.8541548780055,0.587552937262161,0.14646187,"N3",18,92865.6055623618,73155.04,"N318a",2.422534352,2.322105803,1.562541333,-2.743495529,1.562541333,1.274845902,612.6169785,5865.360626,"H54","N318H54",0.5,"18",0.193831514308208,0.105457692255739,-0.834275425166418,0.5,"N3"
"1307921",86.071516620273,0.558207029382616,1782.75830589749,8.53243304973793,64.0187826682615,0.422452442406974,0.085016751,"N3",18,94380.5487692783,52683.89,"N318a",2.477573641,2.37416625,1.329559001,-2.541224851,1.329559001,1.151014561,611.8771351,5865.188796,"H61","N318H61",0.5,"18",0.123707614507129,0.061080817740957,-1.07049549604889,0.5,"N3"
"1310801",25.1165811661753,0.200907509854355,557.714215038238,4.67870075471777,18.4655021989287,0.146245057052054,0.531885386,"N3",19,88557.9117122005,17791.95,"N319a",2.287416599,2.269570334,2.679365927,-3.157059908,2.679365927,2.515276035,614.1389656,5866.513202,"H01","N319H01",0.5,"19",0.428032030227974,0.400585652970087,-0.274181942123017,0.5,"N3"
"1313681",41.7777191863458,0.267991189385528,1051.03069126904,5.86267525399794,30.3650954245188,0.196300280055869,0.11749053,"N3",19,89175.2741379136,23898.19,"N319a",2.329353147,2.298682338,1.194715122,-3.070221186,1.194715122,1.153741218,612.157011,5863.51282,"H02","N319H02",0.5,"19",0.0772643607713711,0.0621084083016559,-0.929997137090018,0.5,"N3"
"1316561",73.4662299953498,0.518260185043042,1767.47404385626,11.4121183625257,53.6352898324665,0.379370833593173,0.105229378,"N3",19,89110.4328343581,46182.39,"N319a",2.363918479,2.310634255,1.207059211,-3.079313517,1.207059211,1.13726754,617.5633819,5867.687664,"H03","N319H03",0.5,"19",0.0817285744717042,0.0558626436479326,-0.977862996663911,0.5,"N3"
"1319441",94.7081870809869,0.635768015462104,2301.10167394211,13.9818293949491,69.0676116805831,0.465446831632255,0.045894861,"N3",19,89123.0434088697,56661.58,"N319a",2.378402643,2.355134291,1.047882804,-3.077544689,1.047882804,1.039617072,616.5390429,5869.673186,"H05","N319H05",0.5,"19",0.0203127135425488,0.0168734026243946,-1.33823594113575,0.5,"N3"
"1322321",82.4971064169122,0.549791987453881,2041.02113770625,12.3551616710961,60.0529133206341,0.401634802999767,0.182478189,"N3",19,88909.3148963004,48881.63,"N319a",2.28235554,2.263498416,1.302805962,-3.107557297,1.302805962,1.263359782,613.1592057,5867.705669,"H11","N319H11",0.5,"19",0.114879737348912,0.1015270473775,-0.738789037854213,0.5,"N3"
"1325201",101.358060854273,0.691701693017036,2364.18020438654,14.8026172838054,74.2117965740224,0.507779082678926,0.031964779,"N3",19,89393.5515761086,61833.67,"N319a",2.578940109,2.387506538,1.119009223,-3.039661884,1.119009223,1.025333198,615.6595354,5867.064293,"H14","N319H14",0.5,"19",0.0488336660471165,0.0108650190873736,-1.49532829387089,0.5,"N3"
"1328081",19.2005405138247,0.163083305551633,335.122967507908,2.89734937319937,14.4707964710114,0.121968674662032,0.155995607,"N3",19,91261.3976007978,14883.21,"N319a",2.461089625,2.386019431,1.803773236,-2.78117013,1.803773236,1.485586855,613.9954039,5866.199706,"H15","N319H15",0.5,"19",0.256181938669303,0.171898047956939,-0.806887631661707,0.5,"N3"
"1330961",87.6529172930587,0.592118996630238,2186.88410709033,13.4665072236428,63.7504042098966,0.432038383422794,0.306189537,"N3",19,88791.202206322,52574.96,"N319a",2.278080907,2.207172606,1.701379952,-3.124174118,1.701379952,1.431953878,612.6992532,5866.803834,"H16","N319H16",0.5,"19",0.23080131104378,0.155929029946226,-0.514009653940833,0.5,"N3"
"1333841",97.8155570700028,0.654281292968691,2126.47422402561,13.1044910797977,72.1294571022372,0.483500439124656,0.0794909,"N3",19,90053.8311628291,58920.54,"N319a",2.566128972,2.371064956,1.549816243,-2.947673559,1.549816243,1.129932888,617.0755571,5866.880309,"H17","N319H17",0.5,"19",0.190280208246407,0.0530526494685329,-1.09968258588429,0.5,"N3"
"1336721",64.7255286278561,0.386185745624937,1479.86465819605,7.96886714865914,47.4764877706445,0.284533980947837,0.21965313,"N3",19,89756.0836791324,34662.52,"N319a",2.422912978,2.345499162,2.062161578,-2.989071131,2.062161578,1.645700881,614.4822466,5869.522214,"H18","N319H18",0.5,"19",0.31432269086243,0.216350901631957,-0.658262603771102,0.5,"N3"
"1339601",95.1294951826373,0.624058943769314,2166.68509844063,13.1046866930231,69.8164537887982,0.458990232728671,0.368521452,"N3",19,89581.7153782596,55904.27,"N319a",2.212508947,2.194041088,1.609594821,-3.013378382,1.609594821,1.537619787,615.0838605,5864.454676,"H23","N319H23",0.5,"19",0.20671656600087,0.186848959118448,-0.43353722635565,0.5,"N3"
"1342481",80.241610795482,0.474622824200587,1883.23176084846,10.0417382327119,58.7077849577195,0.348819316513805,0.042760134,"N3",19,89507.0483842684,42482.09,"N319a",2.53034432,2.318514166,1.140716045,-3.023801565,1.140716045,1.025536179,612.9346845,5862.479255,"H25","N319H25",0.5,"19",0.0571775502576676,0.010950986072407,-1.36896094248643,0.5,"N3"
"1345361",14.2162391065662,0.0716785225782794,325.078429912918,1.33902338852731,10.4246358210713,0.0533392701208703,0.200283766,"N3",19,90753.6354825935,6505.087,"N319a",2.438173762,2.415649759,2.017466965,-2.850912094,2.017466965,1.882988621,615.199573,5865.771657,"H27","N319H27",0.5,"19",0.304806432100095,0.274847695560031,-0.698354251017677,0.5,"N3"
"1348241",27.6807471282172,0.204432834837741,597.623128837985,4.24482028504669,20.4191654832933,0.150528148732199,0.532105923,"N3",19,89693.9130866802,18336.38,"N319a",2.335887628,2.322821067,3.202332157,-2.997732401,3.202332157,3.049884646,613.92848,5865.204813,"H28","N319H28",0.5,"19",0.505466376449835,0.484283413591684,-0.27400190681123,0.5,"N3"
"1351121",112.856820759745,0.751094053611493,2718.48919699612,16.5166342216988,82.3588632032731,0.549882041295674,0.252864838,"N3",19,89123.9120561928,66940.44,"N319a",2.281541572,2.265368083,1.526418441,-3.077422857,1.526418441,1.470561366,613.7529528,5868.481529,"H31","N319H31",0.5,"19",0.183673604199749,0.167483152174678,-0.597111557070189,0.5,"N3"
"1354001",86.2469735339854,0.560213095394715,2056.52402355271,12.3100611500225,63.0167277699752,0.410166792376784,0.270920753,"N3",19,89131.2151402291,49932.47,"N319a",2.358793674,2.195565059,1.975532501,-3.076398611,1.975532501,1.321640651,612.1208926,5868.239646,"H33","N319H33",0.5,"19",0.295684178987775,0.121113388203814,-0.567157725981333,0.5,"N3"
"1356881",92.1581207439301,0.592103891404084,2243.99301091732,13.2388855639364,67.185565557684,0.432763375224025,0.058856726,"N3",19,88959.29260842,52673.14,"N319a",2.344480857,2.334744296,1.059066425,-3.10053277,1.059066425,1.0545901,615.1557711,5869.761974,"H34","N319H34",0.5,"19",0.0249232000567419,0.0230836900605395,-1.23020389989322,0.5,"N3"
"1359761",94.4224035792086,0.621641075906334,2291.29200972373,13.724973430339,68.8594264757368,0.454925685083062,0.288551092,"N3",19,89084.1414867253,55378.36,"N319a",2.237023907,2.232546742,1.481853452,-3.08300209,1.481853452,1.467028886,616.138928,5865.105984,"H35","N319H35",0.5,"19",0.170805256183985,0.166438665245394,-0.539777277797263,0.5,"N3"
"1362641",62.2472868931031,0.440829020183097,1246.50898779843,8.55765913371145,46.2727393108287,0.326783132336262,0.209521055,"N3",19,90367.0418373411,39836.41,"N319a",2.417878115,2.397380364,1.959079944,-2.90427351,1.959079944,1.842045003,613.9270469,5863.638748,"H36","N319H36",0.5,"19",0.292052158572408,0.265300236238583,-0.67877232777715,0.5,"N3"
"1365521",49.1985715098525,0.269055860567623,1442.05852208462,7.02639889952385,35.1962993608015,0.193620508769186,0.479401112,"N3",19,87437.6223226225,23525.6,"N319a",2.322831475,2.240682913,2.781950735,-3.316198111,2.781950735,2.098331613,617.5772524,5865.048687,"H37","N319H37",0.5,"19",0.444349434891436,0.321874123664689,-0.319300962928765,0.5,"N3"
"1368401",87.4959170621622,0.543653413449733,2102.81294105369,12.0170920524077,63.8602534396845,0.397806914490197,0.092130184,"N3",19,89072.6220271905,48424.63,"N319a",2.343023743,2.290331422,1.137723357,-3.084618568,1.137723357,1.090843518,611.2803615,5863.69178,"H38","N319H38",0.5,"19",0.0560366740678061,0.037762455314943,-1.03559806147479,0.5,"N3"
"1371281",69.3434451878216,0.411430301130498,1734.82827332846,9.36677158614714,50.4117447459908,0.300168312146856,0.246620178,"N3",19,88781.0329711575,36527.21,"N319a",2.369389294,2.281695362,1.904459266,-3.125605822,1.904459266,1.505554905,612.2184327,5867.410803,"H39","N319H39",0.5,"19",0.279771688080917,0.177696598110971,-0.607971393127343,0.5,"N3"
"1374161",86.0388750291003,0.579674793161552,1934.09241320642,12.2381502240497,63.2220330366744,0.426117347097167,0.384011269,"N3",19,89528.3227634439,51897.31,"N319a",2.261269292,2.234442997,1.895070925,-3.02083087,1.895070925,1.753012576,612.812093,5864.72815,"H40","N319H40",0.5,"19",0.277625468530855,0.243785031705782,-0.415656030859796,0.5,"N3"
"1377041",87.9683385847326,0.55937078755543,2219.92028891207,12.9040070518457,63.8991710905371,0.407563456152143,0.198730946,"N3",19,88650.9510207237,49588.75,"N319a",2.355479344,2.32379775,1.587270847,-3.14393425,1.587270847,1.472223217,616.7201326,5865.920495,"H41","N319H41",0.5,"19",0.200651039748663,0.167973662285365,-0.701734500124295,0.5,"N3"
"1379921",93.0971484164809,0.587628548463931,1751.90868664953,10.2824688337056,69.6394759101468,0.440150673234504,0.239602327,"N3",19,91415.5545887289,53718.39,"N319a",2.388440474,2.362643161,1.976196537,-2.760073185,1.976196537,1.828737575,613.6881801,5869.897646,"H42","N319H42",0.5,"19",0.29583013392068,0.262151388414423,-0.620508968426499,0.5,"N3"
"1382801",59.01151073268,0.314917702453141,1446.66357469812,6.69688322732921,42.9768378720711,0.231327595860673,0.232630014,"N3",19,89456.331259091,28171.38,"N319a",2.219123161,2.090756268,1.292188365,-3.030886412,1.292188365,1.109167825,613.7918731,5864.343051,"H44","N319H44",0.5,"19",0.111325826288544,0.0449972629725159,-0.633334253177393,0.5,"N3"
"1385681",107.224270957743,0.691820158775227,2127.45675310801,12.5815853909902,79.7911928192909,0.516198730589778,0.180037737,"N3",19,91024.6985307346,62972.72,"N319a",2.400743009,2.311651409,1.678429672,-2.813632727,1.678429672,1.366042573,612.6031591,5869.713367,"H47","N319H47",0.5,"19",0.224903148561566,0.135464234433995,-0.744636454601528,0.5,"N3"
"1388561",76.2528874610616,0.519754357318362,1800.247801407,11.1184311114211,55.7711578705572,0.381567640988644,0.337929487,"N3",19,89397.5380595786,46464.76,"N319a",2.399706461,2.276935008,2.710527688,-3.039104462,2.710527688,1.812725307,612.398272,5869.34476,"H48","N319H48",0.5,"19",0.433053847950942,0.258331997866826,-0.471173910969532,0.5,"N3"
"1391441",93.6442293089391,0.639353654514314,1995.78114213236,12.6815152930942,69.1892023848118,0.472929154212208,0.31227994,"N3",19,90151.2413873432,57638.53,"N319a",2.418620138,2.313559118,2.709878099,-2.934159756,2.709878099,1.909796005,614.5570434,5864.912771,"H50","N319H50",0.5,"19",0.432949755035894,0.280986980528225,-0.505455912750643,0.5,"N3"
"1394321",73.8329273566448,0.490806239313561,1864.65693237725,11.5969338816744,53.6271320238066,0.356750589672455,0.191133022,"N3",19,88415.1975343502,43394.73,"N319a",2.295721195,2.251430453,1.361974261,-3.177220345,1.361974261,1.261548828,617.7974326,5863.917794,"H51","N319H51",0.5,"19",0.13416890022633,0.100904064461659,-0.718664273523526,0.5,"N3"
"1397201",65.5141688495436,0.376170841186763,1456.25797382355,7.51051738032568,48.1899816893626,0.278070290623032,0.21862936,"N3",19,90085.4223923628,33887.51,"N319a",2.373525794,2.340004636,1.77109122,-2.94328928,1.77109122,1.617663889,616.4817451,5863.538479,"H52","N319H52",0.5,"19",0.248240930090358,0.208888290875651,-0.660291516541007,0.5,"N3"
"1400081",53.862850877566,0.279997242604101,1003.79754113576,4.44389234502751,40.3065021769248,0.211782812844813,0.082969666,"N3",19,92412.2435255048,25875.17,"N319a",2.578885352,2.305767865,1.642646159,-2.624525309,1.642646159,1.084043752,615.7347004,5863.249334,"H54","N319H54",0.5,"19",0.215544022507689,0.0350468106790488,-1.08108065818694,0.5,"N3"
"1402961",93.544566467658,0.603527890203609,2269.83497142183,13.3463308612268,68.2235117637263,0.441599756735091,0.227781773,"N3",19,89068.3544249543,53755.24,"N319a",2.25764333,2.246025196,1.372823252,-3.085217476,1.372823252,1.34281616,615.9661914,5868.496504,"H57","N319H57",0.5,"19",0.137614626368394,0.128016559085207,-0.642481030925163,0.5,"N3"
"1405841",27.5373699632137,0.172053992595473,612.421228776176,3.2302030292339,20.2491699987528,0.127969414766125,0.153624773,"N3",19,90703.3590129581,15605.87,"N319a",2.490529897,2.309998405,1.947318447,-2.857838869,1.947318447,1.273570857,611.6003822,5870.096319,"H60","N319H60",0.5,"19",0.289436977953575,0.105023112588243,-0.81353874582995,0.5,"N3"
"1408721",83.3035973609013,0.55138859544786,1350.76215999656,8.33132431794216,63.2498552901618,0.419111992826087,0.09306097,"N3",19,92918.4863506028,51234.19,"N319a",2.470974139,2.360183732,1.367753474,-2.556236029,1.367753474,1.160379339,611.8964274,5865.23922,"H65","N319H65",0.5,"19",0.1360078265291,0.0645999874193428,-1.03123242500873,0.5,"N3"
"1411601",46.4371503525061,0.261467993500592,1185.80984653862,5.87293398489569,33.6870103729415,0.191017347845357,0.281406164,"N3",19,88914.1701389441,23248.21,"N319a",2.215941088,2.211775251,1.398017208,-3.106874704,1.398017208,1.386342791,617.6289233,5869.119166,"H68","N319H68",0.5,"19",0.145512517113132,0.141870628423656,-0.55066639388824,0.5,"N3"
"1414481",90.4339713689231,0.588289763852213,2168.02889900566,12.92174557117,66.0309653239414,0.430741025482968,0.427183628,"N3",19,89135.2528329441,52437.36,"N319a",2.306572334,2.271506987,2.382061381,-3.075832367,2.382061381,2.119369254,618.0121153,5865.844592,"H70","N319H70",0.5,"19",0.376952948198873,0.326206629671509,-0.36938540018715,0.5,"N3"
"1417361",59.540965510739,0.427616725054068,1643.69857105799,9.00628243505404,43.0671672663374,0.31326025616535,0.200886516,"RS",17,104129.889176739,44527.68219,"RS17a",2.29293672,2.224629965,1.386663559,-3.061027212,1.386663559,1.234037475,-87.15591041,3863.675981,"RS01","RS17H01",0.5,"17",0.141971102606121,0.0913283484643105,-0.697049213193638,0.5,"RS"
"1420241",23.0713947153655,0.162017391742865,1018.1242780646,5.08793186446763,15.8798232848851,0.114041619176456,0.592112146,"RS",17,99609.0678685473,16138.40137,"RS17a",2.281140734,2.248019919,2.875426241,-3.615850349,2.875426241,2.553021136,-79.38261577,3861.694065,"RS02","RS17H02",0.5,"17",0.458702231771151,0.407054410264561,-0.227596030141316,0.5,"RS"
"1423121",24.5792692806227,0.230762602369844,779.261304871563,7.8031831007969,17.5031349145971,0.161233207799025,0.548989429,"RS",17,98793.6976610348,22797.89077,"RS17a",2.337706713,2.132058203,3.316889187,-3.718592717,3.316889187,1.675710418,-83.09746382,3866.25546,"RS03","RS17H03",0.5,"17",0.520730962541997,0.224198969705503,-0.260436017974622,0.5,"RS"
"1426001",57.692400736306,0.434183960807291,1163.65153791968,7.18254650849974,43.072534350832,0.325846464078011,0.030168647,"RS",17,106961.978935497,46441.17567,"RS17a",2.636228159,2.402066838,1.166946959,-2.725597462,1.166946959,1.02546983,-87.76343247,3859.408387,"RS04","RS17H04",0.5,"17",0.0670511165962539,0.0109228876617116,-1.52044416657709,0.5,"RS"
"1428881",29.6749105571432,0.266629069354225,532.656487158964,4.94432597225432,22.3846185564431,0.19782776317706,0.444600971,"RS",17,105613.365407615,28159.59333,"RS17a",2.407953583,2.31356551,3.573018971,-2.88420377,3.573018971,2.523170791,-83.13979117,3855.407207,"RS05","RS17H05",0.5,"17",0.553035322101892,0.401946648487623,-0.352029593145167,0.5,"RS"
"1431761",20.217648918183,0.142172249731708,856.594181868826,4.94252556445248,13.9926159022979,0.0990606402121256,0.472722249,"RS",17,98490.1564575653,14002.56712,"RS17a",2.410131394,2.352920678,3.813812413,-3.757057781,3.813812413,3.068590804,-80.04989411,3862.535632,"RS06","RS17H06",0.5,"17",0.581359327933245,0.486938979206279,-0.32539395684552,0.5,"RS"
"1434641",100.600361244553,0.767007910942271,1749.10417152611,11.3244792683591,76.2034585291019,0.58220738114521,0.044043336,"RS",17,108322.030678838,83083.85446,"RS17a",2.717353717,2.396327079,1.585564649,-2.56765844,1.585564649,1.051106745,-81.74298839,3862.769677,"RS07","RS17H07",0.5,"17",0.20018395442464,0.021646822983915,-1.35611979343504,0.5,"RS"
"1437521",58.2429388708932,0.46251488538294,2861.57902540656,19.9412393784228,39.7685882538558,0.315400788514205,0.401447244,"RS",17,96162.2882540864,44476.48973,"RS17a",2.2990764,2.29918499,2.208722098,-4.056049555,2.208722098,2.209515332,-78.73525619,3860.558695,"RS08","RS17H08",0.5,"17",0.344141076261884,0.344297019512204,-0.396371519239802,0.5,"RS"
"1440401",45.3559080937966,0.379213970159895,1470.68607488017,11.3031030713482,32.2733010541455,0.268319784125602,0.180959295,"RS",17,100188.37964746,37992.83321,"RS17a",2.376692782,2.215135685,1.582068334,-3.543362761,1.582068334,1.179850868,-83.6053921,3857.780029,"RS09","RS17H09",0.5,"17",0.19922523797215,0.0718271163758215,-0.742419104384834,0.5,"RS"
"1443281",31.4531890750884,0.273915746153802,805.746946844969,6.79306021536466,22.9126001560684,0.197411230487104,0.296915313,"RS",17,102256.572078455,28009.68524,"RS17a",2.367642377,2.239857859,2.18008454,-3.287952047,2.18008454,1.515396692,-80.49308643,3863.123235,"RS10","RS17H10",0.5,"17",0.338473335138372,0.180526334881396,-0.527367403684161,0.5,"RS"
"1446161",17.1389299254266,0.116308864322432,565.856065804945,3.06518240611657,12.174195511623,0.0833159532863035,0.232188534,"RS",17,101568.361696415,11813.3008000001,"RS17a",2.497310393,2.470940352,2.783524635,-3.372364315,2.783524635,2.533570731,-80.323777,3858.990093,"RS14","RS17H14",0.5,"17",0.444595069292038,0.403733033218839,-0.634159230521131,0.5,"RS"
"1449041",22.6322045708428,0.195561143858707,480.971502334402,3.93449599652271,16.7793308498119,0.143920155138954,0.251475728,"RS",17,104660.975264022,20467.6200400001,"RS17a",2.409325231,2.339143032,2.192625788,-2.997436399,2.192625788,1.767448582,-84.75072059,3858.492124,"RS15","RS17H15",0.5,"17",0.340964517644583,0.24734678830855,-0.59950392593353,0.5,"RS"
"1451921",23.7372091060883,0.165502555547755,743.751362565736,3.89401594139557,16.9411452490437,0.119907156899406,0.605592784,"RS",17,102856.258827303,17022.9736900001,"RS17a",2.235883219,2.154274116,2.49354938,-3.214859538,2.49354938,1.909602035,-87.8879247,3862.231871,"RS16","RS17H16",0.5,"17",0.396817973015249,0.280942868812272,-0.217819308355494,0.5,"RS"
"1454801",46.0942097168671,0.400130665200512,1065.01768790422,8.93801593752612,33.894609108247,0.291405410339381,0.135273557,"RS",17,103451.476630157,41394.10816,"RS17a",2.538207448,2.297514414,2.053901136,-3.142731916,2.053901136,1.19778768,-80.4183911,3861.669166,"RS17","RS17H17",0.5,"17",0.312579535111794,0.0783798417791353,-0.868787090108594,0.5,"RS"
"1457681",38.239869963025,0.31896705897888,930.903399021052,7.26915030429755,28.0150597529515,0.231831132137486,0.09885869,"RS",17,103221.505993132,32924.2601900001,"RS17a",2.444514616,2.294034901,1.337351377,-3.170550106,1.337351377,1.107040168,-81.20020228,3859.597615,"RS18","RS17H18",0.5,"17",0.126245529208979,0.0441633791662219,-1.00498514877652,0.5,"RS"
"1460561",73.3543652010324,0.587006611832857,2331.70855085809,16.656724477885,52.3069190464652,0.417395762459778,0.052411483,"RS",17,100737.562027389,59133.61497,"RS17a",2.429988745,2.346076616,1.093803923,-3.475031148,1.093803923,1.047727,-82.26087605,3864.263584,"RS19","RS17H19",0.5,"17",0.0389394766672515,0.0202481358549909,-1.28057355161958,0.5,"RS"
"1463441",50.8164421693249,0.400692572829034,1544.76816152562,10.5438665328151,36.4125816165409,0.287072859513129,0.16568628,"RS",17,101585.381088079,40704.50771,"RS17a",2.402309436,2.300980516,1.599736242,-3.370269917,1.599736242,1.292749669,-87.60408242,3863.078418,"RS20","RS17H20",0.5,"17",0.204048383851802,0.111514435245893,-0.780713452757421,0.5,"RS"
"1466321",44.4282215349344,0.299424598963805,1087.63530767974,5.23020493562654,32.5110970901106,0.223493067896771,0.49916607,"RS",17,106317.377664245,31834.03817,"RS17a",2.474776944,2.462175385,5.18241529,-2.801156021,5.18241529,4.927914515,-85.2723212,3857.603187,"RS21","RS17H21",0.5,"17",0.714532211993833,0.692663165474187,-0.301754942781911,0.5,"RS"
"1469201",62.0827403962709,0.492498018501816,1976.49875261341,13.5196633203069,44.2734345449995,0.35135654844074,0.22157479,"RS",17,101108.995080792,49795.97973,"RS17a",2.426215612,2.354433968,2.098058134,-3.429026713,2.098058134,1.694834866,-79.40751422,3863.651082,"RS22","RS17H22",0.5,"17",0.321817517663843,0.229127389690324,-0.654479653630926,0.5,"RS"
"1472081",37.6430727889295,0.320608076645281,1217.63783461388,10.066997830108,26.7906852066797,0.225674043629158,0.226482641,"RS",17,99610.4474477532,31935.91397,"RS17a",2.425080604,2.349906247,2.126222311,-3.615677226,2.126222311,1.698242362,-80.74705057,3864.676898,"RS24","RS17H24",0.5,"17",0.32760867100242,0.229999669988092,-0.644965079332465,0.5,"RS"
"1474961",68.0380278309233,0.519174148434,2485.94187076975,16.1462300241544,47.8488106561435,0.365794318007707,0.472794309,"RS",17,99716.7096939561,51770.3378400001,"RS17a",2.371193832,2.317800316,3.286452529,-3.602349607,3.286452529,2.699283909,-82.46006361,3858.815804,"RS25","RS17H25",0.5,"17",0.516727363516662,0.431248565781978,-0.325327759674964,0.5,"RS"
"1477841",39.1697973132131,0.323590000725843,1159.72991321292,8.57954358054684,28.1315490133704,0.231658311932554,0.553590982,"RS",17,101500.15744098,32844.43602,"RS17a",2.331304714,2.288839124,3.262319325,-3.38076102,3.262319325,2.788059876,-86.00062254,3865.359116,"RS26","RS17H26",0.5,"17",0.513526468751456,0.445302096376176,-0.256810993153064,0.5,"RS"
"1480721",62.7527683461292,0.444878924568479,1499.34460815998,8.02818661923853,46.0501058445843,0.330981692978348,0.533806968,"RS",17,105933.337785584,47127.50939,"RS17a",2.426186285,2.319291351,4.554067082,-2.846390297,4.554067082,3.018812604,-84.11581023,3855.292674,"RS30","RS17H30",0.5,"17",0.658399423540403,0.479836154568407,-0.272615761488566,0.5,"RS"
"1483601",12.250837302027,0.0956528308911728,338.47410732268,2.36599619336528,8.84368924390884,0.0689550233486915,0.466016554,"RS",17,102286.197897599,9783.96439000004,"RS17a",2.319724013,2.29732644,2.684343835,-3.284331066,2.684343835,2.480100058,-82.80864185,3856.221386,"RS31","RS17H31",0.5,"17",0.428838143419193,0.394469202503911,-0.331598655878323,0.5,"RS"
"1486481",61.1818009207394,0.458151523155644,862.668045717817,5.10666930335665,47.3265119067054,0.357681088307081,0.248438494,"RS",17,111758.95340766,51202.53473,"RS17a",2.340153201,2.237380734,1.757945379,-2.177211012,1.757945379,1.37446159,-90.72136778,3859.582676,"RS32","RS17H32",0.5,"17",0.245005377013397,0.138132607777792,-0.604781112051958,0.5,"RS"
"1489361",73.1614194787747,0.559004074989503,1956.950800844,12.3414386269892,53.0969214649124,0.407586316961096,0.606115691,"RS",17,103586.242588817,57905.13172,"RS17a",2.306819931,2.259032674,3.229461588,-3.126458797,3.229461588,2.70862669,-87.14595103,3861.096502,"RS33","RS17H33",0.5,"17",0.509130123305907,0.432749153558501,-0.217444472917051,0.5,"RS"
"1492241",57.8338764607312,0.466475950709242,2175.80006990571,15.5462746792201,40.5435318287955,0.326399326693296,0.535954322,"RS",17,98953.2979134684,46159.33372,"RS17a",2.365515089,2.347634724,3.60737715,-3.698415383,3.60737715,3.369425171,-81.2350601,3856.888665,"RS34","RS17H34",0.5,"17",0.557191550025943,0.527555815899102,-0.270872222524914,0.5,"RS"
"1495121",30.0669813344037,0.273459472971456,1010.25605594662,9.33890542586881,21.2958654264118,0.190876461560802,0.492250623,"RS",17,98685.1570609768,26986.39104,"RS17a",2.355219738,2.326767132,3.209698785,-3.732333506,3.209698785,2.888218895,-84.59635022,3865.911861,"RS35","RS17H35",0.5,"17",0.506464277840883,0.460630104856082,-0.307813725539685,0.5,"RS"
"1498001",48.3131263701289,0.368051215658629,1332.75363979319,8.39509647559439,34.9666985344788,0.267483019171171,0.239658633,"RS",17,103211.481293499,37987.11116,"RS17a",2.326806268,2.28370099,1.655547242,-3.171764144,1.655547242,1.488729497,-87.00154004,3862.550571,"RS36","RS17H36",0.5,"17",0.21894157810964,0.172815793365005,-0.620406922204289,0.5,"RS"
"1500881",65.0537541545861,0.494321262205044,1752.57953306912,10.990834722791,47.1488286489568,0.360169436242309,0.236267826,"RS",17,103504.898882494,51164.67226,"RS17a",2.426259681,2.223212373,2.20666956,-3.136278593,2.20666956,1.309489934,-83.32869859,3859.548476,"RS41","RS17H41",0.5,"17",0.343737304157142,0.117102164368691,-0.626595414812872,0.5,"RS"
"1503761",40.8736807580252,0.307912150419796,952.462695707495,5.71597037367525,30.0415979246,0.228433722038572,0.814333995,"RS",17,105600.841005037,32515.78204,"RS17a",2.513085876,2.412009473,9.779696045,-2.885686199,9.779696045,6.467482715,-89.91303649,3862.376972,"RS42","RS17H42",0.5,"17",0.99032535703396,0.810735276694317,-0.0891974348709918,0.5,"RS"
"1506641",83.0901029694366,0.611481165107211,1511.93167265539,8.81860995516464,62.6638479517948,0.465244323498021,0.101112822,"RS",17,108605.114073066,66409.98169,"RS17a",2.41651726,2.27545635,1.285889084,-2.535034174,1.285889084,1.096429451,-87.59412304,3861.574552,"RS43","RS17H43",0.5,"17",0.109203509580282,0.0399806925323683,-0.995193768535972,0.5,"RS"
"1509521",53.827129607447,0.452702052963476,2608.01418595387,20.300708406407,36.7840838726238,0.307497999424131,0.432314073,"RS",17,95743.184256107,43343.13607,"RS17a",2.241418052,2.159686204,1.945330397,-4.110647355,1.945330397,1.552682787,-78.65060148,3861.171197,"RS44","RS17H44",0.5,"17",0.288993372966628,0.191082738454184,-0.364200626768535,0.5,"RS"
"1515281",54.233713168504,0.444456654479976,792.186236598238,6.07095340551604,41.8087096523958,0.340005833074636,0.196170571,"RS",17,109262.551680814,48562.46818,"RS17a",2.449446945,2.325882192,2.057889062,-2.459593929,2.057889062,1.468825379,-84.73827136,3855.003852,"RS47","RS17H47",0.5,"17",0.3134219588327,0.166970167849838,-0.707366143800796,0.5,"RS"
"1518161",45.7056199440631,0.29238809052823,787.998379852081,3.56336260421568,34.606972274282,0.226239977400171,0.040378441,"RS",17,110655.844024113,32354.45094,"RS17a",2.51690129,2.35712031,1.113640091,-2.301204384,1.113640091,1.031304102,-86.88451735,3856.821439,"RS48","RS17H48",0.5,"17",0.0467448571323877,0.0133867451543415,-1.39385045305379,0.5,"RS"
"1521041",32.4092601569738,0.277747119854363,595.809286820529,5.01470530736888,24.4080916781049,0.206628242824657,0.446032786,"RS",17,105927.369347437,29421.02175,"RS17a",2.256659898,2.214125426,2.089121829,-2.847094585,2.089121829,1.833548721,-87.5244074,3856.216407,"RS49","RS17H49",0.5,"17",0.319963766988288,0.263292454509509,-0.35063321694805,0.5,"RS"
"1523921",66.2557906794425,0.509075459562339,2017.80436087497,12.6606847047779,47.4956229221973,0.36678736127803,0.351680665,"RS",17,102224.488182439,52039.9783,"RS17a",2.285449512,2.239104158,1.912459295,-3.291874647,1.912459295,1.675533476,-81.91229782,3861.206055,"RS50","RS17H50",0.5,"17",0.281592200351138,0.224153109161348,-0.453851508039709,0.5,"RS"
"1526801",20.9108559679586,0.154175776291608,646.393420461438,4.10226990008994,14.9044603999122,0.110373352884933,0.443187829,"RS",18,94634.639701141,14590.37,"RS18a",2.247122315,2.187807109,2.017007244,-3.150646608,2.017007244,1.695113172,-88.14247237,3862.930974,"H03","RS18H03",0.5,"18",0.304707457966646,0.229198698606566,-0.353412174883234,0.5,"RS"
"1529681",21.9581722161115,0.160803050065064,438.591692714685,2.83365674847135,16.3682695703289,0.119960394850634,0.170902064,"RS",18,99068.1461175909,15930.46,"RS18a",2.353739398,2.353389299,1.451736211,-2.578341874,1.451736211,1.450626596,-87.84304726,3858.305141,"H05","RS18H05",0.5,"18",0.161887709673469,0.161555635617218,-0.76725269223305,0.5,"RS"
"1532561",12.8778903584443,0.100805754965794,281.434220774924,2.57499406980348,9.50043869771219,0.0724611356613242,0.529874954,"RS",18,95064.5744704929,9583.056,"RS18a",2.237945132,2.236202796,2.250263753,-3.093986449,2.250263753,2.23723474,-85.25518105,3859.081218,"H11","RS18H11",0.5,"18",0.352233424671024,0.349711554475789,-0.2758266081261,0.5,"RS"
"1535441",66.1065197231484,0.447807250432129,1605.02011251717,10.2251787543497,48.294481351179,0.325523272303605,0.179671324,"RS",18,96256.7191763973,43104.46,"RS18a",2.29782437,2.261597667,1.3299777,-2.938206594,1.3299777,1.252524197,-86.50360066,3861.672005,"H14","RS18H14",0.5,"18",0.12384435912638,0.0977861245768658,-0.745521231863433,0.5,"RS"
"1538321",46.3163039060848,0.324159801269757,937.187608641286,5.67125447055652,34.4751735165593,0.242000386812254,0.281816883,"RS",18,99147.5861106364,32139.66,"RS18a",2.3310641,2.31369191,1.86920947,-2.568322488,1.86920947,1.777189029,-88.76054433,3861.528114,"H15","RS18H15",0.5,"18",0.271657972629574,0.24973362357656,-0.550032992865746,0.5,"RS"
"1541201",31.3738557540088,0.206870708996785,819.192626346279,5.31697271528082,22.7789248917123,0.14861113821124,0.199497563,"RS",18,94999.5481008645,19652.62,"RS18a",2.46531683,2.368301312,2.194916491,-3.102539664,2.194916491,1.644232291,-82.65855509,3858.398683,"H16","RS18H16",0.5,"18",0.341418001485745,0.21596317304162,-0.700062405150751,0.5,"RS"
"1544081",38.470288040456,0.233680959853731,941.684390346748,4.59954883799921,28.054334886529,0.172410232544473,0.150111892,"RS",18,97858.0089465294,22867.55,"RS18a",2.416546312,2.32484976,1.562275949,-2.731972102,1.562275949,1.293037559,-81.16238701,3857.907688,"H17","RS18H17",0.5,"18",0.193757746918526,0.111611140061786,-0.823584901191773,0.5,"RS"
"1546961",34.1309450735933,0.276583773966038,884.944426732968,6.62838529111513,24.7679257310981,0.200086364827859,0.717710691,"RS",18,95740.9167945317,26480.38,"RS18a",2.309661949,2.267363902,3.812810548,-3.005369351,3.812810548,3.243814955,-85.06082351,3857.729619,"H18","RS18H18",0.5,"18",0.581245226463737,0.511056071706023,-0.144050584480064,0.5,"RS"
"1549841",24.6373578886582,0.175004920390845,594.132044660276,4.73062312387245,18.0054680146567,0.125087050082338,0.513416973,"RS",18,94468.6937548808,16532.49,"RS18a",2.234077042,2.220638492,2.166650632,-3.172585141,2.166650632,2.074527817,-88.68526387,3864.107214,"H19","RS18H19",0.5,"18",0.335788887864876,0.316919262586832,-0.289529778129716,0.5,"RS"
"1552721",36.8088643630022,0.247523252449554,1406.53271719047,8.88442034837906,25.6920456770349,0.171974317249265,0.516738056,"RS",18,91538.7825417242,22657.98,"RS18a",2.269489699,2.250268706,2.454419309,-3.566407156,2.454419309,2.298227769,-80.73605665,3863.995733,"H20","RS18H20",0.5,"18",0.389948758891754,0.36139306783266,-0.286729552965291,0.5,"RS"
"1555601",9.27563384953669,0.0619375372212764,302.438062591012,1.84062654808247,6.58512821584301,0.0438532372324313,0.461593954,"RS",18,93479.5025723284,5789.89,"RS18a",2.304465403,2.284766463,2.522452379,-3.304163993,2.522452379,2.356328133,-85.84000634,3863.603634,"H27","RS18H27",0.5,"18",0.401822976005978,0.372235768470044,-0.335739888244079,0.5,"RS"
"1558481",61.8249793897738,0.399508448683113,1842.73214004117,10.5159728071313,44.2576613087074,0.286313957470028,0.129116217,"RS",18,94748.1293193487,37852.68,"RS18a",2.26590027,2.232498648,1.142126159,-3.135665093,1.142126159,1.109324377,-83.32743081,3864.808662,"H29","RS18H29",0.5,"18",0.0577140786308246,0.0450585565572149,-0.889019206910211,0.5,"RS"
"1561361",59.716224524245,0.400922327391038,2098.25912464984,12.2827802466976,42.0539930799719,0.282999389959521,0.212129816,"RS",18,93163.7545932167,37351.43,"RS18a",2.259628503,2.258774629,1.334173427,-3.346457013,1.334173427,1.332103004,-81.39438783,3858.835731,"H31","RS18H31",0.5,"18",0.125212286472318,0.124537807671559,-0.67339828474035,0.5,"RS"
"1564241",81.5478978368345,0.572274395686571,1636.79471140994,10.6731598332494,60.722214268846,0.424506501566565,0.02670391,"RS",18,98445.6955520612,56337.95,"RS18a",2.554804465,2.361846745,1.069574806,-2.657127824,1.069574806,1.014360291,-83.0717797,3860.164844,"H33","RS18H33",0.5,"18",0.0292111645007102,0.00619223961383163,-1.573425144362,0.5,"RS"
"1567121",52.6068724254295,0.354378173248305,1507.66358807817,9.00168177147335,37.8232610555966,0.254876735801284,0.275179325,"RS",18,95123.7969060252,33709.8,"RS18a",2.241038435,2.187692363,1.457583987,-3.086201741,1.457583987,1.31208328,-83.99800928,3857.134308,"H34","RS18H34",0.5,"18",0.163633588501221,0.117961401271812,-0.560384198982003,0.5,"RS"
"1570001",11.1463310206541,0.0860153472030778,287.09520094869,2.39539294980342,8.09769849712965,0.0612977826849145,0.386280249,"RS",18,94156.6374298169,8098.916,"RS18a",2.444353597,2.229930556,3.608690646,-3.21394446,3.608690646,1.737915849,-84.19412116,3859.491288,"H36","RS18H36",0.5,"18",0.557349653881735,0.240028743804402,-0.413097497316231,0.5,"RS"
"1572881",51.0839937204849,0.378552604232267,1556.98932544399,10.9626668834385,36.4964524809842,0.26871761776217,0.426413143,"RS",18,93748.2686771463,35488.65,"RS18a",2.272884688,2.217167579,2.1258504,-3.268276383,2.1258504,1.792764665,-84.04880346,3862.157618,"H37","RS18H37",0.5,"18",0.32753269916165,0.253523283761973,-0.370169417854821,0.5,"RS"
"1575761",48.9702291578387,0.347295338126661,1407.3396215718,8.95311067750401,35.169912079239,0.249413728175044,0.22978383,"RS",18,94967.7243809454,32981.85,"RS18a",2.265293161,2.21021533,1.399788538,-3.106727717,1.399788538,1.267594382,-86.29698632,3860.254759,"H38","RS18H38",0.5,"18",0.146062433023851,0.10298030572195,-0.638680536086621,0.5,"RS"
"1578641",32.366813999294,0.258614521501378,779.860780950641,6.29495248051154,23.6609614545693,0.186796120780243,0.187201107,"RS",18,95575.5128772548,24717.22,"RS18a",2.304497724,2.263694901,1.371958966,-3.026983276,1.371958966,1.276071638,-81.37162981,3860.04075,"H39","RS18H39",0.5,"18",0.137341122226221,0.105875056136533,-0.727691587421792,0.5,"RS"
"1581521",79.0239830925629,0.536775966957043,1695.76074795813,11.5122376691635,58.4354987068687,0.392649722621599,0.545109699,"RS",18,96929.2234243486,52029.28,"RS18a",2.269636311,2.253540406,2.568627956,-2.851178139,2.568627956,2.428250703,-86.82575606,3857.441847,"H40","RS18H40",0.5,"18",0.409701204944756,0.385293523139933,-0.26351609061089,0.5,"RS"
"1584401",29.8964747901792,0.226516431304371,926.604107761623,7.17002491516558,21.3121704998046,0.15936997917189,0.582351471,"RS",18,92826.2755108763,21026.68,"RS18a",2.271156562,2.185550097,2.733160528,-3.391819586,2.733160528,2.043157094,-84.3954939,3864.179171,"H41","RS18H41",0.5,"18",0.436665140063391,0.310301759894529,-0.234814823178268,0.5,"RS"
"1587281",62.4302354219515,0.394224337334901,1091.96916945546,6.33724255217371,47.1521600725743,0.296808710753435,0.187102834,"RS",18,100084.524858955,39455.76,"RS18a",2.254743978,2.177194965,1.25803947,-2.450752879,1.25803947,1.142668389,-87.23021958,3857.324941,"H42","RS18H42",0.5,"18",0.0996942669711704,0.0579202131399861,-0.727919634299881,0.5,"RS"
"1590161",44.8165064921174,0.346185670551212,1192.76859146982,8.62404883659266,32.4540323353406,0.249469683408037,0.246675079,"RS",18,95329.7762655891,33001.8,"RS18a",2.395703431,2.368965018,2.066682119,-3.059163729,2.066682119,1.902334459,-80.92865079,3861.650441,"H44","RS18H44",0.5,"18",0.315273681958274,0.279286874814057,-0.607874724038755,0.5,"RS"
"1593041",59.259336422333,0.421464257563837,1544.96458199528,10.2241525332525,42.9880368786152,0.304525029160015,0.20524716,"RS",18,95611.5373885446,40296.85,"RS18a",2.379091189,2.33015275,1.724069102,-3.022272639,1.724069102,1.520805477,-85.79623767,3864.882394,"H45","RS18H45",0.5,"18",0.236554668690467,0.182073667920113,-0.687722843489212,0.5,"RS"
"1595921",60.9557007523762,0.40516818329268,1726.10550824419,11.2696121632208,43.8473934978189,0.288773190341894,0.211345828,"RS",18,94169.3377795129,38154.42,"RS18a",2.393942862,2.196138272,1.834764227,-3.212258507,1.834764227,1.206898366,-82.14030031,3864.150402,"H46","RS18H46",0.5,"18",0.263580263960514,0.0816706993071108,-0.675006320791961,0.5,"RS"
"1598801",20.523123673839,0.150010585438775,455.064516139387,2.97304469387354,15.1202446839699,0.110601967624368,0.088939331,"RS",18,97783.2385434345,14668.52,"RS18a",2.402727273,2.326960286,1.204504381,-2.741526632,1.204504381,1.113578858,-85.56160574,3862.670195,"H47","RS18H47",0.5,"18",0.0808083839447109,0.0467209769889208,-1.05090614162984,0.5,"RS"
"1601681",49.0075086484461,0.355640270223284,1327.55243600136,8.86883899082241,35.4250933623009,0.256256121143965,0.572309055,"RS",18,95318.7109511441,33899.17,"RS18a",2.260652006,2.16311397,2.59347555,-3.060614739,2.59347555,1.882552231,-81.81110268,3857.168487,"H48","RS18H48",0.5,"18",0.413882158036126,0.274747034445331,-0.242369382686014,0.5,"RS"
"1604561",26.0103309015933,0.176500449295697,570.626683944279,3.89063934122702,19.1998765879771,0.128755918061545,0.768983551,"RS",18,96634.3588249198,17056.01,"RS18a",2.23138483,2.142414678,3.017314326,-2.889261856,3.017314326,2.206012811,-88.58194215,3859.418432,"H49","RS18H49",0.5,"18",0.479620554767851,0.343608030194132,-0.114082949907719,0.5,"RS"
"1607441",7.84379383453147,0.0719308064110293,245.563331557131,1.88864852605564,5.57828689675689,0.0515632411272444,0.614782037,"RS",18,94774.4891256315,6817.206,"RS18a",2.40453076,2.153701334,4.781912801,-3.132187961,4.781912801,1.927315216,-83.15582839,3861.405833,"H51","RS18H51",0.5,"18",0.679601652417604,0.284952750137525,-0.211278830413912,0.5,"RS"
"1610321",86.5119817100106,0.587630689219966,1619.70468094816,10.4563161885345,64.8693864984316,0.437951426718292,0.096950373,"RS",18,98961.2118747459,58152.64,"RS18a",2.358791386,2.272443124,1.17120329,-2.591841672,1.17120329,1.086855863,-81.36638548,3862.574887,"H61","RS18H61",0.5,"18",0.0686322836825873,0.0361719524999385,-1.01345051570822,0.5,"RS"
"1613201",69.9430894169785,0.331964167313938,857.787664267869,4.40099049978526,54.7004441907728,0.255809631849932,0.133387793,"SE",17,57233.2379838826,18999.38419,"SE17a",2.412842175,2.268421795,1.450190963,-2.001275517,1.450190963,1.154043653,1629.990878,334.1370037,"SE01","SE17H01",0.5,"17",0.161425194453229,0.0622222368079755,-0.874883913112977,0.5,"SE"
"1616081",123.307880684119,0.602191351954298,1240.10888781993,6.71371506345956,98.3634691656595,0.472153574987149,0.094144121,"SE",17,58345.4909074592,35135.15005,"SE17a",2.45285433,2.34424456,1.329082231,-1.760684694,1.329082231,1.144798847,1627.768358,334.7442496,"SE02","SE17H02",0.5,"17",0.123551851796565,0.0587291833462431,-1.02620679510539,0.5,"SE"
"1618961",121.117339920705,0.581469762721506,1373.6216576752,7.35393714203882,95.4671852870548,0.450193753770095,0.089315267,"SE",17,57533.7082076661,33454.11166,"SE17a",2.30882898,2.226117369,1.099181973,-1.935823111,1.099181973,1.051018667,1628.254155,336.3554753,"SE03","SE17H03",0.5,"17",0.0410695971801546,0.0216104295421335,-1.04907429915014,0.5,"SE"
"1621841",66.294356289945,0.368196756757083,930.390901363957,5.61133209507564,51.1210383245246,0.27980338520546,0.172424293,"SE",17,56353.788536191,20749.28217,"SE17a",2.385839716,2.371298395,1.572379206,-2.194842302,1.572379206,1.51810375,1630.071844,332.8739323,"SE04","SE17H04",0.5,"17",0.196557291838989,0.181301453056686,-0.763401546094875,0.5,"SE"
"1624721",96.677665033097,0.43023080086126,891.221881974104,4.36096640003044,77.8156695874034,0.340553212900383,0.072177984,"SE",17,58965.9671255869,25368.97526,"SE17a",2.515295948,2.374037025,1.325635858,-1.628455069,1.325635858,1.110802186,1623.958902,335.8332438,"SE05","SE17H05",0.5,"17",0.12242424308849,0.0456367257476503,-1.1415952523666,0.5,"SE"
"1627601",113.608145418061,0.614686613534773,1179.3921319892,7.15141351452288,90.2937455906801,0.479900882830047,0.163809533,"SE",17,58069.8440864626,35694.75581,"SE17a",2.40262068,2.275654879,1.589963911,-1.819879502,1.589963911,1.237522904,1623.716004,331.8456626,"SE06","SE17H06",0.5,"17",0.201387266816406,0.0925532455763239,-0.785660827796449,0.5,"SE"
"1633361",108.381045840738,0.496531557988402,1963.80417194042,9.87631091271819,81.5321091477123,0.367412284995843,0.23939743,"SE",17,54710.640306642,27165.55947,"SE17a",2.320726437,2.218717356,1.62830736,-2.564733037,1.62830736,1.306481836,1633.658643,331.784938,"SE08","SE17H08",0.5,"17",0.211736385905053,0.116103376114775,-0.620880516180274,0.5,"SE"
"1636241",110.395906311822,0.539593162005267,2336.88810420584,12.4599010522563,81.7480851115844,0.393362747758946,0.204948791,"SE",17,53811.087472077,29036.09484,"SE17a",2.340197715,2.248815931,1.556632978,-2.771966523,1.556632978,1.290533832,1631.885485,329.0037519,"SE09","SE17H09",0.5,"17",0.192186226942581,0.110769394279591,-0.688354639258079,0.5,"SE"
"1639121",115.223028816495,0.601286593796786,2010.58784497733,11.6115264589694,86.955541607117,0.446243957645479,0.269311627,"SE",17,54890.6628893751,33005.01972,"SE17a",2.239057733,2.178554623,1.435097364,-2.523669943,1.435097364,1.280834236,1634.614043,336.4404897,"SE10","SE17H10",0.5,"17",0.156881366724022,0.107492927520837,-0.569744896373348,0.5,"SE"
"1642001",144.683250231057,0.676515082132074,1884.77253980428,9.86635139263119,112.488126642779,0.516370211595295,0.194969845,"SE",17,56629.9409604599,38311.00916,"SE17a",2.237740848,2.235980369,1.244688889,-2.133737713,1.244688889,1.241477433,1631.213466,337.3270687,"SE11","SE17H11",0.5,"17",0.095060812736933,0.0939388295590092,-0.710032553574955,0.5,"SE"
"1644881",74.0832833459071,0.315717415659178,1103.96527492607,5.17141243156321,56.8374010199451,0.238198533150598,0.104641491,"SE",17,55903.9640976072,17649.85507,"SE17a",2.446886211,2.322527572,1.378787801,-2.295019536,1.378787801,1.149032355,1633.763899,335.5943938,"SE12","SE17H12",0.5,"17",0.13949743227738,0.0603322579312132,-0.980296080865572,0.5,"SE"
"1647761",91.2793265368062,0.478173175363836,1251.85687238379,7.2614503625402,70.5540084796182,0.363507185561137,0.102549891,"SE",17,56376.1094074095,26957.54325,"SE17a",2.406126058,2.358811981,1.271439324,-2.189892224,1.271439324,1.189943935,1629.764173,330.9671802,"SE13","SE17H13",0.5,"17",0.104295639477717,0.0755264998011678,-0.989064796905792,0.5,"SE"
"1650641",124.680079149783,0.601758085498753,1077.15876629821,5.80935620664099,100.990082193058,0.478655368563699,0.043316061,"SE",17,59286.2829760414,35676.00014,"SE17a",2.573756655,2.441019242,1.201478628,-1.560736139,1.201478628,1.071001533,1625.533693,337.4728077,"SE14","SE17H14",0.5,"17",0.0797160499428994,0.0297900924686103,-1.3633510433612,0.5,"SE"
"1653521",34.8656493061226,0.143962232817053,439.818387987755,2.0476878745059,27.1909902226404,0.110158664587415,0.054385698,"SE",17,56787.5601817674,8175.26396000002,"SE17a",2.753766014,2.423642718,2.031051323,-2.098994547,2.031051323,1.095722835,1633.707222,330.5704463,"SE15","SE17H15",0.5,"17",0.307720897808586,0.0397007124942906,-1.26451529324869,0.5,"SE"
"1656401",86.2194014107284,0.460865845511085,1031.59988632111,6.1587013972134,67.5513388098835,0.3548580557666,0.077585942,"SE",17,57182.6639068357,26353.53675,"SE17a",2.475016634,2.392376417,1.275120373,-2.012326009,1.275120373,1.146636602,1628.69542,331.4570252,"SE16","SE17H16",0.5,"17",0.105551184661793,0.0594258008547682,-1.110216962568,0.5,"SE"
"1659281",77.0532085269792,0.334729659407269,778.598553918288,3.80182855111261,61.4472128179434,0.26196059581152,0.071920062,"SE",17,58225.1529622796,19489.68562,"SE17a",2.548936031,2.328058207,1.412332418,-1.786492647,1.412332418,1.076296575,1627.513315,337.6468849,"SE17","SE17H17",0.5,"17",0.149936927814952,0.0319319582622567,-1.14314994688319,0.5,"SE"
"1662161",113.603068457007,0.532475599621879,2148.67481016395,11.1087879779927,85.0882603753848,0.392134110423161,0.368273806,"SE",17,54421.3960988595,28978.06552,"SE17a",2.239875338,2.185906816,1.730533596,-2.630993343,1.730533596,1.507749827,1631.136548,330.3396928,"SE18","SE17H18",0.5,"17",0.238180034959696,0.178329287311818,-0.433829169861387,0.5,"SE"
"1665041",44.801197190478,0.208712722061083,638.483016178544,3.28920751892199,34.5165801536861,0.158076129687496,0.315634506,"SE",17,56144.3097683837,11718.03172,"SE17a",2.371646534,2.300812973,2.320452381,-2.24139398,2.320452381,1.852686871,1629.448405,328.3843611,"SE20","SE17H20",0.5,"17",0.365572660502892,0.267802023912388,-0.500815524644427,0.5,"SE"
"1667921",82.3604063072524,0.392738762785454,984.752624525865,5.23750017534783,64.5615588131173,0.302463759890973,0.098419672,"SE",17,57195.7494103304,22462.98786,"SE17a",2.373624438,2.295301067,1.197234702,-2.009465875,1.197234702,1.107206349,1631.055582,338.9909224,"SE21","SE17H21",0.5,"17",0.0781792964313455,0.0442285674737374,-1.00691808665845,0.5,"SE"
"1673681",117.731077216917,0.62112197425433,1325.57973936537,7.67893393776767,92.8257172359018,0.481987857667097,0.113853625,"SE",17,57679.1555040532,35825.79094,"SE17a",2.467254106,2.3509237,1.50453049,-1.904262535,1.50453049,1.216618474,1625.460823,329.4207274,"SE23","SE17H23",0.5,"17",0.177400993342021,0.0851544068131972,-0.943653137271639,0.5,"SE"
"1676561",28.3675747622095,0.183430009242289,377.686453038588,2.64559948826135,21.9560089345277,0.140164045567728,0.139300629,"SE",17,56699.8960691447,10400.46246,"SE17a",2.405704139,2.301148253,1.46070773,-2.118305961,1.46070773,1.214540105,1630.618365,333.3637773,"SE24","SE17H24",0.5,"17",0.164563327538619,0.0844118600984373,-0.856046922552258,0.5,"SE"
"1679441",122.324095613306,0.536372898173734,1980.39110534628,9.61155539066004,93.0701377811131,0.401056674253962,0.314739968,"SE",17,55348.7057252174,29687.5457,"SE17a",2.341491221,2.234916985,2.095835044,-2.41979474,2.095835044,1.548580266,1632.213398,330.8821658,"SE25","SE17H25",0.5,"17",0.321357097825176,0.189933720624327,-0.502048103671813,0.5,"SE"
"1682321",23.6357249900018,0.194974597246746,415.614572676454,4.00689458682316,17.767487101545,0.143802570929669,0.353247061,"SE",17,54512.4901401864,10628.55081,"SE17a",2.275858963,2.216071695,1.864309116,-2.610087529,1.864309116,1.582915548,1633.071638,329.6676741,"SE26","SE17H26",0.5,"17",0.27051792316971,0.199457744921757,-0.451921442775347,0.5,"SE"
"1685201",115.293490044692,0.506542990996656,1255.99505320376,6.13033532663029,91.2804557164937,0.39391373631484,0.156654506,"SE",17,57815.9079891274,29286.24296,"SE17a",2.487183463,2.395600994,1.955393854,-1.874661151,1.955393854,1.522551328,1630.772201,336.100432,"SE27","SE17H27",0.5,"17",0.291234245819597,0.182571942415862,-0.805057108584442,0.5,"SE"
"1688081",79.8498298378506,0.359792963167394,1056.53937608734,5.26532577405481,61.9794059716215,0.274528232611076,0.085335391,"SE",17,56608.3069293496,20367.27049,"SE17a",2.480068361,2.377585872,1.337800733,-2.138513933,1.337800733,1.156164578,1627.339237,331.7970829,"SE28","SE17H28",0.5,"17",0.126391429572787,0.0630196595428219,-1.06887081726908,0.5,"SE"
"1690961",118.034833252056,0.535233761017499,1093.01208801636,5.46737621327969,94.9597211771291,0.423342198539319,0.011953982,"SE",17,58915.3870451925,31533.50419,"SE17a",2.72543786,2.392339062,1.057964226,-1.639181974,1.057964226,1.003728089,1626.841296,338.6913478,"SE29","SE17H29",0.5,"17",0.0244709827147932,0.00161607790790233,-1.92248740245136,0.5,"SE"
"1693841",111.013229090171,0.566534196277805,1860.41515677026,10.499621890391,84.1269431085096,0.422185179168572,0.30375166,"SE",17,55142.055299132,31239.85998,"SE17a",2.323984953,2.228041934,1.931735749,-2.466552194,1.931735749,1.493253739,1628.367507,329.3478579,"SE30","SE17H30",0.5,"17",0.285947717006886,0.174133610862629,-0.517481339971837,0.5,"SE"
"1696721",142.055285258264,0.650436522828316,1938.35406799095,9.83214532380052,109.952131284469,0.494688927349678,0.021178223,"SE",17,56404.8885054443,36687.79955,"SE17a",2.717894539,2.393481833,1.162602006,-2.183512803,1.162602006,1.01176602,1632.346992,333.3678256,"SE31","SE17H31",0.5,"17",0.0654310679700847,0.00508008960674158,-1.67411048302318,0.5,"SE"
"1699601",96.8311455514927,0.525756472138385,1272.6146623415,7.56642880745235,75.1670359181082,0.401833002564673,0.139638968,"SE",17,56713.6407826316,29817.5637,"SE17a",2.480940071,2.353390187,1.769169931,-2.115276183,1.769169931,1.318048464,1633.099977,335.3555438,"SE32","SE17H32",0.5,"17",0.247769549445164,0.119931379348135,-0.85499336949379,0.5,"SE"
"1702481",97.2221695126927,0.506781868369127,993.841217963752,5.66018594422194,77.4104868809869,0.397275435516133,0.236005943,"SE",17,58333.8303028383,29562.52751,"SE17a",2.539071315,2.434896978,3.296549057,-1.763183124,3.296549057,2.269007908,1625.68348,332.2262033,"SE33","SE17H33",0.5,"17",0.518059543002783,0.355836009500969,-0.627077060675619,0.5,"SE"
"1708241",111.841786512589,0.583558747350124,1267.38499978035,7.2991302350975,88.1312813297014,0.452311403954831,0.17305746,"SE",17,57604.4977007795,33615.60852,"SE17a",2.412868922,2.32754205,1.69030407,-1.920452561,1.69030407,1.383218577,1628.565874,334.1046173,"SE35","SE17H35",0.5,"17",0.227964837184433,0.140890812997512,-0.761809674803809,0.5,"SE"
"1711121",107.102246778944,0.558050311184842,1929.17761738022,11.0923529273229,80.5693464375136,0.412961846731756,0.078637271,"SE",17,54714.8056869131,30533.61434,"SE17a",2.481298105,2.439041695,1.295183121,-2.563781389,1.295183121,1.215203743,1628.225816,327.7771152,"SE36","SE17H36",0.5,"17",0.112331175998309,0.0846490985454329,-1.10437156651628,0.5,"SE"
"1714001",83.3955681082844,0.409739324612072,941.211337015383,5.13739177080225,65.749337832428,0.317508788251873,0.034218183,"SE",17,57589.0471639266,23596.49729,"SE17a",2.55177398,2.420412499,1.109297988,-1.92380573,1.109297988,1.037934549,1629.796559,328.064545,"SE37","SE17H37",0.5,"17",0.0450482252838407,0.0161699682481414,-1.46574305540346,0.5,"SE"
"1716881",115.442763849054,0.590376310806923,1229.18281799919,6.9702199632883,91.5459346311715,0.460244676549358,0.041330439,"SE",17,57975.1438590389,34227.15155,"SE17a",2.509649897,2.421530803,1.112170812,-1.840281126,1.112170812,1.055385704,1623.351656,333.651207,"SE39","SE17H39",0.5,"17",0.0461714931921724,0.0234112070327255,-1.38372998174309,0.5,"SE"
"1719761",52.5263318520912,0.252324806800687,630.672886529097,3.30901928666811,41.1572417235534,0.194651440323466,0.077757168,"SE",17,57302.3914823449,14458.81486,"SE17a",2.473858174,2.352509412,1.273840204,-1.986181195,1.273840204,1.107671042,1627.035614,331.3963007,"SE40","SE17H40",0.5,"17",0.10511495164637,0.044410802038468,-1.10925956526761,0.5,"SE"
"1722641",104.213568809968,0.432732643579744,1295.8696098384,6.03072250812204,81.431517031919,0.331799934673876,0.056483786,"SE",17,56916.5104029442,24629.63201,"SE17a",2.547728,2.39639094,1.26782921,-2.070642379,1.26782921,1.08281952,1632.66276,334.4770614,"SE41","SE17H41",0.5,"17",0.103060753427185,0.0345560762006806,-1.24807620105324,0.5,"SE"
"1725521",98.1355840975198,0.429603246212541,1149.56876913241,5.59621105749322,77.1332670651368,0.331632059831915,0.19367346,"SE",17,57345.1104878566,24635.64562,"SE17a",2.398659442,2.379003911,1.751191684,-1.976865901,1.751191684,1.659809096,1628.586116,332.8415458,"SE42","SE17H42",0.5,"17",0.243333686201785,0.220058140256031,-0.712929888652377,0.5,"SE"
"1728401",130.082307444712,0.645057596331193,1745.99274368101,9.66347465563313,100.80950009424,0.491039715286989,0.175817191,"SE",17,56461.3201784549,36420.80348,"SE17a",2.387432474,2.33714106,1.597281651,-2.171013119,1.597281651,1.421620274,1627.254223,330.3923208,"SE43","SE17H43",0.5,"17",0.203381502669543,0.152783608398498,-0.754938662871891,0.5,"SE"
"1731281",71.5336613156611,0.292527786612816,704.445174815554,3.2150828480824,57.211428870686,0.229686900863711,0.158187971,"SE",17,58438.1634918886,17094.78662,"SE17a",2.439102826,2.276592164,1.711746421,-1.740846172,1.711746421,1.224536912,1626.509335,336.6631465,"SE44","SE17H44",0.5,"17",0.233439428496958,0.0879718808746179,-0.800826544396784,0.5,"SE"
"1734161",96.6246744501175,0.389525797113756,887.914565566099,4.03464601616719,77.821173812882,0.307666995769489,0.145987987,"SE",17,58824.5099805505,22913.6641400001,"SE17a",2.513304172,2.301743911,2.011770122,-1.658478127,2.011770122,1.234670432,1625.675384,333.545951,"SE46","SE17H46",0.5,"17",0.303578353893542,0.0915510477456843,-0.835682879792685,0.5,"SE"
"1739921",49.5017592236188,0.275343066515762,576.481565602446,3.6083875556327,38.8752907897534,0.212423152056752,0.145695187,"SE",17,57306.7944280222,15779.0285100001,"SE17a",2.419565528,2.392599988,1.546508568,-1.985220769,1.546508568,1.453296918,1629.38768,335.4324616,"SE48","SE17H48",0.5,"17",0.189352330433484,0.162354352546772,-0.836554794790522,0.5,"SE"
"1742801",26.0377726936987,0.146211903537723,306.147727024024,1.80264232127434,20.4262271716125,0.113491060756409,0.136690048,"SE",17,57696.825127672,8435.96263000005,"SE17a",2.442865181,2.354313123,1.577002169,-1.90043383,1.577002169,1.308390534,1632.942093,337.2096678,"SE49","SE17H49",0.5,"17",0.197832290655525,0.11673739341195,-0.864263103983895,0.5,"SE"
"1745681",80.1152360957033,0.426269976291464,774.037502980556,4.58313978837834,64.1274486457374,0.335435108310575,0.168184128,"SE",17,58581.0702579854,24971.35143,"SE17a",2.454123322,2.389440024,1.863343245,-1.710315542,1.863343245,1.563149408,1625.262457,334.683525,"SE50","SE17H50",0.5,"17",0.270292863312033,0.194000490475268,-0.77421499217228,0.5,"SE"
"1748561",81.9251726970676,0.434122298624953,1722.00589950111,10.2182852838515,60.6812310184414,0.315869074595185,0.074163976,"SE",17,53696.6969534519,23310.9335100001,"SE17a",2.446126761,2.395890819,1.204062216,-2.798567053,1.204062216,1.138487157,1634.856941,333.5945307,"SE51","SE17H51",0.5,"17",0.0806489282568449,0.0563281358071203,-1.12980699530675,0.5,"SE"
"1751441",33.6210364513453,0.199878056320566,570.564944838495,2.48099551642465,25.493803854313,0.153925274316941,0.240648177,"SE",18,77237.9760649668,15438.18,"SE18a",2.362646713,2.335786325,1.834355733,-1.989954677,1.834355733,1.700402541,1628.513833,332.8866326,"H03","SE18H03",0.5,"18",0.263483561376375,0.230551745284414,-0.618617423917391,0.5,"SE"
"1754321",79.0449460724431,0.499927109053241,1273.94803065753,8.5940554450151,60.2873310968914,0.372656281348621,0.26405787,"SE",18,74493.1559333261,37241.15,"SE18a",2.302169194,2.292579626,1.649775152,-2.442254671,1.649775152,1.609272656,1631.888816,332.7195098,"H05","SE18H05",0.5,"18",0.217424758214061,0.206629632019755,-0.578300884238208,0.5,"SE"
"1757201",118.862373359191,0.740596708057594,1362.51191732383,8.21186845148655,93.9294174347474,0.576801872391322,0.141781351,"SE",18,78212.3621125999,57923.82,"SE18a",2.322017147,2.290322914,1.259157379,-1.833248873,1.259157379,1.204076253,1625.776633,335.279695,"H11","SE18H11",0.5,"18",0.100080014905093,0.0806539912477991,-0.848380889677811,0.5,"SE"
"1760081",91.4187882772564,0.576433978432365,1422.77716754877,8.11140046003767,70.1022653520899,0.438375072397593,0.147376451,"SE",18,76168.7714513375,43906.27,"SE18a",2.4178225,2.264135586,1.550321537,-2.164200912,1.550321537,1.179354057,1632.351953,334.8265477,"H14","SE18H14",0.5,"18",0.190421780275429,0.0716442053647841,-0.831571906014303,0.5,"SE"
"1762961",121.558730678696,0.721087835479407,1478.98754599638,8.32479941008923,95.5448541819523,0.559345969753523,0.086141206,"SE",18,77862.462625891,56145.68,"SE18a",2.521513432,2.400980266,1.46147725,-1.88929572,1.46147725,1.190297803,1629.951834,337.0339156,"H15","SE18H15",0.5,"18",0.164792059326461,0.075655631996777,-1.06478905229157,0.5,"SE"
"1765841",113.630275217189,0.708992618635855,2063.65684433907,12.9710752677533,85.7614995452991,0.525217504692952,0.304428657,"SE",18,73979.5385330228,52450.95,"SE18a",2.335403246,2.305726014,2.004285356,-2.528738494,2.004285356,1.832261966,1631.600369,331.3676671,"H16","SE18H16",0.5,"18",0.301959553379701,0.262987566632459,-0.516514468224805,0.5,"SE"
"1768721",112.233526939054,0.669323893651647,1292.37218918394,7.46616021512073,88.7081521592833,0.520980101513379,0.080856438,"SE",18,78160.3378367177,52314.58,"SE18a",2.577545989,2.397173397,1.610903243,-1.841566226,1.610903243,1.164383517,1631.365237,337.7347864,"H18","SE18H18",0.5,"18",0.207069455817646,0.0660960489424752,-1.09228539472407,0.5,"SE"
"1771601",25.8104973562221,0.231920689193726,302.364576933354,2.8314771488592,20.2285564000326,0.180030618384209,0.113268349,"SE",18,45327.5595486821,10512.4,"SE18a",2.392903367,2.347826403,1.293768928,-2.302662019,1.293768928,1.209607214,1630.373856,331.6598183,"H19","SE18H19",0.5,"18",0.111856716629647,0.082644368262166,-0.945891429721737,0.5,"SE"
"1773641",123.619061388061,0.727194450922187,1760.64689158996,9.88221650801842,95.6246568070771,0.55495923168587,0.106190555,"SE",18,76464.4284338054,55604.51,"SE18a",2.440111575,2.393065626,1.37006864,-2.115774791,1.37006864,1.262163547,1631.133503,334.2132846,"H20","SE18H20",0.5,"18",0.136742325715889,0.101115633004529,-0.973914109373157,0.5,"SE"
"1776521",115.003364456856,0.677389024749548,1281.23571664251,7.67479440686819,91.095633256205,0.526436752292487,0.157578256,"SE",18,78025.1244984985,52853.36,"SE18a",2.415839645,2.279159827,1.605703471,-1.863209305,1.605703471,1.227333341,1628.940504,336.2912937,"H27","SE18H27",0.5,"18",0.205665346173778,0.0889625321611996,-0.80250371039163,0.5,"SE"
"1779401",106.744130318374,0.633412764310154,1351.76619534225,7.79990627143435,83.5327244872556,0.488177162126505,0.116065228,"SE",18,77306.3447866092,48966.83,"SE18a",2.425754253,2.365253382,1.389189615,-1.978894949,1.389189615,1.249864511,1625.678838,330.4668222,"H29","SE18H29",0.5,"18",0.142761528047123,0.0968629367566377,-0.935297871127899,0.5,"SE"
"1782281",128.543160217766,0.753224743081827,2284.35208305212,12.9256567344932,97.2548523320009,0.561568422166103,0.127379369,"SE",18,74507.707089361,56121.05,"SE18a",2.356737161,2.340187041,1.277027533,-2.439813216,1.277027533,1.244859552,1627.912543,329.7823969,"H31","SE18H31",0.5,"18",0.106200260850782,0.0951203560645988,-0.894900906812399,0.5,"SE"
"1785161",129.449768145672,0.758865921742862,1760.72205729164,10.5394678702189,100.576650565906,0.577870589740038,0.286880758,"SE",18,76279.7859957327,57886.13,"SE18a",2.360502209,2.315626809,2.073978798,-2.145995662,2.073978798,1.809130486,1632.490129,336.1533661,"H33","SE18H33",0.5,"18",0.316804312342959,0.257469892070449,-0.542298580281954,0.5,"SE"
"1788041",109.207121546985,0.660810146303538,2093.67673801941,12.4412285392697,81.9795209109976,0.488122639460516,0.238433061,"SE",18,73744.2272528543,48730.93,"SE18a",2.310500685,2.263327407,1.582573246,-2.568561382,1.582573246,1.419943692,1633.005752,333.608159,"H34","SE18H34",0.5,"18",0.199363819540877,0.152271122736191,-0.622633525717165,0.5,"SE"
"1790921",119.902714995345,0.702364418391265,1539.60386398323,9.03724162619104,93.662053510152,0.538947011254462,0.08439393,"SE",18,76930.0756489916,54032.95,"SE18a",2.545494146,2.414122518,1.526756831,-2.039884092,1.526756831,1.202615783,1626.101293,331.5516215,"H35","SE18H35",0.5,"18",0.183769871788237,0.0801268991808831,-1.07368878870972,0.5,"SE"
"1793801",93.2254419052538,0.570726989942398,1073.72392573672,6.71964701044764,73.6192668578799,0.441842523897271,0.284384043,"SE",18,77692.6771142806,44341.31,"SE18a",2.323748875,2.306912608,1.84110562,-1.916582761,1.84110562,1.75425079,1624.83836,333.8256715,"H36","SE18H36",0.5,"18",0.265078703695443,0.244091680778772,-0.546094775844764,0.5,"SE"
"1796681",126.439918741047,0.721829487867002,1907.52847503165,10.9184163903133,97.2323856869114,0.544995631640939,0.356700882,"SE",18,75559.7342125337,54541.24,"SE18a",2.332333458,2.260860906,2.244507775,-2.264551289,2.244507775,1.796730199,1633.050702,337.7179836,"H37","SE18H37",0.5,"18",0.351121114141213,0.254482867380228,-0.447695816797728,0.5,"SE"
"1799561",111.614564874539,0.647921653095527,1592.72146405203,9.34698471347805,86.2828249010261,0.491516945381771,0.27742774,"SE",18,75958.5460601113,49215.19,"SE18a",2.232412958,2.230000491,1.43661795,-2.198748541,1.43661795,1.429243122,1626.734827,330.975786,"H38","SE18H38",0.5,"18",0.1573412884771,0.1551061109198,-0.556850115985871,0.5,"SE"
"1802441",94.1349445777816,0.545085036568905,1073.76302787736,6.1359650848781,74.426143007054,0.423890128637062,0.167134312,"SE",18,78081.2378521784,42560.91,"SE18a",2.216079868,2.206173116,1.156317226,-1.854222907,1.156317226,1.144730484,1626.877397,337.2844663,"H39","SE18H39",0.5,"18",0.0630769955046056,0.0587032481697218,-0.776934382048271,0.5,"SE"
"1805321",106.637807162574,0.64899265458835,1278.8055931975,6.97453281168654,83.9300697536671,0.507041086225442,0.189723084,"SE",18,78484.6691559371,50935.97,"SE18a",2.368092256,2.36242163,1.593105425,-1.789803998,1.593105425,1.570709092,1627.366634,334.9353645,"H42","SE18H42",0.5,"18",0.202244516529804,0.196095757644691,-0.721879824388624,0.5,"SE"
"1808201",120.38948230805,0.739467888140345,1734.42365364388,10.618796700208,92.9829919288627,0.56122192024227,0.32312588,"SE",18,75997.28779478,56197.56,"SE18a",2.252187779,2.203868618,1.643546059,-2.192374693,1.643546059,1.46226008,1627.896447,332.010467,"H44","SE18H44",0.5,"18",0.215781879326833,0.165024623828001,-0.490628256804153,0.5,"SE"
"1811081",116.305263649073,0.711605999058434,1784.79728919954,10.5666723150532,89.2790568529043,0.538270577749589,0.104292086,"SE",18,75715.0551727933,53879.29,"SE18a",2.468699574,2.364408553,1.439829876,-2.238882601,1.439829876,1.204458701,1630.934277,330.9504704,"H45","SE18H45",0.5,"18",0.158311180790272,0.0807919133129408,-0.981748645906467,0.5,"SE"
"1813961",86.8428421229202,0.561266563793208,1787.55079111456,10.1654800775882,64.7385400463832,0.41620203893438,0.101732146,"SE",18,74062.4013820918,41568.75,"SE18a",2.395643339,2.270218333,1.247437202,-2.514745355,1.247437202,1.093579936,1630.308758,329.9240985,"H46","SE18H46",0.5,"18",0.0960186917612856,0.03885053359669,-0.992541794132665,0.5,"SE"
"1816841",125.305073289962,0.734311419159999,1327.49420739697,8.04828240773239,99.7589691413821,0.572570402075086,0.096981298,"SE",18,78313.2234356142,57506.3,"SE18a",2.534632882,2.36973655,1.614250125,-1.817139472,1.614250125,1.18634146,1633.192802,337.0003189,"H47","SE18H47",0.5,"18",0.207970828707617,0.0742097082949178,-1.01331200757392,0.5,"SE"
"1819721",95.1061088855151,0.574656484194843,1539.82256609645,8.61523634135038,72.6421479093217,0.434263499590318,0.109520123,"SE",18,75634.5093032364,43463.86,"SE18a",2.357709652,2.11356004,1.212478414,-2.252187211,1.212478414,1.030384996,1631.039987,332.6569805,"H48","SE18H48",0.5,"18",0.0836740155100658,0.0129995260620792,-0.96050607712579,0.5,"SE"
"1822601",76.4102175970824,0.416186142739054,753.03947038053,4.34779635443376,61.2419169130345,0.32607714734985,0.143151009,"SE",18,78731.9132836788,32767.13,"SE18a",2.321484177,2.295618948,1.262617816,-1.750488118,1.262617816,1.216216434,1625.983912,337.5181812,"H49","SE18H49",0.5,"18",0.101271913088833,0.0850108674760069,-0.844205586506596,0.5,"SE"
"1825481",106.5524086164,0.652784936917329,1748.70999568507,9.97380744053335,81.2598782051515,0.492370408427029,0.075074179,"SE",18,75475.3838265107,49269.19,"SE18a",2.546646341,2.366117053,1.436452154,-2.278513339,1.436452154,1.112158269,1631.835932,331.4344099,"H54","SE18H54",0.5,"18",0.157291164891252,0.0461665952157595,-1.12450940848255,0.5,"SE"
"1828361",124.949250165571,0.742652650204853,1576.46724251817,9.07122903077695,97.8309379345042,0.572833753570535,0.220527794,"SE",18,77376.0387364797,57463.52,"SE18a",2.325651245,2.146290405,1.568410124,-1.967630907,1.568410124,1.152564696,1628.956594,333.9630857,"H61","SE18H61",0.5,"18",0.19545963698391,0.0616653126536249,-0.656536666875809,0.5,"SE"
"1831241",59.1679323094403,0.371974589398573,549.869456937158,3.77599220345154,47.5926222563382,0.293763548091616,0.037623644,"SE",19,137935.772341219,51308.6,"SE19a",2.687835103,2.415611997,1.365390196,-1.695509553,1.365390196,1.043936399,1625.756839,335.7974761,"H01","SE19H01",0.5,"19",0.135256780133948,0.0186740404241577,-1.42453914359557,0.5,"SE"
"1834121",41.348998136567,0.284857735552143,851.210758837532,5.40919243408857,30.6960071696663,0.211307051302379,0.471716404,"SE",19,128663.741916502,36650.86,"SE19a",2.33057223,2.302026325,2.821144411,-2.565332174,2.821144411,2.547169291,1633.418983,331.105592,"H02","SE19H02",0.5,"19",0.450425317738208,0.406057810179105,-0.326319020843957,0.5,"SE"
"1837001",25.1808119520976,0.136690232268874,244.446218185688,1.30739361745926,20.1552413492355,0.108594294225486,0.120111942,"SE",19,138851.001018614,18979.58,"SE19a",2.468903405,2.4265533,1.557489187,-1.612843752,1.557489187,1.41508253,1625.010347,335.0998129,"H03","SE19H03",0.5,"19",0.192425040215616,0.150781769385665,-0.920413811191008,0.5,"SE"
"1839881",55.8090785223743,0.359820407171207,915.617206912751,5.96277920033593,42.3612977234071,0.270573905568989,0.236869812,"SE",19,130625.345764883,47001.66,"SE19a",2.335437306,2.252379502,1.681407485,-2.376195669,1.681407485,1.384074299,1630.388245,332.3400292,"H05","SE19H05",0.5,"19",0.225672976402758,0.141159404267856,-0.625490284643298,0.5,"SE"
"1842761",75.4019084661676,0.494201937739874,873.076296533589,6.14450420414678,59.3348293393194,0.382457002780192,0.242955804,"SE",19,134862.733166945,66649.42,"SE19a",2.414465659,2.343821345,2.17007591,-1.977143168,2.17007591,1.74958903,1624.789811,331.0141203,"H11","SE19H11",0.5,"19",0.336474925884249,0.242936046992657,-0.614472721564693,0.5,"SE"
"1845641",67.4339593227355,0.443885547166923,781.355347546271,4.83615236388813,53.0201566725949,0.348084368849354,0.128398061,"SE",19,136856.226290142,60748.5,"SE19a",2.556880822,2.408215754,2.094490038,-1.793724895,2.094490038,1.408363669,1626.931504,334.7413993,"H14","SE19H14",0.5,"19",0.321078299072069,0.148714813219835,-0.89144153470454,0.5,"SE"
"1848521",34.389417239893,0.194720269068612,371.91615473301,1.98678808188999,27.2337580540287,0.153699882683138,0.221113443,"SE",19,137857.360450449,26843.62,"SE19a",2.389645554,2.350765586,1.870613751,-1.702617407,1.870613751,1.675899403,1624.55159,336.954126,"H15","SE19H15",0.5,"19",0.271984122547345,0.22424794625536,-0.655384852883774,0.5,"SE"
"1851401",41.0646827034129,0.251002806354572,709.354801425529,4.38620112365273,31.0171900857019,0.187747427142438,0.079306602,"SE",19,129857.390733537,32594.57,"SE19a",2.487552353,2.389843884,1.313726534,-2.449900866,1.313726534,1.149798468,1627.43895,329.0339466,"H17","SE19H17",0.5,"19",0.118504971665924,0.0606217256531553,-1.10069065766571,0.5,"SE"
"1854281",36.1553991037933,0.192319538387897,445.742315831196,2.30583899173848,28.2492352558866,0.149375462972837,0.124347568,"SE",19,135408.191639248,26041.64,"SE19a",2.322658196,2.227456727,1.205302378,-1.926688313,1.205302378,1.097769284,1631.890734,338.5942034,"H18","SE19H18",0.5,"19",0.0810960134030058,0.0405110748916422,-0.905362704278312,0.5,"SE"
"1857161",71.5906491478727,0.496961616074369,980.663720916676,6.64874092078302,55.3631397967849,0.381783894209752,0.128867626,"SE",19,133768.798977126,66477.96,"SE19a",2.472244779,2.366159192,1.639350147,-2.078949928,1.639350147,1.303172612,1628.736261,332.1515687,"H20","SE19H20",0.5,"19",0.214671723960308,0.115001944088775,-0.889856171982983,0.5,"SE"
"1860041",38.6556120416423,0.182954631908765,752.760243073891,3.45222628968752,28.8420429726047,0.135801397123089,0.194967031,"SE",19,128754.250243563,23556.19,"SE19a",2.416706385,2.248432214,1.852992452,-2.556542158,1.852992452,1.265035431,1629.806792,329.3040733,"H23","SE19H23",0.5,"19",0.267873650262543,0.102102689363458,-0.710038821792953,0.5,"SE"
"1862921",22.3020883560128,0.107062439201376,328.562047150087,1.38010059810528,17.0693409307379,0.082555533094254,0.137028813,"SE",19,134322.414352533,14380.89,"SE19a",2.483809596,2.398708234,1.760858709,-2.0273242,1.760858709,1.426526822,1631.379734,336.9159548,"H25","SE19H25",0.5,"19",0.245724509650746,0.154279941809486,-0.86318810429448,0.5,"SE"
"1865801",82.1171754182236,0.52569009414012,986.053599908831,6.8904357426666,64.3859231677227,0.404682586985046,0.287827611,"SE",19,134073.726375399,70481.23,"SE19a",2.340758934,2.280675119,1.95446495,-2.050488472,1.95446495,1.646445006,1629.562387,334.2509384,"H27","SE19H27",0.5,"19",0.291027886506265,0.216547229132585,-0.540867546988139,0.5,"SE"
"1868681",30.6440530774462,0.163675613995831,337.712272415596,1.73104548248855,24.2087258405404,0.128732422600604,0.077215075,"SE",19,137308.805944498,22474.1,"SE19a",2.591982292,2.365802605,1.624858196,-1.75245595,1.624858196,1.118009501,1627.304921,337.6516551,"H28","SE19H28",0.5,"19",0.210815465387551,0.0484454942609053,-1.11229790238219,0.5,"SE"
"1871561",66.9912098606576,0.442560137960282,822.99716496825,5.30119974082369,52.3976007272676,0.343770432002395,0.124832988,"SE",19,135422.177709504,59932.46,"SE19a",2.315163052,2.247024366,1.195289672,-1.925397277,1.195289672,1.115005384,1627.408831,336.1053651,"H31","SE19H31",0.5,"19",0.0774731669628989,0.0472769644566865,-0.903670634098611,0.5,"SE"
"1874441",64.2536394497865,0.410410312122012,753.659079418513,5.3714557395859,50.4950238789665,0.315985609289212,0.403867483,"SE",19,134095.789614659,55034.3,"SE19a",2.38671666,2.338627618,3.022757108,-2.048431635,3.022757108,2.540565044,1625.371128,332.0386512,"H33","SE19H33",0.5,"19",0.480403251083425,0.404930318273541,-0.393761112222833,0.5,"SE"
"1877321",79.3282733185656,0.522141407670175,1184.76245184317,7.80554838416366,60.8543432644256,0.396700749266497,0.098215342,"SE",19,132129.38527101,68990.22,"SE19a",2.557754244,2.330507795,1.730945127,-2.233091116,1.730945127,1.14083743,1631.130417,330.7038634,"H34","SE19H34",0.5,"19",0.238283300446834,0.057223761609988,-1.0078206667394,0.5,"SE"
"1880201",79.8828643810401,0.553123563728352,1924.96740385536,13.4516656788682,58.4062203309132,0.400279347696774,0.349421978,"SE",19,125174.926635386,69237.2,"SE19a",2.196294032,2.143175595,1.499908977,-2.908959389,1.499908977,1.342907561,1632.602845,328.4050302,"H35","SE19H35",0.5,"19",0.176064904398296,0.128046119050475,-0.456649782169522,0.5,"SE"
"1883081",51.0008159253768,0.301229450258742,790.779137489006,5.17748745248539,38.9506245571865,0.225689669286579,0.174888134,"SE",19,130096.429204842,39188.88,"SE19a",2.371644846,2.355257959,1.531686584,-2.426912308,1.531686584,1.474634444,1630.247418,330.806327,"H36","SE19H36",0.5,"19",0.185169908400762,0.168684373785465,-0.757239656005274,0.5,"SE"
"1885961",62.7950146032509,0.396402945168641,765.524828330048,5.29305832509319,49.1550411601154,0.304590465992225,0.221464038,"SE",19,133797.781339481,53037.83,"SE19a",2.370906917,2.284716185,1.773496138,-2.07624197,1.773496138,1.430891723,1631.710117,336.7587901,"H37","SE19H37",0.5,"19",0.248830247080803,0.155606771507678,-0.65469678576663,0.5,"SE"
"1888841",78.006653380896,0.495332614579048,854.660627853085,5.68296840719614,61.7300265088097,0.386425258677819,0.149470329,"SE",19,136072.445052462,67401.12,"SE19a",2.376831422,2.179655651,1.423578264,-1.865518689,1.423578264,1.095044628,1632.985851,337.4312747,"H38","SE19H38",0.5,"19",0.153381348328068,0.0394318189927466,-0.825445009550038,0.5,"SE"
"1891721",82.5017655529508,0.538138544899673,1252.90985900887,8.18552380104382,63.1749502611085,0.408145747631055,0.154336929,"SE",19,131874.844299121,70966.94,"SE19a",2.342483109,2.321649218,1.350004256,-2.257194996,1.350004256,1.300632058,1633.658915,338.0032285,"H39","SE19H39",0.5,"19",0.130335137646415,0.114154454301218,-0.811530145602347,0.5,"SE"
"1894601",75.140331077354,0.463510320076039,925.261043272259,6.55291848251361,58.7207079440013,0.354126384913928,0.428950191,"SE",19,132951.346368923,61624.32,"SE19a",2.284954079,2.279697415,2.22200752,-2.155570984,2.22200752,2.183774866,1624.269616,329.065587,"H40","SE19H40",0.5,"19",0.346745524401868,0.339207863202254,-0.367593134457988,0.5,"SE"
"1897481",46.8190151984942,0.300168531489727,901.283843849071,6.30361504137687,34.9893000177105,0.220434274267277,0.179005384,"SE",19,127232.595870254,38191.22,"SE19a",2.369813326,2.289456679,1.545596389,-2.705150604,1.545596389,1.308373981,1632.908822,329.2535797,"H41","SE19H41",0.5,"19",0.189096094423899,0.116731898934691,-0.747133906414932,0.5,"SE"
"1900361",84.7612975377012,0.572153766962038,1264.23001906566,8.68424315542999,65.0161598409956,0.434037500445297,0.265764713,"SE",19,131906.332227307,75470.71,"SE19a",2.328954563,2.315029691,1.783073099,-2.254210711,1.783073099,1.714934053,1627.51248,330.6745103,"H42","SE19H42",0.5,"19",0.251169147909838,0.234247424105397,-0.575502683162759,0.5,"SE"
"1903241",82.5573045496447,0.547569736526483,964.090129485602,6.40090937449131,64.8965457503411,0.426378823220215,0.165756345,"SE",19,135789.919347385,74354.45,"SE19a",2.413129534,2.25312827,1.645426986,-1.891499281,1.645426986,1.204654028,1628.540655,334.8795771,"H44","SE19H44",0.5,"19",0.21627861572135,0.0808623371145599,-0.780529838212805,0.5,"SE"
"1906121",50.8668046098799,0.339829063310955,940.562594231107,6.75775529381888,38.1755820738278,0.250924309458609,0.001177311,"SE",19,128005.840542826,43500.11,"SE19a",3.075760514,2.324089442,1.010605222,-2.629412889,1.010605222,1.000020536,1634.842432,332.1134449,"H46","SE19H46",0.5,"19",0.00458153799475586,8.91857990473096e-06,-2.92910879820775,0.5,"SE"
"1909001",82.691911726566,0.566788539987272,1708.35813772347,11.5475218712228,61.3598020129982,0.417494444500059,0.748823404,"SE",19,127661.591272867,72357.13,"SE19a",2.239399199,2.238659983,3.035551197,-2.663074732,3.035551197,3.027245905,1629.757743,327.7766507,"H47","SE19H47",0.5,"19",0.482237561994699,0.481047700390645,-0.125620590459568,0.5,"SE"
"1911881",66.7666745728173,0.43403611873688,938.45244338252,6.7784339864204,51.5145968799102,0.328323474305001,0.310585976,"SE",19,131489.057606741,57071,"SE19a",2.325745163,2.191084329,1.974342222,-2.29381609,1.974342222,1.394809881,1633.973922,336.6454954,"H48","SE19H48",0.5,"19",0.295422433158591,0.144515015308883,-0.507818158019297,0.5,"SE"
"1914761",56.1204205524476,0.362746263518421,840.409053435221,5.6726707433067,43.0139362591908,0.274360065760413,0.218840122,"SE",19,131469.509561408,47690.07,"SE19a",2.397982285,2.292094205,1.903641496,-2.295674562,1.903641496,1.444821824,1633.514917,334.7975294,"H50","SE19H50",0.5,"19",0.279585163077446,0.159814293027009,-0.659873051782011,0.5,"SE"
"1917641",23.7923897449124,0.128782502949971,307.618800304239,1.54827632857128,18.4906084255454,0.0999986446706374,0.318175435,"SE",19,135367.109589199,17432.92,"SE19a",2.345837937,2.178571468,2.143509206,-1.930481315,2.143509206,1.376294182,1628.28075,336.7904484,"H51","SE19H51",0.5,"19",0.331125353070078,0.138711273989478,-0.497333353463072,0.5,"SE"
"1920521",38.5665583853665,0.268617811988124,935.373546177176,6.85087647356143,28.1705518839465,0.193468421289656,0.261414528,"SE",19,124515.115592851,33446.98,"SE19a",2.295324023,2.239359089,1.610610223,-2.975022554,1.610610223,1.414490939,1634.713676,328.1157461,"H52","SE19H52",0.5,"19",0.206990451355439,0.150600169781766,-0.582670280355674,0.5,"SE"
"1923401",40.1778925293019,0.239613644415821,793.408890777935,5.54083337302084,29.9489422990642,0.174277613253903,0.258144379,"SE",19,125877.93438698,30162.07,"SE19a",2.366792785,2.275442634,1.953641471,-2.838953257,1.953641471,1.522336381,1635.02585,330.1208645,"H54","SE19H54",0.5,"19",0.290844865701594,0.182510626331278,-0.588137327118251,0.5,"SE"
"1926281",13.0322464076075,0.0565066144505246,134.905862862495,0.511895279968556,10.3293120448419,0.0451364623462801,0.093638778,"SE",19,139691.441024329,7893.49,"SE19a",2.563076522,2.232271917,1.701941095,-1.537411571,1.701941095,1.058799967,1626.142361,336.7277344,"H57","SE19H57",0.5,"19",0.230944524867749,0.0248139190934982,-1.02854426254611,0.5,"SE"
"1929161",2826.86329748638,0.388911771858362,28051.1334689059,4.82920725916769,2248.78022313265,0.301012843853982,0.063622832,"SE",19,134881.975362537,52457.19,"SE19a",2.470492854,2.361488054,1.185480634,-1.975359797,1.185480634,1.078754916,1629.608539,338.1857856,"H65","SE19H65",0.5,"19",0.073894463741762,0.0329227878535635,-1.19638700334247,0.5,"SE"
"1932041",81.1540672703303,0.534979968909499,843.023222756568,5.83669706714263,64.5508141578473,0.419460404644254,0.183272839,"SE",19,136835.19652001,73204.09,"SE19a",2.430631933,2.341717243,1.847831378,-1.795645833,1.847831378,1.467131897,1625.481345,333.3209273,"H67","SE19H67",0.5,"19",0.266662337584648,0.166469159217744,-0.736901892628906,0.5,"SE"
"1934921",52.9957084671905,0.363558331156526,610.838590798547,4.15181432346694,41.7171906016255,0.283755398338064,0.170606732,"SE",19,136142.594071624,49495.77,"SE19a",2.247609112,2.219148631,1.206870565,-1.859076262,1.206870565,1.166319637,1627.610899,338.5002046,"H68","SE19H68",0.5,"19",0.0816606951839018,0.0668175877830372,-0.768003835930696,0.5,"SE"
"1937801",61.4875273833698,0.449217174760368,752.183723243783,5.57386391682713,48.0865090749731,0.347714470537412,0.156133652,"SE",19,134893.182372924,60596.34,"SE19a",2.456089014,2.388145045,1.779216775,-1.974321246,1.779216775,1.493543745,1628.871054,334.9549835,"H70","SE19H70",0.5,"19",0.250228864582488,0.174217947351185,-0.806503481929283,0.5,"SE"
"1940681",71.7613893940982,0.486275067899513,969.020879521344,6.61365337444006,55.5825567965152,0.372960187101883,0.215022206,"SE",19,133524.566436167,64929.67,"SE19a",2.363058068,2.276787729,1.701321009,-2.101793051,1.701321009,1.387222534,1630.229243,333.4903236,"J12","SE19J12",0.5,"19",0.230786264984815,0.142146134855585,-0.667516686850589,0.5,"SE"
"1943561",76.5101532858131,0.498026616982203,1207.13285801953,7.3424592303414,58.1621133403894,0.379839971688748,0.130502654,"TB",17,110637.026799652,55100.18,"TB17a",2.469739819,2.400276778,1.641607824,-2.258562422,1.641607824,1.396807077,336.9092205,5125.413844,"TB01","TB17H01",0.5,"17",0.215269413309847,0.145136426743985,-0.884380656097082,0.5,"TB"
"1946441",95.6425426554382,0.612537993951744,1300.4238655857,8.8277612496807,73.7835525631262,0.468239758206791,0.132896698,"TB",17,110916.797881688,67940.75,"TB17a",2.391368014,2.377829482,1.384139412,-2.226993205,1.384139412,1.348444883,338.4637332,5127.223394,"TB02","TB17H02",0.5,"17",0.141179834927883,0.129833199585233,-0.876485809562869,0.5,"TB"
"1949321",59.4254384010386,0.394617328004058,859.819934548917,6.25341452209408,45.5353375104667,0.298805821662549,0.264036757,"TB",17,109753.134458289,43310.49,"TB17a",2.372807101,2.335298071,2.024335543,-2.358827456,2.024335543,1.807664347,337.0185221,5121.604479,"TB03","TB17H03",0.5,"17",0.306282500457989,0.257117792412227,-0.578335610057909,0.5,"TB"
"1952201",82.8771000852078,0.597658737015394,1315.47493363627,9.56544784187099,62.9633495731702,0.452100595264762,0.279280491,"TB",17,109632.151128935,65522.61,"TB17a",2.40877024,2.400750153,2.382123779,-2.372614085,2.382123779,2.317941795,336.9739918,5118.203982,"TB04","TB17H04",0.5,"17",0.376964324375983,0.365102526352473,-0.553959400664791,0.5,"TB"
"1955081",55.3091728194827,0.372748968155231,996.690834556236,7.25569020268298,41.4678877306069,0.276501334315415,0.47204836,"TB",17,107273.475840577,39986.08,"TB17a",2.365777051,2.235507761,3.215501682,-2.644479815,3.215501682,2.039705384,334.5288728,5118.47926,"TB05","TB17H05",0.5,"17",0.507248741094382,0.309567442257653,-0.326013506863187,0.5,"TB"
"1957961",111.681958439253,0.758964919491825,1830.35463493821,12.8333437879961,84.5743721569242,0.570974745577913,0.223882528,"TB",17,108964.780355557,82700.44,"TB17a",2.349386655,2.282626307,1.683174745,-2.448938675,1.683174745,1.432482575,337.6419465,5120.564089,"TB06","TB17H06",0.5,"17",0.226129206201411,0.156089347827997,-0.64997979784244,0.5,"TB"
"1960841",116.458750423196,0.751291158606619,1764.35354158836,11.5409463717105,88.9014597237529,0.570652827054274,0.20257004,"TB",17,110133.086942561,82742.01,"TB17a",2.364417686,2.27414283,1.643333677,-2.315628653,1.643333677,1.342598283,336.476062,5117.499593,"TB07","TB17H07",0.5,"17",0.215725755380603,0.127946087445876,-0.693424786146639,0.5,"TB"
"1963721",37.8931256316928,0.307624808586127,486.211424738307,3.92280083551341,29.3939784410224,0.238051474506768,0.174482173,"TB",17,112435.139087023,34587.84,"TB17a",2.497901678,2.478192189,2.197592531,-2.057041176,2.197592531,2.061645507,341.2286608,5122.592242,"TB08","TB17H08",0.5,"17",0.341947170370006,0.314213991893676,-0.758248938694644,0.5,"TB"
"1966601",73.4156613867759,0.506391253906287,1373.99680224585,9.4255544535714,54.8641599168339,0.377321137294326,0.401267121,"TB",17,107808.381777666,54593.22,"TB17a",2.347646159,2.211656589,2.608429383,-2.582304994,2.608429383,1.694915224,337.8403088,5123.555716,"TB09","TB17H09",0.5,"17",0.416379083730978,0.229147980610042,-0.396566424002163,0.5,"TB"
"1969481",16.4485299764549,0.161323045803171,368.517900685121,2.98943883102829,12.0543031501844,0.120258033202264,0.414842114,"TB",17,107861.557865888,17400.56,"TB17a",2.363332489,2.337779397,2.84038487,-2.576140935,2.84038487,2.591230657,335.706902,5125.413844,"TB10","TB17H10",0.5,"17",0.453377190607812,0.413506073195688,-0.382117161276723,0.5,"TB"
"1972361",113.166844090657,0.739367796045074,1704.54020436632,10.7935252513607,86.4404245751213,0.564465316617874,0.15030244,"TB",17,110758.417404763,81891.21,"TB17a",2.393200709,2.358363275,1.479677502,-2.244854979,1.479677502,1.3748541,339.3219538,5117.625088,"TB11","TB17H11",0.5,"17",0.170167070554576,0.138256613128556,-0.823033969047593,0.5,"TB"
"1975241",46.5998958638881,0.295856550402716,810.931258878391,5.77417581613267,35.0510221764228,0.219405402635804,0.50423146,"TB",17,107242.013694853,31728.25,"TB17a",2.319544394,2.210721065,2.873040605,-2.648146467,2.873040605,1.983482628,331.5655829,5121.899998,"TB12","TB17H12",0.5,"17",0.458341763967173,0.29742840113143,-0.29737006132089,0.5,"TB"
"1978121",114.504384677328,0.731283999670478,1898.86016803709,13.0559896863455,86.5789414731943,0.547168022145916,0.340395412,"TB",17,108308.69003792,79204.41,"TB17a",2.404660963,2.270451203,2.776844279,-2.52443021,2.776844279,1.788205848,334.6827048,5124.462515,"TB13","TB17H13",0.5,"17",0.443551525890971,0.252417510827227,-0.468016302161219,0.5,"TB"
"1981001",88.8690748404485,0.587910361206404,1776.67222436162,11.5915396826633,65.9852058168422,0.435547096171458,0.172492561,"TB",17,107120.777444318,62977.42,"TB17a",2.32254172,2.297321359,1.367617358,-2.662285612,1.367617358,1.306013544,338.3503833,5117.835595,"TB14","TB17H14",0.5,"17",0.135964604288769,0.115947680808858,-0.763229629786734,0.5,"TB"
"1983881",57.5017790986896,0.440969782366545,749.07450185187,6.03771611578762,44.5343879997509,0.338820324479408,0.112430965,"TB",17,111550.097755024,49190.22,"TB17a",2.467644269,2.361911131,1.495404877,-2.155825135,1.495404877,1.23005879,338.7592525,5121.685443,"TB15","TB17H15",0.5,"17",0.174758792688041,0.0899258688072297,-0.949114061751016,0.5,"TB"
"1986761",84.4460017719954,0.564259168431839,2063.30609883305,13.4366598547109,61.4555398229678,0.410208225189911,0.409941247,"TB",17,104897.352832557,59189.29,"TB17a",2.236176077,2.187323589,1.843032636,-2.924469101,1.843032636,1.611348246,333.4318079,5126.425897,"TB16","TB17H16",0.5,"17",0.265533025674429,0.207189410668606,-0.387278382139042,0.5,"TB"
"1989641",108.763525501655,0.711932670408666,1590.14618353913,10.8962554800449,83.2968789439928,0.540956193257854,0.158723901,"TB",17,110178.032137469,78439.34,"TB17a",2.438756621,2.338024239,1.713939399,-2.310528457,1.713939399,1.355825278,337.2290291,5122.604386,"TB17","TB17H17",0.5,"17",0.233995462193261,0.132203726633149,-0.799357671286453,0.5,"TB"
"1992521",65.4769570083397,0.465162517569336,965.080015972474,7.13274884539182,50.0977202345174,0.353383688974926,0.279649982,"TB",17,110155.093079619,51240.02,"TB17a",2.318334579,2.26678231,1.791372386,-2.313131227,1.791372386,1.561637019,335.783818,5118.106825,"TB18","TB17H18",0.5,"17",0.253185875281896,0.193580095505037,-0.553385204289607,0.5,"TB"
"1995401",129.369811940738,0.829817630751632,2071.82186465131,13.6435673964284,98.1974255375415,0.626029990891622,0.244253918,"TB",17,109304.662071163,90702.94,"TB17a",2.412415954,2.313299744,2.164624192,-2.410009498,2.164624192,1.617431976,338.4961189,5124.511093,"TB19","TB17H19",0.5,"17",0.335382507845189,0.20882602469217,-0.612158461172617,0.5,"TB"
"1998281",59.991069296607,0.439150010374232,1269.83877670886,9.35446601187464,44.276968439323,0.322834021872499,0.42533685,"TB",17,106204.529450551,46639.72,"TB17a",2.330921693,2.318713524,2.58344641,-2.769663124,2.58344641,2.475136281,332.0392235,5124.130562,"TB20","TB17H20",0.5,"17",0.412199457140564,0.393599116181452,-0.371266989591695,0.5,"TB"
"2001161",123.165754517159,0.816249034544559,1837.71506292467,12.3593253533972,94.1538912521587,0.620886878539809,0.161590088,"TB",17,110309.644691022,90040.14,"TB17a",2.39540367,2.330630782,1.549268018,-2.295605563,1.549268018,1.347957772,341.9978207,5124.166996,"TB21","TB17H21",0.5,"17",0.190126555699542,0.129676287099419,-0.791585282539952,0.5,"TB"
"2004041",89.2061477772885,0.584187697975895,1351.32782852629,8.59722560893043,68.0975580839971,0.445634520184652,0.20483903,"TB",17,110659.194440393,64645.74,"TB17a",2.303782603,2.219168755,1.43181438,-2.256058127,1.43181438,1.232673357,340.2935242,5120.450739,"TB22","TB17H22",0.5,"17",0.15588671981061,0.0908480092427268,-0.688587289402008,0.5,"TB"
"2006921",79.591502177056,0.518201201420142,1239.75901088795,8.44820593852229,60.5747339153162,0.391272042606171,0.305707927,"TB",17,109407.598814178,56695.15,"TB17a",2.324435805,2.245963793,1.943526912,-2.398243268,1.943526912,1.563953192,339.5486535,5123.373546,"TB23","TB17H23",0.5,"17",0.28859055868078,0.19422375079524,-0.514693299881292,0.5,"TB"
"2009801",63.2335166519709,0.394499191581989,976.335258092462,5.8805845389007,48.1971879962039,0.300549278139773,0.121078633,"TB",17,110501.65592276,43592.81,"TB17a",2.393958796,2.357526863,1.332951033,-2.273866268,1.332951033,1.254469833,341.5687104,5121.292766,"TB24","TB17H24",0.5,"17",0.124814195559018,0.0984602220323252,-0.916932490952235,0.5,"TB"
"2012681",113.301546499649,0.740390588423745,1742.06143189578,11.7890073553782,86.3446694420057,0.560358887326887,0.220184404,"TB",17,109694.876920177,81217.05,"TB17a",2.430489917,2.29037533,2.116806244,-2.365464283,2.116806244,1.444051173,332.0392235,5118.701912,"TB25","TB17H25",0.5,"17",0.325681107895365,0.159582583647566,-0.657213446021007,0.5,"TB"
"2015561",71.8416484615912,0.518045985355007,1647.38923153521,10.9622592863442,52.6044390280731,0.381085255894688,0.562544434,"TB",17,106282.658946327,55059.31,"TB17a",2.320152031,2.281063035,3.174118656,-2.760470864,3.174118656,2.748833214,336.9294615,5126.733561,"TB26","TB17H26",0.5,"17",0.501623157668623,0.439148389739105,-0.249843168009737,0.5,"TB"
"2018441",57.3158376668655,0.419295689034566,788.27236991822,6.25104453828631,44.1495959189003,0.31943624151303,0.103004765,"TB",17,110500.021420875,46332.18,"TB17a",2.520757097,2.361600954,1.616790589,-2.274051165,1.616790589,1.195622895,338.7268668,5119.191745,"TB27","TB17H27",0.5,"17",0.208653772577223,0.0775942227581444,-0.987142684369197,0.5,"TB"
"2021321",104.715821497258,0.727998191868903,1762.41340882746,12.2690295944981,79.1002854342411,0.547859654107361,0.313245623,"TB",17,109004.882012523,79355.36,"TB17a",2.33768218,2.288214701,2.062907951,-2.444339221,2.062907951,1.776913837,335.16849,5116.560409,"TB28","TB17H28",0.5,"17",0.31447984975471,0.249666369266931,-0.504114988714429,0.5,"TB"
"2024201",92.0495079788194,0.593348495256152,2131.97374275469,13.5942432093683,67.3504389896251,0.433024367449888,0.317061502,"TB",17,105348.312921928,62508.26,"TB17a",2.261507725,2.258267004,1.664336334,-2.870846024,1.664336334,1.650133624,333.974268,5123.029449,"TB30","TB17H30",0.5,"17",0.221241094334727,0.21751911379944,-0.498856487345262,0.5,"TB"
"2027081",85.1343806183328,0.57246048412908,1761.86425514088,12.4148201727084,62.9702852540216,0.420080992341065,0.491367159,"TB",17,105993.105100191,60676.87,"TB17a",2.297346773,2.145552511,2.593744315,-2.794572028,2.593744315,1.618774268,334.9903688,5126.583777,"TB31","TB17H31",0.5,"17",0.41392716216534,0.209186292238908,-0.308593873378321,0.5,"TB"
"2029961",68.2762854745228,0.427321858410186,1625.32339922078,10.0973357255885,49.8256131548364,0.310897299223378,0.204478237,"TB",17,104987.591851516,44863.49,"TB17a",2.333038094,2.284191849,1.527966471,-2.913720471,1.527966471,1.374428081,335.7716734,5127.660601,"TB32","TB17H32",0.5,"17",0.184113824384012,0.138122019667291,-0.689352907968448,0.5,"TB"
"2032841",104.506545596835,0.693962997661582,1579.42927765108,10.7944002580471,79.7851939590466,0.526449968043915,0.218789845,"TB",17,109980.219877976,76322.2,"TB17a",2.356719387,2.356271362,1.691368996,-2.332990971,1.691368996,1.689321712,339.6620034,5126.59997,"TB33","TB17H33",0.5,"17",0.228238365400613,0.227712363864492,-0.65997283938985,0.5,"TB"
"2035721",111.764036384991,0.736056213276683,1538.03898365673,10.6368206489557,86.1171309019131,0.562506969005967,0.065179881,"TB",17,110883.223968277,81616.29,"TB17a",2.494236093,2.42493734,1.232209912,-2.23077746,1.232209912,1.136337074,339.8360764,5125.033313,"TB34","TB17H34",0.5,"17",0.0906846979727218,0.0555071761497844,-1.18588643676886,0.5,"TB"
"2038601",88.5970437864645,0.581984090398797,1450.20360483965,8.91054586217161,67.1040465762472,0.44220006543178,0.169854041,"TB",17,110173.667472702,64119.32,"TB17a",2.344724764,2.288795944,1.419495145,-2.31102365,1.419495145,1.279611955,331.7072703,5120.329292,"TB35","TB17H35",0.5,"17",0.152133911477364,0.10707828890369,-0.769924116364605,0.5,"TB"
"2041481",97.6649458929751,0.640292209370627,1386.02968860883,9.44945519103044,75.0282481339748,0.488295106623194,0.144827825,"TB",17,110624.585374269,70832.06,"TB17a",2.472018309,2.403412523,1.768424721,-2.259968159,1.768424721,1.48400774,335.378997,5121.559948,"TB36","TB17H36",0.5,"17",0.247586577325697,0.171436166057917,-0.839147991432768,0.5,"TB"
"2044361",92.5124585183222,0.622353787027155,1237.14436092067,8.53401439543575,71.4990641854484,0.478115411361685,0.12273068,"TB",17,111531.486683106,69412.04,"TB17a",2.476887347,2.463393979,1.609606969,-2.157910815,1.609606969,1.556259229,334.7960547,5116.973326,"TB37","TB17H37",0.5,"17",0.206719843713614,0.192081939920543,-0.911046859528973,0.5,"TB"
"2047241",56.0761790014848,0.428289999638792,990.067967486509,7.5204188653504,42.1473644215196,0.320992240395703,0.355257278,"TB",17,108508.93086272,46473.29,"TB17a",2.41267687,2.409052848,2.968777414,-2.501341579,2.968777414,2.929440445,337.8969837,5125.555532,"TB39","TB17H39",0.5,"17",0.472577637307959,0.466784673304185,-0.449457016108833,0.5,"TB"
"2050121",49.6241184433649,0.369713954522504,708.770708569992,5.16218992147075,38.0858837130989,0.283514998605732,0.129339129,"TB",17,111307.655598634,41151.99,"TB17a",2.436901472,2.386114265,1.50561592,-2.183022108,1.50561592,1.352913029,333.2213009,5120.029725,"TB40","TB17H40",0.5,"17",0.177714198226911,0.131269879199692,-0.888270068019855,0.5,"TB"
"2053001",61.8634714730279,0.452241477922096,909.834181181402,6.81006340445573,47.3469788398779,0.344190853321478,0.122068306,"TB",17,110377.153018677,49917.13,"TB17a",2.531434958,2.366907606,1.864739125,-2.287958036,1.864739125,1.276883663,332.1647181,5123.114461,"TB41","TB17H41",0.5,"17",0.270618083062867,0.106151330451576,-0.91339708229653,0.5,"TB"
"2055881",73.8827896818691,0.533346714789451,1326.9030391778,9.46798343469481,55.4478546249102,0.399293138687751,0.333268809,"TB",17,108377.317900643,57802.69,"TB17a",2.329274205,2.31546446,2.10622482,-2.516512317,2.10622482,2.015764608,335.0146581,5121.090356,"TB42","TB17H42",0.5,"17",0.323504726238953,0.30443981576188,-0.477205330543075,0.5,"TB"
"2058761",33.9391644080561,0.237515664829573,669.939672694419,4.24530023908548,25.2266694813385,0.177696000199089,0.376551003,"TB",17,108295.045796059,25721.77,"TB17a",2.364819179,2.363929643,2.625967595,-2.526005003,2.625967595,2.617679269,339.2733752,5125.648641,"TB43","TB17H43",0.5,"17",0.419289362500026,0.417916433568258,-0.424176191252692,0.5,"TB"
"2061641",78.4427106854465,0.507255285079909,1254.64969262166,8.48571622815131,59.5476445633163,0.382021141470052,0.307150583,"TB",17,109094.662623934,55338.84,"TB17a",2.241352465,2.136828368,1.55071064,-2.434047978,1.55071064,1.260496643,341.0626841,5119.535843,"TB44","TB17H44",0.5,"17",0.190530766752856,0.100541693385319,-0.512648656012845,0.5,"TB"
"2064521",70.2791556450838,0.493390819937763,1121.60784509217,8.24464469990003,53.3476318242023,0.371620776441493,0.170141726,"TB",17,109108.089904856,53832.93,"TB17a",2.400621557,2.344030869,1.619017045,-2.432509583,1.619017045,1.418642501,336.2898443,5120.159267,"TB46","TB17H46",0.5,"17",0.209251421026676,0.151872966701912,-0.769189165815391,0.5,"TB"
"2067401",93.8752098849451,0.621578604594332,1687.52009934509,11.6840123986876,70.4242808910088,0.462693577904436,0.21299845,"TB",17,107690.526548427,66938.13,"TB17a",2.272137861,2.203815048,1.368450006,-2.595977365,1.368450006,1.222436863,336.2615068,5119.301047,"TB47","TB17H47",0.5,"17",0.13622893582365,0.087226437727115,-0.671623556931667,0.5,"TB"
"2070281",86.9731123357915,0.583670036307544,1148.27449876102,7.54843069186982,67.3125573385403,0.451030053266072,0.046109712,"TB",17,112259.392317812,65522.44,"TB17a",2.551869206,2.274012717,1.191198024,-2.076595146,1.191198024,1.020557775,338.2370334,5120.058062,"TB48","TB17H48",0.5,"17",0.0759839643221855,0.00883759567967619,-1.33620759036358,0.5,"TB"
"2073161",76.6092590331075,0.508648982591934,1175.9014621871,8.3039240955339,58.3788781219457,0.384006584091414,0.212712182,"TB",17,109390.830207634,55641.53,"TB17a",2.361741859,2.354149583,1.683395149,-2.400159256,1.683395149,1.649725129,338.3746726,5117.038097,"TB49","TB17H49",0.5,"17",0.226186071345543,0.217411589727308,-0.672207637394496,0.5,"TB"
"2076041",6.84997678379034,0.0466023705182064,122.700232206024,0.779746993622472,5.14108544704221,0.035096228428468,0.166787058,"TB",17,109092.324348904,5083.961,"TB17a",2.455551066,2.37218674,1.860159307,-2.434315899,1.860159307,1.49324454,336.3060371,5123.644776,"TB50","TB17H50",0.5,"17",0.269550139480464,0.174130935438392,-0.777837651883224,0.5,"TB"
"2078921",89.4821933889366,0.589930016264825,1429.68405842951,9.8265090898242,67.9315506621071,0.444475295291582,0.478227009,"TB",17,109146.677766427,64388.9,"TB17a",2.280302089,2.208074458,2.389173376,-2.428089535,2.389173376,1.892588643,340.3218617,5122.434362,"TB51","TB17H51",0.5,"17",0.378247666496635,0.277056229659139,-0.32036589972083,0.5,"TB"
"2081801",100.940458381739,0.682756998168956,1312.67593775698,7.99490276763844,78.3851192325506,0.532162898036739,0.051460715,"TB",18,100102.898356652,68345.95,"TB18a",2.587601447,2.43689569,1.304776046,-2.123602071,1.304776046,1.095692639,333.6613121,5118.164549,"H03","TB18H03",0.5,"18",0.115535975020637,0.0396887440142539,-1.28852418395549,0.5,"TB"
"2084681",116.007180259957,0.791300916716802,1403.54606368858,8.51404415980403,90.7379680294333,0.622007155537359,0.006987296,"TB",18,101048.598909455,79959.85,"TB18a",2.796119057,2.325623531,1.036035579,-2.006065347,1.036035579,1.000732367,337.9503599,5122.444716,"H05","TB18H05",0.5,"18",0.0153746699826219,0.000317946534259254,-2.15569085851412,0.5,"TB"
"2087561",49.3964752609559,0.393377095314017,988.733918531842,7.50480290359031,36.7348934875262,0.292004256359282,0.704472694,"TB",18,94818.47447225,37299.42,"TB18a",2.351136687,2.271977281,4.406335569,-2.801531719,4.406335569,3.245487335,334.3640552,5125.189784,"H11","TB18H11",0.5,"18",0.644077568215459,0.511279918705058,-0.152135835876058,0.5,"TB"
"2090441",82.0940445988912,0.574221309402568,1941.46362919734,11.9451144276289,60.0493803976086,0.42257260543875,0.04320564,"TB",18,93911.1850030532,53925.8,"TB18a",2.422765163,2.351111792,1.060984041,-2.921716387,1.060984041,1.03404802,333.3446005,5124.655812,"H14","TB18H14",0.5,"18",0.0257088514246557,0.0145407073621563,-1.36445955732863,0.5,"TB"
"2093321",79.6996995082251,0.583815783081802,1692.29495606527,11.3591604404255,58.9282702455614,0.432515749539618,0.534149003,"TB",18,94611.52762679,55235.7,"TB18a",2.346265912,2.233370131,3.341703093,-2.828843513,3.341703093,2.230541839,335.7733903,5123.704618,"H15","TB18H15",0.5,"18",0.523967860638196,0.34841037385713,-0.27233757788881,0.5,"TB"
"2096201",94.5933503387204,0.626967675149315,1301.74420984137,7.37416447298886,73.0479195406344,0.488462826579396,0.015279431,"TB",18,100053.721597466,62730.45,"TB18a",2.76067758,2.35309162,1.12306172,-2.129744356,1.12306172,1.004392943,336.033344,5124.789272,"H16","TB18H16",0.5,"18",0.0504036243993554,0.00190365264012252,-1.81589281841487,0.5,"TB"
"2099081",87.5724742714365,0.611490622149578,1266.4290726558,7.9989897966445,67.291526882693,0.471366161166255,0.118823888,"TB",18,98878.6196057312,60463.35,"TB18a",2.514066831,2.263343683,1.74114064,-2.277422161,1.74114064,1.119117261,336.471966,5123.003752,"H17","TB18H17",0.5,"18",0.240833852512532,0.0488755942469816,-0.92509624131028,0.5,"TB"
"2101961",87.5472916661046,0.643277919180904,1578.50992951226,10.5541338065796,65.8044912080827,0.484762910222563,0.348110919,"TB",18,96420.9571175364,62025.47,"TB18a",2.22583489,2.172041798,1.608057939,-2.592040384,1.608057939,1.419075905,338.3564568,5118.306324,"H18","TB18H18",0.5,"18",0.206301692506134,0.152005626071284,-0.458282354230574,0.5,"TB"
"2104841",39.0716628932432,0.35537078451612,507.484587386939,4.85829897877991,30.3374384171185,0.272731062428893,0.276497398,"TB",18,98395.1789329319,34966.77,"TB18a",2.342214578,2.336501981,1.906303035,-2.338687474,1.906303035,1.873969409,336.9267916,5118.13113,"H19","TB18H19",0.5,"18",0.280191939307227,0.272762497111561,-0.55830895130163,0.5,"TB"
"2107721",108.304439756234,0.744276069369873,1563.97635770515,9.56880208452984,83.2233046460474,0.574718052045884,0.106559907,"TB",18,99069.0852957642,73734.75,"TB18a",2.439587154,2.35806949,1.37089603,-2.253367102,1.37089603,1.202650619,338.8520436,5123.971568,"H20","TB18H20",0.5,"18",0.137004518750501,0.0801394791450485,-0.972406167203471,0.5,"TB"
"2110601",92.8848134977198,0.651746242954112,1639.04466205635,10.4380298539412,69.962965109626,0.492331554446771,0.411447152,"TB",18,96679.9287931398,63010.78,"TB18a",2.407726751,2.271692838,3.325365025,-2.558512336,3.325365025,2.060150742,337.6335741,5123.496004,"H27","TB18H27",0.5,"18",0.52183932471946,0.313898999021402,-0.385685939476538,0.5,"TB"
"2113481",50.9461346865794,0.811395813163351,902.316155859629,13.3310576057495,38.2663510583304,0.612391874090917,0.180955548,"TB",18,34775.7517135713,28216.9,"TB18a",2.406425543,2.358742755,1.71013152,-2.314073081,1.71013152,1.514740742,340.3629554,5125.239762,"H29","TB18H29",0.5,"18",0.233029511686785,0.180338306796162,-0.742428097115888,0.5,"TB"
"2115281",20.3815574294493,0.174028069381458,333.581996522207,2.88651684953438,15.4548004865279,0.13100170790981,0.426755877,"TB",18,96304.3244090927,16759.66,"TB18a",2.377591503,2.376637479,3.069433521,-2.607169785,3.069433521,3.058571518,335.6028288,5125.398355,"H31","TB18H31",0.5,"18",0.487058231697253,0.485518639978376,-0.36982048935536,0.5,"TB"
"2118161",114.350681960781,0.820892772913437,1653.77599665607,10.5855274438208,87.8733840197914,0.633690155133688,0.185113352,"TB",18,99036.0761265623,81298,"TB18a",2.389624654,2.357035672,1.65871578,-2.257532714,1.65871578,1.528237247,336.0820414,5121.802291,"H33","TB18H33",0.5,"18",0.219771976288185,0.184190780329224,-0.732562254986746,0.5,"TB"
"2121041",82.0939715971527,0.617020089603765,1263.22604581136,8.80061176768289,62.6954520201489,0.471531905089584,0.339097629,"TB",18,97932.7947957162,60426.5,"TB18a",2.308494212,2.303310576,1.998188739,-2.397566627,1.998188739,1.966332604,335.1844211,5120.398506,"H34","TB18H34",0.5,"18",0.300636507130673,0.293656980365148,-0.469675246835941,0.5,"TB"
"2123921",71.6343841283487,0.533410003624129,934.60369552985,6.47942337894828,55.6211560073863,0.414234980849615,0.171984439,"TB",18,99695.7981828042,53178.74,"TB18a",2.427582205,2.351933918,1.752983593,-2.174540934,1.752983593,1.450825003,340.1110592,5119.466049,"H36","TB18H36",0.5,"18",0.243777851345986,0.161615031448901,-0.764510845895679,0.5,"TB"
"2126801",99.6493318638453,0.699055044014125,1665.17283451419,10.3438607768705,75.4730896975665,0.532264350447802,0.286855587,"TB",18,97533.7824593714,68181.48,"TB18a",2.333939123,2.285190864,1.909569998,-2.448600018,1.909569998,1.662613825,339.8430623,5124.121737,"H37","TB18H37",0.5,"18",0.280935582682086,0.220791387435122,-0.54233668707615,0.5,"TB"
"2129681",94.4866191941047,0.652812165428587,1903.5456879106,11.762757092281,70.2323159934994,0.487359330486513,0.219056271,"TB",18,95422.2287801626,62292.79,"TB18a",2.238946551,2.213377471,1.303966774,-2.72219061,1.303966774,1.251462322,332.6703421,5121.560375,"H38","TB18H38",0.5,"18",0.115266525404877,0.0974177787594128,-0.659444309608778,0.5,"TB"
"2132561",71.8946370901963,0.537089479012123,1508.9555926824,10.2396550522755,53.233188305922,0.398708883260581,0.424085375,"TB",18,94825.5471019018,50929.8,"TB18a",2.246732284,2.221809962,1.949465335,-2.800599363,1.949465335,1.81000387,332.9303036,5123.229076,"H39","TB18H39",0.5,"18",0.289915517055646,0.257679503442581,-0.372546704353109,0.5,"TB"
"2135441",125.031705263545,0.825029829512104,1806.49437877264,10.3548773332165,96.0789373854254,0.638609324095508,0.119978257,"TB",18,99334.2610272223,81953.73,"TB18a",2.435402853,2.356611165,1.441052078,-2.219953365,1.441052078,1.248615284,338.2915056,5120.717602,"H40","TB18H40",0.5,"18",0.158679676011313,0.0964286467223214,-0.920897451623272,0.5,"TB"
"2138321",100.805278606654,0.706291242484802,1691.16912901438,10.416675314708,76.3206681244757,0.537950636419779,0.330569231,"TB",18,97569.372044823,68912.39,"TB18a",2.189884933,2.09003964,1.43542454,-2.444039663,1.43542454,1.209206039,340.3872659,5121.026283,"H41","TB18H41",0.5,"18",0.1569803666528,0.0825003074586632,-0.480737572509253,0.5,"TB"
"2141201",91.6104891667406,0.619270148699688,1574.37550755594,9.32939796175384,69.1946113240975,0.470669366704876,0.098585911,"TB",18,97339.2863786047,60279.31,"TB18a",2.299189134,2.295169828,1.110909546,-2.473551663,1.110909546,1.107439565,339.8024303,5122.936958,"H42","TB18H42",0.5,"18",0.045678698659745,0.0443200352985718,-1.00618514603399,0.5,"TB"
"2144081",78.3985875905778,0.562695071269408,1305.9391370604,8.23788824870625,59.4038973825342,0.42889597197193,0.258695283,"TB",18,97649.3474805869,54946.81,"TB18a",2.420831622,2.315078063,2.331108661,-2.433797889,2.331108661,1.685185417,337.446771,5125.506795,"H44","TB18H44",0.5,"18",0.367562517953359,0.226647692239861,-0.587211490053258,0.5,"TB"
"2146961",77.1514988988881,0.522672857390851,1312.70163941835,7.92331194113492,58.3229752290584,0.397004474736862,0.337144778,"TB",18,97271.9870394593,50841.43,"TB18a",2.331030698,2.266841184,2.137365001,-2.482197018,2.137365001,1.758446169,339.4693363,5119.524463,"H45","TB18H45",0.5,"18",0.32987869361201,0.245129077876679,-0.472183562676791,0.5,"TB"
"2149841",94.9629110343277,0.649327449468767,1490.32996850747,8.80529745098808,72.3805618276409,0.498733878619387,0.255626124,"TB",18,98483.8868929965,63948.29,"TB18a",2.184248574,2.150348562,1.26691743,-2.327423203,1.26691743,1.206817451,339.6724414,5121.535248,"H46","TB18H46",0.5,"18",0.102748311123454,0.0816415815975869,-0.592394765031275,0.5,"TB"
"2152721",77.8691927412332,0.570384742345408,1446.89471129381,9.44590342568732,58.3637201327417,0.429431081272485,0.469787168,"TB",18,96321.0603496997,54940.06,"TB18a",2.301255065,2.204977002,2.531494628,-2.604997701,2.531494628,1.851537718,335.5946165,5118.915439,"H47","TB18H47",0.5,"18",0.403377010122057,0.267532563564732,-0.328098849931553,0.5,"TB"
"2155601",67.286277163923,0.516696885254901,1496.69961511685,10.6911269981302,49.5272982177263,0.380443539886665,0.370706755,"TB",18,93967.0239081231,48552.47,"TB18a",2.287850627,2.243809433,2.003094888,-2.914286187,2.003094888,1.757390906,334.3680953,5123.629545,"H48","TB18H48",0.5,"18",0.30170152261296,0.244868374720166,-0.430969500205946,0.5,"TB"
"2158481",38.8833746861397,0.325397456985445,652.158661184473,5.38540697768485,29.4399863209117,0.245000433084745,0.50073103,"TB",18,96327.7444463925,31344.8,"TB18a",2.334894815,2.30316403,3.021307353,-2.604130307,3.021307353,2.691237543,333.6613445,5120.534109,"H49","TB18H49",0.5,"18",0.480194907637471,0.429952032606228,-0.300395494799992,0.5,"TB"
"2161361",88.252461643119,0.622003449526813,1565.20272325475,9.90479250201097,66.4419180727568,0.470132927073689,0.43463935,"TB",18,96741.4741120436,60173.53,"TB18a",2.265592115,2.235823212,2.107401352,-2.550557513,2.107401352,1.919993116,333.7669324,5119.64135,"H51","TB18H51",0.5,"18",0.323747254336038,0.283299671574084,-0.361870957458102,0.5,"TB"
"2164241",99.4615656927564,0.702438362742467,1488.14686785908,9.34232868071425,76.1691162661574,0.540575881065237,0.174292954,"TB",18,98696.6062464581,69328.28,"TB18a",2.37354012,2.275356823,1.535630254,-2.300453061,1.535630254,1.26498008,337.3492253,5120.542401,"H61","TB18H61",0.5,"18",0.186286659720325,0.102083686607335,-0.758720169406194,0.5,"TB"
"2167121",58.5346903948784,0.440949477838195,921.050689989017,5.59886871164444,44.8351557666348,0.339445281500603,0.286388159,"TB",19,125473.851746576,55327.63,"TB19a",2.373157759,2.372630849,2.157609014,-2.336226463,2.157609014,2.153901501,337.2541067,5121.638122,"H01","TB19H01",0.5,"19",0.333972747832248,0.333225838910766,-0.543044942325318,0.5,"TB"
"2170001",58.8928333924179,0.429989957458988,943.12992775983,5.48390018994107,45.0378188264945,0.330862295293719,0.187276363,"TB",19,125412.238971054,53926,"TB19a",2.314336445,2.276417485,1.399385493,-2.34236598,1.399385493,1.303480531,336.286175,5122.949048,"H02","TB19H02",0.5,"19",0.145937367401829,0.115104548858845,-0.727517033444111,0.5,"TB"
"2172881",59.5074315173099,0.445247414546099,1094.96260804787,6.68163107015918,44.8853196407771,0.337074102047226,0.188717127,"TB",19,123165.744748692,54839.23,"TB19a",2.397425973,2.358646918,1.715289899,-2.568306684,1.715289899,1.551367715,338.59352,5118.237518,"H03","TB19H03",0.5,"19",0.234337530149156,0.190714749243501,-0.724188683703343,0.5,"TB"
"2175761",63.8621608217986,0.469356446834538,1101.47475773793,6.50426568748546,48.4646586358861,0.358166800568869,0.358088493,"TB",19,124260.40985128,58322.42,"TB19a",2.413710409,2.405537587,3.001202713,-2.457700729,3.001202713,2.912212126,337.443705,5125.39953,"H05","TB19H05",0.5,"19",0.47729533036789,0.464223005873136,-0.446009634606353,0.5,"TB"
"2178641",56.0548492810257,0.425627584605566,905.069529272049,5.9942567086296,42.7690991857718,0.324273379647314,0.39079237,"TB",19,124037.751028108,52793.89,"TB19a",2.346226599,2.328960501,2.537760785,-2.480119228,2.537760785,2.390071249,333.6072071,5119.525137,"H11","TB19H11",0.5,"19",0.404450682120083,0.378410847636976,-0.408053924224619,0.5,"TB"
"2181521",35.4517920884644,0.267379978450012,641.715175065612,4.06669027358694,26.7851466863129,0.202148140707674,0.45758152,"TB",19,122982.136697822,32882.96,"TB19a",2.336410376,2.316765774,2.806044521,-2.586954832,2.806044521,2.614892346,337.8379387,5123.758937,"H14","TB19H14",0.5,"19",0.448094557309319,0.417453813853177,-0.339531523384806,0.5,"TB"
"2184401",34.5079339753218,0.290776457939871,707.400445843903,5.59533947229012,25.739128750019,0.214725988456708,0.038048506,"TB",19,119809.56194605,34837.8,"TB19a",2.515989954,2.350833811,1.100756027,-2.913650036,1.100756027,1.026442886,333.4884993,5124.979054,"H15","TB19H15",0.5,"19",0.0416910720426936,0.0113347890839951,-1.41966239142151,0.5,"TB"
"2187281",53.4123103934357,0.40426668343448,950.290777744484,6.22446607789909,40.352742583595,0.305264726920826,0.434479713,"TB",19,122814.800636538,49649.93,"TB19a",2.29026618,2.286029869,2.285162551,-2.603974581,2.285162551,2.252951494,334.188499,5120.737399,"H16","TB19H16",0.5,"19",0.358917098275209,0.352751841473093,-0.362030497092978,0.5,"TB"
"2190161",54.672853261531,0.423398297109013,890.777075652134,6.1805717780226,41.6863309837321,0.321420254602925,0.213916063,"TB",19,123544.507233887,52308.53,"TB19a",2.389886943,2.290521116,1.828618154,-2.529925346,1.828618154,1.423240415,332.6898532,5123.195705,"H17","TB19H17",0.5,"19",0.262123027005151,0.153278267680054,-0.669756602944419,0.5,"TB"
"2193041",52.137099743929,0.424711290836933,712.183556395871,4.86731257380143,40.5761214690855,0.330313521658611,0.096540689,"TB",19,126911.05504585,53900.56,"TB19a",2.505793371,2.456164296,1.500622503,-2.193862677,1.500622503,1.352211865,338.7932727,5125.243759,"H18","TB19H18",0.5,"19",0.17627145474606,0.131044742339206,-1.01528960599557,0.5,"TB"
"2195921",41.6106231807295,0.288874816644762,739.598072381635,4.18794149715136,31.4475897743258,0.219448531523897,0.306605339,"TB",19,123639.007701807,35716.2,"TB19a",2.34050679,2.272539584,2.047723974,-2.520367622,2.047723974,1.677576844,336.7081854,5119.608162,"H20","TB19H20",0.5,"19",0.311271414878125,0.224682422826607,-0.513420286930924,0.5,"TB"
"2198801",59.3209225781594,0.456856208793393,839.260884368445,5.80669643377471,45.9055637080126,0.351654889978673,0.207526445,"TB",19,125459.787558498,57317.08,"TB19a",2.401374811,2.376615444,1.851242087,-2.337627649,1.851242087,1.724924743,337.7393212,5119.904077,"H23","TB19H23",0.5,"19",0.267463215172976,0.236770151923615,-0.682926553478231,0.5,"TB"
"2201681",58.5025257530275,0.410567859023851,1069.29678394542,5.638452351244,44.1527797640818,0.313588075498916,0.051204443,"TB",19,124385.110104377,51068.53,"TB19a",2.41564063,2.388125047,1.079988565,-2.445162773,1.079988565,1.064114875,339.9228803,5118.891658,"H27","TB19H27",0.5,"19",0.0334191571687169,0.0269885141297368,-1.29069235373772,0.5,"TB"
"2204561",82.9557509294032,0.594759261527508,1224.57991991229,6.86167964703076,63.9801862540135,0.462257940057286,0.103024483,"TB",19,126817.13040716,75425.66,"TB19a",2.505956781,2.428636394,1.558078218,-2.203117132,1.558078218,1.323031401,336.2861908,5124.091229,"H28","TB19H28",0.5,"19",0.192589256156254,0.121570151911757,-0.98705955618518,0.5,"TB"
"2207441",47.5183835421535,0.338037439007487,1039.23167415952,5.66564013493674,35.2109983196269,0.253097859955141,0.579023361,"TB",19,121662.366484468,41126.44,"TB19a",2.39683916,2.345274074,4.381190736,-2.721822262,4.381190736,3.584530027,335.8514961,5123.95625,"H31","TB19H31",0.5,"19",0.641592160685398,0.554432222748499,-0.237303914081329,0.5,"TB"
"2210321",36.4477556619309,0.266240858833691,572.983690991511,3.56110236639088,27.8910309156396,0.203889949760117,0.320197582,"TB",19,124750.503643571,33213.68,"TB19a",2.341529534,2.309141158,2.124221494,-2.408496618,2.124221494,1.919073427,338.2827504,5124.457219,"H33","TB19H33",0.5,"19",0.327199798947432,0.283091591895895,-0.494581952017039,0.5,"TB"
"2213201",81.4740883025573,0.606395881870715,1158.9684665047,7.34553718127417,62.9544308531623,0.469009457206139,0.219829082,"TB",19,126131.860071416,76485.84,"TB19a",2.40988149,2.292652626,1.980675066,-2.270845413,1.980675066,1.449989774,340.6558018,5119.550998,"H34","TB19H34",0.5,"19",0.29681323443919,0.16136493939978,-0.657914853693051,0.5,"TB"
"2216081",48.5737161247563,0.385830903052153,740.697292696972,5.34864116054452,37.2845915592984,0.294418064081944,0.343681097,"TB",19,124255.610529776,47941.66,"TB19a",2.432667203,2.39075536,3.104121301,-2.458183527,3.104121301,2.663424398,335.4446221,5125.321682,"H35","TB19H35",0.5,"19",0.491938684018377,0.425440373733046,-0.463844354084346,0.5,"TB"
"2218961",43.2169564617611,0.314770442407744,794.12206800433,4.75410181690249,32.5594178256704,0.238143416329938,0.494911432,"TB",19,123077.751658193,38741.24,"TB19a",2.230612085,2.189907747,2.082145558,-2.577240229,2.082145558,1.837767186,337.4360339,5118.94361,"H36","TB19H36",0.5,"19",0.318511086762671,0.264290492773873,-0.305472514268911,0.5,"TB"
"2221841",39.9533195701061,0.29575020825591,824.403802067801,4.91491691055148,29.7721794129407,0.221624636117907,0.571848154,"TB",19,121777.372676728,36015.68,"TB19a",2.327122179,2.303128575,3.307180004,-2.710011721,3.307180004,3.023170635,333.9156272,5126.209489,"H37","TB19H37",0.5,"19",0.519457833443012,0.480462660491586,-0.24271927651224,0.5,"TB"
"2224721",72.1308507012051,0.545618744779261,944.898292834799,5.97806072615269,56.2576500216187,0.426259691853252,0.085662127,"TB",19,127546.583866275,69591.81,"TB19a",2.609201296,2.501450757,1.824690791,-2.131422997,1.824690791,1.396662739,333.9079391,5118.445252,"H38","TB19H38",0.5,"19",0.261189280222685,0.145091546934204,-1.06721114622599,0.5,"TB"
"2227601",51.7706797863833,0.38651891537712,976.760603143319,5.69284902473041,38.9367172920148,0.293161509554136,0.018004179,"TB",19,123421.949152101,47704.92,"TB19a",2.664007901,2.378374509,1.078116417,-2.542331696,1.078116417,1.007515238,333.7260461,5123.662947,"H39","TB19H39",0.5,"19",0.0326656593023528,0.003251623278924,-1.7446266778972,0.5,"TB"
"2230481",77.1276296693863,0.547321006060856,1095.22464314128,6.12902120466829,59.6456545876677,0.426657421528889,0.09039402,"TB",19,127237.674726222,69639.85,"TB19a",2.451728694,2.392669232,1.303851607,-2.161733866,1.303851607,1.19512493,332.7201681,5122.279363,"H40","TB19H40",0.5,"19",0.115228166604284,0.0774133057642674,-1.04386029924703,0.5,"TB"
"2233361",60.6607297002557,0.440197656639138,899.289219913233,5.28921855419591,46.7482040481358,0.340741817979229,0.181390524,"TB",19,126245.61544533,55573.02,"TB19a",2.308949064,2.294353053,1.363670067,-2.259577036,1.363670067,1.327148062,338.4292882,5121.238342,"H41","TB19H41",0.5,"19",0.134709307700365,0.12291937721449,-0.741385404607809,0.5,"TB"
"2236241",72.2051239903589,0.531622662326691,973.375569603453,5.72370637436873,56.1922832849959,0.416052550363608,0.080516338,"TB",19,127794.735165467,67938.58,"TB19a",2.55270299,2.408246281,1.51206912,-2.107126951,1.51206912,1.177641396,339.0332925,5120.044235,"H42","TB19H42",0.5,"19",0.179571644173438,0.0710130634152904,-1.09411598567805,0.5,"TB"
"2239121",75.3919780498542,0.537474229765891,970.775265011824,5.65691027518366,58.8469029616384,0.421587349025491,0.05697751,"TB",19,128117.263240683,68859.73,"TB19a",2.584461167,2.419192098,1.356068198,-2.075619221,1.356068198,1.100991625,336.2431424,5117.957197,"H46","TB19H46",0.5,"19",0.132281531175812,0.0417840154021608,-1.24429653398192,0.5,"TB"
"2242001",56.0003428461409,0.415926933393165,1188.34593645829,7.31004724020622,41.6202229408663,0.309940849230688,0.379477262,"TB",19,121022.26162502,50336.42,"TB19a",2.284028744,2.188691157,2.014409523,-2.787762403,2.014409523,1.543902888,332.6797522,5123.79535,"H47","TB19H47",0.5,"19",0.304147765869712,0.188619979592907,-0.420814241596629,0.5,"TB"
"2244881",61.306522192536,0.464304741542547,1043.63929061208,6.63474413136753,46.5795411220588,0.35322635622116,0.350596428,"TB",19,123837.496100029,57498.34,"TB19a",2.252104127,2.250778927,1.732457465,-2.500316381,1.732457465,1.726113864,340.8377834,5120.781436,"H48","TB19H48",0.5,"19",0.238662580690739,0.237069440785817,-0.455192512964962,0.5,"TB"
"2247761",15.3324408197467,0.113516508741045,357.119621582749,2.14246432620248,11.2767321577075,0.0839896278391726,0.56019187,"TB",19,120067.706901488,13629.67,"TB19a",2.314815127,2.239420429,3.099763395,-2.886746168,3.099763395,2.366025853,334.8152934,5122.782933,"H50","TB19H50",0.5,"19",0.491328545393149,0.374019485750026,-0.251663198332441,0.5,"TB"
"2250641",63.1402091889807,0.465948733506869,1026.20295732895,6.41446225378817,48.1479648079933,0.355801694718924,0.09176445,"TB",19,124351.791030559,57941.56,"TB19a",2.336360023,2.329410782,1.129748989,-2.4485116,1.129748989,1.122859299,339.8445912,5122.959382,"H51","TB19H51",0.5,"19",0.0529819613580368,0.0503253399692124,-1.03732553403896,0.5,"TB"
"2253521",67.0347867319375,0.477504475166914,1286.20220626756,7.26543172476146,50.3088462778074,0.360994958442088,0.164083958,"TB",19,122976.732332139,58721.94,"TB19a",2.252432998,2.210398176,1.199826323,-2.587504148,1.199826323,1.144500713,335.8236329,5119.379738,"H52","TB19H52",0.5,"19",0.0791183856963216,0.0586160675670223,-0.784933876549812,0.5,"TB"
"2256401",44.9624749447689,0.374110262203215,516.863739284125,4.19570318357747,35.4620104057086,0.291589040251277,0.098574638,"TB",19,127216.317669863,47592.93,"TB19a",2.363495117,2.330962423,1.183050842,-2.163832188,1.183050842,1.1423094,338.4191694,5120.540054,"H54","TB19H54",0.5,"19",0.0730034089775381,0.0577837505942255,-1.00623480913063,0.5,"TB"
"2259281",34.4448945021516,0.263659634151143,534.991354901619,3.44163579549652,26.4181276945418,0.202406104797516,0.220896721,"TB",19,125088.909442595,32980.9,"TB19a",2.43813954,2.298595473,2.175680783,-2.374634266,2.175680783,1.47296124,334.421062,5124.600045,"H57","TB19H57",0.5,"19",0.337595175791137,0.168191318821182,-0.655810730765846,0.5,"TB"
"2262161",1888.89831554316,0.420633070352576,37179.4216099626,4.89811453487425,1408.54603565857,0.326620132346083,0.126750946,"TB",19,126686.2393281,53288.42,"TB19a",2.438966223,2.319404829,1.49591441,-2.216025352,1.49591441,1.207420884,335.3055639,5121.137147,"H65","TB19H65",0.5,"19",0.174906745715556,0.0818586833010571,-0.897048790645145,0.5,"TB"
"2265041",69.8602946251656,0.520515502036689,1025.31790456222,6.62355208129804,53.7607776367736,0.400608378474033,0.193935871,"TB",19,125443.492584775,65295.28,"TB19a",2.414135337,2.348430247,1.832200831,-2.33925128,1.832200831,1.537721903,335.0098562,5120.005353,"H67","TB19H67",0.5,"19",0.262973075780935,0.186877800411417,-0.712341854992776,0.5,"TB"
"2267921",74.8671693333652,0.5383671222571,1061.00929305846,6.07123224052894,57.9355347546935,0.419382966034366,0.156869411,"TB",19,127138.449768321,68447.16,"TB19a",2.370672691,2.247988642,1.440229413,-2.171485662,1.440229413,1.177792816,335.3636587,5118.751545,"H68","TB19H68",0.5,"19",0.15843167602882,0.071068900993097,-0.804461734099819,0.5,"TB"
"2270801",67.9081679278474,0.517332353443081,943.081349582189,6.2025862022507,52.6417373145502,0.400535866141331,0.247785568,"TB",19,126276.000128779,65326.66,"TB19a",2.365982597,2.350939472,1.8914974,-2.256568909,1.8914974,1.809580771,337.9440625,5122.162478,"H70","TB19H70",0.5,"19",0.276805748659993,0.257577972698001,-0.605923992231497,0.5,"TB"
"2273681",64.4184407195643,0.467563519960507,883.257480485609,5.36176334378192,49.9822089549873,0.363618529229886,0.055979967,"TB",19,126902.236973089,59334.86,"TB19a",2.52329115,2.449893119,1.219371985,-2.194731236,1.219371985,1.124458052,340.0164721,5124.797253,"J12","TB19J12",0.5,"19",0.0861362129102126,0.0509432586825175,-1.2519673618849,0.5,"TB"
"2276561",77.9233681505568,0.504893282838171,1375.93982195398,9.28027593846045,58.6215407471935,0.376844473524768,0.21969087,"TM",17,106223.724325503,53631.64504,"TM17a",2.401679825,2.292828286,1.930513044,-2.404461559,1.930513044,1.450067048,-87.47297348,-27.54013091,"TM01","TM17H01",0.5,"17",0.28567274039057,0.161388083547542,-0.658187991286182,0.5,"TM"
"2279441",110.79694560773,0.684055951685983,1687.91828551843,11.3409935450099,84.6276332285609,0.515862983608238,0.194408147,"TM",17,107448.288986952,73500.64171,"TM17a",2.375324914,2.307632896,1.647729875,-2.261183779,1.647729875,1.405934424,-85.06822081,-29.87201228,"TM02","TM17H02",0.5,"17",0.216886015970033,0.147965064667372,-0.71128553918852,0.5,"TM"
"2282321",20.7454626839754,0.163117955479829,382.699457548269,2.93856022126189,15.5151112973942,0.121993635637248,0.301892541,"TM",17,106461.199313814,17365.73318,"TM17a",2.301871506,2.288820444,1.801369636,-2.376547605,1.801369636,1.736085821,-87.30294046,-33.61273865,"TM03","TM17H03",0.5,"17",0.255602837974305,0.239571190117824,-0.520147617160933,0.5,"TM"
"2285201",85.572850692843,0.629583520053984,1405.3583836912,9.98580712557873,64.7431266616142,0.476890923515251,0.024150326,"TM",17,107978.212190451,67981.30287,"TM17a",2.67858227,2.326037245,1.153139506,-2.199686671,1.153139506,1.008744103,-88.10452468,-30.7545646,"TM04","TM17H04",0.5,"17",0.0618818511116786,0.00378100890282022,-1.61707700242611,0.5,"TM"
"2288081",92.486602755914,0.63628121399694,1494.98455533344,10.2980360492129,70.1512461911011,0.480991340739343,0.168788658,"TM",17,107736.057441309,68550.42947,"TM17a",2.395143135,2.32268861,1.588854623,-2.227750977,1.588854623,1.354407069,-86.69567969,-28.04213315,"TM05","TM17H05",0.5,"17",0.201084161954242,0.131749211801766,-0.772656739780904,0.5,"TM"
"2290961",85.938547657816,0.669063515855727,1570.98158794938,11.8157380643198,64.3460060076615,0.501379629707076,0.185698611,"TM",17,106696.771559419,71386.91718,"TM17a",2.415821442,2.298244793,1.786480588,-2.34891876,1.786480588,1.350617007,-85.35160918,-34.55196864,"TM06","TM17H06",0.5,"17",0.251998301495478,0.130532214064566,-0.7311913447109,0.5,"TM"
"2293841",107.245741806181,0.63963882673359,1502.81968760091,9.83772663340741,82.5940946121014,0.486001391007258,0.05626862,"TM",17,108348.193782903,69303.71173,"TM17a",2.596505844,2.388934084,1.379996823,-2.156929298,1.379996823,1.077446635,-87.4891671,-25.89647841,"TM07","TM17H07",0.5,"17",0.139878086578659,0.0323957691353548,-1.24973373588092,0.5,"TM"
"2296721",99.4915859270239,0.626129842073233,1658.07839865268,11.1581825313561,75.2937416088496,0.468781198420002,0.132621036,"TM",17,106589.394508039,66738.80069,"TM17a",2.377794228,2.305744222,1.347098162,-2.361504792,1.347098162,1.203086674,-85.56212625,-32.17960322,"TM08","TM17H08",0.5,"17",0.129399243578697,0.0802969163539501,-0.877387583818627,0.5,"TM"
"2299601",110.812438632577,0.701849638695708,1936.57557597384,13.0212670597727,83.4539215733398,0.523361596581136,0.275417099,"TM",17,106113.774067624,74475.91398,"TM17a",2.345110002,2.29482377,1.917590657,-2.417406784,1.917590657,1.661945475,-89.43240158,-29.12710573,"TM09","TM17H09",0.5,"17",0.282755905035178,0.220616771376452,-0.560009100495859,0.5,"TM"
"2302481",103.072975082965,0.65018009794684,1779.92716612822,11.7513549217172,77.7044227368585,0.486101467230424,0.064108676,"TM",17,106422.489966245,69193.7851,"TM17a",2.563346755,2.372414786,1.375134237,-2.381093438,1.375134237,1.087215287,-89.40001434,-31.75047227,"TM10","TM17H10",0.5,"17",0.138345094924686,0.0363155502486007,-1.19308319226042,0.5,"TM"
"2305361",89.8392345238769,0.57597420750711,1582.4320323903,10.7870690445619,67.6075434621497,0.429093248386271,0.262727048,"TM",17,106002.760912252,61054.85625,"TM17a",2.36994369,2.293614614,1.998771188,-2.430490767,1.998771188,1.608533875,-85.96696676,-29.45097814,"TM11","TM17H11",0.5,"17",0.300763080523002,0.206430211380769,-0.580495213881407,0.5,"TM"
"2308241",61.5137504570809,0.421768844029088,1145.19364798714,7.96723394920458,46.0249382052629,0.313942328730791,0.22364396,"TM",17,105901.579555553,44665.98708,"TM17a",2.3678164,2.332466867,1.769804518,-2.442427918,1.769804518,1.609048852,-89.89391977,-27.58871177,"TM12","TM17H12",0.5,"17",0.247925299445235,0.206569229824298,-0.650442826416396,0.5,"TM"
"2311121",99.87944701096,0.645614506976818,1380.42103408467,9.43923253836011,77.0297802905805,0.493032589896029,0.016750933,"TM",17,108959.658758916,70345.9366099999,"TM17a",2.805791627,2.411961539,1.207063065,-2.086583636,1.207063065,1.008597426,-89.18949726,-30.85982314,"TM13","TM17H13",0.5,"17",0.081729961121378,0.00371785547944726,-1.77596099845,0.5,"TM"
"2314001",104.727999935955,0.676243628324561,1549.99386527688,10.6816483405244,80.2070113972801,0.512446303463722,0.103963308,"TM",17,108027.803856717,73053.11413,"TM17a",2.548235551,2.254647115,1.751113837,-2.193947053,1.751113837,1.086162651,-86.65519564,-29.02184719,"TM14","TM17H14",0.5,"17",0.243314379763592,0.0358948649789053,-0.983119910170548,0.5,"TM"
"2316881",112.239180135605,0.691345640810547,2036.78430689169,13.5428644134467,84.231086067519,0.512734317822897,0.324675626,"TM",17,105474.835575021,72919.5678099999,"TM17a",2.348698257,2.308620971,2.19843695,-2.492900028,2.19843695,1.93558744,-87.63490968,-29.45097814,"TM15","TM17H15",0.5,"17",0.342114014800058,0.286812795314872,-0.488550313440609,0.5,"TM"
"2319761",87.0961169664675,0.464309622595706,1277.03000674972,8.0228668088008,66.7587399391485,0.348701794247178,0.205047894,"TM",17,106955.637258549,49660.53161,"TM17a",2.382223321,2.278930354,1.737971938,-2.318628224,1.737971938,1.362252322,-88.42030029,-32.46299158,"TM16","TM17H16",0.5,"17",0.240042759874362,0.134257556844766,-0.688144686892838,0.5,"TM"
"2322641",17.9259277414439,0.0818782789014056,292.650527667134,1.51466586372103,13.5951262440448,0.0610734676740226,0.259854757,"TM",17,106148.014670235,8691.21674999996,"TM17a",2.331441632,2.303874604,1.768346849,-2.413373957,1.768346849,1.640488703,-86.00745081,-28.04213315,"TM17","TM17H17",0.5,"17",0.247567452890188,0.2149732440231,-0.585269328408409,0.5,"TM"
"2325521",107.600495454297,0.728799253627984,1781.58927959766,12.6918087945742,81.4527078505179,0.546908970225796,0.12192154,"TM",17,106862.812842224,77881.5382799999,"TM17a",2.419471952,2.311747415,1.404923742,-2.329481406,1.404923742,1.182158119,-84.37189513,-34.17951537,"TM18","TM17H18",0.5,"17",0.147652751766078,0.0726755692833952,-0.91391956036407,0.5,"TM"
"2328401",109.792169766491,0.731870666965799,1934.53657747971,13.3650747014638,82.5976121102057,0.546612203985931,0.306887909,"TM",17,106300.50543293,77798.2216799999,"TM17a",2.33754956,2.252013789,2.030106576,-2.395429517,2.030106576,1.59133159,-85.93457952,-30.60072521,"TM19","TM17H19",0.5,"17",0.307518837988949,0.201760684173657,-0.513020221890829,0.5,"TM"
"2331281",101.759496974353,0.645486401206157,1457.33582184178,9.69642077112336,78.1697339272553,0.491601669518165,0.047703566,"TM",17,108632.296852377,70120.6706199999,"TM17a",2.608969101,2.460268084,1.311876496,-2.124195568,1.311876496,1.099685376,-82.64727453,-27.41058194,"TM20","TM17H20",0.5,"17",0.117892951175013,0.0412684496930109,-1.32144915479142,0.5,"TM"
"2334161",119.724236302763,0.732388698777838,2273.68189513012,14.9730079153603,89.4264969501816,0.540858400880096,0.094443947,"TM",17,104975.39332365,76882.79173,"TM17a",2.398710425,2.29888062,1.221334847,-2.552230351,1.221334847,1.101957393,-88.45268753,-25.96125289,"TM21","TM17H21",0.5,"17",0.0868347485212432,0.0421648029162085,-1.02482587118564,0.5,"TM"
"2337041",69.1728679490956,0.427584252254454,1173.29946091847,7.47730285447105,52.2154521041624,0.320736261334384,0.144463013,"TM",17,106813.402479614,45671.72885,"TM17a",2.445139515,2.323579498,1.640906249,-2.335262393,1.640906249,1.271135233,-85.61070711,-24.15161579,"TM22","TM17H22",0.5,"17",0.215083768923255,0.10419175655042,-0.840243331496853,0.5,"TM"
"2339921",105.516628719325,0.658769171054867,1823.287174405,12.4472369971424,79.573073073173,0.490340748112994,0.171704876,"TM",17,105898.690900017,69762.79293,"TM17a",2.268693185,2.258866362,1.245422147,-2.442768881,1.245422147,1.227935094,-84.17757168,-32.73018632,"TM23","TM17H23",0.5,"17",0.0953165843935474,0.0891754115424322,-0.765217371759143,0.5,"TM"
"2342801",86.9606364332711,0.581213528059799,1509.57194881996,10.5679713755687,65.5347935430451,0.434278981176597,0.291545354,"TM",17,106351.677508856,61813.03361,"TM17a",2.356490137,2.25441255,2.073092769,-2.389413581,2.073092769,1.552681911,-80.44089372,-28.83157215,"TM24","TM17H24",0.5,"17",0.316618736808443,0.191082493431777,-0.535293875005207,0.5,"TM"
"2345681",92.3080266319556,0.549678370257713,1537.24600582717,10.0585713378676,69.8749163316507,0.410454073541727,0.207989802,"TM",17,106276.28715427,58417.77634,"TM17a",2.398926368,2.336372525,1.84086924,-2.398277697,1.84086924,1.555555441,-86.25035512,-25.4187666,"TM26","TM17H26",0.5,"17",0.265022940941119,0.191885494256226,-0.681957958516579,0.5,"TM"
"2348561",76.6089545420325,0.508698135259708,1584.14818162362,10.6688372570384,56.7109060730848,0.374708149539019,0.213043159,"TM",17,104677.981869964,53249.49424,"TM17a",2.202736832,2.11816216,1.2207145,-2.587695038,1.2207145,1.114699312,-88.54984925,-24.19614824,"TM27","TM17H27",0.5,"17",0.0866141032790893,0.0471577330788825,-0.671532406810869,0.5,"TM"
"2351441",126.373400745597,0.796130629711274,1805.48299793783,12.1817829259538,97.1238038246314,0.6052159543751,0.107506978,"TM",17,108410.121805389,86308.61869,"TM17a",2.563574342,2.392008991,1.873596519,-2.149786778,1.873596519,1.265911948,-84.36987092,-28.37612657,"TM28","TM17H28",0.5,"17",0.272676070842882,0.10240349886647,-0.968563345901479,0.5,"TM"
"2354321",55.2324291982826,0.415524198692441,884.773905175362,6.68140629453635,41.9431200513085,0.314316986515865,0.091649956,"TM",17,107814.193688294,44799.40649,"TM17a",2.441433454,2.304662464,1.288626455,-2.21868856,1.288626455,1.100799947,-82.3881766,-28.98136314,"TM29","TM17H29",0.5,"17",0.110127042998674,0.041708399981545,-1.03786773920107,0.5,"TM"
"2357201",115.991533178175,0.741259081268785,1842.00586925343,12.4522236974598,88.1838442268539,0.558265803274626,0.211036662,"TM",17,107291.233038077,79530.6009,"TM17a",2.342792445,2.311365191,1.594310675,-2.279468254,1.594310675,1.478904725,-81.72423815,-28.6332003,"TM30","TM17H30",0.5,"17",0.202572954005703,0.16994019648536,-0.675642091047356,0.5,"TM"
"2360081",98.7230569904859,0.637509903236977,1732.36169696647,11.7736092743755,74.3178948102813,0.475601652343281,0.16266293,"TM",17,106167.717672051,67682.9715,"TM17a",2.364983465,2.247151744,1.449720157,-2.411053945,1.449720157,1.188880125,-81.44084979,-26.34989979,"TM31","TM17H31",0.5,"17",0.161284177407408,0.0751380668343412,-0.788711409145354,0.5,"TM"
"2362961",92.8140077531439,0.591967631731312,1645.89035567259,11.1817390012246,69.8047345767505,0.440631467668916,0.27329454,"TM",17,105902.167077362,62690.66,"TM17a",2.278008909,2.237696079,1.583840756,-2.442358569,1.583840756,1.441799915,-80.08868247,-31.44279348,"TM32","TM17H32",0.5,"17",0.19971151420608,0.158904995584109,-0.563369044749191,0.5,"TM"
"2365841",71.1669184977249,0.493051481063313,1306.9231870457,9.10882758506128,53.3117938803831,0.367818809017609,0.379440326,"TM",17,106163.710485393,52344.17491,"TM17a",2.325228141,2.282448196,2.303656536,-2.411525753,2.303656536,2.004325575,-84.69576754,-27.31342022,"TM33","TM17H33",0.5,"17",0.36241772837998,0.301968268064199,-0.420856515227521,0.5,"TM"
"2368721",113.344718962622,0.717415701953448,1637.95820611568,10.8134377967338,86.9824302926063,0.546198212418082,0.053727877,"TM",17,108591.489352508,77905.23974,"TM17a",2.572883059,2.417460521,1.295171259,-2.128892048,1.295171259,1.089023308,-84.16542646,-30.68574172,"TM34","TM17H34",0.5,"17",0.112327198472157,0.0370371749141393,-1.2698003197775,0.5,"TM"
"2371601",92.0181354057231,0.58924706827444,1512.3513750772,10.4488104169335,69.7273088483794,0.441386632252877,0.056917016,"TM",17,106648.304426916,62842.20082,"TM17a",2.534321375,2.383554383,1.245658432,-2.354598188,1.245658432,1.075833014,-83.0925991,-28.43078004,"TM35","TM17H35",0.5,"17",0.0953989721515584,0.0317448673096784,-1.24475787683625,0.5,"TM"
"2374481",69.7594490913722,0.44517793868685,1205.74473788476,7.82856035298407,52.5816833249074,0.333747095431798,0.211921409,"TM",17,106747.153981114,47521.47799,"TM17a",2.445809334,2.335254854,2.159332694,-2.343017629,2.159332694,1.568533043,-81.12507419,-28.05832677,"TM36","TM17H36",0.5,"17",0.334319560368985,0.195493672056021,-0.673825167211341,0.5,"TM"
"2377361",64.0687229930498,0.43260236460318,1150.35358366722,7.90054417050694,48.1191913393716,0.323095392519119,0.057832017,"TM",17,106299.660525854,45985.48441,"TM17a",2.435467381,2.308124436,1.118160607,-2.395528871,1.118160607,1.042487736,-82.91446927,-24.2366323,"TM37","TM17H37",0.5,"17",0.0485041879191807,0.0180709545629606,-1.23783166059811,0.5,"TM"
"2380241",87.6361663911109,0.529845786562839,1189.70896081871,7.42833287722875,67.6614456478079,0.406325412963819,0.112001757,"TM",17,109468.797942628,58001.58147,"TM17a",2.526233493,2.373717418,1.731246179,-2.028310539,1.731246179,1.249668095,-83.35169703,-31.79905313,"TM39","TM17H39",0.5,"17",0.23835882788662,0.0967946820878022,-0.950775164388572,0.5,"TM"
"2383121",126.741641841452,0.792307640519823,2018.37098015309,13.519106991995,96.3445822234889,0.595781639785928,0.141347115,"TM",17,107105.360165812,84860.39503,"TM17a",2.364660811,2.308290179,1.352642083,-2.301142213,1.352642083,1.232521608,-82.09669143,-32.98118744,"TM40","TM17H40",0.5,"17",0.13118289494085,0.0907945418664315,-0.849713051358168,0.5,"TM"
"2386001",30.2572883968479,0.218248105013997,528.408224414038,3.79715743563862,22.7682486900368,0.163794138756117,0.059639725,"TM",17,106873.953927362,23325.03791,"TM17a",2.609126111,2.358851901,1.45892235,-2.328178276,1.45892235,1.068052173,-79.78505208,-30.21207831,"TM41","TM17H41",0.5,"17",0.164032177524745,0.0285924679477596,-1.22446436775522,0.5,"TM"
"2388881",104.201893538011,0.625598991693866,1726.62842982193,11.19728814419,78.9117725004864,0.468180203628738,0.136811405,"TM",17,106537.927594063,66650.0203,"TM17a",2.436108618,2.315780532,1.551828808,-2.367541901,1.551828808,1.231905835,-85.81717577,-23.56054863,"TM42","TM17H42",0.5,"17",0.190843809807686,0.0905775122903894,-0.863877697044947,0.5,"TM"
"2391761",32.0889449338205,0.138248612007578,498.468076823342,2.72209123117479,24.4423548562157,0.102479094087527,0.246256385,"TM",17,105414.768064371,14573.4453,"TM17a",2.306017121,2.3048618,1.595663063,-2.500020759,1.595663063,1.59102289,-82.76872668,-33.68560994,"TM43","TM17H43",0.5,"17",0.202941191946964,0.201676427873596,-0.608612500183376,0.5,"TM"
"2394641",75.7110443995844,0.520021305550516,1357.71696650634,9.36970324303385,56.8502110195937,0.388910219088908,0.230308231,"TM",17,106459.241706246,55361.07388,"TM17a",2.354525377,2.338497554,1.73911487,-2.376777457,1.73911487,1.664883667,-82.38007979,-25.4187666,"TM44","TM17H44",0.5,"17",0.240328268465937,0.221383892770236,-0.637690540481266,0.5,"TM"
"2397521",103.072430356392,0.689467921426671,1858.64779226635,12.6640536950381,77.3516292480772,0.514643965073167,0.157713077,"TM",17,106231.948773544,73243.52094,"TM17a",2.376037695,2.279438219,1.461300812,-2.403493775,1.461300812,1.228165221,-84.47715366,-26.39848065,"TM46","TM17H46",0.5,"17",0.16473962561561,0.089256794933753,-0.802132295044711,0.5,"TM"
"2400401",76.8746970880352,0.53466508598449,1492.86387661887,10.7520827792961,57.2723981082019,0.39549357759899,0.427015811,"TM",17,105167.776845693,56229.53862,"TM17a",2.289808214,2.270427617,2.250033506,-2.529343148,2.250033506,2.11135015,-86.76045417,-26.38228703,"TM47","TM17H47",0.5,"17",0.352188985383613,0.324560263436748,-0.369556044171868,0.5,"TM"
"2403281",110.085917440887,0.672947577225155,1658.42055455469,10.848019511205,84.1483842026466,0.508912360349224,0.177418052,"TM",17,107783.920582765,72532.92817,"TM17a",2.409811751,2.185102094,1.70378629,-2.222198923,1.70378629,1.137343073,-83.86989289,-33.42651201,"TM48","TM17H48",0.5,"17",0.231415119248541,0.0558914868837165,-0.751002193494563,0.5,"TM"
"2406161",120.696259295497,0.746434664128817,2158.22970802736,14.2020420204607,90.685881375819,0.555206558698091,0.309357566,"TM",17,105816.919277437,78985.41663,"TM17a",2.316961576,2.281178238,1.916397771,-2.452424716,1.916397771,1.727593534,-82.64727453,-23.44314488,"TM49","TM17H49",0.5,"17",0.282485657049934,0.237441569910437,-0.509539257914974,0.5,"TM"
"2409041",91.9470130625166,0.58605122425593,1638.48670285809,10.7024650164075,69.0826254645746,0.437702917218301,0.224059056,"TM",17,106300.201111421,62297.36287,"TM17a",2.276925294,2.24288174,1.415933469,-2.395465301,1.415933469,1.325542035,-84.05611953,-25.60499324,"TM50","TM17H50",0.5,"17",0.151042847474518,0.122393504441113,-0.649637498118509,0.5,"TM"
"2411921",70.5571844003647,0.40558102591085,1122.64903826427,7.30498968256695,53.6570070268231,0.303334717402185,0.320147944,"TM",17,106463.673819621,43179.65,"TM17a",2.267501422,2.220974086,1.702026172,-2.376257066,1.702026172,1.512666087,-78.92274178,-27.44296918,"TM51","TM17H51",0.5,"17",0.230966233931759,0.179743070403902,-0.494649282883455,0.5,"TM"
"2414801",109.362613499721,0.676003086353628,1917.13310896893,12.7859188962611,82.3595263780047,0.503117055053757,0.194737912,"TM",17,105886.673618758,71579.71826,"TM17a",2.308951964,2.277755794,1.410949617,-2.444187451,1.410949617,1.328283503,-82.60679048,-29.94893198,"TM53","TM17H53",0.5,"17",0.149511505994215,0.123290778833254,-0.710549490855029,0.5,"TM"
"2417681",66.7742370560582,0.463774598734017,982.244400062599,5.92713023730599,51.4896440457369,0.356265940223679,0.151194428,"TM",18,86314.523648498,40030.48,"TM18a",2.481666036,2.328646157,1.874084063,-2.258599672,1.874084063,1.305197919,-86.4804012,-32.74185883,"H03","TM18H03",0.5,"18",0.27278906748998,0.115676372679784,-0.820464213685625,0.5,"TM"
"2420561",90.417648499009,0.632900719540059,1228.20270891552,8.14050245000409,70.2074473606563,0.485875639153547,0.16081125,"TM",18,86253.1965829829,54589.71,"TM18a",2.429378185,2.33379801,1.685121338,-2.267484165,1.685121338,1.353045789,-84.02191254,-29.35468007,"H05","TM18H05",0.5,"18",0.226631177923431,0.131312493991226,-0.79368357224169,0.5,"TM"
"2423441",101.087957174179,0.677846724599908,1821.97949153571,9.8843878050091,76.4032567449145,0.513890716447035,0.258590845,"TM",18,85058.8190922238,57656.84,"TM18a",2.290574384,2.247914653,1.580946948,-2.441785547,1.580946948,1.432309191,-87.30371416,-27.4876554,"H11","TM18H11",0.5,"18",0.198917296511949,0.156036778761417,-0.587386854692912,0.5,"TM"
"2426321",74.9235937085582,0.519425993977287,1295.44027099105,8.24063693128104,56.7665781818516,0.390482043249412,0.453508449,"TM",18,84265.6529659814,43769.77,"TM18a",2.258832015,2.247144855,2.131094687,-2.55889383,2.131094687,2.052678708,-86.45006001,-29.74056873,"H14","TM18H14",0.5,"18",0.328602746348667,0.312320977494131,-0.343414617490552,0.5,"TM"
"2429201",105.672816767195,0.723060722353431,1683.70982875006,8.73899655302526,80.8656000193041,0.558556601035998,0.07593491,"TM",18,86851.7156700207,62799.06,"TM18a",2.523914876,2.332453986,1.378584997,-2.181045042,1.378584997,1.087736584,-85.15253115,-25.983105,"H15","TM18H15",0.5,"18",0.139433547801308,0.0365237354667535,-1.11955851745431,0.5,"TM"
"2432081",116.653706842732,0.783872623241564,1974.38711499548,10.7611575862827,88.7284845061973,0.597867912148576,0.074504231,"TM",18,85630.9951512551,67123.79,"TM18a",2.532549102,2.328469194,1.38975951,-2.357981747,1.38975951,1.081935763,-80.2886458,-25.68880613,"H16","TM18H16",0.5,"18",0.142939654559054,0.0342014764796126,-1.12781906352315,0.5,"TM"
"2434961",98.7734046974179,0.682809295966253,1844.99746931308,9.94708533026936,74.4026808348778,0.517703237592541,0.370352521,"TM",18,85067.9998839248,58085.22,"TM18a",2.298183267,2.268061074,2.067962219,-2.440436437,2.067962219,1.884227756,-81.18401821,-27.96900993,"H17","TM18H17",0.5,"18",0.315542600074852,0.275133396968385,-0.431384694747603,0.5,"TM"
"2437841",95.4369295554902,0.663203367345419,1612.22674577096,9.20728294211447,72.563346880763,0.505265149177989,0.175873078,"TM",18,85524.3414354654,56720.03,"TM18a",2.417741171,2.35793147,1.731293652,-2.373560246,1.731293652,1.488127615,-85.38774645,-29.30011592,"H18","TM18H18",0.5,"18",0.23837073663739,0.172640175910028,-0.754800635647064,0.5,"TM"
"2440721",102.275582171676,0.718510007232877,1619.60250369831,9.90398700388857,78.2441124883022,0.547792642559919,0.19171578,"TM",18,85592.3635870356,61498.97,"TM18a",2.266522483,2.205476947,1.294108097,-2.363622269,1.294108097,1.18577882,-81.22004769,-31.96618263,"H19","TM18H19",0.5,"18",0.111970554516496,0.0740036888498327,-0.717342139157009,0.5,"TM"
"2443601",81.3797217986981,0.542732653858538,1139.88155498763,6.85269000605694,62.986118208366,0.417426038459761,0.111587982,"TM",18,86430.8107251396,46908.82,"TM18a",2.499759232,2.387730403,1.609550135,-2.241770405,1.609550135,1.275323606,-87.08745223,-28.8596729,"H20","TM18H20",0.5,"18",0.206704508834458,0.105620398470333,-0.952382576295706,0.5,"TM"
"2446481",107.790067601406,0.754334398985913,1705.25773040172,9.9237712659727,82.4950122532833,0.577794930649064,0.135313116,"TM",18,86037.2697271254,64900.87,"TM18a",2.388628132,2.195557234,1.388544793,-2.298815987,1.388544793,1.089158256,-83.81325652,-25.57773131,"H27","TM18H27",0.5,"18",0.142559894197153,0.037090987849468,-0.868660104878009,0.5,"TM"
"2449361",82.2537072287025,0.583208788420452,1163.06052417343,6.17281896805289,63.6863039242296,0.456540394139696,0.007781467,"TM",18,88141.7029555128,51405.01,"TM18a",2.817085655,2.334828459,1.052773918,-1.996750875,1.052773918,1.000980463,-83.2100101,-26.48201401,"H29","TM18H29",0.5,"18",0.0223351169528306,0.000425601061641261,-2.10893851998388,0.5,"TM"
"2452241",61.7387028197084,0.396375731417801,1187.69797945575,5.47390243374624,46.3190457571917,0.30214064677569,0.20447885,"TM",18,85574.567566668,33919.68,"TM18a",2.249226841,2.173380087,1.290231448,-2.366221489,1.290231448,1.163487193,-85.97203714,-24.38891619,"H31","TM18H31",0.5,"18",0.110667623146637,0.0657616071843806,-0.689351606010243,0.5,"TM"
"2455121",115.092897595973,0.793460432076213,1655.1219147625,9.89784316995612,88.8854192812423,0.61100511054481,0.206761956,"TM",18,86547.1982897869,68671.78,"TM18a",2.30533292,2.257427904,1.443532587,-2.224949252,1.443532587,1.314382505,-81.95987571,-31.52183828,"H33","TM18H33",0.5,"18",0.159426592300244,0.118721769817962,-0.684529367992118,0.5,"TM"
"2458001",54.8541946892922,0.357621904632514,1189.98530973091,5.20020788705669,40.6206437539656,0.271197417843483,0.31487599,"TM",18,85085.4090754526,30428.41,"TM18a",2.294606211,2.244436512,1.816305908,-2.43787857,1.816305908,1.585753215,-87.85003919,-29.841916,"H34","TM18H34",0.5,"18",0.259188995599099,0.200235600571058,-0.50186045402861,0.5,"TM"
"2460881",130.832407288533,0.87720921756902,2128.40320318113,11.4369608749351,99.9274784044793,0.672517421760084,0.115360608,"TM",18,86123.2780582995,75548.13,"TM18a",2.413065246,2.362800354,1.351510634,-2.286326433,1.351510634,1.242634238,-84.36432488,-27.79556958,"H35","TM18H35",0.5,"18",0.130819467178179,0.0943433154525536,-0.937942463699983,0.5,"TM"
"2463761",79.9296354651939,0.533767096334401,1349.0022562777,7.13229009081274,60.7831985767804,0.40821144439989,0.200783349,"TM",18,85888.5011362312,45844.46,"TM18a",2.370371351,2.278941698,1.659968887,-2.32044867,1.659968887,1.349290294,-82.45879249,-29.12860353,"H36","TM18H36",0.5,"18",0.220099948081715,0.130105396313354,-0.697272306154818,0.5,"TM"
"2466641",101.682488313924,0.719830267546611,1916.71221992687,10.4157155295317,76.5286137799352,0.54614165378706,0.185521678,"TM",18,85131.9538547078,61280.56,"TM18a",2.387261188,2.291512203,1.650705708,-2.43104249,1.650705708,1.333340587,-87.66794569,-24.94240689,"H37","TM18H37",0.5,"18",0.217669653042271,0.124941099272428,-0.731605336260728,0.5,"TM"
"2469521",28.7621189017471,0.192550814497239,363.248623067161,2.16942743094258,22.5130490454656,0.14979126244583,0.05810081,"TM",18,87531.7980555294,16854.32,"TM18a",2.635067882,2.271269706,1.526069231,-2.083546457,1.526069231,1.031728714,-83.53437836,-31.51404808,"H38","TM18H38",0.5,"18",0.183574236082342,0.0135655175419872,-1.23581781294395,0.5,"TM"
"2472401",94.73923456787,0.658178080660405,1490.88867619299,8.10457458541137,72.5859779693046,0.507488063446504,0.081368754,"TM",18,86671.9166684516,57045.55,"TM18a",2.516176629,2.404107017,1.40339933,-2.20694916,1.40339933,1.175458542,-80.56939091,-28.59849923,"H39","TM18H39",0.5,"18",0.14718126485535,0.0702073163208973,-1.08954233430631,0.5,"TM"
"2475281",42.9155220690493,0.254773831447539,760.48711460797,3.06283969451755,32.4621352892379,0.196915077710335,0.13855815,"TM",18,86903.2233185182,22140.67,"TM18a",2.388653698,2.30352466,1.404745538,-2.17363408,1.404745538,1.216322419,-85.41810503,-27.39020422,"H40","TM18H40",0.5,"18",0.147597661286563,0.0850487116408694,-0.858367923898865,0.5,"TM"
"2478161",54.5153095275632,0.362518306541997,1004.58852191772,5.03997075650126,41.0976153358209,0.276147574418454,0.047097319,"TM",18,85510.9228433097,30999.27,"TM18a",2.478956901,2.340502603,1.112804832,-2.375521624,1.112804832,1.036987248,-80.51249377,-24.79426654,"H42","TM18H42",0.5,"18",0.0464190027733326,0.0157734158323537,-1.32700381424362,0.5,"TM"
"2481041",59.3639870979587,0.389767008788005,1266.48951012407,5.76595297858141,44.0695374046803,0.295066273503164,0.235499876,"TM",18,84922.9662175006,33100.17,"TM18a",2.312253528,2.246232983,1.57775299,-2.461766056,1.57775299,1.363814595,-83.87775012,-26.77045197,"H44","TM18H44",0.5,"18",0.198039011879151,0.134755333779862,-0.628009317208248,0.5,"TM"
"2483921",92.23999530425,0.614061186563139,1458.14743807385,8.53488125370022,70.5331017760728,0.467771934786694,0.235544902,"TM",18,85513.3783554984,52510.45,"TM18a",2.369755081,2.334228748,1.844890313,-2.375162682,1.844890313,1.669933274,-82.44362069,-27.90957303,"H45","TM18H45",0.5,"18",0.265970550508679,0.222699118265818,-0.627926290946988,0.5,"TM"
"2486801",105.519498180477,0.742498597621357,1519.56543444225,8.74063722308447,81.5491139324661,0.575084933357293,0.045923094,"TM",18,87106.2745265712,64676.29,"TM18a",2.60363962,2.363196684,1.280323438,-2.144461635,1.280323438,1.042360113,-87.67552141,-28.34127038,"H46","TM18H46",0.5,"18",0.107319695893623,0.0180177842898783,-1.33796885968106,0.5,"TM"
"2489681",132.051722029962,0.913065141933837,2126.20640487225,12.6356904217272,100.882911506297,0.695846006853432,0.146719384,"TM",18,85554.7075694415,78117.02,"TM18a",2.33459827,2.315539303,1.302358035,-2.369122804,1.302358035,1.262569674,-85.06904244,-32.01102025,"H47","TM18H47",0.5,"18",0.114730393793929,0.101255353680842,-0.833512505051661,0.5,"TM"
"2492561",79.3095990056959,0.526248341871925,1309.69737716742,8.00234284182518,60.37811425907,0.397291429878561,0.268813715,"TM",18,84663.5007941618,44554.03,"TM18a",2.112157431,2.10371411,1.16933952,-2.50001581,1.16933952,1.158637489,-81.00949991,-26.49564881,"H48","TM18H48",0.5,"18",0.0679406277178585,0.0639475764696412,-0.570548577147718,0.5,"TM"
"2495441",110.499446912736,0.737777264187792,1786.74639295961,10.3221257280551,84.3216220183527,0.561645104289973,0.313473021,"TM",18,85450.8730347009,63043.71,"TM18a",2.32705425,2.286852431,1.996115084,-2.384302798,1.996115084,1.770935648,-87.35302132,-31.55693706,"H49","TM18H49",0.5,"18",0.300185576483088,0.248202780147571,-0.503799830702535,0.5,"TM"
"2498321",113.704404995119,0.784176163313884,2058.68431352032,11.1067065448175,85.9436852653917,0.596235140405526,0.242359027,"TM",18,85334.4764360236,66917.26,"TM18a",2.293351456,2.262859546,1.532267413,-2.401341235,1.532267413,1.430350896,-87.08366874,-25.92854293,"H54","TM18H54",0.5,"18",0.185334565463432,0.155442592361875,-0.61554079973624,0.5,"TM"
"2501201",57.1329615987998,0.40315228936006,873.246591896904,6.0769836702331,43.7868020766165,0.304892984256279,0.118693829,"TM",19,136638.214178171,55086.01,"TM19a",2.325879746,2.319833049,1.193198306,-2.391462088,1.193198306,1.184456893,-84.20422299,-26.04970428,"H01","TM19H01",0.5,"19",0.0767126281166304,0.0735192596785435,-0.925571859823128,0.5,"TM"
"2504081",72.8106985709353,0.517894640347164,1210.68021423513,7.92777173382484,55.3531778225098,0.391066522257687,0.25598979,"TM",19,136404.518576684,70643.17,"TM19a",2.342704076,2.325372092,1.807476125,-2.41285944,1.807476125,1.721226537,-82.75492753,-30.246769,"H02","TM19H02",0.5,"19",0.257072569397143,0.235838033194752,-0.591777355918954,0.5,"TM"
"2506961",32.3705576440827,0.218960378060008,460.859292358865,3.05289302025519,24.9562501192991,0.166890310928332,0.039413691,"TM",19,137827.484987851,30178.76,"TM19a",2.629464018,2.326405975,1.258443481,-2.283135414,1.258443481,1.023194364,-85.56546607,-31.43168696,"H03","TM19H03",0.5,"19",0.0998337153623197,0.00995813927900136,-1.40435289256721,0.5,"TM"
"2509841",67.9839432518707,0.477403127251491,1305.84818583602,7.82337857211935,50.9774754128658,0.35804247088464,0.338111639,"TM",19,135375.45791139,64628.67,"TM19a",2.367019922,2.316061991,2.416869636,-2.507519245,2.416869636,2.041737297,-87.63847653,-29.29885952,"H05","TM19H05",0.5,"19",0.383253225545122,0.309999862235333,-0.470939879022836,0.5,"TM"
"2512721",48.4547544659574,0.335407648254495,653.654628320339,3.83319631750595,37.5717030527176,0.260780039132557,0.027045965,"TM",19,140906.542757606,47261.13,"TM19a",2.748805579,2.414343274,1.319710215,-2.006959677,1.319710215,1.022701793,-81.14174851,-30.35589985,"H11","TM19H11",0.5,"19",0.120478578294588,0.009749017353974,-1.56789751831885,0.5,"TM"
"2515601",70.9039564705225,0.510585320264016,954.760740371927,7.29505397107636,54.9787056300291,0.388215168695031,0.204471111,"TM",19,137453.715362812,70181.85,"TM19a",2.338672904,2.317710082,1.548750596,-2.317079782,1.548750596,1.474732372,-84.3377724,-25.16102357,"H15","TM19H15",0.5,"19",0.189981486512101,0.168713213595969,-0.689368043253507,0.5,"TM"
"2518481",70.5329784418233,0.497640915210704,916.710600232342,6.46627702110766,54.9412915672222,0.381981607645246,0.085478544,"TM",19,138911.020209684,69127.81,"TM19a",2.462841945,2.343803228,1.298686862,-2.185250521,1.298686862,1.120305845,-83.87489008,-31.79494899,"H16","TM19H16",0.5,"19",0.113504447070307,0.0493366018337716,-1.06814288400623,0.5,"TM"
"2521361",43.7121617092936,0.33820225064416,759.667911294183,5.329693156302,33.0761035399908,0.25463852900006,0.292769194,"TM",19,135964.954025045,45983.65,"TM19a",2.313112517,2.304808351,1.821599981,-2.453205824,1.821599981,1.778624923,-85.63681473,-24.95522826,"H17","TM19H17",0.5,"19",0.260453013077225,0.25008437357817,-0.533474622899391,0.5,"TM"
"2524241",56.5504990411101,0.397790865180438,890.416608280741,5.96412744224721,43.2008879223936,0.300999510690994,0.134732962,"TM",19,136719.579483884,54385.8,"TM19a",2.411268527,2.354414672,1.452852024,-2.384020805,1.452852024,1.300857812,-87.38048293,-31.0824573,"H18","TM19H18",0.5,"19",0.162221382754379,0.11422982935291,-0.870526142484265,0.5,"TM"
"2527121",59.5739696340325,0.431928908569748,910.233254722478,6.41551542226789,45.670817725059,0.327137656685946,0.080150604,"TM",19,136862.116026795,59114.7,"TM19a",2.488180707,2.362031492,1.321096021,-2.37099576,1.321096021,1.122940195,-86.64597718,-31.39115445,"H25","TM19H25",0.5,"19",0.120934384514544,0.0503566274341148,-1.09609320053531,0.5,"TM"
"2530001",68.2148329751133,0.487304467459726,941.35477189171,6.05823939456518,52.8326455646108,0.375704142659333,0.159977555,"TM",19,139594.776043423,68025.16,"TM19a",2.392125623,2.323817283,1.528237405,-2.123873234,1.528237405,1.325385195,-81.42250264,-29.3456106,"H27","TM19H27",0.5,"19",0.184190825229664,0.122342115066218,-0.795940944990468,0.5,"TM"
"2532881",66.8584721712637,0.478157830649585,1072.26506262869,6.84647349160507,51.0289123311907,0.363481156612114,0.269668579,"TM",19,137420.821929724,65708.84,"TM19a",2.304122562,2.283164645,1.680808615,-2.320071459,1.680808615,1.591585777,-83.53952289,-27.09741032,"H28","TM19H28",0.5,"19",0.225518265383958,0.201830049475346,-0.569169653331607,0.5,"TM"
"2535761",70.4015605416654,0.481395530283663,1082.55550286086,6.78561264722162,53.9383479777624,0.366516513914345,0.084978342,"TM",19,137660.409831705,66269.1,"TM19a",2.490216283,2.38036058,1.360914197,-2.298297167,1.360914197,1.158318035,-86.80838037,-24.93652333,"H31","TM19H31",0.5,"19",0.133830744641902,0.0638278183570111,-1.07069174661995,0.5,"TM"
"2538641",62.7175743907885,0.446675036901859,951.020433365438,6.34269168716096,48.1382170597454,0.339831540898946,0.301314116,"TM",19,137547.93298086,61439.23,"TM19a",2.296887585,2.270375297,1.773563065,-2.308514595,1.773563065,1.64952254,-83.11764176,-25.97174605,"H33","TM19H33",0.5,"19",0.248846635883544,0.217358254364988,-0.520980521969845,0.5,"TM"
"2541521",51.393861510763,0.351625720656512,1032.87067357145,5.68256982572611,38.3232975060916,0.264079333599551,0.089077473,"TM",19,135584.985424237,47675.17,"TM19a",2.457428338,2.269036985,1.308736017,-2.488187313,1.308736017,1.071792319,-88.62186541,-28.63780901,"H35","TM19H35",0.5,"19",0.116852054555337,0.0301106403472007,-1.05023211177408,0.5,"TM"
"2544401",48.6840221552936,0.330172390655597,809.611501824659,4.57459160152495,36.9944573331365,0.251813953534716,0.088478088,"TM",19,137923.942336843,45538.68,"TM19a",2.483216452,2.374774094,1.368017379,-2.274390459,1.368017379,1.16344601,-83.93712437,-27.77717483,"H36","TM19H36",0.5,"19",0.136091614603293,0.0657462345474462,-1.05316427098537,0.5,"TM"
"2547281",58.1491593927609,0.409385295167702,901.878294167303,5.30728722760176,44.5272301351481,0.314310144611837,0.054380417,"TM",19,138946.48853154,56882.65,"TM19a",2.58702603,2.34058309,1.33441538,-2.182059288,1.33441538,1.049053553,-86.56098782,-32.8941167,"H37","TM19H37",0.5,"19",0.1252910388472,0.0207976590026501,-1.26455746647811,0.5,"TM"
"2550161",44.1524451289747,0.355875154349803,771.290917544889,5.88959282155955,33.4107279964775,0.266636194898666,0.434103966,"TM",19,135227.353305752,48124.06,"TM19a",2.290968546,2.287080845,2.28896553,-2.521202087,2.28896553,2.259306921,-86.55342364,-26.23992148,"H38","TM19H38",0.5,"19",0.359639252594373,0.353975232709846,-0.36240624640261,0.5,"TM"
"2553041",83.3675974791325,0.571115186240573,1032.06550123453,6.88341123493987,65.2656766187179,0.441688307181329,0.012800455,"TM",19,140076.535499971,79999.83,"TM19a",2.851003842,2.316677833,1.178430579,-2.080808401,1.178430579,1.002279871,-84.22090073,-30.54300109,"H39","TM19H39",0.5,"19",0.0713040034532575,0.000989008416849436,-1.89277459281485,0.5,"TM"
"2555921",54.5254442883426,0.402741218734273,932.403797156682,5.92741622679852,41.3412921063481,0.305310921585709,0.364190578,"TM",19,137001.545219053,55176.17,"TM19a",2.374589857,2.242643452,2.64233284,-2.358267784,2.64233284,1.730951959,-82.73822555,-32.80367619,"H40","TM19H40",0.5,"19",0.421987522389355,0.238285014593631,-0.438671294058779,0.5,"TM"
"2558801",39.5759883853331,0.276588959715021,624.492082296096,3.39969220309607,30.19382155005,0.213488536337811,0.081100464,"TM",19,139771.362059541,38659.22,"TM19a",2.527010832,2.261878373,1.433168872,-2.10807085,1.433168872,1.056487144,-82.29662546,-28.89659569,"H41","TM19H41",0.5,"19",0.15629736685003,0.0238642166520997,-1.09097666105317,0.5,"TM"
"2561681",79.8876188418797,0.537777780278199,1184.67516258668,7.67133287046187,61.4036055249766,0.408955686644018,0.142772198,"TM",19,137478.060197567,73932.65,"TM19a",2.415811981,2.357861895,1.515034071,-2.314866066,1.515034071,1.341608712,-83.96140386,-28.25737457,"H42","TM19H42",0.5,"19",0.180422399624404,0.127625869783809,-0.845356354399607,0.5,"TM"
"2564561",38.1786721799677,0.272331716982998,729.922876777914,4.13010823707884,28.6050021622467,0.205831622742899,0.237970829,"TM",19,136545.807304265,37185.75,"TM19a",2.366013091,2.324587294,1.837988175,-2.399918556,1.837988175,1.638601317,-85.25740795,-28.89036953,"H44","TM19H44",0.5,"19",0.264342712953918,0.214473299580867,-0.623476276476199,0.5,"TM"
"2567441",65.2136741151123,0.476748827877584,992.336505057685,7.1417907498098,49.9998687399968,0.360776366160265,0.259432793,"TM",19,136732.683896054,65187.15,"TM19a",2.31856294,2.308507029,1.704340127,-2.382822752,1.704340127,1.658895938,-82.06444243,-27.28137789,"H46","TM19H46",0.5,"19",0.231556269150664,0.219819143727896,-0.585975128796252,0.5,"TM"
"2570321",84.851678896158,0.573835232329901,1152.58259015955,7.35821314544468,65.8435140851748,0.441051078907022,0.171179891,"TM",19,139115.631373616,79829.45,"TM19a",2.379233079,2.331610398,1.540650846,-2.166851997,1.540650846,1.387205715,-86.41835764,-26.83237512,"H47","TM19H47",0.5,"19",0.187704226754338,0.142140869339064,-0.766547254499259,0.5,"TM"
"2573201",70.4792899543505,0.476107541851771,900.962492434046,6.28160178450755,54.9246774827015,0.364895679931574,0.123375416,"TM",19,138675.696216036,66024.54,"TM19a",2.465266531,2.403307718,1.568272174,-2.206444263,1.568272174,1.368110303,-86.74917975,-29.23025638,"H48","TM19H48",0.5,"19",0.195421436797774,0.136121113504764,-0.908771369955945,0.5,"TM"
"2576081",51.2114066125907,0.363902536107844,842.417832777894,5.60655874302956,38.9691477462651,0.274608608517381,0.202934265,"TM",19,136306.783955197,49602.38,"TM19a",2.344531848,2.342002958,1.564124224,-2.421818972,1.564124224,1.554469675,-85.33176652,-29.58572383,"H50","TM19H50",0.5,"19",0.194271242109568,0.191582254131784,-0.692644617116327,0.5,"TM"
"2578961",41.4068287415584,0.305901996598129,614.75848475665,4.33868182018826,31.7818713032881,0.23275818245453,0.103208542,"TM",19,137565.755692938,42081.64,"TM19a",2.428900456,2.290291423,1.324670418,-2.306895018,1.324670418,1.112782964,-81.36938034,-31.52521795,"H51","TM19H51",0.5,"19",0.122107837934149,0.046410468262362,-0.986284357069828,0.5,"TM"
"2581841",52.4212860826105,0.399331765123155,863.828184670448,5.93301136303396,39.9113620056601,0.302440481138352,0.179486752,"TM",19,136857.842809338,54651.68,"TM19a",2.387035729,2.352169538,1.615987033,-2.371386051,1.615987033,1.48517737,-87.84638988,-27.62907511,"H52","TM19H52",0.5,"19",0.208437871587614,0.171778323156463,-0.745967601378846,0.5,"TM"
"2584721",38.3988508084278,0.289962182522147,657.674142770766,3.74553014460396,29.0433875431287,0.222702124984367,0.10071969,"TM",19,139002.2544989,40305.4,"TM19a",2.4884632,2.387712057,1.476373424,-2.177043438,1.476373424,1.228937232,-82.53186065,-25.48842623,"H54","TM19H54",0.5,"19",0.169196218917258,0.0895297018513234,-0.996885619590986,0.5,"TM"
"2587601",43.8431562978501,0.306500050396677,667.049422974645,4.60810713125658,33.5991774272236,0.231857710603333,0.111018658,"TM",19,136677.614688099,41891.7,"TM19a",2.347708662,2.298189332,1.20187312,-2.387858152,1.20187312,1.137732306,-84.42121136,-33.08431814,"H57","TM19H57",0.5,"19",0.0798586222487936,0.0560400900880624,-0.954604026749405,0.5,"TM"
"2590481",1827.7609968848,0.260161744909875,32226.5675825528,3.83340133831102,1372.37969855797,0.197201196701609,0.094767094,"TM",19,136983.968040135,35637.99,"TM19a",2.39346124,2.325723361,1.214034759,-2.359871626,1.214034759,1.126835615,-84.62760163,-32.92529169,"H65","TM19H65",0.5,"19",0.084231121192116,0.0518605649320687,-1.02334243666035,0.5,"TM"
"2593361",72.5723331281326,0.483363519417102,1052.29061773128,7.22880471377591,55.8626375571332,0.365843044505455,0.147664785,"TM",19,136758.043531535,66103.85,"TM19a",2.371571082,2.317558537,1.399653666,-2.380504608,1.399653666,1.269627968,-85.15268452,-32.02725781,"H67","TM19H67",0.5,"19",0.146020585997808,0.103676480708265,-0.830723062600364,0.5,"TM"
"2596241",39.2132991385633,0.268290172494337,699.645733756863,4.13039097588673,29.6106958469802,0.202472627861775,0.058749914,"TM",19,136318.114562217,36572.81,"TM19a",2.5658996,2.35970885,1.3282786,-2.420779943,1.3282786,1.066557176,-88.7417563,-27.89100544,"H68","TM19H68",0.5,"19",0.123289175749447,0.0279841420692819,-1.23099276478989,0.5,"TM"
"2599121",69.5095865034314,0.47045651360548,968.87605902438,6.37805530808191,53.7620179467687,0.359586021781658,0.160446405,"TM",19,138257.55103594,65044.16,"TM19a",2.412068909,2.35360841,1.608022749,-2.244192123,1.608022749,1.405383853,-87.38959354,-29.64185837,"H70","TM19H70",0.5,"19",0.206292188501539,0.147794959452172,-0.794670009364075,0.5,"TM"
"2602001",59.5318972105501,0.403888814649233,922.890230757192,6.24799379207315,45.540482114199,0.304659092623362,0.103078365,"TM",19,136245.160757399,55027.9,"TM19a",2.42213255,2.388387595,1.30829623,-2.427471399,1.30829623,1.239950876,-87.07999981,-32.18629179,"J12","TM19J12",0.5,"19",0.116706089927404,0.0934044797551939,-0.98683247872328,0.5,"TM"
"12",58.9206698466159,0.413260985186211,3559.87221207687,20.2355439595059,39.3413124092292,0.278332096837164,0.166450622,"CB",17,96052.2133056282,39694.6323,"CB17a",2.392260868,2.322398133,1.281908139,-4.144006937,1.281908139,1.16609584,-685.4574718,2652.694566,"CB01","CB17H01",0.75,"17",0.107856904937254,0.0667342460255989,-0.778714577613574,0.75,"CB"
"2892",61.285606784538,0.429473675147168,5682.37851735882,32.4312035007815,39.2012738060462,0.276988557994016,0.141079743,"CB",17,91538.4116070175,39313.33805,"CB17a",2.252783586,2.228368974,1.069977196,-4.74567255,1.069977196,1.057463952,-681.7899008,2653.250961,"CB02","CB17H02",0.75,"17",0.0293745218376387,0.0242655715890935,-0.850535340142792,0.75,"CB"
"5772",38.9649782181213,0.279108177679895,1127.95698320242,6.91984470786784,27.9934936953819,0.201218596225153,0.276585617,"CB",17,103597.224417989,28914.83252,"CB17a",2.411909146,2.321590524,1.758283848,-3.198774363,1.758283848,1.409521401,-684.5765129,2650.603448,"CB03","CB17H03",0.75,"17",0.245088986590566,0.149071674223689,-0.558170407812914,0.75,"CB"
"8652",49.4560754705585,0.369582863369638,3193.43043428289,20.9373068472579,32.7991712259853,0.24531203717108,0.26202691,"CB",17,94508.742806795,34928.81178,"CB17a",2.431024996,2.418410111,1.789044158,-4.346501756,1.789044158,1.726692966,-685.1792742,2654.150467,"CB04","CB17H04",0.75,"17",0.252621060153206,0.237215119833502,-0.581654104617771,0.75,"CB"
"11532",60.4886200886193,0.426236441188467,4022.17851161757,23.0679216214476,40.0076880068754,0.284212202668999,0.142022443,"CB",17,94989.9510870249,40488.1787,"CB17a",2.475762807,2.359612977,1.392109133,-4.28301724,1.392109133,1.164883931,-688.0122526,2654.259427,"CB05","CB17H05",0.75,"17",0.143673282689679,0.0662826544285883,-0.847643021103595,0.75,"CB"
"14412",6.54360952017448,0.0296682290404163,590.285089430406,2.01743183116924,4.18755407298177,0.0193360976626102,0.369784532,"CB",17,92610.6791294156,2747.59484,"CB17a",2.429645857,2.320596185,2.309311102,-4.600100335,2.309311102,1.658088549,-683.472996,2654.340568,"CB06","CB17H06",0.75,"17",0.363482443432873,0.219607720011114,-0.432051259232939,0.75,"CB"
"17292",3.90941308547412,0.0258300229074405,100.19094304868,0.49695441991082,2.8359499958477,0.0191000079091189,0.286079738,"CB",17,106557.74251006,2752.38893000001,"CB17a",2.457916239,2.308491823,2.069009792,-2.846568322,2.069009792,1.395236294,-686.0092302,2650.135149,"CB07","CB17H07",0.75,"17",0.315762546055538,0.144647764950099,-0.543512900623293,0.75,"CB"
"20172",34.1473460449464,0.212951224503273,1340.15760909654,6.03035003713588,23.7624285506007,0.15149623367316,0.654125476,"CB",17,102078.133575916,21737.66354,"CB17a",2.401607207,2.318076552,3.426062015,-3.383424396,3.426062015,2.521932949,-685.8237652,2650.677634,"CB08","CB17H08",0.75,"17",0.534795219846228,0.401733535739676,-0.184338936220789,0.75,"CB"
"23052",45.8862508744746,0.340080391106359,2527.35383188133,15.3487300169522,30.9179878349365,0.230919409488537,0.873534032,"CB",17,96926.0842495651,32962.66064,"CB17a",2.258536606,2.23694337,2.612568896,-4.030797715,2.612568896,2.42235226,-682.8238684,2647.306807,"CB10","CB17H10",0.75,"17",0.41706775204087,0.384237298778173,-0.058720170678876,0.75,"CB"
"25932",29.5644948389485,0.189183127731548,990.902271177528,4.4344587849674,20.8791635982097,0.137155905450667,0.697976322,"CB",17,104245.041122191,19721.40293,"CB17a",2.306283882,2.276826605,2.555913125,-3.120852435,2.555913125,2.308761985,-685.5733874,2649.750309,"CB11","CB17H11",0.75,"17",0.407546088150559,0.363379162917537,-0.156159310040397,0.75,"CB"
"31692",57.4891904067456,0.443244027170488,1251.46703634559,8.93583061903146,42.5095532884478,0.326228290901196,0.263166519,"CB",17,106005.750624424,46986.41581,"CB17a",2.376949004,2.277273753,1.554265867,-2.911489292,1.554265867,1.271968746,-684.6275158,2648.11358,"CB13","CB17H13",0.75,"17",0.191525309635413,0.104476440238107,-0.579769364064405,0.75,"CB"
"34572",27.7679151047061,0.220626243351751,502.283418808416,3.93249899350217,20.9171029578892,0.164393240996581,0.168325222,"CB",17,107466.155566084,23709.85419,"CB17a",2.594896162,2.404009404,2.132874763,-2.740456514,2.132874763,1.313542093,-684.414231,2649.61121,"CB14","CB17H14",0.75,"17",0.328965355526872,0.118443994491496,-0.773850804079317,0.75,"CB"
"37452",61.1566180554768,0.438572551337927,4219.29796645491,26.0766195684442,40.2858015188446,0.289699933340711,0.035534055,"CB",17,94002.3169353207,41226.83597,"CB17a",2.737093575,2.473555455,1.231324486,-4.413663212,1.231324486,1.028420505,-686.4450731,2655.165888,"CB15","CB17H15",0.75,"17",0.0903725158957809,0.0121707271691634,-1.44935522978516,0.75,"CB"
"40332",25.6801894387644,0.194989854839584,1129.43500193527,7.28396894537096,17.6816755151767,0.134928701651096,0.188538988,"CB",17,98984.4000647044,19300.9538,"CB17a",2.427208171,2.321491423,1.450438674,-3.768127807,1.450438674,1.207532211,-683.2550746,2652.59256,"CB16","CB17H16",0.75,"17",0.161499371121147,0.0818987244115211,-0.724598828363088,0.75,"CB"
"43212",47.1976735031493,0.365795536672893,2212.30559760016,15.3079372837876,32.3182864844581,0.250264072338974,0.392564903,"CB",17,97743.1903767935,35754.02278,"CB17a",2.335300483,2.265875562,1.796636828,-3.92586193,1.796636828,1.500190605,-686.9180089,2648.479873,"CB17","CB17H17",0.75,"17",0.25446029773467,0.176146441349564,-0.406088530805245,0.75,"CB"
"46092",63.1119451366148,0.440510357390852,2979.07007579418,17.0095899551467,43.198403439155,0.303815750179441,0.077664247,"CB",17,98620.8619641009,43443.51115,"CB17a",2.67234403,2.379825655,1.561706053,-3.814120827,1.561706053,1.061266434,-684.5347833,2653.492066,"CB18","CB17H18",0.75,"17",0.193599293578753,0.0258244284725081,-1.10977886413464,0.75,"CB"
"48972",32.0367604261203,0.169632760319716,1955.94883345647,7.65501088513915,21.3402766776784,0.115184503108797,0.394022036,"CB",17,96927.4424881773,16442.06962,"CB17a",2.508696331,2.177545626,3.23955751,-4.030622552,3.23955751,1.26660669,-684.6692454,2646.963697,"CB19","CB17H19",0.75,"17",0.510485694129766,0.102641777566565,-0.404479489226228,0.75,"CB"
"51852",44.8180657662656,0.327153214130522,2065.19507986022,13.9888221718181,30.7389797645008,0.223344945264557,0.681412612,"CB",17,97509.6133314246,31900.58341,"CB17a",2.305002195,2.274962307,2.493450739,-3.955768947,2.493450739,2.250285361,-688.7819324,2646.755049,"CB20","CB17H20",0.75,"17",0.39680079264991,0.35223759493333,-0.166589832506743,0.75,"CB"
"54732",74.9133463320642,0.540511823207452,3141.51917096951,18.5690094267844,51.885057294054,0.377167946038531,0.100797604,"CB",17,99909.8133312683,54002.43536,"CB17a",2.536721495,2.412504495,1.335842442,-3.651807185,1.335842442,1.131002235,-682.9815136,2646.648406,"CB21","CB17H21",0.75,"17",0.125755237626683,0.0534634631457983,-0.996549791124084,0.75,"CB"
"57612",26.7829851640993,0.211002271691202,937.020916181724,5.85130991266788,18.869279334473,0.150424461831123,0.170897856,"CB",17,102315.971657381,21588.90245,"CB17a",2.573836991,2.444179816,2.017578447,-3.354333759,2.017578447,1.42981778,-683.3941733,2645.340878,"CB22","CB17H22",0.75,"17",0.304830429856006,0.15528069328114,-0.767263385688917,0.75,"CB"
"60492",47.1760861781938,0.34177468632975,3018.8070429509,19.7746196375062,31.3303870620163,0.226376322891116,0.181740441,"CB",17,94287.5370205406,32225.09339,"CB17a",2.202018493,2.037446445,1.075911119,-4.375793367,1.075911119,1.019847332,-685.0633586,2644.098262,"CB23","CB17H23",0.75,"17",0.0317763957521207,0.00853516408311059,-0.740548422450365,0.75,"CB"
"63372",49.4277133124238,0.355866896512348,3169.33838278694,18.7946505167678,32.7996110684834,0.237870648685348,0.378753534,"CB",17,95248.180716421,33895.67447,"CB17a",2.251133906,2.250922044,1.424705536,-4.249082168,1.424705536,1.424069084,-689.9967284,2645.688625,"CB24","CB17H24",0.75,"17",0.153725111849642,0.153531058171788,-0.421643306240031,0.75,"CB"
"66252",35.9467382475511,0.178549968496488,1983.56373033167,6.76718263821806,24.1728559917487,0.123373787722592,0.475605749,"CB",17,98825.1855689745,17645.23377,"CB17a",2.361338518,2.198047323,2.249653073,-3.788250003,2.249653073,1.429735209,-687.3306686,2647.41345,"CB25","CB17H25",0.75,"17",0.352115549178613,0.155255612347293,-0.322752904381592,0.75,"CB"
"69132",59.8427119156446,0.435161013439101,3183.33379428693,19.7451092984818,40.4689651205885,0.295322785205802,0.240525731,"CB",17,96868.602375151,42153.43918,"CB17a",2.383131394,2.148800307,1.4983417,-4.038213021,1.4983417,1.085031194,-685.1468179,2645.396517,"CB26","CB17H26",0.75,"17",0.175610866435472,0.0354422240714857,-0.61883845678054,0.75,"CB"
"72012",46.9308858563122,0.361084520183362,2983.61004849741,21.3329132473533,31.1715900723116,0.238667164332413,1.057029893,"CB",17,94068.9235660154,33966.83213,"CB17a",2.363959358,2.197784073,4.63691289,-4.404809302,4.63691289,2.479159345,-684.2148561,2644.830849,"CB27","CB17H27",0.75,"17",0.666228937226908,0.39430444142301,0.0240872694090099,0.75,"CB"
"74892",48.4075927766362,0.295268736683187,2913.39178804644,13.8983447230195,32.3339224775278,0.199650699873519,0.198865178,"CB",17,96474.461129843,28485.89226,"CB17a",2.376181289,2.306948978,1.342862775,-4.089177067,1.342862775,1.204832798,-690.7154054,2648.4706,"CB28","CB17H28",0.75,"17",0.128031635077361,0.0809267813969146,-0.701441256726833,0.75,"CB"
"77772",70.8236359982001,0.529352938819332,2162.54304422575,14.5068514019987,50.6123791899716,0.377824814231712,0.71725216,"CB",17,102450.560076156,54232.50506,"CB17a",2.373608186,2.347100252,3.350847975,-3.337901821,3.350847975,3.033861174,-684.1360334,2648.975992,"CB29","CB17H29",0.75,"17",0.525154724726855,0.481995704089092,-0.144328135205117,0.75,"CB"
"80652",17.1871044924538,0.133199222425005,634.124496465241,4.49034966675844,12.0577446658983,0.0931218884909874,0.203588372,"CB",17,100119.765019713,13335.87485,"CB17a",2.50950232,2.249208492,1.884641553,-3.625567095,1.884641553,1.137017521,-688.2950867,2649.472111,"CB30","CB17H30",0.75,"17",0.275228762309932,0.0557671570492028,-0.691247030463217,0.75,"CB"
"83532",57.843960096798,0.435066324989386,2530.5320746815,17.2113315525354,39.8708180248089,0.299335001033258,0.022662428,"CB",17,98355.7518983891,42791.27552,"CB17a",2.827199742,2.429354577,1.201759378,-3.847768251,1.201759378,1.008084658,-685.4760183,2646.23111,"CB31","CB17H31",0.75,"17",0.0798175198564449,0.00349700528252002,-1.64469356267591,0.75,"CB"
"86412",58.3752772963722,0.433042757785451,3195.60249504384,20.9105545164123,39.3633020178594,0.292062121292171,0.28976966,"CB",17,96201.1431920536,41659.20835,"CB17a",2.300792222,2.277891964,1.382392801,-4.124640576,1.382392801,1.324011763,-690.682949,2652.073258,"CB32","CB17H32",0.75,"17",0.140631463492662,0.12189184355028,-0.537947088790213,0.75,"CB"
"89292",66.7108181088532,0.475843837168685,3239.91632149538,19.3530388453187,45.5364062226824,0.32648550859468,0.622770149,"CB",17,98053.6064680812,46658.20435,"CB17a",2.361184444,2.221771576,2.820273979,-3.886226916,2.820273979,1.783488155,-689.6582547,2647.914205,"CB33","CB17H33",0.75,"17",0.450291300442791,0.251270229326057,-0.205672212473982,0.75,"CB"
"92172",65.6571066268172,0.472273064437346,3531.97051525392,21.3248927035894,44.3538638873123,0.320665133872596,0.191902228,"CB",17,96921.0548235119,45773.20357,"CB17a",2.461508995,2.381346854,1.587782163,-4.031446348,1.587782163,1.334486265,-686.8206397,2646.93124,"CB34","CB17H34",0.75,"17",0.200790918811173,0.125314108235624,-0.716919983042076,0.75,"CB"
"95052",38.4031308500325,0.243640213123266,2085.78632713469,11.2370347122159,25.9154314243964,0.165077022896737,0.365126102,"CB",17,96692.9703352419,23558.2959,"CB17a",2.397890507,2.272435129,2.060053806,-4.060897287,2.060053806,1.463737803,-691.9533844,2648.999176,"CB35","CB17H35",0.75,"17",0.313878563739893,0.165463289216634,-0.437557119256883,0.75,"CB"
"97932",62.3724388816843,0.459272654478344,1375.15464319214,9.15284863586191,46.0491162247774,0.338415269958827,0.172602827,"CB",17,106141.613689954,48747.94067,"CB17a",2.558132645,2.358721386,1.93614284,-2.895478831,1.93614284,1.234231785,-686.5841718,2650.928012,"CB36","CB17H36",0.75,"17",0.286937394467943,0.0913967265479503,-0.762952095408493,0.75,"CB"
"100812",64.1501879606202,0.467180398158816,4068.77471678004,25.3189402249318,42.6219444389879,0.311470165582431,0.609706533,"CB",17,94975.297304568,44370.59721,"CB17a",2.210636152,2.177934594,1.704519036,-4.284945722,1.704519036,1.565765021,-686.296701,2644.506285,"CB37","CB17H37",0.75,"17",0.23160185577529,0.194726586751197,-0.214879151491694,0.75,"CB"
"103692",38.0159539771215,0.306113821474773,1673.6934439095,13.238341377524,26.1725863249568,0.208744868284228,1.383123301,"CB",17,97386.9337437178,29811.48645,"CB17a",2.322328789,2.303735026,5.082098236,-3.97150545,5.082098236,4.719120607,-686.7789101,2650.135149,"CB39","CB17H39",0.75,"17",0.706043055625878,0.673861076788859,0.140860897793319,0.75,"CB"
"106572",64.5615137721138,0.46117802355167,3343.62810905983,20.3322416838443,43.7781202231964,0.313880886235019,0.023396408,"CB",17,97178.7109777115,44816.68586,"CB17a",2.806436469,2.322106389,1.182526183,-3.998260282,1.182526183,1.003539258,-688.2069908,2652.62038,"CB40","CB17H40",0.75,"17",0.0728107654830258,0.00153436655871234,-1.63085081376607,0.75,"CB"
"109452",50.1786165831659,0.368161801509614,2258.90748902939,14.747644272039,34.4948286541263,0.252987035561642,0.033950726,"CB",17,98219.335878211,36160.60764,"CB17a",2.625672703,2.378968235,1.089270102,-3.865117352,1.089270102,1.011909863,-689.4101952,2654.435619,"CB41","CB17H41",0.75,"17",0.0371355833951395,0.00514182896114157,-1.46915093436072,0.75,"CB"
"112332",30.127942427402,0.193569259181189,1646.31087653934,8.95636081785086,20.3229065364954,0.131109693158303,0.14230074,"CB",17,96658.529970849,18710.12004,"CB17a",2.533101784,2.401048961,1.586540543,-4.065350364,1.586540543,1.227118103,-687.7108719,2645.275965,"CB42","CB17H42",0.75,"17",0.200451174688056,0.0888863630634861,-0.846792841468203,0.75,"CB"
"115212",49.8807735488468,0.361716439036044,2887.2844509613,18.2342571069738,33.4445279664672,0.242909330137538,0.316306078,"CB",17,95742.3571411116,34631.58449,"CB17a",2.324416286,2.309106425,1.523550873,-4.184396041,1.523550873,1.470792875,-689.5330658,2652.564741,"CB43","CB17H43",0.75,"17",0.182856960360008,0.167551517337919,-0.499892462790253,0.75,"CB"
"118092",57.0636751621765,0.41044873291021,3173.32151746538,19.175510732312,38.4235761761449,0.277739755984603,0.256411408,"CB",17,96554.8995096293,39630.83616,"CB17a",2.427456886,2.322610926,1.745204672,-4.078759172,1.745204672,1.362087094,-688.5964674,2650.75182,"CB44","CB17H44",0.75,"17",0.24184636694434,0.134204877939691,-0.591062656527502,0.75,"CB"
"120972",63.7048352293817,0.462056591827364,2943.22897055316,18.0556062640356,43.698393636805,0.318296169549256,0.220439883,"CB",17,98490.2702286367,45508.07859,"CB17a",2.456935435,2.303872585,1.712355104,-3.830684041,1.712355104,1.241333943,-689.4727897,2649.532388,"CB46","CB17H46",0.75,"17",0.233593832605004,0.093888630888357,-0.65670982815132,0.75,"CB"
"123852",58.392568162635,0.421097309564227,2731.40675960231,17.3055004162729,39.993183372343,0.288622530141294,0.185519574,"CB",17,97940.3576638373,41242.42111,"CB17a",2.526014897,2.23399267,1.852291551,-3.900672363,1.852291551,1.101923829,-687.0988373,2646.296023,"CB47","CB17H47",0.75,"17",0.267709345750368,0.042151574744158,-0.731610261619216,0.75,"CB"
"126732",61.6616822413735,0.441874264898657,3519.22072805417,20.8446504603675,41.4033432095183,0.298715013009635,0.158759634,"CB",17,96451.0085233741,42619.21849,"CB17a",2.546720831,2.456616107,1.764894478,-4.092216143,1.764894478,1.414042139,-689.8854494,2650.928012,"CB48","CB17H48",0.75,"17",0.246718744289113,0.150462351796443,-0.799259910974017,0.75,"CB"
"129612",26.5511659999138,0.159403957015457,1529.88124915274,7.49525704631775,17.7987434096554,0.107794918150139,0.308361705,"CB",17,96485.770729698,15380.21365,"CB17a",2.323105986,2.25473558,1.497351855,-4.087711791,1.497351855,1.305120463,-687.7062353,2651.159843,"CB49","CB17H49",0.75,"17",0.175323864958724,0.115650599031916,-0.510939561684151,0.75,"CB"
"132492",58.6219041267057,0.419619981968368,3257.58999820649,19.6358269362811,39.4768628057366,0.283899605901469,0.088440841,"CB",17,96537.4852026319,40509.0578,"CB17a",2.589885777,2.377880329,1.392765104,-4.081013832,1.392765104,1.077560275,-690.3908416,2650.260338,"CB50","CB17H50",0.75,"17",0.143877876913054,0.0324415724455347,-1.05334713628868,0.75,"CB"
"135372",56.2349230354013,0.409674318928403,835.058705582544,5.53965074785903,43.1962636718032,0.31380676968199,0.014751985,"CB",17,110815.744635275,45398.36471,"CB17a",2.744751378,2.340142918,1.046332134,-2.356795292,1.046332134,1.001636371,-686.03705,2649.045542,"CB51","CB17H51",0.75,"17",0.0196695631809402,0.000710086071839663,-1.8311495378862,0.75,"CB"
"138252",58.6390078331301,0.453882202500585,1782.46163197557,12.4955883506226,41.9221549065641,0.323809607660922,0.216890546,"CB",17,102398.525066512,46476.86809,"CB17a",2.542560818,2.348781192,2.193828816,-3.344252229,2.193828816,1.326939135,-682.6754963,2650.176878,"CB53","CB17H53",0.75,"17",0.341202736653894,0.12285100278918,-0.663759377951295,0.75,"CB"
"141132",39.5872845330695,0.264781141912504,2294.48683132208,12.4102750629156,26.5950549532686,0.178962679140176,0.353391836,"CB",18,81891.7200197179,21683.38,"CB18a",2.365073601,2.202542614,1.820109413,-4.086195607,1.820109413,1.264292479,-689.6892724,2649.947545,"H03","CB18H03",0.75,"18",0.26009749569601,0.101847554422731,-0.451743487712969,0.75,"CB"
"144012",43.2806951755128,0.349838561858646,2366.13592257286,17.4055159382019,29.2282373339544,0.235044782027353,0.316299286,"CB",18,81350.3549717288,28459.49,"CB18a",2.35825805,2.310863171,1.658510314,-4.169104231,1.658510314,1.476584965,-689.8513646,2645.682342,"H05","CB18H05",0.75,"18",0.219718176669103,0.1692584420014,-0.4999017884403,0.75,"CB"
"146892",66.857555568963,0.43668592553085,2987.70733613279,14.7576374114999,46.1073745124746,0.304964500582943,0.326861655,"CB",18,84922.5372787521,37084.48,"CB18a",2.417366971,2.294286874,2.014129209,-3.63192526,2.014129209,1.448485152,-687.1450383,2648.10297,"H11","CB18H11",0.75,"18",0.304087327665343,0.160914047736179,-0.485636024658772,0.75,"CB"
"149772",21.7191627043109,0.192503536395593,833.474699338679,7.05860148804182,15.1659685045829,0.133344643486049,0.226378108,"CB",18,84156.184677607,16200.36,"CB18a",2.467259723,2.250283602,1.794540773,-3.745239023,1.794540773,1.168453729,-681.71099,2651.144159,"H14","CB18H14",0.75,"18",0.253953330202135,0.0676115189209247,-0.645165574102583,0.75,"CB"
"152652",41.9247072228459,0.309483035851883,1609.68594863069,9.96181857721836,29.3670489059385,0.217185850543156,0.751152051,"CB",18,85383.214583195,26424.66,"CB18a",2.344425055,2.267690558,3.130520394,-3.564300059,3.130520394,2.376623556,-683.4853023,2648.659244,"H15","CB18H15",0.75,"18",0.495616537372953,0.3759603973365,-0.124272142587975,0.75,"CB"
"155532",45.9460513573714,0.38669272353042,1875.54879475357,15.5058750204508,31.8944880095869,0.26547145466851,0.269206947,"CB",18,83323.8512373126,32220.73,"CB18a",2.397241643,2.36781696,1.659481758,-3.869483726,1.659481758,1.540492159,-683.6092008,2652.379229,"H16","CB18H16",0.75,"18",0.219972482750358,0.187659492129299,-0.569913737149259,0.75,"CB"
"158412",60.6482599215478,0.41863033638809,3286.66028262272,17.8981719779841,41.0240319791303,0.285560251763464,0.526936134,"CB",18,82732.3091031138,34634.26,"CB18a",2.412773879,2.365631812,2.940458949,-3.958541644,2.940458949,2.483149761,-683.2533336,2647.493556,"H17","CB18H17",0.75,"18",0.468415120705503,0.395002913036056,-0.278242019193885,0.75,"CB"
"161292",76.1321120189425,0.520044576008891,4411.57735439207,23.6768863819183,51.1542273611949,0.352514533439459,0.191980849,"CB",18,82156.3509764778,42724.97,"CB18a",2.443942375,2.27575496,1.521629027,-4.045867308,1.521629027,1.150958456,-685.2453983,2646.6428,"H18","CB18H18",0.75,"18",0.182308784389399,0.0610596479950633,-0.716742092069616,0.75,"CB"
"164172",37.7259232750449,0.221822232450821,2510.97093682438,9.88118444800822,24.9655779633129,0.150691770635274,0.192514258,"CB",18,82355.8557596346,18268.36,"CB18a",2.499204776,2.417355599,1.759119438,-4.015549667,1.759119438,1.435360199,-685.7348714,2646.232052,"H19","CB18H19",0.75,"18",0.245295327520765,0.15696089954272,-0.715537100226053,0.75,"CB"
"167052",53.6009923491492,0.378769594980898,3318.44767108462,18.4550279861349,35.7885540588651,0.255015164901192,0.498859687,"CB",18,81539.5479448596,30884.7,"CB18a",2.295603577,2.245154731,1.893677294,-4.140067278,1.893677294,1.643099196,-684.7702993,2652.205256,"H20","CB18H20",0.75,"18",0.277305971828819,0.215663783139867,-0.302021590109389,0.75,"CB"
"169932",37.5289024428625,0.264035088739638,2103.55602694223,10.9447693951879,25.2909611783477,0.180664160161289,0.175344987,"CB",18,83017.1275894869,21919.43,"CB18a",2.482171698,2.31672505,1.583678223,-3.915582408,1.583678223,1.175097647,-684.3918422,2653.623102,"H27","CB18H27",0.75,"18",0.199666944821929,0.0700739566428674,-0.756106645803914,0.75,"CB"
"172812",57.2038478270241,0.415235651551051,3427.73064193505,21.0314112467112,38.2916178776972,0.278485196206624,0.203547695,"CB",18,81189.1200913783,33712.62,"CB18a",2.40841527,2.403355094,1.449251412,-4.193903581,1.449251412,1.433519648,-689.0219789,2651.936186,"H29","CB18H29",0.75,"18",0.161143732174436,0.156403649817908,-0.691333811262714,0.75,"CB"
"175692",38.2281112692458,0.204863928805634,2312.86129496499,8.12266250191292,25.494968597384,0.140801429358965,0.198945814,"CB",18,83428.3178090158,17091.45,"CB18a",2.577752493,2.359977469,2.30195485,-3.853821773,2.30195485,1.304822979,-686.8006267,2645.802287,"H31","CB18H31",0.75,"18",0.362096801227677,0.115551596380644,-0.701265194370455,0.75,"CB"
"178572",53.9744878864267,0.387277447571454,3060.86569088311,17.0681151348839,36.3729845820065,0.263372683776028,0.822725441,"CB",18,82453.6915078391,31932.46,"CB18a",2.28070101,2.23514843,2.685833567,-4.000708937,2.685833567,2.292161866,-688.5906893,2646.822493,"H33","CB18H33",0.75,"18",0.429079097248193,0.36024528302853,-0.0847450728711717,0.75,"CB"
"181452",51.0980901132953,0.318354032825794,1623.16925101179,7.07737463058249,36.443024484546,0.231835015277583,0.505147883,"CB",18,88967.7271828333,28323.24,"CB18a",2.386043319,2.325744936,2.574132605,-3.050248095,2.574132605,2.099323671,-685.9285044,2650.344011,"H35","CB18H35",0.75,"18",0.410630915581732,0.322079402704534,-0.296581462734828,0.75,"CB"
"184332",50.7481371920092,0.328617036527704,3293.9593858686,15.7659381378048,33.7188964910884,0.221590918715352,0.173826071,"CB",18,81679.644499311,26841.32,"CB18a",2.427737511,2.355439639,1.393687563,-4.118608927,1.393687563,1.231454287,-688.1919196,2651.150797,"H36","CB18H36",0.75,"18",0.144165424498457,0.0904182949634874,-0.759885086101948,0.75,"CB"
"187212",60.250997153692,0.422286739574941,5363.38567197381,30.3765059893012,38.7751747202466,0.273450841561976,0.674640641,"CB",18,78085.3073984537,32974.39,"CB18a",2.285822697,2.17408481,2.315168354,-4.681145275,2.315168354,1.649627799,-682.6786283,2653.009242,"H37","CB18H37",0.75,"18",0.364582577451057,0.217385966592798,-0.170927500042167,0.75,"CB"
"190092",11.0626889158388,0.0812710252669835,582.887405125442,3.52210341850364,7.50515241892276,0.0553622789955462,1.387233098,"CB",18,82607.7666418638,6713.618,"CB18a",2.388647686,2.352720501,6.660273538,-3.977372905,6.660273538,5.758367431,-686.767076,2650.240695,"H38","CB18H38",0.75,"18",0.82349206604785,0.760299372970794,0.142149442089519,0.75,"CB"
"192972",9.64617528942568,0.0580304091342721,771.072561268716,3.07323517704358,6.26654128281428,0.0387459642786742,1.00828499,"CB",18,80787.8433038865,4688.152,"CB18a",2.369379195,2.343192059,4.529230371,-4.255837945,4.529230371,4.085889671,-683.7897392,2646.233569,"H39","CB18H39",0.75,"18",0.656024410837439,0.611286635443075,0.00358330204117355,0.75,"CB"
"195852",23.8947049153298,0.166510309009229,705.659980360418,3.94324992829093,17.2036805380367,0.120493790482521,0.226150536,"CB",18,88345.0754943026,14710.37,"CB18a",2.497193372,2.393848488,1.960202315,-3.138038463,1.960202315,1.484343595,-683.8083412,2649.939671,"H40","CB18H40",0.75,"18",0.292300897761403,0.171534442816548,-0.645602378594311,0.75,"CB"
"198732",36.3405257537368,0.282427721542061,2146.93391588784,14.6158696982309,24.3673905232079,0.189008112860177,0.519895571,"CB",18,80995.2707372363,22875.31,"CB18a",2.343302637,2.34085128,2.275192138,-4.223784608,2.275192138,2.256591133,-687.806809,2652.094083,"H42","CB18H42",0.75,"18",0.35701807833364,0.353452877302127,-0.284083882313398,0.75,"CB"
"201612",55.6281326423225,0.3869032463588,2985.42232707112,17.0633678805966,37.6562481702157,0.263100087939506,0.705983099,"CB",18,82447.3837844666,31899.16,"CB18a",2.252548012,2.209291043,2.149460872,-4.001665226,2.149460872,1.877822433,-689.6294597,2648.178907,"H44","CB18H44",0.75,"18",0.332329543786985,0.273654522959795,-0.151205695688843,0.75,"CB"
"204492",23.5371872801877,0.189802258974695,1159.24322590183,7.54309168351462,16.093388840406,0.130419170477071,1.156497517,"CB",18,83406.6538276061,15830.77,"CB18a",2.381260997,2.327415208,5.416574747,-3.857068092,5.416574747,4.37130792,-684.6392876,2648.542277,"H45","CB18H45",0.75,"18",0.73372474064888,0.640611399774205,0.06314470467745,0.75,"CB"
"207372",67.1132470846854,0.465684754673953,4407.25590472923,23.7679513681159,44.5377321751119,0.312080695416639,0.157236797,"CB",18,81120.0640365583,37776.38,"CB18a",2.472553279,2.396440561,1.455818658,-4.20454008,1.455818658,1.262675508,-689.2553657,2652.918432,"H46","CB18H46",0.75,"18",0.163107281065763,0.101291756579501,-0.803445811579204,0.75,"CB"
"210252",53.9467478648405,0.346888452769933,3690.922459407,17.5642867152216,35.6502889371647,0.232654058741352,0.123380129,"CB",18,81191.8849852277,28164.53,"CB18a",2.47076813,2.410907292,1.295793747,-4.193477901,1.295793747,1.188589958,-685.4390887,2652.798682,"H47","CB18H47",0.75,"18",0.112535879876982,0.0750320567285088,-0.908754780015537,0.75,"CB"
"213132",71.5460150821862,0.513220223439906,1179.75062465673,7.03967576102751,54.4872776231847,0.392232638552483,0.048359928,"CB",18,93871.5379278914,48176.77,"CB18a",2.672227171,2.432512155,1.247947176,-2.379578823,1.247947176,1.037253179,-686.0508417,2649.141528,"H48","CB18H48",0.75,"18",0.0961962026082318,0.0158847745398559,-1.31551435440403,0.75,"CB"
"216012",52.8636314566556,0.394886471304763,2324.38400368906,14.1648129163453,36.5338457271009,0.274134221476601,0.361087783,"CB",18,84361.8683616275,33313.36,"CB18a",2.423764599,2.295844579,2.221319987,-3.71472541,2.221319987,1.535446134,-682.7567245,2647.141304,"H49","CB18H49",0.75,"18",0.346611124319975,0.186234585274755,-0.442387205191124,0.75,"CB"
"218892",37.9879350517969,0.237080251340103,2307.68190397739,10.8014199458234,25.4004899877879,0.160694750365616,0.256664464,"CB",18,82150.0149418204,19476.15,"CB18a",2.374244352,2.295537673,1.522068407,-4.046831366,1.522068407,1.297757813,-688.1324929,2646.255372,"H54","CB18H54",0.75,"18",0.182434171563993,0.113193652178183,-0.590634256599454,0.75,"CB"
"221772",43.0143077951137,0.356016842017186,2271.41342731225,17.9587442889799,29.1181859833186,0.238866286975431,0.103500328,"CB",18,81225.8601198538,28917.77,"CB18a",2.57970978,2.38448762,1.477374908,-4.18824831,1.477374908,1.110473643,-687.8893702,2653.219578,"H61","CB18H61",0.75,"18",0.169490718612354,0.0455082550632395,-0.985058273894364,0.75,"CB"
"224652",66.9207267227916,0.391018663094446,3492.62857572895,19.8637754611716,45.5053142333354,0.261918424413589,0.111936058,"CB",19,85037.229800892,33251.14,"CB19a",2.521702501,2.352065772,1.361549423,-4.141459924,1.361549423,1.099202246,-688.8194902,2651.853902,"H01","CB19H01",0.75,"19",0.134033410454985,0.0410776071103167,-0.951029991506406,0.75,"CB"
"227542",71.6759739365555,0.456782111376896,3706.97277267908,23.3337975735002,48.8287141849672,0.305799272510063,0.739212394,"CB",19,84984.7695282655,38819.52,"CB19a",2.252703472,2.086061248,2.230275331,-4.149173672,2.230275331,1.411996469,-684.4066626,2646.3829,"H02","CB19H02",0.75,"19",0.348358480695178,0.149833610670648,-0.13123076013118,0.75,"CB"
"230432",68.562017749099,0.424975345857206,1882.30396863939,11.8369572882908,49.6922279623764,0.302295091687362,0.33556359,"CB",19,90909.1855483337,38634.16,"CB19a",2.394219154,2.247271833,1.912435713,-3.306811312,1.912435713,1.335202643,-683.4288744,2650.048271,"H03","CB19H03",0.75,"19",0.281586845154485,0.125547183347029,-0.474225167986138,0.75,"CB"
"233322",7.81764425436371,0.0489702809076881,165.035701197369,1.21360590495101,5.81629083131298,0.0352430171170868,0.533524867,"CB",19,92096.8070103914,4510.007,"CB19a",2.353026118,2.302124574,2.401844314,-3.144570978,2.401844314,2.03045969,-684.0396776,2649.140537,"H05","CB19H05",0.75,"19",0.380544853290869,0.307594372016482,-0.27284533378553,0.75,"CB"
"236212",28.5634489834534,0.184075595177633,1240.02481700501,8.77876858964293,19.7949739366569,0.124081623931217,0.56417014,"CB",19,85636.0328200392,15763.5,"CB19a",2.261760315,2.230243569,1.869752532,-4.053747668,1.869752532,1.708916001,-687.4703099,2651.463119,"H11","CB19H11",0.75,"19",0.271784130013074,0.232720716203045,-0.248589903604979,0.75,"CB"
"239102",54.8125815090768,0.362029469636362,1884.16177420505,13.6071860449923,38.8325655532864,0.249917390938293,1.321577658,"CB",19,87931.9839679775,31833.97,"CB19a",2.218154009,2.152721781,3.244964897,-3.723029325,3.244964897,2.555370937,-686.3000235,2648.730149,"H14","CB19H14",0.75,"19",0.511210003101979,0.407453951124097,0.12109268805036,0.75,"CB"
"241992",55.5111968881269,0.367674020539212,2662.62688868378,18.5251552945933,38.0318755356667,0.246483610526925,0.103200932,"CB",19,85114.8345594423,31294.51,"CB19a",2.547108101,2.408290487,1.377146558,-4.130057658,1.377146558,1.132500575,-687.9737551,2645.589823,"H15","CB19H15",0.75,"19",0.138980160985849,0.0540384311875306,-0.986316380609685,0.75,"CB"
"244882",37.0514556777046,0.220456021706705,1264.40487114216,7.18028994287926,26.27369653089,0.154381394152234,0.620371452,"CB",19,89342.5759819059,19696.11,"CB19a",2.303621596,2.154666106,2.296748518,-3.52409754,2.296748518,1.496128135,-687.0953263,2649.129581,"H17","CB19H17",0.75,"19",0.361113444814513,0.174968790012658,-0.207348195584631,0.75,"CB"
"247772",79.1726168851671,0.472160642977142,2739.25174859603,16.2806169590009,56.0845974404319,0.32876582773072,0.065124985,"CB",19,88778.3852031677,41917.66,"CB19a",2.640098587,2.316166342,1.331827803,-3.603284271,1.331827803,1.025813677,-688.2267334,2648.036348,"H18","CB19H18",0.75,"19",0.124448076905411,0.0110684851431012,-1.18625236372187,0.75,"CB"
"250662",66.669888864814,0.388307136836283,2515.50588830351,14.7425764577828,46.8103730459791,0.267787663016216,0.042711282,"CB",19,87833.646756742,34106.43,"CB19a",2.634351281,2.337664278,1.147726647,-3.737016306,1.147726647,1.013359074,-684.2192753,2652.719842,"H20","CB19H20",0.75,"19",0.0598384648602178,0.00576336068597771,-1.36945739281645,0.75,"CB"
"253552",83.7625926060854,0.498217653708697,3336.56951276128,19.740795748217,58.5172273914239,0.342120857571648,0.475941422,"CB",19,87417.8413907931,43553.11,"CB19a",2.29785104,2.235683978,1.843442084,-3.796331943,1.843442084,1.558839188,-685.5756685,2651.521246,"H23","CB19H23",0.75,"19",0.265629497790075,0.192801315082053,-0.32244649616114,0.75,"CB"
"256442",93.8820008521284,0.560650762927422,2456.60528332344,14.7685537803364,68.3923506828683,0.401035535106719,0.027447308,"CB",19,91474.5069501297,51285.25,"CB19a",2.74657024,2.331423421,1.154650255,-3.229320391,1.154650255,1.005258928,-682.5041053,2647.689994,"H25","CB19H25",0.75,"19",0.0624504558078705,0.00227793888901614,-1.56150024422214,0.75,"CB"
"259332",70.5458676741449,0.423569558501556,3847.3884085848,23.2611822963178,47.7692661880896,0.281519854864773,0.079191451,"CB",19,84304.1201693648,35708.66,"CB19a",2.592504072,2.443715815,1.330447673,-4.249690166,1.330447673,1.106069987,-688.0956756,2653.484502,"H27","CB19H27",0.75,"19",0.12399779826039,0.043782607986996,-1.10132169952064,0.75,"CB"
"262222",85.2711548425408,0.53087211360708,4184.48830216703,26.069866673517,58.3814229684878,0.356804248642142,0.333798611,"CB",19,85357.9841331406,45314.17,"CB19a",2.367745376,2.171924417,1.763467887,-4.094399519,1.763467887,1.189064844,-685.2474494,2645.202205,"H28","CB19H28",0.75,"19",0.246367555511487,0.0752055389109535,-0.476515474835593,0.75,"CB"
"265112",96.368149065303,0.600713244913064,1812.78812592502,10.9727538103893,72.6210070174039,0.445715111891803,0.023302469,"CB",19,95272.2505532279,57231.3,"CB19a",2.796728482,2.344988125,1.168126726,-2.720842048,1.168126726,1.004245431,-684.917491,2648.024048,"H31","CB19H31",0.75,"19",0.0674899604279662,0.00183986450527559,-1.63259806110841,0.75,"CB"
"268002",47.6458899419735,0.313374989622039,2114.43817956507,15.277622170437,32.8833380211444,0.210775526801305,0.583300899,"CB",19,85426.9654138258,26770.68,"CB19a",2.32908446,2.314454011,2.381373562,-4.084301837,2.381373562,2.266218406,-682.8623914,2647.054458,"H33","CB19H33",0.75,"19",0.376827527781926,0.355301762521985,-0.234107354222413,0.75,"CB"
"270892",63.1977637771353,0.375127035411641,3363.48659078068,19.6184487297741,42.8892314854267,0.250544416719206,0.17381386,"CB",19,84763.0666904826,31796.92,"CB19a",2.565077832,2.368221473,1.988244972,-4.181825482,1.988244972,1.254724806,-688.1414868,2652.530599,"H34","CB19H34",0.75,"19",0.298469892854749,0.0985484841109973,-0.759915595657657,0.75,"CB"
"273782",14.5102994715038,0.0927594722468194,729.69770451971,4.40685452932531,9.92821260889715,0.062551282512336,0.156170743,"CB",19,85672.5622463045,7946.942,"CB19a",2.487999448,2.337440982,1.501889749,-4.048416729,1.501889749,1.165729886,-686.5178859,2646.977879,"H35","CB19H35",0.75,"19",0.176638053068732,0.0665979306891969,-0.806400323491798,0.75,"CB"
"276672",13.6186322409271,0.0882986391752986,690.767770006688,5.45269177700305,9.28438777055454,0.0580020456387819,0.325632774,"CB",19,83212.3334926258,7347.536,"CB19a",2.305696103,2.243446137,1.482687449,-4.412629703,1.482687449,1.309211136,-681.9143692,2652.303972,"H36","CB19H36",0.75,"19",0.171049611257283,0.117009690710808,-0.487271891095361,0.75,"CB"
"279562",31.5846114374339,0.174052356572904,1771.28648468415,9.69377814103475,21.2887377046191,0.115519043712157,0.765315445,"CB",19,84172.5224436331,14650.43,"CB19a",2.283823696,2.274643916,2.553087394,-4.269217762,2.553087394,2.472365623,-681.944334,2646.944882,"H37","CB19H37",0.75,"19",0.40706568126815,0.393112696315517,-0.116159521989262,0.75,"CB"
"282452",73.1013422822703,0.443938114017369,4184.43348688599,25.1182281675958,49.2504454510252,0.294178392147223,0.394792018,"CB",19,84025.0642424916,37301.93,"CB19a",2.448108879,2.30467899,2.599725297,-4.291135175,2.599725297,1.657288068,-682.7501678,2652.892535,"H38","CB19H38",0.75,"19",0.414927460163152,0.219398003572782,-0.403631636583956,0.75,"CB"
"285342",72.4674541135109,0.441672005364255,3643.88921078895,22.5032654575256,49.4793313225299,0.295760587467993,0.22695636,"CB",19,85009.3569073614,37546.25,"CB19a",2.400323263,2.278669504,1.509609745,-4.145557756,1.509609745,1.210342563,-689.2572769,2645.501451,"H39","CB19H39",0.75,"19",0.178864690671757,0.0829083059899964,-0.644057642512658,0.75,"CB"
"288232",79.5785888844211,0.485069646148182,3257.05462474569,19.5646741989013,55.4580064667951,0.332500452704149,0.075736141,"CB",19,87245.2857771104,42320.04,"CB19a",2.683350232,2.302366643,1.580996386,-3.821030297,1.580996386,1.031044983,-686.636095,2645.872044,"H40","CB19H40",0.75,"19",0.198930877179488,0.0132776133363899,-1.12069682735227,0.75,"CB"
"291122",73.4832034004138,0.446007247485774,2822.67671618065,16.9566071658048,51.5422825231691,0.307536881175893,0.107721939,"CB",19,87820.1866915835,39168.44,"CB19a",2.599403551,2.209642827,1.58401297,-3.738932015,1.58401297,1.02907126,-689.3931668,2649.588613,"H41","CB19H41",0.75,"19",0.199758733299162,0.0124454493525546,-0.967695837868943,0.75,"CB"
"294012",42.9030334853111,0.291552862603647,1008.24888525095,6.85460398933706,31.6426863317234,0.210933616144683,0.468712784,"CB",19,92637.4941024577,27008.73,"CB19a",2.368814109,2.327915539,2.27971717,-3.071399857,2.27971717,1.996703974,-686.7223424,2649.977548,"H42","CB19H42",0.75,"19",0.357880970190163,0.300313682302855,-0.329093201067071,0.75,"CB"
"296902",69.7226716975276,0.428402580869085,3423.57777671868,20.2459484862565,47.678371763768,0.289040345543898,0.578720708,"CB",19,85722.6479016529,36723.8,"CB19a",2.291625257,2.225803601,2.089732755,-4.041111149,2.089732755,1.716817948,-687.9907947,2646.983717,"H44","CB19H44",0.75,"19",0.320090750010649,0.234724244857557,-0.23753097727145,0.75,"CB"
"299792",59.8802709974395,0.375659233337967,3196.53680230905,19.3043415434682,40.6476506548576,0.251340786337956,0.274942168,"CB",19,84928.5921086277,31904.21,"CB19a",2.37730787,2.369900165,1.596838777,-4.15743927,1.596838777,1.567571068,-689.2648452,2650.480521,"H46","CB19H46",0.75,"19",0.203261070306427,0.195227239289413,-0.560758647114409,0.75,"CB"
"302682",79.8870829526281,0.471519932580611,2997.26633945166,17.7932160145703,56.1287239835264,0.325371576102517,0.534122463,"CB",19,87893.073264543,41443.34,"CB19a",2.403434624,2.304188058,2.87560311,-3.728561913,2.87560311,2.045470033,-682.5403928,2649.795735,"H47","CB19H47",0.75,"19",0.458728944634555,0.310793121283391,-0.272359157002207,0.75,"CB"
"305572",71.5916991973259,0.44359110295366,2991.16119105335,18.473725078484,49.7784667237607,0.303096314899723,0.071821424,"CB",19,86935.5042588141,38563.82,"CB19a",2.632892229,2.349073929,1.373433278,-3.865492985,1.373433278,1.040973107,-684.4118185,2653.539933,"H48","CB19H48",0.75,"19",0.137807566049797,0.0174395098829019,-1.14374598838829,0.75,"CB"
"308462",66.7651221598785,0.415137830636143,2157.9295875682,13.5666764259037,47.6382264397556,0.290615778636355,0.276846529,"CB",19,89309.1839960395,37075.62,"CB19a",2.462141502,2.307441432,2.045077949,-3.528770316,2.045077949,1.370711496,-683.3656404,2648.159457,"H50","CB19H50",0.75,"19",0.310709865974365,0.136946055168617,-0.557760917142463,0.75,"CB"
"311352",46.0712655285223,0.256453416700986,909.482836729407,5.06214411598384,34.4858977182107,0.188812560622823,0.427202243,"CB",19,94454.895129135,24223.28,"CB19a",2.379110884,2.236950234,2.190522658,-2.828544148,2.190522658,1.471155247,-685.7140653,2648.940487,"H51","CB19H51",0.75,"19",0.340547749727606,0.167658505057801,-0.369366475736135,0.75,"CB"
"314242",35.4751417177763,0.246834767998085,1930.58031446807,11.857202002994,24.0267431185617,0.16626611069116,0.142210506,"CB",19,85567.2979187595,21120.99,"CB19a",2.573046351,2.30447099,1.764177985,-4.063784696,1.764177985,1.107357275,-689.7977764,2652.701242,"H52","CB19H52",0.75,"19",0.246542398258387,0.0442877631801664,-0.847068318308891,0.75,"CB"
"317132",55.2281053094121,0.31956549998833,2958.12033317718,17.6683860812792,37.4137718629389,0.212251702214651,0.070904503,"CB",19,84240.9489478153,26920.5,"CB19a",2.637459097,2.428324944,1.377417003,-4.259060245,1.377417003,1.075901818,-686.3652968,2653.87655,"H54","CB19H54",0.75,"19",0.139065439665345,0.0317726413616653,-1.14932618278658,0.75,"CB"
"320022",41.8486740383421,0.269555420581721,1307.1558838583,9.12551380818273,29.953072728645,0.188036490976581,0.403655163,"CB",19,88959.6363458406,23979.55,"CB19a",2.382098144,2.359852744,2.115778438,-3.577790119,2.115778438,1.972119868,-689.2668756,2647.052233,"H57","CB19H57",0.75,"19",0.325470186901893,0.294933308388584,-0.393989488249138,0.75,"CB"
"322912",466.166103453243,0.229475469827454,38386.9440027046,10.4632111745027,300.734646117116,0.155381170797062,0.58347105,"CB",19,86064.5236497396,19727.91,"CB19a",2.266025506,2.261151874,1.940641121,-3.991358278,1.940641121,1.912119082,-683.806314,2651.437324,"H65","CB19H65",0.75,"19",0.287945229577003,0.281514935557795,-0.233980687411512,0.75,"CB"
"325802",16.152390790904,0.100998877358459,656.372746856461,5.30367892858933,11.2371034961037,0.0674288065071117,0.804657332,"CB",19,84724.5961915961,8557.089,"CB19a",2.294329519,2.291125533,2.767170117,-4.18750001,2.767170117,2.735353432,-681.9412655,2651.103059,"H67","CB19H67",0.75,"19",0.442035859033741,0.437013449006025,-0.0943890270913955,0.75,"CB"
"328692",53.5819722091006,0.305325424633376,1397.67963199571,8.47478070185047,39.0292757932119,0.217260819810202,0.619631357,"CB",19,90944.3322754479,27767.62,"CB19a",2.388364894,2.21341518,3.103279346,-3.301979576,3.103279346,1.736070508,-685.9912586,2651.199474,"H68","CB19H68",0.75,"19",0.491820870964718,0.239567359442721,-0.207866612495331,0.75,"CB"
"331582",76.9360813304795,0.451900875319479,3999.48415430512,23.2269921234237,52.3305968951993,0.302345283172989,0.247307965,"CB",19,84926.661234873,38378.43,"CB19a",2.33842987,2.200134238,1.381128451,-4.157723464,1.381128451,1.134576394,-685.6043495,2652.663299,"H70","CB19H70",0.75,"19",0.140234071747541,0.0548337433903349,-0.606761896174717,0.75,"CB"
"334472",36.1998819349398,0.254704484006891,1694.08402352395,11.2340950885941,24.9299361372714,0.173037979076943,0.086566851,"CB",19,86382.7833883156,22002.08,"CB19a",2.656742234,2.4263817,1.603167515,-3.945219532,1.603167515,1.109548247,-685.6308612,2646.149757,"J12","CB19J12",0.75,"19",0.204978904162713,0.0451461916066017,-1.06264838031334,0.75,"CB"
"337362",86.4075110089449,0.538733494052666,2476.77151261548,15.2115765327615,62.055969203391,0.384590125076957,0.22534825,"GT",17,93590.961331747,50420.58561,"GT17a",2.449205593,2.401147933,1.70100711,-3.021374423,1.70100711,1.506499441,2112.494784,4837.942951,"GT01","GT17H01",0.75,"17",0.230706128913752,0.17796897486058,-0.647145810205803,0.75,"GT"
"340242",74.8968701177817,0.455697627080629,1848.46111805983,10.8434495943587,54.642905832324,0.330926749800626,0.270138874,"GT",17,95387.2932112263,43467.76317,"GT17a",2.334706492,2.292765826,1.431708383,-2.783729887,1.431708383,1.31932672,2111.022338,4847.95047,"GT02","GT17H02",0.75,"17",0.155854567866289,0.120352358186562,-0.568412914705979,0.75,"GT"
"343122",26.2423089633999,0.136092030804868,882.53382519969,5.46623878162116,18.5265984756964,0.0937888651568995,0.468444093,"GT",17,89996.9360995228,12247.8658,"GT17a",2.336605935,2.333975039,2.051107796,-3.510851741,2.051107796,2.034115341,2116.69324,4843.720383,"GT03","GT17H03",0.75,"17",0.311988485320957,0.308375575204042,-0.329342233058829,0.75,"GT"
"346002",110.777407436393,0.66934137384823,2388.01631617461,15.5137640294129,81.809387608217,0.48735440551787,0.155288198,"GT",17,95666.4252081917,64033.49648,"GT17a",2.459551798,2.364902456,1.407096513,-2.747204532,1.407096513,1.202475427,2111.567642,4848.096981,"GT04","GT17H04",0.75,"17",0.148323886792115,0.0800762101790542,-0.808861549669012,0.75,"GT"
"348882",63.7548992996035,0.423960068428271,1367.68745693115,8.55593538748039,47.1282766001515,0.312993180968729,0.239418506,"GT",17,97149.4441509376,41187.48499,"GT17a",2.45988571,2.393182657,1.82641722,-2.554916393,1.82641722,1.530084562,2109.344929,4844.185979,"GT05","GT17H05",0.75,"17",0.261599993157892,0.184715433298082,-0.620842283574305,0.75,"GT"
"351762",121.423472196053,0.783752940301302,3810.77347584315,25.638876345925,86.4017105867229,0.551329688295418,0.305792704,"GT",17,92072.8815923272,72162.39167,"GT17a",2.383393645,2.379637005,1.736886734,-3.225791388,1.736886734,1.718933396,2114.413847,4839.81343,"GT06","GT17H06",0.75,"17",0.239771498123167,0.235259049281548,-0.514572880762613,0.75,"GT"
"354642",118.782365205412,0.800220093111901,4129.96645950782,28.4036509240844,83.6699827727394,0.558337962261869,0.244291196,"GT",17,91241.7091853628,73013.44902,"GT17a",2.43975335,2.42311175,1.748395635,-3.339145445,1.748395635,1.670627962,2117.239809,4842.351938,"GT07","GT17H07",0.75,"17",0.242639713570429,0.222879746099335,-0.61209218426486,0.75,"GT"
"357522",116.61583723265,0.695956260081427,2227.45979337533,14.2327614886593,87.1884157281299,0.51311581399792,0.049906347,"GT",17,97006.2686440971,67512.11993,"GT17a",2.810916826,2.411214238,1.697470445,-2.573352051,1.697470445,1.033297525,2111.968459,4846.372253,"GT08","GT17H08",0.75,"17",0.229802221429621,0.0142253891490959,-1.30184421806823,0.75,"GT"
"360402",98.2797946703474,0.639727854674815,2890.06150451086,19.8490257141494,70.4010705569345,0.452402549973004,0.299763723,"GT",17,92615.6992493586,59248.84259,"GT17a",2.322972558,2.284821939,1.473927393,-3.152313751,1.473927393,1.361491871,2114.049468,4841.392406,"GT09","GT17H09",0.75,"17",0.168476090309937,0.134015052660645,-0.523220926038106,0.75,"GT"
"363282",43.6749222352235,0.305638441539205,990.934659354431,8.14486400483559,32.0329371803767,0.219454538596597,0.244132278,"GT",17,94194.4917171263,28789.45765,"GT17a",2.462268439,2.425120545,1.864750891,-2.941025752,1.864750891,1.678929937,2112.482638,4839.606949,"GT10","GT17H10",0.75,"17",0.27062082333505,0.225032573083154,-0.612374796451147,0.75,"GT"
"366162",119.423075710101,0.689708485240745,2890.87035979338,16.8696320961797,87.2353698501311,0.499488784833972,0.100614158,"GT",17,95096.1249042863,65588.60426,"GT17a",2.598782616,2.300906668,1.519781804,-2.821944307,1.519781804,1.053536075,2114.482674,4844.558455,"GT11","GT17H11",0.75,"17",0.1817812404968,0.0226494112352393,-0.997340902892,0.75,"GT"
"369042",9.00850658716515,0.0617297826093166,225.179741670624,1.59438440683661,6.55209158697785,0.0444620103088285,0.245507386,"GT",17,94522.2662928899,5834.83895000003,"GT17a",2.408252824,2.393141966,1.612009316,-2.89760421,1.612009316,1.552341959,2111.99275,4844.432947,"GT12","GT17H12",0.75,"17",0.207367547317523,0.190987396399044,-0.609935437753674,0.75,"GT"
"371922",76.8501321991585,0.506851919368116,1801.40144370415,13.7459746569037,56.2266487851097,0.363291994338607,0.074104959,"GT",17,94011.0704511175,47649.6915,"GT17a",2.66363459,2.45555251,1.48946628,-2.965390245,1.48946628,1.102658049,2114.389555,4847.679969,"GT13","GT17H13",0.75,"17",0.173030675677484,0.042440852007547,-1.13015272867015,0.75,"GT"
"374802",98.6228142268274,0.645547890232395,2086.6135085342,14.7665681274229,72.9981886993153,0.470649424469848,0.113441157,"GT",17,95806.488791614,61847.67671,"GT17a",2.574466785,2.427277903,1.536260407,-2.728916879,1.536260407,1.183142161,2109.940082,4837.785053,"GT14","GT17H14",0.75,"17",0.18646483792046,0.0730369306199081,-0.945229352716781,0.75,"GT"
"377682",48.0588927830261,0.341012706508449,1133.31624560029,8.04476387646123,35.1907889776506,0.247856586438929,0.079735931,"GT",17,95478.8028087549,32559.48496,"GT17a",2.649911752,2.459506094,1.502847607,-2.771743787,1.502847607,1.121721857,2114.021127,4843.91067,"GT15","GT17H15",0.75,"17",0.176914944130181,0.0498851822809516,-1.09834593056647,0.75,"GT"
"380562",88.2822572554245,0.555390412603139,1964.18266017058,12.4079552500242,65.0232410788937,0.4058750648863,0.131443308,"GT",17,96058.0423416882,53349.71577,"GT17a",2.463337274,2.309012041,1.313219381,-2.696139365,1.313219381,1.095772964,2108.296327,4838.890336,"GT16","GT17H16",0.75,"17",0.118337283590688,0.0397205808856397,-0.881261519657686,0.75,"GT"
"383442",56.9265629345561,0.306905390751736,1804.10597544774,10.1776680921583,40.4616524866375,0.215597795917974,0.221064635,"GT",17,91933.4413478053,28214.86874,"GT17a",2.453082047,2.332222188,1.697596724,-3.244736426,1.697596724,1.299476758,2114.417896,4838.165627,"GT17","GT17H17",0.75,"17",0.229834528462252,0.113768516262875,-0.655480728487805,0.75,"GT"
"386322",2.45336467449876,0.017653874102423,48.5917651207591,0.374110925031449,1.82639526302327,0.0129696472754776,0.047037891,"GT",17,96623.5042860043,1705.77918000005,"GT17a",2.777607609,2.323883617,1.505622211,-2.622771731,1.505622211,1.014440192,2113.28832,4845.696128,"GT18","GT17H18",0.75,"17",0.177716012860272,0.00622644757435531,-1.32755215860699,0.75,"GT"
"389202",95.1043034105144,0.635179998811028,2971.98993330005,21.2245003467005,67.6900960765549,0.445868637034147,0.225069848,"GT",17,91855.929420344,58345.04914,"GT17a",2.431405741,2.386377398,1.621365752,-3.255280008,1.621365752,1.456020498,2116.353153,4841.789174,"GT19","GT17H19",0.75,"17",0.209880995204939,0.163167489060553,-0.647682682362074,0.75,"GT"
"392082",105.100313796138,0.674524651864666,2477.62411650229,16.0510540667972,76.9763762021009,0.489836823275839,0.180084891,"GT",17,95386.9263371402,64340.83328,"GT17a",2.429024406,2.299438095,1.422087747,-2.783777964,1.422087747,1.160999852,2108.154624,4840.623161,"GT20","GT17H20",0.75,"17",0.152926394468424,0.0648321643763108,-0.744522722663991,0.75,"GT"
"394962",48.9903484644007,0.355634160021744,1239.79111465149,8.85432848842096,35.6116789943491,0.257094289611757,0.322423344,"GT",17,94908.6767084927,33752.76752,"GT17a",2.300382642,2.29465057,1.457416553,-2.846607928,1.457416553,1.439349659,2110.632402,4843.380296,"GT21","GT17H21",0.75,"17",0.163583697833027,0.158166309244323,-0.491573522067424,0.75,"GT"
"397842",114.166016218085,0.694114269773807,2384.67281888971,14.7323392537625,84.6307274015577,0.509860157229934,0.211860704,"GT",17,96606.6866509627,67056.07976,"GT17a",2.479527375,2.37853342,1.775850036,-2.624947586,1.775850036,1.389139841,2108.365154,4842.513884,"GT22","GT17H22",0.75,"17",0.249406288420319,0.142745967204619,-0.673949588917192,0.75,"GT"
"400722",21.589865151126,0.141228252927837,352.467398745746,2.4310330404706,16.3950480153116,0.105934845072178,0.07054716,"GT",17,98881.5186089968,13964.86412,"GT17a",2.690104312,2.363994564,1.541523791,-2.334017675,1.541523791,1.044674706,2106.705205,4844.45319,"GT23","GT17H23",0.75,"17",0.187950231767871,0.0189810795552227,-1.15152046484591,0.75,"GT"
"403602",94.0546969053441,0.609469873649711,2457.85173420763,16.4402901785404,68.1898085885888,0.437079760201234,0.044668986,"GT",17,94067.3019105629,57331.18661,"GT17a",2.700963205,2.352090388,1.266466037,-2.957915773,1.266466037,1.016449381,2115.806585,4844.218368,"GT24","GT17H24",0.75,"17",0.102593547745783,0.00708575572392566,-1.34999390603729,0.75,"GT"
"406482",110.583520327299,0.722625981399104,3639.00754483118,24.8243049971858,78.3389787199597,0.505849582799094,0.100943633,"GT",17,91573.8180515994,66173.62014,"GT17a",2.62611676,2.469437654,1.629377835,-3.29372955,1.629377835,1.20397479,2117.138593,4840.530042,"GT25","GT17H25",0.75,"17",0.212021804154159,0.0806173933350002,-0.995921068896371,0.75,"GT"
"409362",66.9855494042398,0.437145651265108,2147.27015898635,16.1604172700035,47.5067991103467,0.303771970352107,0.327532309,"GT",17,90830.3529386368,39706.09379,"GT17a",2.32420798,2.295061826,1.553770511,-3.395628156,1.553770511,1.452497973,2115.438157,4838.724342,"GT26","GT17H26",0.75,"17",0.191386874718292,0.162115534993157,-0.484745853142954,0.75,"GT"
"412242",56.0624713651714,0.350140486587333,1206.16085534129,8.7575444207582,41.3843825985304,0.253006981742824,0.368141928,"GT",17,94860.4204093251,33214.47376,"GT17a",2.385220527,2.299706563,1.99193136,-2.852965167,1.99193136,1.5675532,2109.563557,4840.331658,"GT27","GT17H27",0.75,"17",0.299274368983843,0.195222288944139,-0.43398471756536,0.75,"GT"
"415122",105.020361409645,0.696724037947106,2359.26898906753,15.9177784864341,77.282965713666,0.508022333388374,0.31594106,"GT",17,95819.467111695,66759.72604,"GT17a",2.411997325,2.367289798,1.931613123,-2.727223695,1.931613123,1.697930041,2109.288248,4841.088757,"GT28","GT17H28",0.75,"17",0.285920147249704,0.229919792248585,-0.500393929103916,0.75,"GT"
"418002",93.5938635190424,0.540818046303667,1995.96328684718,11.5703595104804,69.228116176173,0.396940839325348,0.26458462,"GT",17,96521.3316507743,52200.47801,"GT17a",2.465226948,2.417767348,1.995557252,-2.635996605,1.995557252,1.734810651,2111.058776,4846.424127,"GT29","GT17H29",0.75,"17",0.300064192090476,0.239252079868428,-0.57743540445412,0.75,"GT"
"420882",82.925695498199,0.541389509023709,1691.2685897206,11.4804394021334,61.6196709589219,0.397712412037492,0.273154114,"GT",17,96616.3774291188,52307.09314,"GT17a",2.38417093,2.366194102,1.618539592,-2.623693753,1.618539592,1.547489168,2108.63768,4847.46868,"GT30","GT17H30",0.75,"17",0.209123327388158,0.189627617760464,-0.563592254149788,0.75,"GT"
"423762",127.070799503867,0.811971517476772,3280.20707463686,21.7153390404659,92.20856543867,0.582803820246182,0.203420035,"GT",17,94157.1467033474,76452.92129,"GT17a",2.428565696,2.334055814,1.516402537,-2.945982573,1.516402537,1.261768087,2114.025176,4846.732584,"GT31","GT17H31",0.75,"17",0.180814502346443,0.100979538908394,-0.691606275299989,0.75,"GT"
"426642",90.3479701520636,0.59536947424433,2064.3704266537,14.5257492809151,66.3624779635922,0.431276249727224,0.045243922,"GT",17,95122.6007713635,56633.09281,"GT17a",2.751667605,2.419558268,1.394500047,-2.818464646,1.394500047,1.029389889,2114.786323,4842.785144,"GT32","GT17H32",0.75,"17",0.144418533239459,0.0125798981544148,-1.34443975500366,0.75,"GT"
"429522",94.5303323309049,0.614642530007837,2089.38533453352,14.2234711804612,69.6792941853243,0.44759835883968,0.129968834,"GT",17,95683.2296802665,58810.98237,"GT17a",2.549663668,2.428238053,1.566038293,-2.745009013,1.566038293,1.236537367,2111.442133,4838.598833,"GT33","GT17H33",0.75,"17",0.194802377284676,0.0922072448677173,-0.88616077726654,0.75,"GT"
"432402",100.567202704336,0.657677419688242,2143.59479236791,14.676363107198,74.3999024425608,0.480680557493642,0.287628307,"GT",17,96070.2406355242,63183.22797,"GT17a",2.411165128,2.405449259,1.802207728,-2.694552106,1.802207728,1.773013962,2109.563557,4844.78518,"GT34","GT17H34",0.75,"17",0.255804847644543,0.248712155564641,-0.541168375003543,0.75,"GT"
"435282",93.7645282364376,0.611709773295473,2377.02625333765,16.2328714457131,68.1700898764866,0.439404603780563,0.2832911,"GT",17,94238.5050666095,57646.61457,"GT17a",2.454858817,2.384218656,2.03380646,-2.935186362,2.03380646,1.656142359,2109.838865,4838.615028,"GT35","GT17H35",0.75,"17",0.308309622454366,0.219097665221119,-0.54776706925508,0.75,"GT"
"438162",109.307642085352,0.668920002941705,2310.88650762361,14.5158368124714,80.9092377393796,0.490265767711758,0.353957186,"GT",17,96369.0334666488,64463.17415,"GT17a",2.263664914,2.255994234,1.41356398,-2.655735566,1.41356398,1.39156981,2107.636396,4843.635362,"GT36","GT17H36",0.75,"17",0.15031547008208,0.143504998192372,-0.451049266246652,0.75,"GT"
"441042",103.699411475648,0.664571339550368,1919.63424944904,12.9260512416029,77.7968238506265,0.49244003998513,0.157953006,"GT",17,97548.3951111417,64827.86761,"GT17a",2.518659873,2.414815828,1.630226041,-2.503689384,1.630226041,1.303389142,2109.616189,4846.356059,"GT39","GT17H39",0.75,"17",0.212247826215517,0.115074098745566,-0.801472104631956,0.75,"GT"
"443922",19.24143477526,0.139982951330301,374.832867163494,3.11872836846779,14.3332800005933,0.102326726691448,0.152439853,"GT",17,96087.5238889785,13450.61518,"GT17a",2.579573439,2.318750555,1.887471934,-2.69230353,1.887471934,1.136988489,2111.207311,4842.141407,"GT40","GT17H40",0.75,"17",0.275880502553119,0.0557560678635596,-0.816901478696247,0.75,"GT"
"446802",82.4457514651944,0.572275398784573,1617.05658051671,11.7013090887046,61.4709147266653,0.421935741938318,0.057037906,"GT",17,97008.2008031559,55515.4068,"GT17a",2.599259767,2.330452191,1.192722709,-2.57310308,1.192722709,1.022337433,2112.211378,4845.190046,"GT41","GT17H41",0.75,"17",0.0765394881391149,0.00959426282693231,-1.24383642686829,0.75,"GT"
"449682",120.708574335589,0.748708495813754,2855.5941516314,18.0886968132253,88.3654475037823,0.542884554690889,0.236631416,"GT",17,95226.2686461295,71296.71636,"GT17a",2.445709136,2.346184583,1.740096373,-2.804849135,1.740096373,1.373392834,2111.676955,4840.521945,"GT42","GT17H42",0.75,"17",0.240573301790106,0.137794777030535,-0.625927597452362,0.75,"GT"
"452562",61.4309461724282,0.369266100389835,1234.37143801832,7.8548396331273,45.6644087166945,0.271183853915233,0.31369336,"GT",17,96583.0326486741,35664.83983,"GT17a",2.340684416,2.324234172,1.577263443,-2.628008567,1.577263443,1.515751919,2107.38538,4845.663738,"GT43","GT17H43",0.75,"17",0.197904237581169,0.180628126740805,-0.503494673989152,0.75,"GT"
"455442",68.1552394592344,0.44308171365864,1672.85501740156,11.8732381376371,49.7004631476788,0.31796511016718,0.23481602,"GT",17,94136.443333643,41710.13663,"GT17a",2.414387541,2.373407536,1.593403149,-2.948731388,1.593403149,1.44721227,2111.15063,4840.218296,"GT44","GT17H44",0.75,"17",0.202325671114958,0.160532235976345,-0.629272277269971,0.75,"GT"
"458322",96.9746132995502,0.620862029789923,1979.12628518267,13.8690138245312,72.0314397994645,0.453726587585674,0.201730471,"GT",17,96059.3045449725,59639.5748,"GT17a",2.439334232,2.338696051,1.548461127,-2.695975116,1.548461127,1.266955864,2110.948197,4843.773016,"GT46","GT17H46",0.75,"17",0.189900307179856,0.102761485952802,-0.695228497485455,0.75,"GT"
"461202",59.9560330676348,0.395593171319985,1047.60667300382,8.1596278383594,45.1584328928176,0.29141426451428,0.314368838,"GT",17,96914.1286541293,38338.5675,"GT17a",2.415368242,2.353296263,1.944454779,-2.585230636,1.944454779,1.630776812,2106.142442,4841.841807,"GT47","GT17H47",0.75,"17",0.288797847478782,0.212394527594908,-0.502560510200633,0.75,"GT"
"464082",90.7767712229859,0.598784632148903,2155.39197865736,15.0951513908223,66.4268982834445,0.432332754047066,0.219365393,"GT",17,94777.2904029498,56751.18497,"GT17a",2.426906803,2.416678885,1.578123935,-2.863924223,1.578123935,1.539129372,2112.405713,4843.222399,"GT48","GT17H48",0.75,"17",0.19814110671438,0.187275126124071,-0.658831885487867,0.75,"GT"
"466962",62.0294645457876,0.443075202625475,1277.06778505278,10.7092927575232,45.9375615940692,0.321257508377062,0.103446694,"GT",17,95221.6683533584,42190.36,"GT17a",2.534642608,2.38178699,1.346137598,-2.805453013,1.346137598,1.10803274,2113.770111,4840.647453,"GT49","GT17H49",0.75,"17",0.129089454388609,0.0445525930560101,-0.985283384171756,0.75,"GT"
"469842",12.8424789774002,0.0628223664988288,250.249435534787,1.39252388096209,9.58207238754922,0.0459462035981545,0.371714153,"GT",17,96141.9678469551,6039.86594000003,"GT17a",2.360587015,2.356674071,1.861479769,-2.685222936,1.861479769,1.840154016,2106.911687,4841.287141,"GT50","GT17H50",0.75,"17",0.269858320565473,0.264854173824569,-0.429790902846201,0.75,"GT"
"472722",99.5629994387585,0.63941202372085,2483.85110012298,15.946859658819,72.4966085832225,0.462163387574915,0.16055698,"GT",17,94890.6562108828,60674.22652,"GT17a",2.512069089,2.461640391,1.619066383,-2.848981553,1.619066383,1.437324462,2112.259962,4847.230568,"GT51","GT17H51",0.75,"17",0.209264655535068,0.157554816951364,-0.794370809315229,0.75,"GT"
"475602",122.601808888456,0.752727022106148,2588.81552833442,16.6921740832841,90.7559942062974,0.550495969715133,0.105627574,"GT",17,96137.3673254356,72365.19422,"GT17a",2.588298702,2.417542203,1.524128021,-2.685821092,1.524128021,1.148773051,2112.83892,4842.28311,"GT53","GT17H53",0.75,"17",0.183021447632687,0.0602342389288039,-0.976222694748753,0.75,"GT"
"478482",46.8448332862899,0.366036083958634,1449.65823893629,10.7673285166483,33.4039757784879,0.260181162429748,0.256170988,"GT",19,129442.694877466,47380.7,"GT19a",2.5327854,2.425016635,2.429744039,-3.011979818,2.429744039,1.732304011,2114.667893,4843.059911,"H01","GT19H01",0.75,"19",0.385560525324702,0.238624110957148,-0.591470056734028,0.75,"GT"
"481362",69.8556923249097,0.496057688659725,1614.80515516622,11.7364780887929,51.3176727408495,0.360364482445579,0.072031975,"GT",19,132613.049921145,65783.72,"GT19a",2.752116584,2.319943578,1.844812451,-2.709514618,1.844812451,1.032480529,2112.562588,4843.491238,"H02","GT19H02",0.75,"19",0.265952221098903,0.0138818702775025,-1.1424746774093,0.75,"GT"
"484242",71.1778680722751,0.448899038715789,1991.83145434316,13.481230990664,51.3256738384855,0.318420443975037,0.235734701,"GT",19,129145.090298811,57973.11,"GT19a",2.442004576,2.432734519,1.718000318,-3.040751934,1.718000318,1.675322492,2113.375956,4846.612217,"H03","GT19H03",0.75,"19",0.23502323988267,0.224098419143056,-0.627576483052471,0.75,"GT"
"487122",57.5237316814028,0.41196501187143,1426.17098791487,10.1325695634382,41.9599702210195,0.298115641098052,0.22332859,"GT",19,132042.468613758,54396.88,"GT19a",2.52620899,2.47035369,2.128031621,-2.763413191,2.128031621,1.793681228,2111.702127,4845.291814,"H05","GT19H05",0.75,"19",0.327978076970652,0.253745262999223,-0.651055676013025,0.75,"GT"
"490002",76.1256075419972,0.486310965741124,1519.23407697096,10.3152175825661,56.7843591104774,0.357164252430094,0.257926226,"GT",19,134232.44978759,65278.71,"GT19a",2.448724252,2.43670968,1.862938708,-2.557795763,1.862938708,1.798772986,2109.154715,4846.655968,"H11","GT19H11",0.75,"19",0.270198566535927,0.25497635670376,-0.588504496450649,0.75,"GT"
"492882",76.7714273466819,0.516932184322219,1600.15759705655,11.2371363059543,56.9867421413204,0.378723034407938,0.099733829,"GT",19,133866.935719494,69200.13,"GT19a",2.617496904,2.402749535,1.582300074,-2.591879606,1.582300074,1.118930189,2109.065761,4840.690459,"H14","GT19H14",0.75,"19",0.199288848393213,0.0488029913738765,-1.00115750712386,0.75,"GT"
"495762",15.2849207004934,0.094302668993889,354.899873462728,2.52337553192775,11.2010924748215,0.0676688116539588,0.093053102,"GT",19,130811.859532835,12335.91,"GT19a",2.655782746,2.36049253,1.673270532,-2.880456924,1.673270532,1.074411996,2113.823021,4841.964498,"H15","GT19H15",0.75,"19",0.223566162753437,0.0311708486624466,-1.03126914473603,0.75,"GT"
"498642",16.2680789152269,0.135224774625016,406.670251777095,2.9823645649845,11.8355464036029,0.0989273044059168,0.289297581,"GT",19,133651.94373677,18073.05,"GT19a",2.529136272,2.327143783,2.658366573,-2.611970901,2.658366573,1.459647861,2107.592762,4841.61253,"H17","GT19H17",0.75,"19",0.424614867372025,0.164248095188238,-0.538655197747606,0.75,"GT"
"501522",67.656421388034,0.447451438482849,1419.10876121124,9.91565859472371,50.1977646637578,0.327189003151988,0.086385012,"GT",19,133581.140386235,59771.07,"GT19a",2.791477136,2.412298097,2.407363098,-2.618594646,2.407363098,1.097583018,2111.821018,4846.381866,"H18","GT19H18",0.75,"19",0.381541599026605,0.0404373789330604,-1.06356160208526,0.75,"GT"
"504402",71.5860614020747,0.431089052420588,1532.46998088747,10.0515067391336,53.0414906348169,0.313625186242242,0.011296749,"GT",19,132828.377265619,57260.86,"GT19a",3.011260963,2.382496065,1.228927087,-2.689234495,1.228927087,1.001365028,2112.209167,4847.29293,"H20","GT19H20",0.75,"19",0.0895261166920574,0.000592419885103282,-1.94704652063159,0.75,"GT"
"507282",87.9471375657233,0.575372451309735,2604.81919302573,17.9578985294362,63.0566966598633,0.406563863602436,0.433590412,"GT",19,128593.643963274,73989.24,"GT19a",2.306953252,2.285857887,1.773979144,-3.094240904,1.773979144,1.673760933,2113.705821,4845.164195,"H23","GT19H23",0.75,"19",0.248948509690207,0.223693426839222,-0.362920329932612,0.75,"GT"
"510162",63.5354216354952,0.391482900794956,1445.4788738679,9.64731623009333,46.7719829342053,0.283239475581758,0.228491306,"GT",19,132014.281939401,51681.33,"GT19a",2.510237075,2.428480071,2.05768088,-2.76608181,2.05768088,1.624304958,2112.586507,4845.332411,"H25","GT19H25",0.75,"19",0.313378022126396,0.210667569944008,-0.641130320005762,0.75,"GT"
"513042",68.8488122704382,0.478648606271262,2011.80473269735,14.4887899361131,49.4161765872055,0.339254504342932,0.225670576,"GT",19,129031.663271988,61760.83,"GT19a",2.471433641,2.442771211,1.812310527,-3.051735401,1.812310527,1.673287653,2115.638271,4845.424341,"H27","GT19H27",0.75,"19",0.258232613102516,0.223570606456736,-0.646525062605321,0.75,"GT"
"515922",55.0861656996128,0.388941724228289,1737.46037050793,12.7148856259509,39.2158462518136,0.273559687218692,0.210138798,"GT",19,127933.353405906,49758.62,"GT19a",2.504741175,2.401421256,1.900832612,-3.158590078,1.900832612,1.451366904,2114.74947,4840.058164,"H28","GT19H28",0.75,"19",0.278943874421757,0.161777215497588,-0.677493756248379,0.75,"GT"
"518802",94.7875879430286,0.633821601197835,2112.40208005027,14.7940935570318,69.9050804474246,0.461068295091471,0.25931859,"GT",19,132812.842747726,84179.65,"GT19a",2.487874423,2.36693188,2.111525523,-2.690696478,2.111525523,1.504908751,2109.526691,4843.724698,"H31","GT19H31",0.75,"19",0.324596335313884,0.177510167611862,-0.586166348463875,0.75,"GT"
"521682",64.1283927040509,0.45696957569373,1806.36460846145,12.9961170158605,46.16723935449,0.325915495556847,0.359761477,"GT",19,129929.026171741,59373.61,"GT19a",2.400284764,2.393742393,2.052448934,-2.965103865,2.052448934,2.010571584,2111.00857,4838.632187,"H33","GT19H33",0.75,"19",0.312272360452669,0.303319540250544,-0.443985342441357,0.75,"GT"
"524562",67.4489918188063,0.399834378115419,1840.47290244367,12.0383669250324,48.7670530387389,0.283544836946747,0.212382317,"GT",19,129108.533496583,51622.03,"GT19a",2.454063847,2.387353933,1.658662611,-3.044290781,1.658662611,1.416127299,2112.840676,4838.594066,"H34","GT19H34",0.75,"19",0.219758055052444,0.151102294856799,-0.672881645542633,0.75,"GT"
"527442",16.4091072325075,0.115339287743758,462.998531153761,3.3639270722153,11.8117274072589,0.0820541762896668,0.19266057,"GT",19,129565.774874561,14944.02,"GT19a",2.520468615,2.486985243,1.871772411,-3.000099897,1.871772411,1.701457042,2114.788179,4845.014963,"H35","GT19H35",0.75,"19",0.272253041701434,0.23082098860205,-0.715207159156838,0.75,"GT"
"530322",25.3113684786741,0.155009447541665,530.40346119222,3.58409451592765,18.7658445930016,0.112866847665434,0.202506781,"GT",19,132952.23192419,20608.85,"GT19a",2.500298641,2.44591339,1.82722701,-2.67758441,1.82722701,1.577256295,2108.585426,4842.208996,"H36","GT19H36",0.75,"19",0.261792506337677,0.197902269397601,-0.693560429725486,0.75,"GT"
"533202",79.3482045111434,0.491927659437463,1879.41086202403,12.8125422876308,58.1567344599947,0.353946963455906,0.220522165,"GT",19,131204.813272357,64543.28,"GT19a",2.450305038,2.385486957,1.68221626,-2.842963696,1.68221626,1.437796401,2109.369126,4838.068317,"H37","GT19H37",0.75,"19",0.225881826472206,0.157697392178704,-0.656547752439196,0.75,"GT"
"536082",68.7699334270262,0.419193940302967,1920.56275813051,12.7573683205114,49.59522939177,0.296955068170185,0.149740696,"GT",19,128954.742883284,54057.05,"GT19a",2.48193125,2.323024189,1.44830257,-3.05918932,1.44830257,1.136964942,2115.902183,4844.486105,"H38","GT19H38",0.75,"19",0.160859301332362,0.055747073543776,-0.824660152587325,0.75,"GT"
"538962",62.1857318694625,0.379110540787522,1542.80339706173,10.1996357537585,45.4019558397502,0.271890688866343,0.23654294,"GT",19,130732.870515932,49562.21,"GT19a",2.456525326,2.423079634,1.793650349,-2.888007164,1.793650349,1.636685611,2111.313889,4843.339496,"H39","GT19H39",0.75,"19",0.25373778636707,0.213965264310728,-0.626090009631051,0.75,"GT"
"541842",72.9749801443727,0.497021673716997,1469.81996242456,10.1984997910828,54.3792545628056,0.366243214180088,0.227639914,"GT",19,134728.008537769,66962.74,"GT19a",2.525830916,2.400807491,2.157442433,-2.511733294,2.157442433,1.51387899,2108.67931,4844.142357,"H40","GT19H40",0.75,"19",0.333939216269524,0.180091161771969,-0.642751587135635,0.75,"GT"
"544722",38.1395245815699,0.238050429843147,1115.35916029933,7.47521418259546,27.3946802213446,0.168106249320739,0.276750326,"GT",19,128506.547625882,30591.04,"GT19a",2.459396446,2.367292105,2.026905039,-3.102710009,2.026905039,1.563593407,2113.970765,4840.906962,"H41","GT19H41",0.75,"19",0.306833402366241,0.194123830531279,-0.557911858868688,0.75,"GT"
"547602",89.9470284787834,0.601871345754557,2893.86296111439,20.415868557904,63.9289715950001,0.421762151454462,0.075766802,"GT",19,127409.548287869,76684.16,"GT19a",2.674358234,2.400686854,1.546806961,-3.20987463,1.546806961,1.069095536,2115.710439,4840.459398,"H42","GT19H42",0.75,"19",0.189436117834107,0.0290165161570749,-1.12052104326481,0.75,"GT"
"550482",85.4120411668115,0.574834916916673,2740.47223108296,19.2434545730625,60.7287284123023,0.403347626955294,0.175992489,"GT",19,127596.278760207,73346.8,"GT19a",2.481934651,2.424171676,1.586254197,-3.191568136,1.586254197,1.392038215,2115.84522,4842.127019,"H44","GT19H44",0.75,"19",0.200372784184891,0.143651157929583,-0.754505866591873,0.75,"GT"
"553362",42.948120296308,0.225679533395141,1005.57287736313,6.33746357416124,31.5179870849314,0.161161091748448,0.229181767,"GT",19,130112.083307915,29363.64,"GT19a",2.474399692,2.402080038,1.847961202,-2.947504997,1.847961202,1.524244627,2110.023976,4839.779279,"H46","GT19H46",0.75,"19",0.266692848954332,0.183054672797868,-0.639819936470205,0.75,"GT"
"556242",75.2129958324775,0.505818120951609,1937.30265902455,13.4968933411617,54.6744598462645,0.36306200050792,0.156955481,"GT",19,130852.64479153,66187.64,"GT19a",2.5557719,2.447835457,1.796854065,-2.876560211,1.796854065,1.381347225,2110.559986,4840.988606,"H47","GT19H47",0.75,"19",0.254512806469652,0.140302859568558,-0.804223513818716,0.75,"GT"
"559122",75.1644849996885,0.516031726956311,2281.15682928571,16.2180937583376,53.7347381645633,0.364379905886724,0.364182949,"GT",19,128494.425218963,66307.2,"GT19a",2.357955943,2.327581639,1.82071621,-3.103889227,1.82071621,1.672771586,2111.710878,4839.646265,"H50","GT19H50",0.75,"19",0.260242258790133,0.223436642867833,-0.438680391678283,0.75,"GT"
"562002",67.845281783502,0.46603119427486,1423.73923356453,10.0746286698435,50.3315665083213,0.341620510395932,0.073846102,"GT",19,133949.433014097,62424.61,"GT19a",2.65134844,2.399576291,1.446535613,-2.584178686,1.446535613,1.065157271,2108.743573,4839.329264,"H51","GT19H51",0.75,"19",0.160329130233565,0.0274137363050931,-1.13167242417829,0.75,"GT"
"564882",73.2677183650269,0.469974447322094,1513.54703177357,10.4221669116719,54.4410067925681,0.343634076093981,0.270314693,"GT",19,133570.610503804,62774.77,"GT19a",2.31601133,2.221428773,1.378322906,-2.61958003,1.378322906,1.187308376,2108.159196,4843.57839,"H52","GT19H52",0.75,"19",0.139350973642574,0.0745635315927963,-0.568130347511053,0.75,"GT"
"567762",65.2289121580303,0.453261235795918,1293.20395685108,9.28080131232888,48.6570525238754,0.334068282647386,0.094041586,"GT",19,134759.864149296,61081.42,"GT19a",2.674885002,2.433413049,1.77618677,-2.508778095,1.77618677,1.135409793,2109.798787,4845.850568,"H54","GT19H54",0.75,"19",0.249488630877053,0.0551526357300844,-1.0266800551613,0.75,"GT"
"570642",68.6199507674124,0.460718633062175,1752.3565468131,12.1823119274265,49.9375563032569,0.330991422045671,0.222939968,"GT",19,130984.797551819,60347.14,"GT19a",2.527394107,2.401974615,2.1333265,-2.863942385,2.1333265,1.500374611,2111.948683,4842.083971,"H57","GT19H57",0.75,"19",0.329057328162484,0.176199706507816,-0.651812065544771,0.75,"GT"
"573522",18.588574397369,0.108081170278034,406.335723622802,2.84390546710351,13.7083506403105,0.0776862006752194,0.210883141,"GT",19,131056.156993508,14164.7,"GT19a",2.544710875,2.423215193,2.160933975,-2.857134342,2.160933975,1.528327766,2111.821869,4840.96138,"H65","GT19H65",0.75,"19",0.33464149768786,0.184216503258101,-0.675958138436574,0.75,"GT"
"576402",55.0517394162911,0.37204726908926,1296.62776061415,8.9406784858555,40.4004475935412,0.269855479540615,0.203945637,"GT",19,132383.665630894,49252.98,"GT19a",2.469008497,2.439805797,1.681825586,-2.731154919,1.681825586,1.56019594,2110.654059,4845.096669,"H67","GT19H67",0.75,"19",0.225780955216168,0.193179143429535,-0.690485581090169,0.75,"GT"
"579282",38.3713468132199,0.309023109950163,941.772818506011,7.20172894234871,27.970366895451,0.224831280128189,0.407425642,"GT",19,132835.798094907,41049.33,"GT19a",2.400653296,2.391044702,2.265576184,-2.688536167,2.265576184,2.194398646,2108.540839,4845.583584,"H68","GT19H68",0.75,"19",0.355178670679632,0.34131552662577,-0.389951641441253,0.75,"GT"
"582162",75.8636753901486,0.458005042350819,1438.46818483236,9.51411607870248,56.8631298072728,0.33707830105718,0.156852007,"GT",19,134544.164347429,61621.91,"GT19a",2.563799273,2.396221017,1.838323523,-2.528801918,1.838323523,1.261096727,2111.129367,4846.49039,"H70","GT19H70",0.75,"19",0.264421944421914,0.100748398540796,-0.80450991991524,0.75,"GT"
"585042",69.9910082025234,0.477242724259289,2281.21861882767,16.0482339890578,49.6928889138792,0.334719395552281,0.349682808,"GT",19,127532.70186458,60864.05,"GT19a",2.384004664,2.30639946,1.910678159,-3.197798014,1.910678159,1.545969082,2113.2051,4839.906449,"J12","GT19J12",0.75,"19",0.281187539204846,0.189200804167649,-0.456325719061275,0.75,"GT"
"587922",75.0489279938986,0.541605730690363,2971.5318868576,17.3100396944199,52.2863058275969,0.380482858994546,0.135767755,"HS",17,99471.2948500908,53874.22333,"HS17a",2.56558384,2.40760418,1.676124712,-3.463777471,1.676124712,1.219115847,-469.5321036,1270.686661,"HS01","HS17H01",0.75,"17",0.224306329162054,0.086044976596498,-0.867203363254337,0.75,"HS"
"590802",96.8864686630562,0.678397583580476,3859.70373783437,23.0801812619608,67.4377689439604,0.473611377305574,0.167712979,"HS",17,98782.9982181096,67014.14729,"HS17a",2.528710219,2.332378518,1.741195043,-3.550572489,1.741195043,1.181893865,-473.5096677,1269.449872,"HS02","HS17H02",0.75,"17",0.240847422096197,0.0725784783096979,-0.775433326839545,0.75,"HS"
"593682",30.1414564752781,0.242453641029463,1128.30290634148,8.6230442001799,21.0637726919715,0.16851510951182,0.637395879,"HS",17,98297.0121166539,23832.46849,"HS17a",2.244646266,2.155060083,1.939903515,-3.612220939,1.939903515,1.520392107,-469.9369447,1266.409515,"HS03","HS17H03",0.75,"17",0.287780129958509,0.181955606330143,-0.195590748727591,0.75,"HS"
"596562",64.8260906076502,0.451287384723833,1697.96982614024,9.89156890559189,47.0450686294006,0.329219325910223,0.046028968,"HS",17,103728.497038858,46811.36215,"HS17a",2.5743216,2.38675182,1.106186539,-2.939930326,1.106186539,1.023224832,-473.4590626,1266.972244,"HS04","HS17H04",0.75,"17",0.0438283693079882,0.00997107121816749,-1.33696876216728,0.75,"HS"
"599442",51.8748580304829,0.437281714163148,2584.40304501147,19.5919614135022,35.2736548973456,0.296990791266862,0.284779272,"HS",17,95807.0731134421,41894.68116,"HS17a",2.355706889,2.289191383,1.545745914,-3.932934899,1.545745914,1.341254902,-462.835019,1266.315389,"HS05","HS17H05",0.75,"17",0.18913810716535,0.127511322230418,-0.545491624528249,0.75,"HS"
"602322",107.210419934618,0.775963659289784,3356.79882496464,21.3399707368102,76.4363607776697,0.553374911259802,0.347209728,"HS",17,101146.10105818,78485.6987,"HS17a",2.424870636,2.397962704,2.161313254,-3.255066119,2.161313254,1.983696513,-470.6332714,1264.441987,"HS06","HS17H06",0.75,"17",0.33471771673249,0.297475229909285,-0.459408115415089,0.75,"HS"
"605202",72.8884980369201,0.534094446445974,2656.71673707889,18.2989189036611,51.1872721684484,0.372606693058072,0.664151452,"HS",17,98705.8840824938,52718.26452,"HS17a",2.437181093,2.353290436,3.985119092,-3.560334322,3.985119092,2.899340389,-469.4754258,1267.668571,"HS07","HS17H07",0.75,"17",0.600441304458759,0.462299205484811,-0.177732873542045,0.75,"HS"
"608082",50.2593503378143,0.403161483062824,1968.13514664023,13.9467427590813,35.0144256732686,0.280991372166368,0.347010265,"HS",17,98600.2210776804,39751.81136,"HS17a",2.449512409,2.3964119,2.345473504,-3.573722531,2.345473504,1.973349194,-470.264866,1268.089605,"HS08","HS17H08",0.75,"17",0.370230531236881,0.295203942631128,-0.459657678042213,0.75,"HS"
"610962",73.469708027463,0.527334591484702,1626.36393532036,12.1174056252647,54.1231366063421,0.382884026743914,0.080548247,"HS",17,103185.587459378,54413.3296099999,"HS17a",2.657679288,2.34955118,1.539494179,-3.005526492,1.539494179,1.051475204,-470.5927873,1267.381133,"HS09","HS17H09",0.75,"17",0.18737805112622,0.0217990355644727,-1.09394390684639,0.75,"HS"
"613842",100.485179551366,0.695355969579531,3081.5430349456,17.6408676987801,71.8051468954388,0.499907023514344,0.02143243,"HS",17,102056.916909639,70965.8864099999,"HS17a",2.849997046,2.424310197,1.216663523,-3.143007996,1.216663523,1.006937733,-468.8641157,1272.407236,"HS10","HS17H10",0.75,"17",0.0851704875898122,0.0030026154884686,-1.66892858603881,0.75,"HS"
"616722",68.0012803042523,0.515022759466293,1486.40982883824,11.5727505364249,50.151495607166,0.374782005719311,0.089736384,"HS",17,103442.328306438,53275.15337,"HS17a",2.572642132,2.429673994,1.355821173,-2.974463291,1.355821173,1.120367855,-463.8612913,1271.151216,"HS11","HS17H11",0.75,"17",0.132202411728068,0.0493606397834558,-1.04703143469693,0.75,"HS"
"619602",23.2444101123123,0.189391759850998,923.8249819663,5.85876414767342,16.1454071215509,0.133484215257088,0.213733918,"HS",17,99832.5586861604,18907.46398,"HS17a",2.483258806,2.364732638,1.80582184,-3.41846171,1.80582184,1.357794738,-472.4024272,1264.972329,"HS12","HS17H12",0.75,"17",0.256674901170414,0.132834121276071,-0.670126553028386,0.75,"HS"
"622482",94.816022054866,0.640856894662501,3332.34256581944,18.1774022226167,66.819001330506,0.455614263892182,0.205139564,"HS",17,100799.46383977,64598.03138,"HS17a",2.547859599,2.303957173,2.136495534,-3.297978371,2.136495534,1.211923424,-468.335798,1268.654359,"HS13","HS17H13",0.75,"17",0.329701989331459,0.0834751795787083,-0.687950571860589,0.75,"HS"
"625362",79.7901854144212,0.604826519589829,3331.64906568154,21.6271956304284,55.2937400720041,0.42015275299062,0.21278836,"HS",17,98238.2453406548,59417.09602,"HS17a",2.48639614,2.43741628,1.816667928,-3.619696287,1.816667928,1.590771078,-471.7911171,1271.018631,"HS14","HS17H14",0.75,"17",0.259275549092714,0.201607686425592,-0.672052132608342,0.75,"HS"
"628242",63.7560956296011,0.474835466393504,2012.26211914126,11.9604647689035,45.4125196694117,0.341614255800603,0.428052432,"HS",17,102138.096756674,48498.79081,"HS17a",2.440130428,2.396040824,2.708332162,-3.133068986,2.708332162,2.321678509,-465.0231854,1269.86787,"HS15","HS17H15",0.75,"17",0.432701927102186,0.365802081279474,-0.36850303114193,0.75,"HS"
"631122",85.61596840383,0.601639828901099,3377.95837003345,19.540329654686,59.6488180012933,0.421978549537183,0.43352936,"HS",17,99293.8066934731,59739.1088699999,"HS17a",2.39261749,2.315439441,2.318800396,-3.486101335,2.318800396,1.817519876,-469.3924334,1269.470114,"HS16","HS17H16",0.75,"17",0.365263365866666,0.259479168906549,-0.362981485375283,0.75,"HS"
"634002",93.7509216300408,0.668071614103915,3894.51787335302,23.8941698241609,64.9837667217697,0.4640763676596,0.232439023,"HS",17,98235.7434958938,65628.5117199999,"HS17a",2.466485266,2.387142403,1.823686241,-3.62001463,1.823686241,1.483968584,-470.4753834,1270.431611,"HS17","HS17H17",0.75,"17",0.260950121534318,0.17142470691345,-0.633690958678973,0.75,"HS"
"636882",29.9212099848346,0.223838462728163,1032.28896161819,6.99839137113028,21.0845980923413,0.157594729826805,0.545765074,"HS",17,99714.6632797692,22319.9769399999,"HS17a",2.341191341,2.315509551,2.349969682,-3.433232076,2.349969682,2.156970913,-468.9744349,1263.819543,"HS18","HS17H18",0.75,"17",0.371062259282358,0.333844288631164,-0.262994260264519,0.75,"HS"
"639762",97.8567280286542,0.696537163931629,3681.12141330619,22.9126482046408,68.4991657569757,0.487915393971896,0.254733257,"HS",17,99153.2798338657,69063.9443299999,"HS17a",2.362211485,2.252049041,1.474255605,-3.503804654,1.474255605,1.212173638,-467.8580854,1269.636098,"HS19","HS17H19",0.75,"17",0.168572787605309,0.0835648348665137,-0.593914351507879,0.75,"HS"
"642642",67.4208180592831,0.526425010726937,1914.01651982708,14.1524286535715,48.5102421042569,0.376270694788106,0.475962792,"HS",17,101401.522842327,53380.2977499999,"HS17a",2.412210012,2.38459358,2.685018703,-3.223539963,2.685018703,2.436178014,-467.2477874,1268.975195,"HS20","HS17H20",0.75,"17",0.428947315205558,0.38670901945889,-0.322426996566657,0.75,"HS"
"645522",92.9389643618103,0.622733441807887,3444.71003848686,18.1623859264166,65.1285257050893,0.441497698751554,0.082760171,"HS",17,100487.902830992,62577.1775899999,"HS17a",2.565177941,2.343864711,1.292309625,-3.336674448,1.292309625,1.051821941,-470.3822699,1271.921427,"HS21","HS17H21",0.75,"17",0.111366578921449,0.0219422259524726,-1.08217862066121,0.75,"HS"
"648402",43.330244842767,0.33079038523402,2348.16498700075,13.4239737003097,29.2123191657651,0.22689941856767,0.347711141,"HS",17,96866.6008152904,32042.5402,"HS17a",2.495101597,2.29436116,2.757432577,-3.795456545,2.757432577,1.497810134,-464.6487073,1263.777035,"HS22","HS17H22",0.75,"17",0.440504902147646,0.17545676464372,-0.458781393880137,0.75,"HS"
"651282",100.99848674833,0.697464946135097,4527.08427190605,25.4262488409599,69.4647331276194,0.483570413273879,0.270333929,"HS",17,98027.5878936528,68370.8063099999,"HS17a",2.468997817,2.386278655,2.052427459,-3.646529476,2.052427459,1.616927861,-471.1352745,1272.544882,"HS23","HS17H23",0.75,"17",0.312267816357741,0.208690644353834,-0.568099443562287,0.75,"HS"
"654162",93.8923875337163,0.685111351009582,3759.35902221852,23.6699179783505,65.3312769681655,0.477563284734213,0.329081024,"HS",17,98614.3024786273,67561.7779999999,"HS17a",2.371471965,2.338577902,1.764982111,-3.571937495,1.764982111,1.61519676,-469.8559765,1265.73343,"HS24","HS17H24",0.75,"17",0.246740307948567,0.2082254347645,-0.482697159971478,0.75,"HS"
"657042",112.62591236968,0.776013055430511,3654.41522748379,20.6350864517564,80.0096145073839,0.555275648395852,0.331359244,"HS",17,101525.013153667,78784.73566,"HS17a",2.41336986,2.311399862,2.009649206,-3.208326289,2.009649206,1.516960785,-463.887606,1267.036006,"HS25","HS17H25",0.75,"17",0.303120255831313,0.180974353971807,-0.479700909297444,0.75,"HS"
"659922",33.7125101554941,0.291448694362981,1111.76830418308,9.17642678322105,23.8454491815896,0.205052133229467,0.306778548,"HS",17,99636.9357683025,29039.05484,"HS17a",2.455486253,2.419820973,2.16731191,-3.442979617,2.16731191,1.936016378,-467.5321883,1272.836368,"HS26","HS17H26",0.75,"17",0.335921417569897,0.286909026962529,-0.513175012424991,0.75,"HS"
"662802",89.0588413703219,0.633781272901861,3432.13363179499,21.5783118879735,62.1844967017569,0.442430361705171,0.250536702,"HS",17,98774.8318491159,62601.63866,"HS17a",2.407527498,2.401742214,1.62933312,-3.551605904,1.62933312,1.605299163,-468.6374046,1271.241294,"HS27","HS17H27",0.75,"17",0.212009885651397,0.205555979253641,-0.601128643814688,0.75,"HS"
"665682",119.025844205321,0.853593600106591,4446.94023515754,29.7760337196156,83.3336585894044,0.594432994323937,0.549131834,"HS",17,98508.8957549585,84086.5629699999,"HS17a",2.364012332,2.344662086,2.556431077,-3.585305624,2.556431077,2.390067503,-472.7424938,1268.955965,"HS28","HS17H28",0.75,"17",0.407634088366261,0.378410166959191,-0.260323378855199,0.75,"HS"
"668562",93.8208645121445,0.680773136230138,3543.91877663956,22.202722824595,65.662817314524,0.47728232734934,0.322910381,"HS",17,99247.8743860998,67565.2867099999,"HS17a",2.388203735,2.384496701,1.827754299,-3.491885046,1.827754299,1.808207359,-469.329683,1273.200725,"HS29","HS17H29",0.75,"17",0.261917814067209,0.257248232392488,-0.490917992955749,0.75,"HS"
"671442",65.3400300680817,0.474662181731761,2852.4779163754,18.7042722380527,45.0289346441761,0.326544474447084,0.939511587,"HS",17,97183.6429262199,46129.3999799999,"HS17a",2.292117116,2.292975692,3.148035528,-3.754611145,3.148035528,3.158161891,-467.2315938,1267.0522,"HS30","HS17H30",0.75,"17",0.498039625061641,0.499434388676042,-0.0270978593749183,0.75,"HS"
"674322",57.0236759277236,0.295631408137816,1892.17934448437,6.80228997351618,40.3280686878766,0.214621606665162,0.149143671,"HS",17,103170.245753393,30500.3650299999,"HS17a",2.468759514,2.402309797,1.405651042,-3.007385139,1.405651042,1.249597438,-465.9522958,1268.679661,"HS31","HS17H31",0.75,"17",0.147877518874597,0.0967701261174094,-0.826395171454419,0.75,"HS"
"677202",25.0409634979693,0.17199252978137,1104.03444959669,6.16137272028401,17.2151285578198,0.119455492005656,0.769453918,"HS",17,98218.1779143166,16892.7928899999,"HS17a",2.393236848,2.375367815,3.854711907,-3.622249961,3.854711907,3.597878656,-463.4321597,1270.47918,"HS32","HS17H32",0.75,"17",0.585991925350515,0.55604651200612,-0.113817384614295,0.75,"HS"
"680082",80.5503847047066,0.568908850405965,3207.18847729896,18.9942403876839,56.0813574010148,0.397922130061478,0.088216895,"HS",17,98989.8378269446,56316.1948399999,"HS17a",2.628498269,2.299717468,1.513003072,-3.52442637,1.513003072,1.041001067,-462.3309918,1269.127011,"HS33","HS17H33",0.75,"17",0.179839809815185,0.0174511746517223,-1.05444823229891,0.75,"HS"
"682962",74.2151770086087,0.573527817696175,1751.24628137951,11.9471825736554,54.4653947469842,0.420529737949171,0.195575821,"HS",17,104316.678169731,59828.5167799999,"HS17a",2.475695826,2.309599242,1.666648097,-2.869250641,1.666648097,1.202722485,-464.8511279,1265.841725,"HS34","HS17H34",0.75,"17",0.221843910767141,0.0801654302186627,-0.70868483797049,0.75,"HS"
"685842",87.3293693813466,0.602751713716982,2623.9513325717,14.4011579026532,62.4991990074395,0.43593916158561,0.094747309,"HS",17,102739.467563052,61926.3901399999,"HS17a",2.636038953,2.449893085,1.60728707,-3.059687045,1.60728707,1.15612856,-468.325677,1265.522913,"HS35","HS17H35",0.75,"17",0.206093450990249,0.0630061297542381,-1.02343311595669,0.75,"HS"
"688722",58.6923520437283,0.495673402735655,1548.41086210516,13.818649845214,42.4761345907101,0.353005882690832,0.229464991,"HS",17,100993.085272919,50059.5862299999,"HS17a",2.446814533,2.340136284,1.710139441,-3.27399068,1.710139441,1.33882627,-467.1911097,1266.189888,"HS36","HS17H36",0.75,"17",0.233031523250565,0.126724225349997,-0.639283564485308,0.75,"HS"
"691602",94.6512628012481,0.672367454552106,3339.11681661688,22.8944416072222,66.6150165389078,0.46936172681152,0.708989178,"HS",17,98773.6868737053,66412.21242,"HS17a",2.280829713,2.215772717,2.37052541,-3.551750802,2.37052541,1.920652158,-462.972665,1267.975238,"HS37","HS17H37",0.75,"17",0.374844614944425,0.283448718562979,-0.149360393830689,0.75,"HS"
"694482",22.8871410267052,0.156032891897604,917.633498467232,4.1139513520983,15.8694261540654,0.111744249996768,0.359921516,"HS",17,101621.015140869,15856.22087,"HS17a",2.348927366,2.188570299,1.759988561,-3.196511882,1.759988561,1.246052095,-466.5494365,1273.304971,"HS39","HS17H39",0.75,"17",0.245509845137603,0.0955361997052404,-0.44379219057752,0.75,"HS"
"697362",97.7125293714987,0.695599123604098,3348.63132206918,20.9555872038597,69.0493902473977,0.491561965330297,0.387473298,"HS",17,100126.823491572,69648.1306699999,"HS17a",2.439667076,2.375401218,2.484131142,-3.381671111,2.484131142,2.007438604,-465.0110401,1272.438611,"HS40","HS17H40",0.75,"17",0.395174519340113,0.302642271583717,-0.411758220721086,0.75,"HS"
"700242",111.408442364947,0.787504504325961,3831.88561805346,23.6820942770064,78.7052508657076,0.556608286042681,0.181187686,"HS",17,100146.646383315,78865.93512,"HS17a",2.467217798,2.34069021,1.556239844,-3.379196633,1.556239844,1.223259687,-467.5048615,1271.588445,"HS42","HS17H42",0.75,"17",0.192076530249193,0.087518663625917,-0.741871321471429,0.75,"HS"
"703122",97.2223454812599,0.713044997455482,2530.93737590726,16.4879549453684,70.6058875647444,0.517398634841269,0.145052165,"HS",17,103113.635706547,73524.66211,"HS17a",2.468701505,2.331459261,1.386579289,-3.014245836,1.386579289,1.137808876,-464.5677391,1268.805162,"HS43","HS17H43",0.75,"17",0.141944708959399,0.0560693173582651,-0.83847578467906,0.75,"HS"
"706002",70.2739088380545,0.446865798316149,2926.2879995804,13.9181978589658,48.6312035842116,0.314738487960862,0.575771161,"HS",17,99756.9602954083,44577.9737,"HS17a",2.309268968,2.285520059,2.204441642,-3.427930944,2.204441642,2.041502545,-466.6870824,1270.30105,"HS44","HS17H44",0.75,"17",0.343298606272868,0.309949925664241,-0.239750091684791,0.75,"HS"
"708882",101.443682682206,0.738886503149471,3860.66759179309,25.4834993571773,70.9219623499314,0.515137216724316,0.767174817,"HS",17,98633.3340903605,72878.8393199999,"HS17a",2.384161005,2.358817184,3.711480897,-3.569525348,3.711480897,3.368525636,-469.6161081,1262.752787,"HS46","HS17H46",0.75,"17",0.569547229579842,0.527439856878239,-0.115105661595266,0.75,"HS"
"711762",91.0242432343019,0.674265891162942,4317.93631124095,28.3375239756363,62.2510644896239,0.460883803596122,0.3110337,"HS",17,96490.5748795731,65060.3034599999,"HS17a",2.402409974,2.314713781,1.855818153,-3.844074654,1.855818153,1.47596712,-466.9077209,1262.967353,"HS47","HS17H47",0.75,"17",0.268535418532728,0.169076682851781,-0.507192553316786,0.75,"HS"
"714642",94.6173594023318,0.680872208737345,4118.33272836944,25.6766163504749,65.2821956021921,0.470469762408652,0.70435573,"HS",17,97659.3026807628,66493.5051199999,"HS17a",2.371729783,2.336979091,3.272730228,-3.693579849,3.272730228,2.876304935,-467.7174031,1265.493562,"HS48","HS17H48",0.75,"17",0.514910207776802,0.458834926414476,-0.152207948021203,0.75,"HS"
"717522",60.1112978472575,0.455123056286731,2422.03149271186,15.0395051421401,41.7615339210345,0.318663038502633,0.617789151,"HS",17,99103.2239456222,45104.1621699999,"HS17a",2.311114038,2.266465948,2.347797711,-3.510116665,2.347797711,2.027911586,-464.0475182,1271.977092,"HS49","HS17H49",0.75,"17",0.37066067486642,0.307049016465365,-0.209159722616317,0.75,"HS"
"720402",98.4010502560466,0.734273602544738,3963.31619341456,26.5233525240947,68.4171917759571,0.509558665828657,0.08766984,"HS",17,98127.6918716548,72052.5738199999,"HS17a",2.704891648,2.461251975,1.844896925,-3.633771218,1.844896925,1.147509813,-466.7295908,1264.983462,"HS50","HS17H50",0.75,"17",0.26597210699686,0.0597564081208707,-1.05714978604496,0.75,"HS"
"723282",35.9421327025847,0.273970692856544,945.280157945384,5.52292377387754,26.0429117481703,0.201544495115576,0.068720188,"HS",17,104697.580609541,28684.0686999999,"HS17a",2.643566308,2.331602059,1.373596214,-2.823691206,1.373596214,1.032571393,-470.5634364,1262.38843,"HS51","HS17H51",0.75,"17",0.137859085122302,0.0139200889134686,-1.16291566106199,0.75,"HS"
"726162",112.397009243321,0.806850194211834,2696.66854704816,16.837926264039,82.3148517335256,0.591502609557469,0.055976277,"HS",17,104295.738147776,84151.0365799999,"HS17a",2.552675567,2.526822607,1.129716942,-2.871760082,1.129716942,1.105805939,-467.8682065,1267.458053,"HS53","HS17H53",0.75,"17",0.0529696417783772,0.0436789180932236,-1.25199598997354,0.75,"HS"
"729042",77.9854501868054,0.574268090727314,1585.23229857082,11.5458526768089,57.9054225393225,0.42361174741912,0.06800437,"HS",19,139383.141397644,80043.29,"HS19a",2.594342428,2.398573517,1.255640689,-2.861953735,1.255640689,1.055066348,-466.6467911,1269.958564,"H01","HS19H01",0.75,"19",0.0988653805560845,0.0232797711638177,-1.16746317838339,0.75,"HS"
"731922",68.3149776826454,0.481313854070862,2151.71187256854,13.4489001416483,48.5899949547481,0.343547636014014,0.116441011,"HS",19,134377.71113997,64677.85,"HS19a",2.548862402,2.345841046,1.469049046,-3.319103479,1.469049046,1.101805052,-470.1005509,1271.864062,"H03","HS19H03",0.75,"19",0.167036295485005,0.0421047593702963,-0.933894032451579,0.75,"HS"
"734802",81.0151988916608,0.490837087749807,2595.20268109927,13.1380111159229,57.4947931533104,0.351854077140913,0.592088938,"HS",19,135020.9801664,66273.31,"HS19a",2.367609096,2.330754985,2.762367662,-3.259408474,2.762367662,2.424888765,-469.9180227,1264.58465,"H05","HS19H05",0.75,"19",0.441281481248884,0.384691821348719,-0.227613052767749,0.75,"HS"
"737682",27.9245184755769,0.204342384782927,762.295622614772,4.42113072655911,20.1314550078992,0.149632320209646,0.294203043,"HS",19,138251.499805146,28250.64,"HS19a",2.418087403,2.39608975,1.868498941,-2.963854551,1.868498941,1.753489387,-464.6793436,1270.504757,"H11","HS19H11",0.75,"19",0.271492856042768,0.243903141656766,-0.531352839591922,0.75,"HS"
"740562",71.4964017966212,0.487343840768617,2814.28660457306,17.3296390571448,49.7305507975828,0.339566251672255,0.502971888,"HS",19,130826.099021678,63757.29,"HS19a",2.392702539,2.268323044,2.625921123,-3.65392375,2.625921123,1.759302741,-467.5741598,1265.182675,"H14","HS19H14",0.75,"19",0.419281676680982,0.245340579328217,-0.298456287762477,0.75,"HS"
"743442",73.1248771044554,0.504797659906448,1695.31862469801,10.8391788120597,53.6067983917698,0.369925160384343,0.152038336,"HS",19,138368.12536521,69847.91,"HS19a",2.494061558,2.335729763,1.500548913,-2.953314304,1.500548913,1.155584186,-464.4619973,1268.758658,"H15","HS19H15",0.75,"19",0.176250156575113,0.0628015899565744,-0.818046892225817,0.75,"HS"
"746322",77.4232977655224,0.523135837763475,2793.3145161835,16.9235241895457,54.3128510380903,0.367969041792578,0.034747839,"HS",19,132208.257372859,69162.88,"HS19a",2.739520061,2.405928594,1.226227872,-3.522555828,1.226227872,1.01558341,-466.8639879,1263.906997,"H16","HS19H16",0.75,"19",0.0885711833604781,0.00671559786897253,-1.45907219940648,0.75,"HS"
"749202",31.6201096251899,0.267445229923363,1106.07022408218,10.049983620748,22.2294464553138,0.185321688789141,0.826712608,"HS",19,130026.041294379,34774.85,"HS19a",2.359727266,2.299545466,3.620299138,-3.730601311,3.620299138,2.887690999,-468.5598208,1264.768056,"H17","HS19H17",0.75,"19",0.558744456890988,0.460550719157668,-0.0826454389984843,0.75,"HS"
"752082",49.0160974607689,0.394698752771287,1247.68851091663,9.40479765092105,35.6164590860514,0.286247581776574,0.416457653,"HS",19,136777.076798321,53985.74,"HS19a",2.368764631,2.341903162,2.076552885,-3.097880363,2.076552885,1.910210847,-466.5380765,1266.928798,"H18","HS19H18",0.75,"19",0.3173429960629,0.281081306847078,-0.380429152728815,0.75,"HS"
"754962",51.0374332580802,0.369463917690913,1294.78357787385,9.46283573058759,37.0586145864409,0.266018320138658,0.420971394,"HS",19,135683.880156162,50130.3,"HS19a",2.427471125,2.31739127,2.552416722,-3.198188543,2.552416722,1.79092598,-465.1682184,1266.35875,"H20","HS19H20",0.75,"19",0.406951581213062,0.253077636579429,-0.375747414496969,0.75,"HS"
"757842",37.5104100479192,0.333346790306135,1030.48589358944,9.30237637956455,27.0247882141787,0.237963833938108,0.617198467,"HS",19,134396.991790011,44800.81,"HS19a",2.347450667,2.344208927,2.663223501,-3.317310095,2.663223501,2.632616406,-465.5524546,1269.396483,"H23","HS19H23",0.75,"19",0.425407614496759,0.420387583415269,-0.209575161309906,0.75,"HS"
"760722",67.1058091314895,0.494326226017624,1995.34566049511,13.5125026545173,48.0099125090345,0.35361109306764,0.385151863,"HS",19,134705.964129093,66588.69,"HS19a",2.475210535,2.317447278,2.804749472,-3.288606167,2.804749472,1.687782592,-471.3771258,1264.712191,"H25","HS19H25",0.75,"19",0.44789407493724,0.227316503204533,-0.414367997092242,0.75,"HS"
"763602",36.5440142430793,0.32921134353185,1138.7415135939,10.718906003338,25.995981869618,0.231415085624952,0.90264678,"HS",19,132113.604997308,43493.3,"HS19a",2.256888806,2.256033573,2.671256891,-3.531508207,2.671256891,2.663103788,-471.3538666,1265.971937,"H27","HS19H27",0.75,"19",0.426715655516315,0.425388092341059,-0.0444821627620234,0.75,"HS"
"766482",56.5467459483381,0.425417770613975,1931.13209293378,14.1999865929956,39.869708261887,0.298299715553645,0.625402212,"HS",19,131749.178881524,56048.44,"HS19a",2.42734806,2.254946176,3.627546958,-3.566036224,3.627546958,1.974378049,-469.8792588,1266.761299,"H28","HS19H28",0.75,"19",0.55961304301695,0.295430313923667,-0.203840587023858,0.75,"HS"
"769362",87.1145082281584,0.581160600517624,3577.88464663255,20.9281294095579,60.3325788904541,0.404424243324485,0.324999332,"HS",19,130642.799825687,75924.45,"HS19a",2.312069213,2.29968218,1.502893835,-3.671449661,1.502893835,1.46132175,-470.6011227,1270.620253,"H31","HS19H31",0.75,"19",0.176928302940776,0.164745848285606,-0.48811753166424,0.75,"HS"
"772242",39.8840208076076,0.282214381434869,1040.1167314252,6.58155420437033,28.9344274754103,0.205110858212203,0.314126253,"HS",19,137104.109128931,38692.75,"HS19a",2.409543792,2.353917115,1.909267843,-3.068028688,1.909267843,1.632621012,-464.0972654,1271.027005,"H33","HS19H33",0.75,"19",0.280866857978437,0.212885381613929,-0.502895766063831,0.75,"HS"
"775122",69.24958745228,0.438042403526294,1608.84651109496,8.66043762757481,50.7609355071664,0.323666854583382,0.072000027,"HS",19,139643.262359025,61169.67,"HS19a",2.639698502,2.358207602,1.393777002,-2.838647604,1.393777002,1.044353869,-465.5136731,1270.672176,"H35","HS19H35",0.75,"19",0.14419329417233,0.0188476800015226,-1.14266734070833,0.75,"HS"
"778002",69.7179836934461,0.466409171325069,1670.55731103281,9.84227612098995,50.9574811020885,0.342388112572532,0.135758877,"HS",19,138635.678081325,64660.95,"HS19a",2.415696749,2.315200409,1.232895859,-2.929167271,1.232895859,1.106988973,-468.3154095,1268.180537,"H36","HS19H36",0.75,"19",0.0909263938935797,0.0441432947819713,-0.867231763167696,0.75,"HS"
"780882",50.9025311816128,0.367573632037621,1529.42843009697,9.86069416764853,36.376585024305,0.26343439547305,0.201290607,"HS",19,134987.445930076,49617.83,"HS19a",2.509955333,2.284123222,1.871901121,-3.262513399,1.871901121,1.175879419,-466.6079009,1265.561415,"H37","HS19H37",0.75,"19",0.272282904370981,0.0703627891313939,-0.696176490502531,0.75,"HS"
"783762",35.2282821122571,0.258246868589899,1090.35434360953,7.5298739657268,25.1190291622548,0.183545711764892,0.250258207,"HS",19,133743.389139979,34538.81,"HS19a",2.545259999,2.357559102,2.488288486,-3.378248692,2.488288486,1.445535525,-469.4213805,1268.363896,"H38","HS19H38",0.75,"19",0.395900729963654,0.160028769214485,-0.601611671305711,0.75,"HS"
"786642",57.7118188617639,0.419099392011387,2101.12374423283,14.0327318202227,40.4645827813324,0.293777786257936,0.553762674,"HS",19,131703.584882558,55196.89,"HS19a",2.34840839,2.258625934,2.438015387,-3.570362806,2.438015387,1.828346714,-469.2428944,1269.452224,"H39","HS19H39",0.75,"19",0.387036442245491,0.26205855556578,-0.256676320930905,0.75,"HS"
"789522",56.168377103035,0.449075473106989,1114.53821493348,8.55433688940775,41.8308026042543,0.333055858461452,0.126138687,"HS",19,140221.681902004,62970.12,"HS19a",2.622892644,2.404106659,1.875016419,-2.786978006,1.875016419,1.186458252,-466.6389986,1268.328071,"H40","HS19H40",0.75,"19",0.273005075077006,0.0742524612680532,-0.89915169396758,0.75,"HS"
"792402",41.7786944533507,0.346538873353186,884.108340518658,7.56398802722398,30.8892347892315,0.253534178631248,0.071079731,"HS",19,138116.309483177,47862.67,"HS19a",2.659018369,2.335731524,1.441812739,-2.976083755,1.441812739,1.03600341,-470.585538,1267.399132,"H41","HS19H41",0.75,"19",0.158908858372288,0.015361184889664,-1.1482542244435,0.75,"HS"
"795282",66.489684604176,0.478909256294479,2114.92628243921,14.6237150663593,47.2352321989728,0.338810784091756,0.274761915,"HS",19,133059.026532611,63723.2,"HS19a",2.334988164,2.220130784,1.445190315,-3.442375183,1.445190315,1.191111854,-467.8575309,1269.77516,"H42","HS19H42",0.75,"19",0.159925042464106,0.0759525467842175,-0.561043465395638,0.75,"HS"
"798162",44.9581321099648,0.326277947977521,1615.57871997748,10.6099230449528,31.5512974165318,0.229382199981818,0.150400639,"HS",19,132132.235681984,43111.84,"HS19a",2.534043133,2.42293433,1.645618116,-3.529745579,1.645618116,1.295321066,-469.5067106,1266.14738,"H44","HS19H44",0.75,"19",0.216329059699993,0.112377428579303,-0.822750318574268,0.75,"HS"
"801042",67.6076306537828,0.430288766432055,2288.46365297179,12.4903264077902,47.7338181128105,0.305958887198302,0.171037912,"HS",19,133809.748224258,57576.83,"HS19a",2.500585501,2.436706047,1.634732502,-3.37204814,1.634732502,1.408204928,-467.3569646,1271.313973,"H46","HS19H46",0.75,"19",0.21344669741849,0.148665859794381,-0.766907613891689,0.75,"HS"
"803922",67.8467411291052,0.463610243215642,2673.53127502634,16.4662061100579,47.1823841179066,0.323067605673655,0.176583767,"HS",19,130843.287842941,60660.29,"HS19a",2.446693639,2.409886892,1.462391767,-3.652281523,1.462391767,1.355845314,-471.2375513,1271.2541,"H47","HS19H47",0.75,"19",0.165063733397597,0.132210144465953,-0.753049222765,0.75,"HS"
"806802",40.1699361261482,0.253300506438997,1205.1858521271,6.01878690847767,28.6719983303088,0.183752480214873,0.183149815,"HS",19,136819.453135781,34656.44,"HS19a",2.660269794,2.511976692,2.870116212,-3.094008207,2.870116212,1.762998786,-468.9711532,1264.257772,"H48","HS19H48",0.75,"19",0.457899481824075,0.246252013244482,-0.737193515680953,0.75,"HS"
"809682",68.8917768671979,0.456688739020723,2749.21965155682,16.1283758310381,47.8432617160471,0.318425406811151,0.378889084,"HS",19,130926.004434033,59792.43,"HS19a",2.343577785,2.290215671,1.795355441,-3.644381762,1.795355441,1.557684063,-470.2712498,1269.436258,"H50","HS19H50",0.75,"19",0.254150442208703,0.192479376565329,-0.42148790680433,0.75,"HS"
"812562",64.9029207822088,0.46583923730199,1952.98144927296,12.9221425847649,46.372932043803,0.3327443289019,0.119244814,"HS",19,134486.392565052,62649.04,"HS19a",2.658357439,2.251282616,2.00489593,-3.308997869,2.00489593,1.049857003,-469.1653045,1270.584402,"H51","HS19H51",0.75,"19",0.302091834213182,0.0211301495106719,-0.923560499500914,0.75,"HS"
"815442",41.1406013668897,0.270142794593975,1119.33878493976,6.34516525312057,29.6803741194375,0.196197231997688,0.260877848,"HS",19,136995.405247153,37008.32,"HS19a",2.466449444,2.385781516,1.982146373,-3.077943325,1.982146373,1.580279065,-464.5900717,1269.544003,"H52","HS19H52",0.75,"19",0.297135722116458,0.198733786756823,-0.583562796713522,0.75,"HS"
"818322",61.7291752024082,0.473198168672713,2442.07025962394,17.5116885352109,42.9244669850902,0.328396863743368,1.0968647,"HS",19,130247.300983593,61632.78,"HS19a",2.28067123,2.279889725,3.470126864,-3.709348679,3.470126864,3.459803099,-464.8965463,1264.736234,"H54","HS19H54",0.75,"19",0.540345352407015,0.539051383344496,0.0401530599654816,0.75,"HS"
"821202",49.8341183702802,0.308464492900601,2060.03264718898,10.4593267039768,34.4854458513357,0.215953261581478,0.309939623,"HS",19,131519.287028841,40569.03,"HS19a",2.414693564,2.307805353,1.920408298,-3.587866783,1.920408298,1.45081195,-470.8184012,1268.842253,"H57","HS19H57",0.75,"19",0.283393573868585,0.161611124105588,-0.508722899558516,0.75,"HS"
"824082",10.4945384397683,0.0955519391612215,352.00239815209,3.54689158406062,7.4124118252068,0.0662923030300756,1.046261549,"HS",19,130203.20769219,12441.17,"HS19a",2.298453312,2.298731538,3.556393014,-3.713581085,3.556393014,3.560185152,-470.0189076,1264.050452,"H60","HS19H60",0.75,"19",0.551009748468058,0.551472584602356,0.0196402649217839,0.75,"HS"
"826962",32.7592188806005,0.26163310172781,1250.15786631337,9.0918188454295,22.8654448422102,0.182717996306218,0.714543819,"HS",19,131161.100844574,34316.09,"HS19a",2.341899276,2.325285334,2.966097574,-3.621956348,2.966097574,2.791290052,-468.4046202,1265.956047,"H65","HS19H65",0.75,"19",0.472185433662276,0.445804967781346,-0.145971133190187,0.75,"HS"
"829842",62.5623304296474,0.470229944153154,1698.71910177803,11.9890371846906,45.1601253703035,0.338725054608653,0.274032354,"HS",19,135752.465604804,63834.88,"HS19a",2.582520773,2.152103287,3.08000753,-3.191871643,3.08000753,1.111997807,-466.1616099,1264.33357,"H67","HS19H67",0.75,"19",0.488551778264552,0.0461039307633607,-0.562198158587824,0.75,"HS"
"832722",89.7506590788553,0.607247565789882,1917.0580189431,11.6609107580245,66.3687546260548,0.450001080160543,0.130448103,"HS",19,140096.188264403,85073.07,"HS19a",2.514881831,2.357638666,1.447627005,-2.79817009,1.447627005,1.138525034,-464.5511963,1265.90031,"H70","HS19H70",0.75,"19",0.160656676130753,0.0563425843657688,-0.884562232107053,0.75,"HS"
"835602",73.297404097204,0.497968510659015,1462.58084070293,9.72858886514006,54.430440343136,0.369364112259105,0.265854741,"L1",17,102859.407861381,51220.75,"L117a",2.422615616,2.393934638,1.764199348,-2.559873047,1.764199348,1.632196043,707.5120556,1336.948718,"L101","L117H01",0.75,"17",0.246547657238446,0.212772320643214,-0.575355590486987,0.75,"L1"
"838482",114.809259816864,0.841588107256018,2287.91446725282,16.7626196985953,85.261429391079,0.623035757243523,0.176647822,"L1",17,102638.741000795,86379.54,"L117a",2.502511833,2.388534187,1.677100327,-2.586718416,1.677100327,1.304763543,709.0606648,1332.946096,"L102","L117H02",0.75,"17",0.224559043619324,0.115531813379304,-0.752891712880779,0.75,"L1"
"841362",87.3891321935669,0.621545386449813,1703.25274737785,12.0920742763812,65.0482277181645,0.461219503756669,0.05173617,"L1",17,102907.314114807,63961.56,"L117a",2.688759503,2.373622881,1.316036901,-2.55405259,1.316036901,1.026266356,705.2956599,1334.588933,"L103","L117H03",0.75,"17",0.119268066843283,0.0112600917001564,-1.28620572500936,0.75,"L1"
"844242",93.5400705074961,0.612384896209125,1651.77239447976,10.4354307675673,70.3015740496729,0.460482884429379,0.017253473,"L1",17,104433.49301378,63953.49,"L117a",2.814994605,2.446011234,1.110235983,-2.370031113,1.110235983,1.00538958,711.0824602,1337.448534,"L104","L117H04",0.75,"17",0.0454152988065955,0.00233437982586184,-1.76312347143592,0.75,"L1"
"847122",94.3636294825089,0.638743529516373,1879.43951983595,12.7351875587193,70.0932775591864,0.472820440763341,0.238089824,"L1",17,102627.278650687,65552.51,"L117a",2.439426,2.334140719,1.717111343,-2.588114452,1.717111343,1.345973333,707.325649,1331.102514,"L105","L117H05",0.75,"17",0.234798457119389,0.12903645554496,-0.623259166019266,0.75,"L1"
"850002",102.048575429581,0.747582964267459,2003.65078565304,14.848082794986,75.90405371824,0.553599782362462,0.287234786,"L1",17,102671.079744588,76755.15,"L117a",2.409745232,2.371652265,1.793177345,-2.582780618,1.793177345,1.616740704,710.4372064,1337.067527,"L106","L117H06",0.75,"17",0.253623243352554,0.208640372502649,-0.541762965359367,0.75,"L1"
"852882",117.188560621509,0.803563406503574,2407.79284340633,16.7640603001079,86.7800825737835,0.592136534698579,0.146824393,"L1",17,102111.844362135,82053.34,"L117a",2.467905021,2.43235113,1.392495073,-2.651052518,1.392495073,1.303317831,710.9021988,1329.852975,"L107","L117H07",0.75,"17",0.143793667204691,0.115050336984749,-0.833201785937384,0.75,"L1"
"855762",93.3150248993908,0.644095363470759,1770.06813619578,12.0805166710195,69.641494242805,0.479705007766278,0.231766831,"L1",17,103326.588397374,66552.18,"L117a",2.450793752,2.394033455,1.74053285,-2.503227428,1.74053285,1.505233855,708.7984665,1338.882431,"L108","L117H08",0.75,"17",0.240682224367851,0.177603977701465,-0.634948717399193,0.75,"L1"
"858642",120.400355365954,0.796445153383845,2249.19234707597,15.4585995654685,90.0243500720964,0.591142330414569,0.200793157,"L1",17,102934.00597855,81981.29,"L117a",2.480845809,2.451107127,1.7192558,-2.550810789,1.7192558,1.589728786,706.3403566,1333.568817,"L109","L117H09",0.75,"17",0.235340498131842,0.2013230382887,-0.697251091964168,0.75,"L1"
"861522",30.1215897243206,0.175952803610122,623.910485226735,4.29131674596604,22.2736633010764,0.127648103312048,0.434239584,"L1",17,100354.964841175,17657.74,"L117a",2.383206158,2.365570372,2.249566652,-2.867992226,2.249566652,2.122859887,713.5938291,1331.704751,"L110","L117H10",0.75,"17",0.352098865324203,0.326921330807158,-0.36227059007275,0.75,"L1"
"864402",84.4374143137971,0.620563767909234,1658.36952033809,11.5590196196559,62.7795766206136,0.462498756857111,0.117936423,"L1",17,103405.94478501,64169.98,"L117a",2.543343461,2.441183887,1.461074206,-2.493630923,1.461074206,1.218659213,706.5861676,1334.482415,"L111","L117H11",0.75,"17",0.164672273728904,0.0858822760815711,-0.928352048466978,0.75,"L1"
"867282",120.203114072226,0.770240506026119,1983.27646512352,13.4168820702513,91.0023571885891,0.577911640115557,0.028203394,"L1",17,104178.926442073,80242.83,"L117a",2.685377954,2.347397628,1.10067535,-2.400538249,1.10067535,1.006338279,710.025473,1331.99153,"L112","L117H12",0.75,"17",0.0416592404114211,0.0027439926563317,-1.54969862548285,0.75,"L1"
"870162",130.914568947565,0.869693956758789,2585.25684342777,17.9441660260125,97.3405216640612,0.641576403340838,0.225624205,"L1",17,102237.377871835,88915.23,"L117a",2.435293674,2.393106573,1.640323151,-2.635694798,1.640323151,1.479970714,708.4072173,1332.585573,"L113","L117H13",0.75,"17",0.214929414432542,0.170253121561149,-0.64661431100942,0.75,"L1"
"873042",105.499512403537,0.768506488969325,2285.96095279856,16.7784420387956,77.7056829775697,0.563734666726692,0.300995631,"L1",17,101597.31446733,78078.2,"L117a",2.4067751,2.396111955,1.836704109,-2.714197812,1.836704109,1.781020778,711.9960577,1332.778125,"L114","L117H14",0.75,"17",0.264039197580222,0.250668986121361,-0.521439808214669,0.75,"L1"
"875922",44.4582523055424,0.242553509591697,822.224757669361,4.87847331022387,33.277494685004,0.179389714568244,0.325023675,"L1",17,102527.617192027,24868.43,"L117a",2.394098212,2.3529988,1.868311809,-2.600259113,1.868311809,1.66416389,709.3105727,1335.010908,"L115","L117H15",0.75,"17",0.271449358846633,0.221196094200934,-0.488085003490732,0.75,"L1"
"878802",115.071299502498,0.787873406760726,2600.47467855466,18.2193935914272,84.4118106152081,0.574627369005746,0.289795933,"L1",17,100950.25214394,79536.02,"L117a",2.415604444,2.335837135,1.835156489,-2.794063561,1.835156489,1.489812649,713.7781874,1334.978134,"L116","L117H16",0.75,"17",0.263673103689703,0.17313165725703,-0.537907713716645,0.75,"L1"
"881682",110.300692183203,0.726265937087266,1929.59581497882,12.7319640857064,82.9975820439308,0.544569502107779,0.039998349,"L1",17,104105.003262621,75607.92,"L117a",2.653405907,2.349764525,1.151537464,-2.409411135,1.151537464,1.012959016,707.3768596,1335.469756,"L117","L117H17",0.75,"17",0.0612780718215676,0.00559187429896259,-1.39795793454673,0.75,"L1"
"884562",84.4996922669817,0.58280955743495,2284.36513764957,15.666971602172,60.869648697896,0.418714922513099,0.524033514,"L1",17,99275.6780356298,57858.81,"L117a",2.351144353,2.338565078,2.351433753,-3.003154006,2.351433753,2.25372792,713.4709236,1330.8608,"L118","L117H18",0.75,"17",0.371332747865506,0.352901484924409,-0.2806409372914,0.75,"L1"
"887442",86.3840193459772,0.57931680493721,1917.70255223458,13.1139516570018,63.4790744336423,0.423420611036581,0.15972118,"L1",17,101189.697969065,58620.89,"L117a",2.46901697,2.434632163,1.456564772,-2.76444968,1.456564772,1.35742322,711.0046201,1333.556527,"L119","L117H19",0.75,"17",0.163329802040729,0.132715273934289,-0.796637489952809,0.75,"L1"
"890322",25.2320026868642,0.178868501655905,606.533907523254,4.10972067189372,18.3895540517574,0.130540009012658,0.403773192,"L1",17,101022.569947846,18069.76,"L117a",2.333048746,2.311653746,1.820221532,-2.785112133,1.820221532,1.713505392,712.2254813,1333.544236,"L120","L117H20",0.75,"17",0.260124247474223,0.233885475391017,-0.393862518856864,0.75,"L1"
"893202",128.943065313054,0.87904203320862,2192.7911725376,15.4191622076425,97.3159740016387,0.659086083514434,0.091237759,"L1",17,104098.307410839,91506.79,"L117a",2.580503024,2.290789816,1.387475037,-2.410215139,1.387475037,1.040723952,709.6506112,1338.001609,"L121","L117H21",0.75,"17",0.142225178179811,0.0173355498550127,-1.03982539049191,0.75,"L1"
"896082",101.456628197388,0.636432637141394,1667.95059865419,11.4007974243817,76.8332926666191,0.476180686796463,0.05432152,"L1",17,103855.389828658,66096.96,"L117a",2.621811204,2.403922298,1.209288236,-2.439418478,1.209288236,1.037059565,713.0120765,1336.506259,"L122","L117H22",0.75,"17",0.0825298280607269,0.0158037014304065,-1.26502808632739,0.75,"L1"
"898962",115.022021306081,0.760956669305426,2211.59327936623,14.6867699908037,85.7391620216872,0.565120294721789,0.236661982,"L1",17,102998.491637559,78377.39,"L117a",2.453466062,2.383803273,1.778665371,-2.542982294,1.778665371,1.487314507,710.5068893,1339.697847,"L123","L117H23",0.75,"17",0.250094249827648,0.172402813990756,-0.625871502669683,0.75,"L1"
"901842",97.7173509350723,0.725719858857024,2042.18098545406,14.7698478570589,72.2138392504315,0.536100137887637,0.27390812,"L1",17,102393.123810933,74308.72,"L117a",2.394299753,2.339004236,1.664866524,-2.616667091,1.664866524,1.455530343,712.1025758,1337.325629,"L124","L117H24",0.75,"17",0.221379420897047,0.163021263474662,-0.562395092905142,0.75,"L1"
"904722",127.9346009652,0.878086734746243,2671.65232723503,18.4202600561775,94.5813484409934,0.646694541345918,0.134069187,"L1",17,102049.183473767,89608.03,"L117a",2.511262751,2.388462829,1.457043618,-2.658725492,1.457043618,1.185058849,710.8284555,1330.623182,"L125","L117H25",0.75,"17",0.16347255298699,0.0737399175709041,-0.872671024188147,0.75,"L1"
"907602",112.003084509038,0.746893627872885,1975.26417609723,13.8840042629578,84.2267878018577,0.556763516011797,0.183660516,"L1",17,103429.19138299,77250.6,"L117a",2.440750404,2.346042532,1.473862759,-2.490821125,1.473862759,1.238234015,708.3109413,1338.153192,"L127","L117H27",0.75,"17",0.168457045406399,0.0928027301597606,-0.735984199853292,0.75,"L1"
"910482",119.106846064024,0.78168797699548,2877.91994796106,19.566419132331,86.7907969446279,0.565618040752686,0.100973702,"L1",17,100065.676653553,78220.14,"L117a",2.528852834,2.450476245,1.318083893,-2.90407738,1.318083893,1.176516165,715.5971887,1335.580371,"L128","L117H28",0.75,"17",0.119943052979893,0.0705978986366222,-0.9957917209048,0.75,"L1"
"913362",85.7787513851697,0.655590970513019,1800.33546581174,13.4611422668244,63.3666387710129,0.483866640384715,0.259634109,"L1",17,102292.527805137,67062.06,"L117a",2.488575914,2.454783938,2.118312913,-2.628953738,2.118312913,1.905984803,711.5945664,1329.127832,"L129","L117H29",0.75,"17",0.325990113633387,0.280119433553329,-0.585638253407104,0.75,"L1"
"916242",99.7603806919665,0.679853470178679,2418.13608472629,16.3451878235832,72.6605790921177,0.493918703222704,0.245295798,"L1",17,100514.785490527,68335.32,"L117a",2.515827204,2.396854618,2.214642643,-2.848101142,2.214642643,1.565718536,713.6839598,1329.066379,"L130","L117H30",0.75,"17",0.345303658011023,0.19471369306766,-0.610309891341284,0.75,"L1"
"919122",128.729054996088,0.8240075665771,2216.58899439952,15.1357769358069,97.042462917757,0.614980663512979,0.100914378,"L1",17,103566.418721733,85339.51,"L117a",2.539350008,2.356749463,1.343009324,-2.474247421,1.343009324,1.084425692,714.9703707,1332.905128,"L131","L117H31",0.75,"17",0.128079027819641,0.035199798249699,-0.996046952284344,0.75,"L1"
"922002",115.359227186188,0.769440870451633,2325.88924464922,16.1872972006284,85.6012351895661,0.5665170108837,0.092192319,"L1",17,102016.794473012,78495.89,"L117a",2.587326458,2.458452113,1.414108988,-2.662693449,1.414108988,1.1585509,716.1441181,1331.155773,"L132","L117H32",0.75,"17",0.15048288263127,0.0639151189231685,-1.03530526066951,0.75,"L1"
"924882",110.076376679399,0.730581012543616,2373.39880291914,16.3374068883804,81.1295469641741,0.534631470424974,0.106197031,"L1",17,101327.071083141,74027.63,"L117a",2.578005874,2.479249624,1.492496305,-2.747491438,1.492496305,1.240917581,712.8318151,1330.090592,"L133","L117H33",0.75,"17",0.173913264612062,0.0937429375780524,-0.973887624858515,0.75,"L1"
"927762",47.7985302014333,0.406280554098502,1136.50306464887,8.64812366273678,34.8243353198613,0.298781747835146,0.434973391,"L1",17,101883.854253985,41393.43,"L117a",2.393888321,2.384435855,2.335136431,-2.678993083,2.335136431,2.261895726,710.6031288,1335.50253,"L134","L117H34",0.75,"17",0.368312259420136,0.354472579958743,-0.361537309701291,0.75,"L1"
"930642",107.681018924083,0.726321030752551,2651.02615206921,18.2846602311338,78.3141277563501,0.525255253488859,0.314615728,"L1",17,100002.197024012,72633.7,"L117a",2.322621976,2.289787217,1.512534405,-2.912009642,1.512534405,1.407123123,716.1871351,1333.8515,"L135","L117H35",0.75,"17",0.179705262155389,0.148332099780196,-0.50221957029228,0.75,"L1"
"933522",97.4583440964213,0.636474080330264,1774.6991018174,11.4508366505927,73.0491292754914,0.476006283249501,0.046024361,"L1",17,103805.616036582,66069.58,"L117a",2.622987752,2.331961728,1.155500199,-2.445410671,1.155500199,1.014782913,711.7133751,1331.594136,"L136","L117H36",0.75,"17",0.0627700246092384,0.00637314592426158,-1.33701223250565,0.75,"L1"
"936402",86.94489587269,0.622874000928988,1661.64650762774,12.2580221869545,64.8553552574602,0.461674403307906,0.096005847,"L1",17,102775.961839027,64016.48,"L117a",2.594047476,2.410225533,1.465077726,-2.570017949,1.465077726,1.117362644,713.8396401,1338.84556,"L137","L117H37",0.75,"17",0.165860665698637,0.0481941478046562,-1.01770231651763,0.75,"L1"
"939282",96.7561110195373,0.613011643318443,1759.24627388782,12.0796886433414,72.537207168145,0.454305123482582,0.088697249,"L1",17,102761.058744322,62993.73,"L117a",2.622973062,2.507877321,1.498238058,-2.571830651,1.498238058,1.215673918,706.3075818,1337.157658,"L139","L117H39",0.75,"17",0.175580824753056,0.084817099110703,-1.05208984987118,0.75,"L1"
"942162",142.356868597395,0.942872073883394,2683.04061121482,18.7804392493789,106.347644932465,0.698015535352122,0.111991515,"L1",17,102638.460805626,96774.94,"L117a",2.561086278,2.501019353,1.478493029,-2.58675254,1.478493029,1.311328127,707.6574938,1332.106242,"L140","L117H40",0.75,"17",0.169819281196279,0.117711376598536,-0.950814880260813,0.75,"L1"
"945042",107.156427734234,0.71672805817234,2074.51858437804,14.1999120405061,79.8313079566242,0.530883092888365,0.101784885,"L1",17,102699.445808916,73607.58,"L117a",2.565610391,2.436032241,1.420278393,-2.579327583,1.420278393,1.160255982,712.7826529,1339.374053,"L141","L117H41",0.75,"17",0.152373480082702,0.0645538162144406,-0.992316709705271,0.75,"L1"
"947922",114.755310331552,0.773049538442021,2388.47271153758,16.3952610271597,84.8759404129919,0.568713892249365,0.267515388,"L1",17,101925.173590812,78793.21,"L117a",2.369069097,2.354696139,1.539516157,-2.673924694,1.539516157,1.488530961,712.0370262,1335.625436,"L142","L117H42",0.75,"17",0.187384251121077,0.172757872272374,-0.572651231469756,0.75,"L1"
"950802",65.8238663636541,0.480296721122472,1311.43799120225,9.52397687157848,48.8830728355813,0.355726618250414,0.055878417,"L1",17,102689.528495497,49321.44,"L117a",2.65118932,2.360035807,1.274634029,-2.580534721,1.274634029,1.027351773,710.9718453,1330.590408,"L143","L117H43",0.75,"17",0.105385508690882,0.0117191747700827,-1.25275590566993,0.75,"L1"
"953682",81.0527225983846,0.561899529789685,2028.75054215243,13.7068042488954,58.8368799300732,0.407632241849233,0.145361398,"L1",17,100352.829679544,56388.21,"L117a",2.478682738,2.419117827,1.416596704,-2.86825818,1.416596704,1.270200358,714.7778187,1336.534937,"L144","L117H44",0.75,"17",0.151246226989211,0.103872230806931,-0.83755090889233,0.75,"L1"
"956562",91.9742048545004,0.654595847254053,1978.95696866865,14.2784908302354,67.7933995287234,0.480219678470449,0.282274611,"L1",17,101607.583028534,66511.9,"L117a",2.363148197,2.323176578,1.565935971,-2.712934486,1.565935971,1.428778776,711.4470798,1334.601223,"L146","L117H46",0.75,"17",0.194774000372066,0.154964990302489,-0.549328182421493,0.75,"L1"
"959442",70.9804885824846,0.453168878854586,1279.29178210611,8.28206636357391,53.2539043465331,0.338384005788572,0.05895024,"L1",17,103624.592444859,46959.44,"L117a",2.66479545,2.380142788,1.333631344,-2.467228086,1.333631344,1.035833478,709.3412991,1331.270485,"L147","L117H47",0.75,"17",0.125035794053207,0.0152899432484985,-1.22951442245246,0.75,"L1"
"962322",104.387057173868,0.72821583475262,2143.83753218479,15.232544512034,77.3052761714638,0.536471305265226,0.154867922,"L1",17,102081.719996178,74337.53,"L117a",2.485274821,2.40630348,1.485644737,-2.65474073,1.485644737,1.275096469,709.7632746,1329.258931,"L148","L117H48",0.75,"17",0.171914968774065,0.105543043098985,-0.810038528923138,0.75,"L1"
"965202",108.693259867388,0.733717447598019,2379.36678659684,16.6902020677054,79.9859441366447,0.536010361112414,0.255728442,"L1",17,101134.950603838,74204.48,"L117a",2.392050243,2.335357316,1.586116615,-2.771214472,1.586116615,1.394948679,714.6139447,1337.538665,"L149","L117H49",0.75,"17",0.200335114500616,0.144558229948611,-0.592220967254362,0.75,"L1"
"968082",69.0055345476881,0.488552699696306,1536.07323466353,10.2614372733996,50.661707534931,0.359765366387327,0.262371016,"L1",17,102035.126652636,49849.54,"L117a",2.573649747,2.337234425,2.868131183,-2.66044743,2.868131183,1.418212379,714.8044483,1331.061545,"L150","L117H50",0.75,"17",0.457599011274041,0.151741271835253,-0.581084142949237,0.75,"L1"
"970962",90.1353984806348,0.603319072232702,1750.04373771308,11.9111844510877,67.1266371385923,0.44703741991959,0.118059078,"L1",17,102739.479560315,61984.69,"L117a",2.545933374,2.412192582,1.470326775,-2.574455849,1.470326775,1.175574062,711.6396318,1338.620233,"L151","L117H51",0.75,"17",0.167413865910028,0.0702499951833719,-0.927900612789192,0.75,"L1"
"973842",99.9932984098533,0.666991786235321,2326.51136980913,15.267497850054,73.1217662892149,0.486960080474901,0.127984907,"L1",17,101064.734800523,67409.35,"L117a",2.50729849,2.353363672,1.410733832,-2.779895965,1.410733832,1.129245668,714.5279109,1334.59303,"L153","L117H53",0.75,"17",0.149445081650979,0.0527884332008401,-0.892841242798207,0.75,"L1"
"976722",95.9539029499291,0.617437326867062,1796.1105469867,12.101476171212,71.9758643830313,0.456078748288923,0.093743563,"L1",19,110467.317996609,68206.65,"L119a",2.573627328,2.397260905,1.386475366,-2.632033348,1.386475366,1.101229319,713.3556064,1334.463879,"H01","L119H01",0.75,"19",0.141912157718202,0.0418777654804748,-1.02805854386219,0.75,"L1"
"979602",98.4824247902031,0.649615648777003,1747.81009242993,11.8455828214568,74.2514664914554,0.483323581088639,0.064340115,"L1",19,111356.775004095,72339.1,"L119a",2.640312863,2.488510867,1.325358239,-2.531789303,1.325358239,1.101833332,712.6087164,1335.011142,"H02","L119H02",0.75,"19",0.122333282191709,0.0421159062517793,-1.19151816718567,0.75,"L1"
"982482",97.176797282702,0.634212802018935,1804.82215479958,12.7621806454584,72.9258808321272,0.467237313253264,0.292311192,"L1",19,110144.345963414,69854.96,"L119a",2.384515225,2.380361774,1.691195008,-2.668632984,1.691195008,1.672415877,709.6942741,1331.600378,"H03","L119H03",0.75,"19",0.228193688032619,0.223344281851804,-0.534154556073325,0.75,"L1"
"985362",72.4813096142465,0.525615582366328,1287.29048271322,9.49388395099848,54.64737511833,0.391437262088501,0.172977924,"L1",19,111474.336712422,58592.65,"L119a",2.478130395,2.411569992,1.555340296,-2.518599749,1.555340296,1.347505147,714.5167879,1332.894507,"H05","L119H05",0.75,"19",0.191825423913561,0.129530432715496,-0.762009319395767,0.75,"L1"
"988242",102.982349446184,0.677966879861174,1840.4836684856,13.0542551553937,77.578476580335,0.501678649023601,0.23918581,"L1",19,110685.2043353,75040.9,"L119a",2.440035375,2.367313811,1.725237312,-2.607402563,1.725237312,1.442017297,710.3312625,1331.753819,"H11","L119H11",0.75,"19",0.236848842135913,0.158970469777724,-0.621264588987547,0.75,"L1"
"991122",86.566008378068,0.550206646490297,1183.04310895978,8.80335906388553,66.8782811423038,0.414748740634925,0.044003725,"L1",19,112986.158176292,62165.74,"L119a",2.714188016,2.450374569,1.286168782,-2.350213289,1.286168782,1.035809988,713.662791,1333.325955,"H14","L119H14",0.75,"19",0.109297964141421,0.0152800944713823,-1.35651055809403,0.75,"L1"
"994002",106.684712019697,0.684308403790841,1938.76649771151,13.3344295799723,80.2403155627447,0.50576773280122,0.1698277,"L1",19,110538.643893551,75642.52,"L119a",2.592380377,2.270667197,2.130254095,-2.623965025,2.130254095,1.1151517,713.8769591,1331.999829,"H15","L119H15",0.75,"19",0.328431408825951,0.0473339507846552,-0.769991472066075,0.75,"L1"
"996882",97.7492189678098,0.647329682823239,1860.5721964647,11.9400779827968,73.1871369799919,0.481070647823269,0.047133446,"L1",19,111214.938029743,71992.73,"L119a",2.7102069,2.449790997,1.313831854,-2.547720909,1.313831854,1.040786392,711.4276321,1330.659304,"H16","L119H16",0.75,"19",0.118539787177592,0.0173616053080027,-1.32667080713036,0.75,"L1"
"999762",95.3937453147734,0.608513692039762,1721.37559182762,11.3222711407048,71.8179683823652,0.45183049287542,0.054103613,"L1",19,111107.391443186,67610.37,"L119a",2.633163269,2.451193154,1.226416103,-2.559814453,1.226416103,1.054021557,711.024641,1332.584795,"H17","L119H17",0.75,"19",0.0886378442257459,0.0228494932203688,-1.2667737320548,0.75,"L1"
"1002642",98.9225485286428,0.659546007873118,1984.85942205331,13.0964024570961,73.6983703652676,0.486548240405899,0.117348909,"L1",19,110307.428475856,72752.82,"L119a",2.539418869,2.486713889,1.444776252,-2.650138855,1.444776252,1.304393088,708.8008133,1331.866786,"H18","L119H18",0.75,"19",0.159800594465749,0.115408488806556,-0.930520943709038,0.75,"L1"
"1005522",75.9581530808956,0.477032978281148,1301.81241337223,9.45063739823417,57.4013282003985,0.351988630821466,0.193309069,"L1",19,110335.490283398,52633.67,"L119a",2.487894456,2.431390237,1.709449212,-2.646959305,1.709449212,1.483712608,709.4829442,1333.609832,"H20","L119H20",0.75,"19",0.232856202368179,0.171349787164742,-0.713747770781246,0.75,"L1"
"1008402",102.43064565959,0.672157469858132,2022.46428407179,13.2843999501588,76.4372000234072,0.496084251268102,0.244515896,"L1",19,110364.902238842,74182.6,"L119a",2.382018162,2.342715332,1.508250555,-2.643627644,1.508250555,1.385399912,709.437763,1330.694108,"H23","L119H23",0.75,"19",0.178473493798416,0.141575155714624,-0.611692902099954,0.75,"L1"
"1011282",75.5797709473483,0.539815048988331,1342.03694644302,9.40452701796677,57.010125310177,0.403466325040786,0.234990835,"L1",19,111922.533418119,60417.47,"L119a",2.476931539,2.400562729,1.895513477,-2.468442678,1.895513477,1.540716764,709.2293796,1337.097418,"H25","L119H25",0.75,"19",0.277726876584097,0.187722807999607,-0.628949075543347,0.75,"L1"
"1014162",92.6449941453859,0.602630655992479,1860.71092839039,11.3880159181745,68.988663025557,0.44676900720435,0.183337688,"L1",19,110916.145362565,66841.47,"L119a",2.521574653,2.333422471,1.813299345,-2.581348896,1.813299345,1.215895542,707.6206369,1334.480695,"H28","L119H28",0.75,"19",0.258469504674866,0.0848962661524899,-0.736748249669545,0.75,"L1"
"1017042",96.7063527734833,0.62396731593976,2101.98397735855,13.7783986604632,71.4716216854735,0.455438408263081,0.189917326,"L1",19,109013.22957526,68020.69,"L119a",2.439126578,2.394150858,1.495555862,-2.797664165,1.495555862,1.360415144,714.6549481,1334.701268,"H31","L119H31",0.75,"19",0.174802639437048,0.133671457808631,-0.721435413130533,0.75,"L1"
"1019922",97.5537331047508,0.633339940599988,1711.19310675335,11.5288469555106,73.6491999267681,0.471295702066261,0.224065542,"L1",19,111378.171733768,70540.24,"L119a",2.453417242,2.344808716,1.714254966,-2.529387712,1.714254966,1.336242701,709.7746955,1334.817229,"H33","L119H33",0.75,"19",0.234075416240532,0.125885345963079,-0.649624926463115,0.75,"L1"
"1022802",55.5010188331258,0.391259855483959,1084.03723263459,8.16517183679214,41.4221471762525,0.287201555856212,0.438132048,"L1",19,109699.721370366,42921.1,"L119a",2.367926471,2.361267968,2.154141769,-2.719194412,2.154141769,2.108125431,712.7383115,1333.079868,"H34","L119H34",0.75,"19",0.333274281816348,0.323896447323506,-0.358394978365982,0.75,"L1"
"1025682",83.1791414200092,0.554333827635592,1676.13256385141,11.040208750761,61.9315103428014,0.408810736822628,0.200642824,"L1",19,110270.775393097,61126.82,"L119a",2.47523589,2.424359176,1.692300069,-2.65429306,1.692300069,1.490223858,709.1616226,1333.227641,"H35","L119H35",0.75,"19",0.228477372152507,0.173251512030838,-0.697576368214879,0.75,"L1"
"1028562",92.8533834542863,0.605911292628126,1697.67095704195,11.5566127076438,69.8116026960987,0.448785066772124,0.666632652,"L1",19,110801.995765417,67136.18,"L119a",2.370704472,2.268278319,3.102352882,-2.594219923,3.102352882,2.163116682,711.8421263,1336.568921,"H36","L119H36",0.75,"19",0.491691195795102,0.335079946615229,-0.176113418194043,0.75,"L1"
"1031442",69.9733103803206,0.496517062637387,1515.76327998452,9.6530579139964,51.7048102729511,0.367056235338013,0.226534843,"L1",19,110566.697040365,54898.25,"L119a",2.449603832,2.405628877,1.708732378,-2.620793104,1.708732378,1.526979065,708.6063141,1331.119764,"H37","L119H37",0.75,"19",0.232674048759889,0.183833082886608,-0.644864990300826,0.75,"L1"
"1034322",104.275435245868,0.686872367340705,1550.67102423154,11.1963167173052,79.9936689918173,0.516806103651147,0.072755575,"L1",19,112752.932964596,77446.87,"L119a",2.664401683,2.480481523,1.477178402,-2.376042366,1.477178402,1.120717288,708.1998728,1335.55996,"H38","L119H38",0.75,"19",0.169432949154414,0.049496071340261,-1.13813372263112,0.75,"L1"
"1037202",47.3381372626584,0.272120174511844,922.471839946879,4.92639077708167,35.3554169557152,0.202607459524979,0.191709995,"L1",19,111446.036275712,30326.72,"L119a",2.497666913,2.345787243,1.746607586,-2.521773577,1.746607586,1.256883301,707.7221684,1336.715261,"H39","L119H39",0.75,"19",0.242195342087647,0.0992949562185612,-0.717355244137121,0.75,"L1"
"1040082",118.203698828689,0.76135828764604,1908.71126823168,13.598430761656,89.9301508871071,0.567636887502258,0.074191332,"L1",19,111613.485751542,84977.85,"L119a",2.613913947,2.500541163,1.344494815,-2.50300622,1.344494815,1.146537944,711.4616709,1338.068779,"H40","L119H40",0.75,"19",0.128559131720175,0.0593884320246486,-1.12964683170841,0.75,"L1"
"1042962",42.9080654302355,0.271265497090719,696.122840091132,5.36692226742012,32.5683739886659,0.20018566985712,0.252058029,"L1",19,110351.919101562,29934.67,"L119a",2.445960962,2.434314321,1.818183621,-2.645098209,1.818183621,1.758663898,713.2401465,1337.845776,"H41","L119H41",0.75,"19",0.259637741130236,0.245182848444884,-0.598499464086341,0.75,"L1"
"1045842",104.113158214753,0.689386383636301,1822.10918866141,12.8532002023015,78.6051102926731,0.511775328938038,0.120930672,"L1",19,111082.226611543,76578.58,"L119a",2.546606876,2.440148941,1.491950857,-2.562645912,1.491950857,1.227071511,714.0321121,1336.59202,"H42","L119H42",0.75,"19",0.173754518253796,0.0888698731815406,-0.917463533788322,0.75,"L1"
"1048722",92.4992529813667,0.615197401002544,1740.59824997349,12.8418553792928,69.2881245787947,0.45156956729787,0.185650587,"L1",19,109696.543125872,67485.03,"L119a",2.471400135,2.37630168,1.595504794,-2.71955657,1.595504794,1.30413681,711.3826202,1333.543181,"H44","L119H44",0.75,"19",0.202898113452512,0.115323153291194,-0.731303673260026,0.75,"L1"
"1051602",66.6072267941498,0.438361181548637,1154.00247192137,8.79122267014805,50.2792641704156,0.323059020276731,0.41061902,"L1",19,110185.853704843,48301.2,"L119a",2.409994514,2.394780569,2.353093258,-2.663923264,2.353093258,2.23556375,710.5822176,1335.433938,"H46","L119H46",0.75,"19",0.3716391395144,0.349387058851093,-0.38656093784479,0.75,"L1"
"1054482",76.5093951880594,0.468239822869356,1330.54208575902,9.13384227904095,57.7559993834813,0.346036039454376,0.144803524,"L1",19,110525.562313053,51752.47,"L119a",2.502894458,2.45801915,1.490609448,-2.625444412,1.490609448,1.356934309,709.5251167,1329.999195,"H47","L119H47",0.75,"19",0.173363869612105,0.132558823393437,-0.83922086883548,0.75,"L1"
"1057362",98.7174987674912,0.625009322564286,1714.38433849558,11.674519921687,74.5853322334304,0.463898260170385,0.102762938,"L1",19,111059.380626855,69413.15,"L119a",2.514014192,2.37838663,1.294230523,-2.565217018,1.294230523,1.103842693,710.218472,1330.039711,"H48","L119H48",0.75,"19",0.112011637963515,0.0429071871343475,-0.988163487716826,0.75,"L1"
"1060242",102.438545409132,0.674756719856509,1557.25016466241,11.3809192780815,78.3838489140913,0.505959445412622,0.077317953,"L1",19,112325.913547208,75792.67,"L119a",2.563907738,2.406489286,1.25645927,-2.423472404,1.25645927,1.075286269,710.8923221,1337.761877,"H50","L119H50",0.75,"19",0.099148414853824,0.0315241000621363,-1.1117196524781,0.75,"L1"
"1063122",89.359165352102,0.590263194853018,1455.7841323653,9.76047794757532,67.9576565466188,0.443480642545562,0.048122883,"L1",19,112573.467140445,66447.97,"L119a",2.609707771,2.343488926,1.152441537,-2.395954132,1.152441537,1.017761781,712.8652524,1336.759991,"H52","L119H52",0.75,"19",0.0616189029967816,0.00764613821299824,-1.31764836234871,0.75,"L1"
"1066002",97.719908977047,0.647753707525983,1835.3725606778,12.2631150079597,73.2828103242791,0.480133844133888,0.209739685,"L1",19,110893.614849929,71831.75,"L119a",2.504351466,2.352238369,1.896001844,-2.583888292,1.896001844,1.316124769,713.0905556,1330.691105,"H54","L119H54",0.75,"19",0.277838755385294,0.119297062469186,-0.678319388581436,0.75,"L1"
"1068882",77.4494477099891,0.530759611185488,1518.50984199298,9.87234469130519,57.8259616019602,0.39410970081789,0.23856616,"L1",19,111111.39257239,58973.44,"L119a",2.442505359,2.409852935,1.734078914,-2.559364319,1.734078914,1.59049777,709.0940583,1335.97688,"H57","L119H57",0.75,"19",0.239068857347178,0.201533064529598,-0.622391159859099,0.75,"L1"
"1071762",43.0110598391609,0.313412657726198,913.998706363089,6.48488140733766,31.8395010833118,0.23025521944668,0.212425232,"L1",19,109804.022561413,34413.97,"L119a",2.410361352,2.375718804,1.489281297,-2.707315207,1.489281297,1.383127981,710.9817108,1334.367674,"H65","L119H65",0.75,"19",0.172976735493448,0.140862367289737,-0.672793898760363,0.75,"L1"
"1074642",90.3010002850026,0.597085256522697,1669.91778346478,11.5600384978852,67.8150605940658,0.441586264480943,0.229908228,"L1",19,110617.847398631,66048.29,"L119a",2.42369307,2.417442993,1.610590029,-2.615011692,1.610590029,1.585323497,710.1172283,1337.675036,"H67","L119H67",0.75,"19",0.206985006091511,0.200117896602176,-0.638445485837924,0.75,"L1"
"1077522",62.4695649617966,0.447609208517619,1160.4114541903,9.06617645279032,46.8582693583107,0.329547483061158,0.253408909,"L1",19,110064.478014555,49265.87,"L119a",2.447707935,2.430614798,1.834307994,-2.677700281,1.834307994,1.746793965,711.2303563,1331.348429,"H68","L119H68",0.75,"19",0.263472258740966,0.242241682807508,-0.596178120859343,0.75,"L1"
"1080402",107.664851065511,0.70203862319513,1762.1861367368,12.4564050214026,81.8200936445682,0.52375639211762,0.192877531,"L1",19,111695.412986138,78414.49,"L119a",2.489729525,2.366067538,1.71553994,-2.493834257,1.71553994,1.301794866,710.5167207,1336.582713,"H70","L119H70",0.75,"19",0.234400833450012,0.114542554444867,-0.714718361941775,0.75,"L1"
"1083282",88.1476505804012,0.611752503689092,2254.23889696003,16.1904602229098,64.0162183841535,0.438985396898177,0.055024084,"N3",17,97363.6641629033,59562.46532,"N317a",2.355166837,2.293604353,1.02549253,-3.038692431,1.02549253,1.015353469,612.5199574,5863.157168,"N301","N317H01",0.75,"17",0.0109325011825951,0.00661725694176532,-1.25944717852576,0.75,"N3"
"1086162",86.3284280618033,0.522522199564431,2533.85799506907,13.8890445337575,61.8631189108166,0.374792287855859,0.147079698,"N3",17,97316.7408052483,50850.15746,"N317a",2.355761438,2.287096239,1.17079403,-3.044718122,1.17079403,1.099742852,615.8385975,5869.724798,"N302","N317H02",0.75,"17",0.0684804992548639,0.0412911478736833,-0.832447270542828,0.75,"N3"
"1089042",57.6437653114712,0.39734821710231,1685.17493576768,10.5472154316784,41.3317314359553,0.285047525808573,0.330019646,"N3",17,97331.7074178339,38674.58041,"N317a",2.325739658,2.323810933,1.566579908,-3.04279586,1.566579908,1.559176036,614.1260153,5863.034256,"N303","N317H03",0.75,"17",0.194952552245726,0.192895151203881,-0.481460205893543,0.75,"N3"
"1091922",100.579495406827,0.661214642805177,2494.24683397294,15.1765169462373,73.3144641795507,0.481284815099166,0.409944735,"N3",17,98916.6849096402,65405.16048,"N317a",2.401347297,2.232616078,2.28217493,-2.840881855,2.28217493,1.426242625,611.7538023,5862.985091,"N304","N317H04",0.75,"17",0.358348930275899,0.154193411725948,-0.387274686944378,0.75,"N3"
"1094802",113.630152037635,0.753708334630621,3129.08684197268,19.7773735208048,81.9548072631908,0.541314237372966,0.158239481,"N3",17,97456.3263334461,73453.64542,"N317a",2.485642978,2.355039134,1.504705221,-3.026801688,1.504705221,1.194397644,614.4988502,5867.954857,"N305","N317H05",0.75,"17",0.177451427881878,0.0771489380535325,-0.800685150160481,0.75,"N3"
"1097682",86.7648844234583,0.580224021065849,1718.3616800655,11.8004535925272,64.6558008363024,0.4274723873362,0.078432764,"N3",17,100254.955289757,58170.33329,"N317a",2.586327794,2.43107676,1.31056428,-2.672899792,1.31056428,1.094195409,613.3393747,5865.476119,"N306","N317H06",0.75,"17",0.117458326896254,0.0390948882424472,-1.10550248001992,0.75,"N3"
"1100562",72.2873147820823,0.415611196925195,2193.81332020525,11.1959316592944,51.6372362584884,0.297709436839136,0.165569844,"N3",17,97172.3070956363,40385.89886,"N317a",2.391655248,2.310617977,1.278006375,-3.063283915,1.278006375,1.15011116,613.1099379,5867.422235,"N307","N317H07",0.75,"17",0.106533020192035,0.0607398176071336,-0.781018760407386,0.75,"N3"
"1103442",100.081959168156,0.63112639856568,2150.86318762676,12.315469953619,73.984475599709,0.466901795071325,0.055793868,"N3",17,100716.895687552,63565.09165,"N317a",2.677543162,2.415259027,1.332457722,-2.61543637,1.332457722,1.042840163,611.2785403,5865.201615,"N308","N317H08",0.75,"17",0.124653438041277,0.0182177488420802,-1.25341352937964,0.75,"N3"
"1106322",11.7595491787152,0.0864705217845258,344.288729927775,2.17808149034899,8.43474628742613,0.0623577069906241,0.381361442,"N3",17,97900.1341184796,8465.47567999999,"N317a",2.339416071,2.270358507,1.782070537,-2.970006977,1.782070537,1.491659647,615.0355685,5861.854295,"N309","N317H09",0.75,"17",0.250924890062021,0.173669741171595,-0.418663218928038,0.75,"N3"
"1109202",40.7987729035174,0.313260730522739,1399.1831632691,8.91437761428659,28.7466622776394,0.22316706980279,0.555301073,"N3",17,96582.1187338506,30255.38507,"N317a",2.319307861,2.27215291,2.214192502,-3.139435748,2.214192502,1.906946606,614.0563649,5866.615109,"N310","N317H10",0.75,"17",0.345215375766753,0.280338533085753,-0.255471487345858,0.75,"N3"
"1112082",122.862913838668,0.762737344162075,2507.81428109186,14.3910180613459,91.3118587584019,0.566168915241706,0.066954771,"N3",17,101094.276529373,77108.37999,"N317a",2.676020375,2.400541138,1.450053285,-2.568687065,1.450053285,1.054281197,612.6305788,5865.902216,"N311","N317H11",0.75,"17",0.161383961515165,0.0229564609882924,-1.17421847100226,0.75,"N3"
"1114962",59.870398035811,0.361773392366942,2011.72670521532,9.98770938031712,42.3047102075005,0.258509410125488,0.452250379,"N3",17,96907.7440179474,35058.6433,"N317a",2.346233268,2.291836747,2.058726716,-3.097363054,2.058726716,1.749227967,612.9050836,5870.810526,"N312","N317H12",0.75,"17",0.313598700377009,0.242846412313729,-0.344621060515601,0.75,"N3"
"1117842",65.722845941994,0.430744406008673,2021.09883251882,11.2652946029916,46.8477105031774,0.309463916203538,0.419686636,"N3",17,97492.2968103605,41994.26148,"N317a",2.372945827,2.317725019,2.117231685,-3.022188873,2.117231685,1.788871669,611.2293752,5868.24575,"N313","N317H13",0.75,"17",0.325768384713568,0.252579186042931,-0.377074859723134,0.75,"N3"
"1120722",28.1143599527608,0.190973335493718,504.592348452152,3.52578716526271,21.1630123352954,0.142064988129252,0.050632371,"N3",17,101338.552421297,19352.96137,"N317a",2.701354842,2.370950946,1.333598452,-2.538519526,1.333598452,1.024624525,615.1175103,5863.870062,"N314","N317H14",0.75,"17",0.125025082704586,0.0105647467625531,-1.29557173510365,0.75,"N3"
"1123602",51.8668999894688,0.371802201930097,1326.56701341061,9.66299162098814,37.68114720089,0.267285041772603,0.547688539,"N3",17,97560.2459902047,36273.11428,"N317a",2.284476493,2.278692195,1.959972172,-3.013479786,1.959972172,1.925621066,614.2858017,5864.923013,"N315","N317H15",0.75,"17",0.292249905217375,0.284570828408183,-0.261466347077671,0.75,"N3"
"1126482",58.820597797679,0.479465734487736,1470.4799487141,11.4293707212279,42.8012005164095,0.347675239679779,0.355051256,"N3",17,98501.6331781433,47228.1579,"N317a",2.40662095,2.369415795,2.073235399,-2.893441864,2.073235399,1.849440271,609.3488125,5868.446507,"N316","N317H16",0.75,"17",0.316648615496028,0.267040310026119,-0.449708946688227,0.75,"N3"
"1129362",93.9460448357934,0.648260803578586,2619.95385194743,17.8596288170446,67.6626729950042,0.463319051439818,0.334935279,"N3",17,96930.2243219502,62836.06511,"N317a",2.27965651,2.232523182,1.421588616,-3.094463686,1.421588616,1.299925216,609.8691425,5865.082799,"N317","N317H17",0.75,"17",0.152773937005899,0.113918368297032,-0.475039105466741,0.75,"N3"
"1132242",107.62246265347,0.728601930433925,2840.3912994286,18.3870007219343,77.9388566599375,0.525328450611781,0.416276761,"N3",17,97879.7346550091,71315.36362,"N317a",2.378426535,2.344363798,2.141522533,-2.972611875,2.141522533,1.92388435,612.3028119,5861.854295,"N318","N317H18",0.75,"17",0.330722648382869,0.284178961846067,-0.380617833290914,0.75,"N3"
"1135122",109.867051206117,0.747086355897016,2645.83163863385,17.5509034063875,80.3125220600706,0.542526054360991,0.347847635,"N3",17,98661.4376212227,73708.6139,"N317a",2.38258197,2.248682347,1.895279876,-2.873178881,1.895279876,1.360533462,612.1225401,5866.328313,"N319","N317H19",0.75,"17",0.277673351310652,0.133709227617608,-0.458610945044412,0.75,"N3"
"1138002",126.304214874156,0.835374591560517,3514.66353577603,23.1082785504873,91.0208580793559,0.596808899206352,0.307063738,"N3",17,96886.4971926031,80936.51802,"N317a",2.311292316,2.262621617,1.45477161,-3.100103954,1.45477161,1.320875467,617.4692379,5864.988566,"N320","N317H20",0.75,"17",0.162794817169142,0.120861873977758,-0.512771467556772,0.75,"N3"
"1140882",110.477923093223,0.703892177574045,3369.71902315228,20.0127665427233,78.8657888580265,0.501497418366314,0.124073218,"N3",17,96591.6097609253,67990.07853,"N317a",2.371729922,2.336952351,1.140753495,-3.138207446,1.140753495,1.107081727,613.351666,5872.035555,"N321","N317H21",0.75,"17",0.0571918080227296,0.0441796825544105,-0.906321953634765,0.75,"N3"
"1143762",64.8329670429468,0.380613328176029,1992.72215437985,9.82113859729235,46.2272458267476,0.273816029886689,0.327476088,"N3",17,97638.1974538025,37162.39929,"N317a",2.408840277,2.310615693,1.964217213,-3.003496168,1.964217213,1.504190821,617.2234127,5863.144877,"N322","N317H22",0.75,"17",0.293189512570645,0.177302934161557,-0.484820406294452,0.75,"N3"
"1146642",128.463269314759,0.835994187066481,3154.55562475033,19.3247363081167,93.733298938873,0.608071834467467,0.053922144,"N3",17,98838.7527309794,82628.62274,"N317a",2.669514453,2.43404513,1.295183186,-2.850733946,1.295183186,1.046693477,617.3381311,5869.065167,"N323","N317H23",0.75,"17",0.112331197793791,0.0198195176504018,-1.26823284813339,0.75,"N3"
"1149522",74.5486361995683,0.522245948427351,1869.97505395449,13.2402503984729,54.2566826123071,0.376370546235805,0.275477971,"N3",17,97829.650213375,51091.13846,"N317a",2.443415198,2.319826596,1.92262212,-2.979009683,1.92262212,1.401644077,614.1219182,5869.069264,"N324","N317H24",0.75,"17",0.283893934615335,0.146637746141995,-0.559913124418926,0.75,"N3"
"1152402",120.642545317044,0.850827584842526,2236.49651432556,16.3536774312322,90.484643224061,0.630386402923742,0.103293701,"N3",17,100886.093738824,85836.67148,"N317a",2.600250118,2.431011299,1.548347629,-2.594454775,1.548347629,1.158425826,613.5114524,5870.048468,"N325","N317H25",0.75,"17",0.189868473405792,0.0638682311426631,-0.98592616158155,0.75,"N3"
"1155282",103.179373963797,0.646323749465384,2501.99746296489,14.318486292578,75.3612037820921,0.47211530224695,0.117963459,"N3",17,99306.7426550409,64184.3062600001,"N317a",2.520680646,2.42941989,1.392916948,-2.791687588,1.392916948,1.200046023,612.1880934,5871.461963,"N326","N317H26",0.75,"17",0.143925222597267,0.0791979020073452,-0.928252501272935,0.75,"N3"
"1158162",113.028468630309,0.746381687726019,2998.42068511996,19.4627233602435,81.8267618657489,0.536388396072247,0.208836383,"N3",17,97524.2355178464,72790.3035000001,"N317a",2.376254938,2.261835706,1.373461531,-3.018094514,1.373461531,1.158541926,616.2155294,5866.647886,"N327","N317H27",0.75,"17",0.137816499862593,0.0639117549157909,-0.68019383728063,0.75,"N3"
"1161042",122.494676370688,0.79526670359131,3473.70253915549,21.3458477128693,88.0995901482906,0.569869483096579,0.239406494,"N3",17,97211.4059483237,77308.9943600001,"N317a",2.254877007,2.211597597,1.193503363,-3.058255349,1.193503363,1.138478134,619.2023054,5863.43577,"N328","N317H28",0.75,"17",0.0768236470799204,0.0563246938230675,-0.62086407335269,0.75,"N3"
"1163922",101.871018029448,0.697801959061969,2915.97238446162,19.56758359348,73.1831352247207,0.497845223692663,0.140851314,"N3",17,96739.8976505384,67505.2901000001,"N317a",2.358205895,2.311122414,1.160606196,-3.119032103,1.160606196,1.111107915,610.7664044,5869.954235,"N329","N317H29",0.75,"17",0.0646848847546421,0.0457562413108012,-0.851239097131972,0.75,"N3"
"1166802",60.9013200344384,0.448679973177791,2505.87691924378,16.1243818339757,42.1738484420091,0.312266005790225,0.446748479,"N3",17,94109.6936440892,42225.1348200001,"N317a",2.34936871,2.312753425,2.059985292,-3.463592776,2.059985292,1.841723978,617.7806164,5864.521498,"N330","N317H30",0.75,"17",0.313864119579812,0.265224542357058,-0.349936917418919,0.75,"N3"
"1169682",99.4931357584013,0.603500240014389,2134.18381047498,11.6383101787109,73.5620844009826,0.446991084485964,0.046404974,"N3",17,100848.968508362,60862.3767000001,"N317a",2.709278904,2.458585818,1.303253304,-2.599055516,1.303253304,1.042500248,615.5518014,5861.067654,"N331","N317H31",0.75,"17",0.115028834621232,0.0180761669599618,-1.33343546632061,0.75,"N3"
"1172562",48.0455466245299,0.299492285189545,1422.47257264533,8.18743842211504,34.4026879118898,0.214216076529868,0.316298909,"N3",17,97013.5908563107,29054.8220200001,"N317a",2.279549874,2.279475265,1.381903373,-3.083717463,1.381903373,1.381699171,616.9734904,5864.267479,"N332","N317H32",0.75,"17",0.14047767687319,0.140413497020593,-0.499902306080157,0.75,"N3"
"1175442",31.2617288631801,0.176811162389885,737.419335919092,4.24132701881525,22.8986572170419,0.128130680636829,0.239036813,"N3",17,98432.9257539892,17404.0400200001,"N317a",2.427124509,2.320702798,1.665227557,-2.902163978,1.665227557,1.315901005,616.4244808,5870.900662,"N333","N317H33",0.75,"17",0.221473589191687,0.11922321860972,-0.621535210133021,0.75,"N3"
"1178322",116.207330455852,0.777746432957427,3050.28057162632,19.5881378655015,84.2231564409301,0.560873831015024,0.314238257,"N3",17,97901.4095384067,76142.4720500001,"N317a",2.378983815,2.314638817,1.74728712,-2.969844131,1.74728712,1.483960175,615.0396656,5872.121594,"N334","N317H34",0.75,"17",0.242364275553031,0.171422245949866,-0.502740942807927,0.75,"N3"
"1184082",13.9900748431836,0.0818401697892704,423.358819889004,2.85084205074292,9.99000998377235,0.0571358272953673,0.565123002,"N3",17,94436.259478696,7728.67951000009,"N317a",2.248524758,2.203326896,1.800926433,-3.42029217,1.800926433,1.593851963,618.7188492,5862.952314,"N335","N317H35",0.75,"17",0.255495972456009,0.202447981653676,-0.247857015408937,0.75,"N3"
"1186962",117.326677796055,0.780239583135083,3297.9589066336,21.0133788923289,84.4547696933549,0.558912534920454,0.228488169,"N3",17,97174.919689858,75819.7188300001,"N317a",2.352397947,2.349713936,1.367511581,-3.062947842,1.367511581,1.360469939,618.9851599,5868.036798,"N336","N317H36",0.75,"17",0.135931012916326,0.133688950032972,-0.641136282557099,0.75,"N3"
"1189842",83.5234567155906,0.556470079939458,1879.88124405296,12.561072995812,61.469851671301,0.405719599452729,0.033623836,"N3",17,99100.198120265,55146.2951700001,"N317a",2.764078441,2.415123231,1.256365145,-2.817712964,1.256365145,1.015749975,615.9000538,5865.148352,"N337","N317H37",0.75,"17",0.0991158793786955,0.00678682030943899,-1.47335274126543,0.75,"N3"
"1192722",76.4165094646858,0.432160514190033,2320.07509695551,11.446287444529,54.5756135093084,0.31008859194057,0.100209549,"N3",17,97355.2916995544,42073.1129200001,"N317a",2.359093994,2.299100939,1.084871741,-3.039767373,1.084871741,1.052345043,615.6788111,5867.590216,"N340","N317H40",0.75,"17",0.0353783967389072,0.0221581596863257,-0.999090892436705,0.75,"N3"
"1195602",41.9431892846184,0.310405904312681,790.04970290078,6.53509163853373,31.3709299233602,0.227897974079643,0.17661668,"N3",17,99870.4718862966,31000.3841400001,"N317a",2.466276059,2.392285172,1.529870338,-2.720930155,1.529870338,1.313169016,612.9378603,5866.197207,"N341","N317H41",0.75,"17",0.184654624361817,0.118320627073618,-0.752968283261975,0.75,"N3"
"1198482",96.0848688998945,0.660453483168343,2204.6117909962,15.2870790829399,70.5677294655394,0.480326634244078,0.201564765,"N3",17,98824.2905721245,65268.8469300001,"N317a",2.517268385,2.409079611,1.915283311,-2.852563089,1.915283311,1.443944064,615.1912578,5871.73237,"N342","N317H42",0.75,"17",0.282233024416063,0.159550369711,-0.695585383454066,0.75,"N3"
"1201362",110.730066527175,0.705280464161508,2898.27689007823,17.2430274126454,80.274345590021,0.510128220715751,0.075179069,"N3",17,98225.1413306351,69276.2732700001,"N317a",2.662918274,2.42540775,1.498879326,-2.928578417,1.498879326,1.082999986,617.379102,5866.930585,"N343","N317H43",0.75,"17",0.175766669431385,0.0346284510111719,-1.12390305679015,0.75,"N3"
"1204242",101.870646016676,0.649747699859582,2938.31175537477,17.1755198752047,73.1292582781347,0.466305887192868,0.165821977,"N3",17,97376.5757134246,63270.2060900001,"N317a",2.295033459,2.287272302,1.133304803,-3.037034896,1.133304803,1.125433923,618.1534513,5870.027982,"N344","N317H44",0.75,"17",0.0543467293323323,0.0513200015854091,-0.780357911317002,0.75,"N3"
"1207122",88.9658089363038,0.551544883662376,2641.61023355486,14.5234805358198,63.673408910687,0.395981172657541,0.03086175,"N3",17,97418.3214124253,53730.5767500001,"N317a",2.392354668,2.329072932,1.011005294,-3.031677248,1.011005294,1.006515921,617.096403,5861.571596,"N346","N317H46",0.75,"17",0.00475342972450017,0.00282064891941784,-1.51057945112463,0.75,"N3"
"1210002",99.0903414731576,0.668796482143926,3910.77909639402,24.3745010720917,68.9353385363382,0.464806792916763,0.442411767,"N3",17,93963.0481436598,62842.1560500001,"N317a",2.300214749,2.299324815,1.764486857,-3.483085969,1.764486857,1.760064652,618.4197619,5863.767634,"N347","N317H47",0.75,"17",0.246618427811526,0.24552862093412,-0.354173330448369,0.75,"N3"
"1212882",97.8115846391015,0.61445238683855,2116.31074285503,12.1681818398422,72.2698562559402,0.453896832306701,0.137519221,"N3",17,100552.04504598,61784.4440800001,"N317a",2.517721397,2.440256827,1.498907605,-2.635912788,1.498907605,1.28629171,615.8345004,5863.722566,"N348","N317H48",0.75,"17",0.175774863084861,0.109339470669726,-0.861636596445783,0.75,"N3"
"1215762",100.092716003361,0.694006918052385,2291.32009953808,15.7099172631501,73.5303903819131,0.505854306535871,0.200398234,"N3",17,99069.1397615295,68754.6683600001,"N317a",2.473883438,2.392664686,1.684796376,-2.821631123,1.684796376,1.391251631,615.1134132,5865.299945,"N349","N317H49",0.75,"17",0.226547419674213,0.143405686477633,-0.698106109987598,0.75,"N3"
"1218642",99.0690448196113,0.601123541552725,2704.25602957201,14.9607342524992,71.5220454902692,0.434017739825109,0.254730617,"N3",17,98030.8885887001,58928.6749300001,"N317a",2.416785785,2.301407687,1.687460767,-2.953323237,1.687460767,1.306761054,619.253519,5864.953741,"N350","N317H50",0.75,"17",0.227233684392853,0.116196182518323,-0.593918852464632,0.75,"N3"
"1221522",97.5563159110198,0.648700208438895,2596.80276214541,16.5138099522734,70.6101130160464,0.467311399061759,0.236664239,"N3",17,97785.0555384479,63433.1859100001,"N317a",2.436040504,2.236031912,1.69462406,-2.984708983,1.69462406,1.163875037,616.0024809,5862.026373,"N351","N317H51",0.75,"17",0.22907336815788,0.0659063534627444,-0.625867360906128,0.75,"N3"
"1224402",118.789979533329,0.815352408079751,3117.92549854885,20.8287488672436,86.0764748804933,0.587159696713258,0.139370944,"N3",17,97747.1717017418,79698.3918300001,"N317a",2.415969057,2.318609248,1.244715062,-2.989552665,1.244715062,1.115532342,613.732695,5862.370528,"N353","N317H53",0.75,"17",0.0950699448743434,0.0474821660573452,-0.855827758345343,0.75,"N3"
"1227282",106.202092267472,0.683520610898695,3056.25741811866,14.8635893138354,76.4397767378451,0.499372577163603,0.185709618,"N3",18,90755.3004413994,62033.12,"N318a",2.320926319,2.158429472,1.201000657,-3.030826379,1.201000657,1.055700701,617.8682005,5866.153727,"H03","N318H03",0.75,"18",0.079543244981088,0.0235408099325473,-0.73116560333529,0.75,"N3"
"1230162",123.728997941382,0.855800652259415,3526.64358958399,19.6178561005812,89.1977101466516,0.621949328090279,0.235049682,"N3",18,90224.9797732033,77214.59,"N318a",2.35605698,2.279808229,1.396149316,-3.104083281,1.396149316,1.226142361,614.6574281,5870.222238,"H05","N318H05",0.75,"18",0.144931867891073,0.0885408967789846,-0.62884033203471,0.75,"N3"
"1233042",130.301900654669,0.888556495206535,3731.85869602364,19.888838902866,93.886463507888,0.647295950986492,0.257310675,"N3",18,90464.3149125998,80382.65,"N318a",2.307094613,2.292245048,1.325521058,-3.070969078,1.325521058,1.291916476,617.8488887,5867.825027,"H11","N318H11",0.75,"18",0.12238663157915,0.111234436890597,-0.589542195921699,0.75,"N3"
"1235922",104.431000840167,0.722919247622002,2939.690196865,16.0194085678437,75.3392105594252,0.527162370104362,0.438109743,"N3",18,90565.4601331538,65471.51,"N318a",2.384865642,2.323288071,2.278310694,-3.05700104,2.278310694,1.873765437,611.3046867,5868.276713,"H14","N318H14",0.75,"18",0.357612948667109,0.272715223802327,-0.358417088560955,0.75,"N3"
"1238802",113.266000107911,0.775323421444345,3274.87071972944,17.4964891876028,81.5602675837283,0.56434721431744,0.178952708,"N3",18,90382.3361474836,70075.54,"N318a",2.394796748,2.354651201,1.326424682,-3.082301714,1.326424682,1.242503843,613.1507899,5867.914794,"H15","N318H15",0.75,"18",0.122682594596933,0.0942977406577745,-0.747261725267503,0.75,"N3"
"1241682",126.832958109167,0.891175937177812,3350.63209060414,18.8598340709797,92.1267190281507,0.652854336023933,0.112505568,"N3",18,91029.6453323266,81123.43,"N318a",2.511787839,2.370461243,1.339496293,-2.993097031,1.339496293,1.115863645,613.3097387,5864.485256,"H16","N318H16",0.75,"18",0.126941516054066,0.0476111284348286,-0.948825983402965,0.75,"N3"
"1244562",96.4257495531857,0.68696475912227,2140.36064832412,12.4106642265831,71.2602166994379,0.511279859069462,0.306480814,"N3",18,92644.0906245562,63643.23,"N318a",2.443935793,2.402179814,2.086155741,-2.773347748,2.086155741,1.835345784,614.4888036,5865.602241,"H17","N318H17",0.75,"18",0.31934672735615,0.263717898525892,-0.513596707555784,0.75,"N3"
"1247442",109.58996759158,0.824865319768727,2882.54953476781,18.2498609018242,79.6550833512005,0.601597019972986,0.28068078,"N3",18,90581.2215392314,74717.31,"N318a",2.309458815,2.287035727,1.385152947,-3.054825813,1.385152947,1.327531863,616.9775586,5864.318685,"H18","N318H18",0.75,"18",0.141497730346861,0.12304495367743,-0.551787325255574,0.75,"N3"
"1250322",101.733380310187,0.716237709280848,2150.43194543337,12.0614989676425,75.5377480228709,0.536825398690008,0.036426178,"N3",18,93370.2326943206,66875.28,"N318a",2.718811723,2.484074005,1.210738546,-2.675755027,1.210738546,1.032530236,615.3529963,5866.087305,"H19","N318H19",0.75,"18",0.083050369163941,0.0139027781354003,-1.43858639451673,0.75,"N3"
"1253202",110.040379346123,0.756434609260225,3264.83480545136,17.4042614054029,79.0000627378653,0.549532336850171,0.503109072,"N3",18,90187.9321554559,68221.27,"N318a",2.365394904,2.273536525,2.387494093,-3.109217007,2.387494093,1.785831335,613.0986932,5866.754198,"H20","N318H20",0.75,"18",0.377942305750788,0.251840439021852,-0.298337851459747,0.75,"N3"
"1256082",110.864766085057,0.782129614139178,3067.7678948755,17.2063084858929,80.1860131994232,0.570752885223869,0.089294454,"N3",18,90638.4237068219,70891,"N318a",2.471747957,2.364196018,1.165593378,-3.046934537,1.165593378,1.070789305,615.5491698,5867.735436,"H27","N318H27",0.75,"18",0.0665470714436183,0.0297040248209467,-1.04917551392213,0.75,"N3"
"1258962",111.932627053666,0.783123398251648,3249.06950172969,17.6817181835974,80.5313020622302,0.569995013839981,0.227826736,"N3",18,90377.1044486871,70776.43,"N318a",2.32449498,2.270052695,1.298415258,-3.083025286,1.298415258,1.198373188,615.4695008,5868.69429,"H29","N318H29",0.75,"18",0.113413610350423,0.0785920837049317,-0.642395311793639,0.75,"N3"
"1261842",125.976101075677,0.869515736459748,3770.1696030027,20.172850308888,90.3990383182729,0.631158953277057,0.228427788,"N3",18,90104.7748474266,78347.52,"N318a",2.264993808,2.262583401,1.191779225,-3.120747883,1.191779225,1.188273624,615.8566061,5869.657031,"H31","N318H31",0.75,"18",0.0761958105681265,0.0749164572363967,-0.641251065745835,0.75,"N3"
"1264722",113.716171514147,0.764585581437728,2657.91585458589,13.9161493539849,83.607674405782,0.568626491606742,0.225775975,"N3",18,92567.5066706243,70775.78,"N318a",2.406646542,2.320651445,1.527744221,-2.783685108,1.527744221,1.285455608,614.6142363,5863.52126,"H33","N318H33",0.75,"18",0.184050649588684,0.109057083286517,-0.646322273571587,0.75,"N3"
"1267602",88.736303398032,0.549853667557436,2479.47210455399,11.6546692760135,64.0543606473909,0.40274682587734,0.159089755,"N3",18,91013.8469791556,50044.3,"N318a",2.437030527,2.259055134,1.361173283,-2.995266616,1.361173283,1.092729762,617.6402083,5869.395835,"H34","N318H34",0.75,"18",0.133913416210178,0.0385127718460962,-0.798357786979614,0.75,"N3"
"1270482",79.7231658500307,0.612210926460124,1698.6263142648,10.6985715234152,59.1989810783717,0.457160698481154,0.147811995,"N3",18,92986.8864137432,56927.59,"N318a",2.541535718,2.408871529,1.66007696,-2.727181399,1.66007696,1.257954327,613.0369169,5866.193846,"H35","N318H35",0.75,"18",0.220128222093413,0.0996648733096035,-0.830290321347595,0.75,"N3"
"1273362",70.2040536953957,0.413938338130137,1746.18513262793,7.39444449599466,51.222369144853,0.308424553396686,0.281267055,"N3",18,92760.0833096268,38396.96,"N318a",2.473885903,2.302826084,2.149851167,-2.757707229,2.149851167,1.36856693,614.3319309,5864.949758,"H37","N318H37",0.75,"18",0.332408394990965,0.136266041511499,-0.550881134061662,0.75,"N3"
"1276242",131.057769379139,0.885460433523524,3840.24926804752,20.0800845478432,94.1936618691461,0.644198641887998,0.236637734,"N3",18,90333.1338608875,79986.42,"N318a",2.188474251,2.165767127,1.112968975,-3.08910831,1.112968975,1.094357242,612.5075969,5868.989585,"H38","N318H38",0.75,"18",0.0464830581585188,0.0391591162417014,-0.625916002052422,0.75,"N3"
"1279122",111.500577479481,0.754226839006592,3167.80631689171,16.3937287844825,80.3698616954786,0.551054672571007,0.42318695,"N3",18,90759.8589042012,68453.52,"N318a",2.204638004,2.177709348,1.368666902,-3.030198544,1.368666902,1.303077434,614.2168904,5864.453011,"H39","N318H39",0.75,"18",0.136297764989016,0.114970223970223,-0.373467733294171,0.75,"N3"
"1282002",63.429411512293,0.44757987705002,1647.57384370978,9.55148000399943,46.2063835646161,0.327612771540561,0.462999748,"N3",18,90945.2444964385,40705.26,"N318a",2.258808691,2.254548208,1.624895174,-3.004692153,1.624895174,1.607225662,615.1005139,5864.431508,"H40","N318H40",0.75,"18",0.210825348809167,0.206076858020943,-0.334419245358373,0.75,"N3"
"1284882",39.8424006692007,0.394668754009448,765.109085522368,8.40400043728552,29.7997524046585,0.288946671086154,0.398651378,"N3",18,90967.2769259574,35901.94,"N318a",2.374407796,2.344570363,2.044688615,-3.001664265,2.044688615,1.865926678,613.1894969,5865.070617,"H42","N318H42",0.75,"18",0.31062717880595,0.270894574048402,-0.399406730362141,0.75,"N3"
"1287762",112.659692304267,0.798111349341624,3263.51502272943,18.4290322743707,81.1143693574553,0.579601986389377,0.23388724,"N3",18,90152.0630791103,71951.38,"N318a",2.35622606,2.259613288,1.393265934,-3.114189431,1.393265934,1.19221775,614.3309966,5867.478214,"H44","N318H44",0.75,"18",0.14403401853872,0.0763555834133287,-0.630993471002949,0.75,"N3"
"1290642",3.36523798258287,0.0237883072140842,90.8407303579794,0.512322472718327,2.44111342416072,0.0173962577910421,0.330270939,"N3",18,90852.6920621063,2161.232,"N318a",2.396696199,2.302073088,1.904686951,-3.017419531,1.904686951,1.481940625,617.2598709,5863.167651,"H45","N318H45",0.75,"18",0.27982360645506,0.170830803676084,-0.481129638803873,0.75,"N3"
"1293522",111.746301517218,0.779416179096832,3377.83858116761,18.7038789850983,80.0766900835686,0.563849854707565,0.242421529,"N3",18,89767.1700003391,69965.98,"N318a",2.345481232,2.306849103,1.387329097,-3.167670882,1.387329097,1.292502416,611.8664177,5867.841707,"H46","N318H46",0.75,"18",0.142179495000973,0.111431363568292,-0.615428813916998,0.75,"N3"
"1296402",86.6872513586162,0.641808779843886,3069.46572608959,18.7587308676556,61.1766832275985,0.455235536986181,0.453659605,"N3",18,87821.8284326217,56364.82,"N318a",2.35050397,2.268624785,2.091985275,-3.441536296,2.091985275,1.645826367,617.9426629,5864.401676,"H47","N318H47",0.75,"18",0.320558623307688,0.216384015668862,-0.34326988969282,0.75,"N3"
"1299282",112.343142722329,0.808483734608775,2954.03924886638,17.133006080454,81.7099786366258,0.592195825710558,0.205490036,"N3",18,91015.9553866691,73584.92,"N318a",2.417499713,2.380185298,1.486422193,-2.994977047,1.486422193,1.373585697,611.7075796,5867.001936,"H48","N318H48",0.75,"18",0.172142180923977,0.137855759914715,-0.687209231769077,0.75,"N3"
"1302162",105.424801282777,0.717146729285083,3151.26306177251,16.475957243883,75.6229699726042,0.521067566455277,0.065503378,"N3",18,90202.7369691659,64688.6,"N318a",2.415144988,2.394293013,1.058542093,-3.107165236,1.058542093,1.049438831,611.2392188,5863.840876,"H49","N318H49",0.75,"18",0.024708132449105,0.0209571297851552,-1.18373630292529,0.75,"N3"
"1305042",112.095654375506,0.787751647954036,2493.23479668247,13.928852414166,82.8541548780055,0.587552937262161,0.279981463,"N3",18,92865.6055623618,73155.04,"N318a",2.373879491,2.316393851,1.600638705,-2.743495529,1.600638705,1.402980686,612.6169785,5865.360626,"H54","N318H54",0.75,"18",0.204293314347698,0.147051692395887,-0.552870721455314,0.75,"N3"
"1307922",86.071516620273,0.558207029382616,1782.75830589749,8.53243304973793,64.0187826682615,0.422452442406974,0.085199141,"N3",18,94380.5487692783,52683.89,"N318a",2.610633386,2.4390982,1.42704,-2.541224851,1.42704,1.117509579,611.8771351,5865.188796,"H61","N318H61",0.75,"18",0.154436146580525,0.0482512544787056,-1.06956478388166,0.75,"N3"
"1310802",25.1165811661753,0.200907509854355,557.714215038238,4.67870075471777,18.4655021989287,0.146245057052054,0.531885386,"N3",19,88557.9117122005,17791.95,"N319a",2.350498609,2.314437358,2.375077061,-3.157059908,2.375077061,2.10672872,614.1389656,5866.513202,"H01","N319H01",0.75,"19",0.375677705171046,0.323608615820642,-0.274181942123017,0.75,"N3"
"1313682",41.7777191863458,0.267991189385528,1051.03069126904,5.86267525399794,30.3650954245188,0.196300280055869,0.289620399,"N3",19,89175.2741379136,23898.19,"N319a",2.194465949,2.17646106,1.172956079,-3.070221186,1.172956079,1.150458126,612.157011,5863.51282,"H02","N319H02",0.75,"19",0.0692817503891375,0.0608708159832899,-0.538170852484775,0.75,"N3"
"1316562",73.4662299953498,0.518260185043042,1767.47404385626,11.4121183625257,53.6352898324665,0.379370833593173,0.177462339,"N3",19,89110.4328343581,46182.39,"N319a",2.324720273,2.294955787,1.190349997,-3.079313517,1.190349997,1.151302099,617.5633819,5867.687664,"H03","N319H03",0.75,"19",0.0756746751884596,0.0611892964481274,-0.750893798664599,0.75,"N3"
"1319442",94.7081870809869,0.635768015462104,2301.10167394211,13.9818293949491,69.0676116805831,0.465446831632255,0.082577229,"N3",19,89123.0434088697,56661.58,"N319a",2.338024066,2.317426184,1.049209209,-3.077544689,1.049209209,1.041615185,616.5390429,5869.673186,"H05","N319H05",0.75,"19",0.0208620937752853,0.0177073025544135,-1.08313969460494,0.75,"N3"
"1322322",82.4971064169122,0.549791987453881,2041.02113770625,12.3551616710961,60.0529133206341,0.401634802999767,0.198372364,"N3",19,88909.3148963004,48881.63,"N319a",2.363765163,2.344432798,1.311821605,-3.107557297,1.311821605,1.270353266,613.1592057,5867.705669,"H11","N319H11",0.75,"19",0.117874779222683,0.103924508468061,-0.702518831165188,0.75,"N3"
"1325202",101.358060854273,0.691701693017036,2364.18020438654,14.8026172838054,74.2117965740224,0.507779082678926,0.037367344,"N3",19,89393.5515761086,61833.67,"N319a",2.637416243,2.404270852,1.117640435,-3.039661884,1.117640435,1.017755594,615.6595354,5867.064293,"H14","N319H14",0.75,"19",0.0483021056863944,0.00764349811766671,-1.42750776988215,0.75,"N3"
"1328082",19.2005405138247,0.163083305551633,335.122967507908,2.89734937319937,14.4707964710114,0.121968674662032,0.155995607,"N3",19,91261.3976007978,14883.21,"N319a",2.552840343,2.46726974,1.774394577,-2.78117013,1.774394577,1.433329103,613.9954039,5866.199706,"H15","N319H15",0.75,"19",0.249050201492994,0.156345919083319,-0.806887631661707,0.75,"N3"
"1330962",87.6529172930587,0.592118996630238,2186.88410709033,13.4665072236428,63.7504042098966,0.432038383422794,0.462369919,"N3",19,88791.202206322,52574.96,"N319a",2.274821482,2.204047797,1.693775982,-3.124174118,1.693775982,1.427353849,612.6992532,5866.803834,"H16","N319H16",0.75,"19",0.228855970212685,0.154531650492466,-0.335010428128319,0.75,"N3"
"1333842",97.8155570700028,0.654281292968691,2126.47422402561,13.1044910797977,72.1294571022372,0.483500439124656,0.0794909,"N3",19,90053.8311628291,58920.54,"N319a",2.650868619,2.432184887,1.503603257,-2.947673559,1.503603257,1.097496374,617.0755571,5866.880309,"H17","N319H17",0.75,"19",0.177133257781064,0.0404030940582203,-1.09968258588429,0.75,"N3"
"1336722",64.7255286278561,0.386185745624937,1479.86465819605,7.96886714865914,47.4764877706445,0.284533980947837,0.231623173,"N3",19,89756.0836791324,34662.52,"N319a",2.489763484,2.377990596,1.95011229,-2.989071131,1.95011229,1.451289276,614.4822466,5869.522214,"H18","N319H18",0.75,"19",0.290059619323192,0.161753986144914,-0.63521799329268,0.75,"N3"
"1339602",95.1294951826373,0.624058943769314,2166.68509844063,13.1046866930231,69.8164537887982,0.458990232728671,0.448776007,"N3",19,89581.7153782596,55904.27,"N319a",2.275545848,2.262087441,1.664704314,-3.013378382,1.664704314,1.607375568,615.0838605,5864.454676,"H23","N319H23",0.75,"19",0.221337104988245,0.206117362795248,-0.347970369902615,0.75,"N3"
"1342482",80.241610795482,0.474622824200587,1883.23176084846,10.0417382327119,58.7077849577195,0.348819316513805,0.047725677,"N3",19,89507.0483842684,42482.09,"N319a",2.56519331,2.386709642,1.105830291,-3.023801565,1.105830291,1.024938723,612.9346845,5862.479255,"H25","N319H25",0.75,"19",0.043688481998065,0.0106979014322879,-1.3212479023208,0.75,"N3"
"1345362",14.2162391065662,0.0716785225782794,325.078429912918,1.33902338852731,10.4246358210713,0.0533392701208703,0.200283766,"N3",19,90753.6354825935,6505.087,"N319a",2.516372295,2.471180587,1.901299308,-2.850912094,1.901299308,1.672008813,615.199573,5865.771657,"H27","N319H27",0.75,"19",0.279050490132526,0.223238562234087,-0.698354251017677,0.75,"N3"
"1348242",27.6807471282172,0.204432834837741,597.623128837985,4.24482028504669,20.4191654832933,0.150528148732199,0.549498558,"N3",19,89693.9130866802,18336.38,"N319a",2.371502878,2.357388311,2.6266059,-2.997732401,2.6266059,2.499121397,613.92848,5865.204813,"H28","N319H28",0.75,"19",0.419394915460265,0.397787352871824,-0.260033442919225,0.75,"N3"
"1351122",112.856820759745,0.751094053611493,2718.48919699612,16.5166342216988,82.3588632032731,0.549882041295674,0.253513098,"N3",19,89123.9120561928,66940.44,"N319a",2.353676263,2.346778615,1.443109721,-3.077422857,1.443109721,1.422042099,613.7529528,5868.481529,"H31","N319H31",0.75,"19",0.159299352169945,0.152912453702295,-0.595999597505504,0.75,"N3"
"1354002",86.2469735339854,0.560213095394715,2056.52402355271,12.3100611500225,63.0167277699752,0.410166792376784,0.275855064,"N3",19,89131.2151402291,49932.47,"N319a",2.393447574,2.272358165,1.668641617,-3.076398611,1.668641617,1.285194973,612.1208926,5868.239646,"H33","N319H33",0.75,"19",0.222363070967845,0.1089690181535,-0.559319039086811,0.75,"N3"
"1356882",92.1581207439301,0.592103891404084,2243.99301091732,13.2388855639364,67.185565557684,0.432763375224025,0.229269743,"N3",19,88959.29260842,52673.14,"N319a",2.200987918,2.196282255,1.117428348,-3.10053277,1.117428348,1.113149564,615.1557711,5869.761974,"H34","N319H34",0.75,"19",0.0482196847651589,0.0465535205395559,-0.639653255846516,0.75,"N3"
"1359762",94.4224035792086,0.621641075906334,2291.29200972373,13.724973430339,68.8594264757368,0.454925685083062,0.295868874,"N3",19,89084.1414867253,55378.36,"N319a",2.30803645,2.305970392,1.417304615,-3.08300209,1.417304615,1.411228216,616.138928,5865.105984,"H35","N319H35",0.75,"19",0.151463201267964,0.149597251128587,-0.528900721088341,0.75,"N3"
"1362642",62.2472868931031,0.440829020183097,1246.50898779843,8.55765913371145,46.2727393108287,0.326783132336262,0.212017775,"N3",19,90367.0418373411,39836.41,"N319a",2.505831156,2.462537302,1.919461385,-2.90427351,1.919461385,1.694872368,613.9270469,5863.638748,"H36","N319H36",0.75,"19",0.283179379568763,0.229136999317668,-0.673627727463644,0.75,"N3"
"1365522",49.1985715098525,0.269055860567623,1442.05852208462,7.02639889952385,35.1962993608015,0.193620508769186,0.631654024,"N3",19,87437.6223226225,23525.6,"N319a",2.300150194,2.233753732,2.303438027,-3.316198111,2.303438027,1.86510388,617.5772524,5865.048687,"H37","N319H37",0.75,"19",0.362376532241407,0.27070302555725,-0.199520732809214,0.75,"N3"
"1368402",87.4959170621622,0.543653413449733,2102.81294105369,12.0170920524077,63.8602534396845,0.397806914490197,0.092130184,"N3",19,89072.6220271905,48424.63,"N319a",2.376458949,2.334135142,1.08296127,-3.084618568,1.08296127,1.059021056,611.2803615,5863.69178,"H38","N319H38",0.75,"19",0.0346129252069899,0.0249045950590454,-1.03559806147479,0.75,"N3"
"1371282",69.3434451878216,0.411430301130498,1734.82827332846,9.36677158614714,50.4117447459908,0.300168312146856,0.246620178,"N3",19,88781.0329711575,36527.21,"N319a",2.406187654,2.320276506,1.607988123,-3.125605822,1.607988123,1.332664485,612.2184327,5867.410803,"H39","N319H39",0.75,"19",0.206282836617276,0.124720824092023,-0.607971393127343,0.75,"N3"
"1374162",86.0388750291003,0.579674793161552,1934.09241320642,12.2381502240497,63.2220330366744,0.426117347097167,0.413401127,"N3",19,89528.3227634439,51897.31,"N319a",2.302001465,2.285441542,1.694981189,-3.02083087,1.694981189,1.622330353,612.812093,5864.72815,"H40","N319H40",0.75,"19",0.22916488274038,0.210139293695504,-0.383628343748368,0.75,"N3"
"1377042",87.9683385847326,0.55937078755543,2219.92028891207,12.9040070518457,63.8991710905371,0.407563456152143,0.199950218,"N3",19,88650.9510207237,49588.75,"N319a",2.412483377,2.385468045,1.448558584,-3.14393425,1.448558584,1.370140404,616.7201326,5865.920495,"H41","N319H41",0.75,"19",0.160936064050262,0.136765073403168,-0.699078118031358,0.75,"N3"
"1379922",93.0971484164809,0.587628548463931,1751.90868664953,10.2824688337056,69.6394759101468,0.440150673234504,0.239602327,"N3",19,91415.5545887289,53718.39,"N319a",2.463557159,2.422857292,1.847141271,-2.760073185,1.847141271,1.649018766,613.6881801,5869.897646,"H42","N319H42",0.75,"19",0.266500111937003,0.21722559798768,-0.620508968426499,0.75,"N3"
"1382802",59.01151073268,0.314917702453141,1446.66357469812,6.69688322732921,42.9768378720711,0.231327595860673,0.338630676,"N3",19,89456.331259091,28171.38,"N319a",2.330162634,2.245293808,1.608857876,-3.030886412,1.608857876,1.335714327,613.7918731,5864.343051,"H44","N319H44",0.75,"19",0.206517680895082,0.125713584281908,-0.47027370241704,0.75,"N3"
"1385682",107.224270957743,0.691820158775227,2127.45675310801,12.5815853909902,79.7911928192909,0.516198730589778,0.180037737,"N3",19,91024.6985307346,62972.72,"N319a",2.518691984,2.425808498,1.775993761,-2.813632727,1.775993761,1.412383908,612.6031591,5869.713367,"H47","N319H47",0.75,"19",0.249441435784907,0.149952760783855,-0.744636454601528,0.75,"N3"
"1388562",76.2528874610616,0.519754357318362,1800.247801407,11.1184311114211,55.7711578705572,0.381567640988644,0.371798515,"N3",19,89397.5380595786,46464.76,"N319a",2.44034755,2.326677262,2.405831967,-3.039104462,2.405831967,1.691185984,612.398272,5869.34476,"H48","N319H48",0.75,"19",0.381265291186253,0.228191370686694,-0.429692349175722,0.75,"N3"
"1391442",93.6442293089391,0.639353654514314,1995.78114213236,12.6815152930942,69.1892023848118,0.472929154212208,0.424116611,"N3",19,90151.2413873432,57638.53,"N319a",2.392551547,2.299967366,2.277398238,-2.934159756,2.277398238,1.714130284,614.5570434,5864.912771,"H50","N319H50",0.75,"19",0.357438980304778,0.234043827780853,-0.372514717579518,0.75,"N3"
"1394322",73.8329273566448,0.490806239313561,1864.65693237725,11.5969338816744,53.6271320238066,0.356750589672455,0.195676088,"N3",19,88415.1975343502,43394.73,"N319a",2.359878558,2.30160606,1.295801003,-3.177220345,1.295801003,1.190901683,617.7974326,5863.917794,"H51","N319H51",0.75,"19",0.112538311770133,0.0758759090116984,-0.708462242733158,0.75,"N3"
"1397202",65.5141688495436,0.376170841186763,1456.25797382355,7.51051738032568,48.1899816893626,0.278070290623032,0.260064602,"N3",19,90085.4223923628,33887.51,"N319a",2.457942824,2.400919187,1.926613963,-2.94328928,1.926613963,1.63939589,616.4817451,5863.538479,"H52","N319H52",0.75,"19",0.284794703480446,0.214683841966559,-0.584918756617126,0.75,"N3"
"1400082",53.862850877566,0.279997242604101,1003.79754113576,4.44389234502751,40.3065021769248,0.211782812844813,0.082969666,"N3",19,92412.2435255048,25875.17,"N319a",2.680568743,2.369799034,1.660876987,-2.624525309,1.660876987,1.06423536,615.7347004,5863.249334,"H54","N319H54",0.75,"19",0.220337467583559,0.02703768458096,-1.08108065818694,0.75,"N3"
"1402962",93.544566467658,0.603527890203609,2269.83497142183,13.3463308612268,68.2235117637263,0.441599756735091,0.252074003,"N3",19,89068.3544249543,53755.24,"N319a",2.313787401,2.308823044,1.329698463,-3.085217476,1.329698463,1.317963326,615.9661914,5868.496504,"H57","N319H57",0.75,"19",0.123753166754635,0.119903325631719,-0.598471941851625,0.75,"N3"
"1405842",27.5373699632137,0.172053992595473,612.421228776176,3.2302030292339,20.2491699987528,0.127969414766125,0.153624773,"N3",19,90703.3590129581,15605.87,"N319a",2.568893146,2.357752298,1.838835162,-2.857838869,1.838835162,1.187958104,611.6003822,5870.096319,"H60","N319H60",0.75,"19",0.26454279968811,0.0748011245488302,-0.81353874582995,0.75,"N3"
"1408722",83.3035973609013,0.55138859544786,1350.76215999656,8.33132431794216,63.2498552901618,0.419111992826087,0.095639467,"N3",19,92918.4863506028,51234.19,"N319a",2.598328895,2.436350172,1.476131952,-2.556236029,1.476131952,1.143005387,611.8964274,5865.23922,"H65","N319H65",0.75,"19",0.169125180972183,0.0580482772359299,-1.01936285287834,0.75,"N3"
"1411602",46.4371503525061,0.261467993500592,1185.80984653862,5.87293398489569,33.6870103729415,0.191017347845357,0.281406164,"N3",19,88914.1701389441,23248.21,"N319a",2.266254294,2.264492338,1.282437375,-3.106874704,1.282437375,1.278775542,617.6289233,5869.119166,"H68","N319H68",0.75,"19",0.108036166488737,0.106794321315621,-0.55066639388824,0.75,"N3"
"1414482",90.4339713689231,0.588289763852213,2168.02889900566,12.92174557117,66.0309653239414,0.430741025482968,0.439532757,"N3",19,89135.2528329441,52437.36,"N319a",2.345894994,2.32177078,2.012508909,-3.075832367,2.012508909,1.869662937,618.0121153,5865.844592,"H70","N319H70",0.75,"19",0.30373781158449,0.271763318945443,-0.357008752776298,0.75,"N3"
"1417362",59.540965510739,0.427616725054068,1643.69857105799,9.00628243505404,43.0671672663374,0.31326025616535,0.283888711,"RS",17,104129.889176739,44527.68219,"RS17a",2.320093909,2.240480364,1.423617639,-3.061027212,1.423617639,1.236719402,-87.15591041,3863.675981,"RS01","RS17H01",0.75,"17",0.153393360388923,0.0922711741751365,-0.54685187710389,0.75,"RS"
"1420242",23.0713947153655,0.162017391742865,1018.1242780646,5.08793186446763,15.8798232848851,0.114041619176456,0.613802315,"RS",17,99609.0678685473,16138.40137,"RS17a",2.329793277,2.304960101,2.490540706,-3.615850349,2.490540706,2.287323571,-79.38261577,3861.694065,"RS02","RS17H02",0.75,"17",0.39629364434052,0.3593276054287,-0.211971477927934,0.75,"RS"
"1423122",24.5792692806227,0.230762602369844,779.261304871563,7.8031831007969,17.5031349145971,0.161233207799025,0.625361769,"RS",17,98793.6976610348,22797.89077,"RS17a",2.428892141,2.221278136,3.648927807,-3.718592717,3.648927807,1.786060349,-83.09746382,3866.25546,"RS03","RS17H03",0.75,"17",0.562165271056705,0.251896129129735,-0.203868672533202,0.75,"RS"
"1426002",57.692400736306,0.434183960807291,1163.65153791968,7.18254650849974,43.072534350832,0.325846464078011,0.170718441,"RS",17,106961.978935497,46441.17567,"RS17a",2.44105682,2.215798444,1.419670227,-2.725597462,1.419670227,1.075145245,-87.76343247,3859.408387,"RS04","RS17H04",0.75,"17",0.152187474504954,0.0314671385223663,-0.767719563876662,0.75,"RS"
"1428882",29.6749105571432,0.266629069354225,532.656487158964,4.94432597225432,22.3846185564431,0.19782776317706,0.48395507,"RS",17,105613.365407615,28159.59333,"RS17a",2.438723043,2.362367735,3.000592991,-2.88420377,3.000592991,2.289305953,-83.13979117,3855.407207,"RS05","RS17H05",0.75,"17",0.477207090476343,0.359703837593857,-0.315194956034973,0.75,"RS"
"1431762",20.217648918183,0.142172249731708,856.594181868826,4.94252556445248,13.9926159022979,0.0990606402121256,0.556035592,"RS",17,98490.1564575653,14002.56712,"RS17a",2.416958235,2.379139846,3.132998798,-3.757057781,3.132998798,2.726974256,-80.04989411,3862.535632,"RS06","RS17H06",0.75,"17",0.495960228261192,0.435681038004,-0.254897408212056,0.75,"RS"
"1434642",100.600361244553,0.767007910942271,1749.10417152611,11.3244792683591,76.2034585291019,0.58220738114521,0.044043336,"RS",17,108322.030678838,83083.85446,"RS17a",2.814847468,2.394892212,1.585564649,-2.56765844,1.585564649,1.022759176,-81.74298839,3862.769677,"RS07","RS17H07",0.75,"17",0.20018395442464,0.00977338459504028,-1.35611979343504,0.75,"RS"
"1437522",58.2429388708932,0.46251488538294,2861.57902540656,19.9412393784228,39.7685882538558,0.315400788514205,0.545663321,"RS",17,96162.2882540864,44476.48973,"RS17a",2.361382523,2.350124777,2.519400005,-4.056049555,2.519400005,2.422680465,-78.73525619,3860.558695,"RS08","RS17H08",0.75,"17",0.401297125883484,0.384296137439846,-0.263075238122063,0.75,"RS"
"1440402",45.3559080937966,0.379213970159895,1470.68607488017,11.3031030713482,32.2733010541455,0.268319784125602,0.493376164,"RS",17,100188.37964746,37992.83321,"RS17a",2.476741777,2.346378244,3.523085284,-3.543362761,3.523085284,2.204257362,-83.6053921,3857.780029,"RS09","RS17H09",0.75,"17",0.546923156358164,0.34326229996704,-0.306821835983952,0.75,"RS"
"1443282",31.4531890750884,0.273915746153802,805.746946844969,6.79306021536466,22.9126001560684,0.197411230487104,0.39470335,"RS",17,102256.572078455,28009.68524,"RS17a",2.39652181,2.265906636,2.178929255,-3.287952047,2.178929255,1.504845646,-80.49308643,3863.123235,"RS10","RS17H10",0.75,"17",0.338243129896605,0.17749195605725,-0.403729187563592,0.75,"RS"
"1446162",17.1389299254266,0.116308864322432,565.856065804945,3.06518240611657,12.174195511623,0.0833159532863035,0.232188534,"RS",17,101568.361696415,11813.3008000001,"RS17a",2.59781639,2.535554391,2.814110474,-3.372364315,2.814110474,2.263259631,-80.323777,3858.990093,"RS14","RS17H14",0.75,"17",0.449341142603644,0.354734377128805,-0.634159230521131,0.75,"RS"
"1449042",22.6322045708428,0.195561143858707,480.971502334402,3.93449599652271,16.7793308498119,0.143920155138954,0.332306782,"RS",17,104660.975264022,20467.6200400001,"RS17a",2.464953127,2.384469244,2.386121737,-2.997436399,2.386121737,1.844742317,-84.75072059,3858.492124,"RS15","RS17H15",0.75,"17",0.377692597070554,0.265935710267048,-0.478460795178947,0.75,"RS"
"1451922",23.7372091060883,0.165502555547755,743.751362565736,3.89401594139557,16.9411452490437,0.119907156899406,0.739188875,"RS",17,102856.258827303,17022.9736900001,"RS17a",2.306913913,2.223579102,2.69034374,-3.214859538,2.69034374,2.029516292,-87.8879247,3862.231871,"RS16","RS17H16",0.75,"17",0.429807772510927,0.307392541978655,-0.131244577992588,0.75,"RS"
"1454802",46.0942097168671,0.400130665200512,1065.01768790422,8.93801593752612,33.894609108247,0.291405410339381,0.136146463,"RS",17,103451.476630157,41394.10816,"RS17a",2.628300557,2.343322495,2.016320152,-3.142731916,2.016320152,1.134222389,-80.4183911,3861.669166,"RS17","RS17H17",0.75,"17",0.30455949067426,0.0546982157970853,-0.865993636876611,0.75,"RS"
"1457682",38.239869963025,0.31896705897888,930.903399021052,7.26915030429755,28.0150597529515,0.231831132137486,0.09885869,"RS",17,103221.505993132,32924.2601900001,"RS17a",2.531810141,2.330732416,1.313156744,-3.170550106,1.313156744,1.065842234,-81.20020228,3859.597615,"RS18","RS17H18",0.75,"17",0.118316568428675,0.0276929251653013,-1.00498514877652,0.75,"RS"
"1460562",73.3543652010324,0.587006611832857,2331.70855085809,16.656724477885,52.3069190464652,0.417395762459778,0.39692291,"RS",17,100737.562027389,59133.61497,"RS17a",2.363324717,2.25208675,1.968639211,-3.475031148,1.968639211,1.462858667,-82.26087605,3864.263584,"RS19","RS17H19",0.75,"17",0.294166131054837,0.165202369114365,-0.40129383331901,0.75,"RS"
"1463442",50.8164421693249,0.400692572829034,1544.76816152562,10.5438665328151,36.4125816165409,0.287072859513129,0.251554964,"RS",17,101585.381088079,40704.50771,"RS17a",2.417110995,2.343590471,1.675298852,-3.370269917,1.675298852,1.407172552,-87.60408242,3863.078418,"RS20","RS17H20",0.75,"17",0.224092290893697,0.148347355278855,-0.599367108206899,0.75,"RS"
"1466322",44.4282215349344,0.299424598963805,1087.63530767974,5.23020493562654,32.5110970901106,0.223493067896771,0.549630289,"RS",17,106317.377664245,31834.03817,"RS17a",2.527759843,2.496078894,4.759146151,-2.801156021,4.759146151,4.199320422,-85.2723212,3857.603187,"RS21","RS17H21",0.75,"17",0.677529041970056,0.623179014003802,-0.259929342209239,0.75,"RS"
"1472082",37.6430727889295,0.320608076645281,1217.63783461388,10.066997830108,26.7906852066797,0.225674043629158,0.365518459,"RS",17,99610.4474477532,31935.91397,"RS17a",2.390029824,2.286419488,2.011230601,-3.615677226,2.011230601,1.512026241,-80.74705057,3864.676898,"RS24","RS17H24",0.75,"17",0.30346186820999,0.179559328349452,-0.437090685903345,0.75,"RS"
"1474962",68.0380278309233,0.519174148434,2485.94187076975,16.1462300241544,47.8488106561435,0.365794318007707,0.472794309,"RS",17,99716.7096939561,51770.3378400001,"RS17a",2.4785896,2.376112677,3.412061232,-3.602349607,3.412061232,2.353255235,-82.46006361,3858.815804,"RS25","RS17H25",0.75,"17",0.53301681630589,0.371669033483122,-0.325327759674964,0.75,"RS"
"1477842",39.1697973132131,0.323590000725843,1159.72991321292,8.57954358054684,28.1315490133704,0.231658311932554,0.568020552,"RS",17,101500.15744098,32844.43602,"RS17a",2.380764214,2.358777249,2.794317527,-3.38076102,2.794317527,2.582697711,-86.00062254,3865.359116,"RS26","RS17H26",0.75,"17",0.446275754816332,0.412073577630056,-0.245635950453211,0.75,"RS"
"1480722",62.7527683461292,0.444878924568479,1499.34460815998,8.02818661923853,46.0501058445843,0.330981692978348,0.657700625,"RS",17,105933.337785584,47127.50939,"RS17a",2.433975072,2.34278879,3.899933207,-2.846390297,3.899933207,2.766856855,-84.11581023,3855.292674,"RS30","RS17H30",0.75,"17",0.591057169057337,0.441986691236467,-0.181971745439022,0.75,"RS"
"1483602",12.250837302027,0.0956528308911728,338.47410732268,2.36599619336528,8.84368924390884,0.0689550233486915,0.702778825,"RS",17,102286.197897599,9783.96439000004,"RS17a",2.299628465,2.284636417,2.511378002,-3.284331066,2.511378002,2.38428854,-82.80864185,3856.221386,"RS31","RS17H31",0.75,"17",0.399912085802321,0.377358811364796,-0.153181332441676,0.75,"RS"
"1489362",73.1614194787747,0.559004074989503,1956.950800844,12.3414386269892,53.0969214649124,0.407586316961096,0.657974845,"RS",17,103586.242588817,57905.13172,"RS17a",2.38154976,2.355039923,3.192992164,-3.126458797,3.192992164,2.894064939,-87.14595103,3861.096502,"RS33","RS17H33",0.75,"17",0.504197852728065,0.461508271887698,-0.181790709557048,0.75,"RS"
"1492242",57.8338764607312,0.466475950709242,2175.80006990571,15.5462746792201,40.5435318287955,0.326399326693296,0.735783042,"RS",17,98953.2979134684,46159.33372,"RS17a",2.32872253,2.324131687,2.899979172,-3.698415383,2.899979172,2.851712291,-81.2350601,3856.888665,"RS34","RS17H34",0.75,"17",0.462394878754835,0.455105707458229,-0.133250225815429,0.75,"RS"
"1495122",30.0669813344037,0.273459472971456,1010.25605594662,9.33890542586881,21.2958654264118,0.190876461560802,0.545500466,"RS",17,98685.1570609768,26986.39104,"RS17a",2.371698978,2.359030839,2.612090981,-3.732333506,2.612090981,2.49813219,-84.59635022,3865.911861,"RS35","RS17H35",0.75,"17",0.416988299654386,0.397615415570788,-0.263204874074462,0.75,"RS"
"1498002",48.3131263701289,0.368051215658629,1332.75363979319,8.39509647559439,34.9666985344788,0.267483019171171,0.239658633,"RS",17,103211.481293499,37987.11116,"RS17a",2.416192633,2.311052439,1.620898985,-3.171764144,1.620898985,1.295640018,-87.00154004,3862.550571,"RS36","RS17H36",0.75,"17",0.209755950305599,0.112484353453742,-0.620406922204289,0.75,"RS"
"1500882",65.0537541545861,0.494321262205044,1752.57953306912,10.990834722791,47.1488286489568,0.360169436242309,0.256831506,"RS",17,103504.898882494,51164.67226,"RS17a",2.434391972,2.272217902,1.781663235,-3.136278593,1.781663235,1.250711,-83.32869859,3859.548476,"RS41","RS17H41",0.75,"17",0.250825618330093,0.0971569694815982,-0.590351701620863,0.75,"RS"
"1503762",40.8736807580252,0.307912150419796,952.462695707495,5.71597037367525,30.0415979246,0.228433722038572,0.884849266,"RS",17,105600.841005037,32515.78204,"RS17a",2.522453395,2.451842433,7.395121493,-2.885686199,7.395121493,5.553406783,-89.91303649,3862.376972,"RS42","RS17H42",0.75,"17",0.868945313330351,0.74455948639204,-0.0531307050309002,0.75,"RS"
"1506642",83.0901029694366,0.611481165107211,1511.93167265539,8.81860995516464,62.6638479517948,0.465244323498021,0.111703388,"RS",17,108605.114073066,66409.98169,"RS17a",2.453875113,2.326787138,1.218055954,-2.535034174,1.218055954,1.0807662,-87.59412304,3861.574552,"RS43","RS17H43",0.75,"17",0.0856672389990601,0.0337317540533666,-0.951933654392085,0.75,"RS"
"1509522",53.827129607447,0.452702052963476,2608.01418595387,20.300708406407,36.7840838726238,0.307497999424131,0.655784331,"RS",17,95743.184256107,43343.13607,"RS17a",2.323080072,2.266226986,2.572218859,-4.110647355,2.572218859,2.121337829,-78.65060148,3861.171197,"RS44","RS17H44",0.75,"17",0.410307918067206,0.326609836638833,-0.183238964369205,0.75,"RS"
"1515282",54.233713168504,0.444456654479976,792.186236598238,6.07095340551604,41.8087096523958,0.340005833074636,0.287336677,"RS",17,109262.551680814,48562.46818,"RS17a",2.484803808,2.358643234,2.266978382,-2.459593929,2.266978382,1.56504504,-84.73827136,3855.003852,"RS47","RS17H47",0.75,"17",0.355447378696048,0.194526840503552,-0.541608935086828,0.75,"RS"
"1518162",45.7056199440631,0.29238809052823,787.998379852081,3.56336260421568,34.606972274282,0.226239977400171,0.040378441,"RS",17,110655.844024113,32354.45094,"RS17a",2.619113272,2.398021179,1.117948177,-2.301204384,1.117948177,1.019663612,-86.88451735,3856.821439,"RS48","RS17H48",0.75,"17",0.0484216720972955,0.0084569212252668,-1.39385045305379,0.75,"RS"
"1521042",32.4092601569738,0.277747119854363,595.809286820529,5.01470530736888,24.4080916781049,0.206628242824657,0.547537227,"RS",17,105927.369347437,29421.02175,"RS17a",2.343072893,2.31241005,2.371407029,-2.847094585,2.371407029,2.140727822,-87.5244074,3856.216407,"RS49","RS17H49",0.75,"17",0.375006102808783,0.330561453414169,-0.261586347846652,0.75,"RS"
"1523922",66.2557906794425,0.509075459562339,2017.80436087497,12.6606847047779,47.4956229221973,0.36678736127803,0.561610046,"RS",17,102224.488182439,52039.9783,"RS17a",2.284531278,2.232143207,1.997283758,-3.291874647,1.997283758,1.712691567,-81.91229782,3861.206055,"RS50","RS17H50",0.75,"17",0.300439770318422,0.233679159339948,-0.250565132211329,0.75,"RS"
"1526802",20.9108559679586,0.154175776291608,646.393420461438,4.10226990008994,14.9044603999122,0.110373352884933,0.45716673,"RS",18,94634.639701141,14590.37,"RS18a",2.286596098,2.252875492,1.7363888,-3.150646608,1.7363888,1.588146101,-88.14247237,3862.930974,"H03","RS18H03",0.75,"18",0.239646975903195,0.200890452712891,-0.339925382614371,0.75,"RS"
"1529682",21.9581722161115,0.160803050065064,438.591692714685,2.83365674847135,16.3682695703289,0.119960394850634,0.290859398,"RS",18,99068.1461175909,15930.46,"RS18a",2.384813232,2.371065945,1.6870922,-2.578341874,1.6870922,1.626894904,-87.84304726,3858.305141,"H05","RS18H05",0.75,"18",0.227138817536997,0.211359498796063,-0.536316899087201,0.75,"RS"
"1532562",12.8778903584443,0.100805754965794,281.434220774924,2.57499406980348,9.50043869771219,0.0724611356613242,0.659989449,"RS",18,95064.5744704929,9583.056,"RS18a",2.266160113,2.265598957,2.131462911,-3.093986449,2.131462911,2.127588978,-85.25518105,3859.081218,"H11","RS18H11",0.75,"18",0.328677780010043,0.327887731786643,-0.18046300730314,0.75,"RS"
"1535442",66.1065197231484,0.447807250432129,1605.02011251717,10.2251787543497,48.294481351179,0.325523272303605,0.179671324,"RS",18,96256.7191763973,43104.46,"RS18a",2.383733968,2.341792269,1.303156434,-2.938206594,1.303156434,1.221714206,-86.50360066,3861.672005,"H14","RS18H14",0.75,"18",0.114996552585243,0.086969623849663,-0.745521231863433,0.75,"RS"
"1538322",46.3163039060848,0.324159801269757,937.187608641286,5.67125447055652,34.4751735165593,0.242000386812254,0.308866101,"RS",18,99147.5861106364,32139.66,"RS18a",2.360683754,2.337919131,1.644191047,-2.568322488,1.644191047,1.552265226,-88.76054433,3861.528114,"H15","RS18H15",0.75,"18",0.215952279041808,0.190965928486035,-0.510229754231773,0.75,"RS"
"1541202",31.3738557540088,0.206870708996785,819.192626346279,5.31697271528082,22.7789248917123,0.14861113821124,0.243623542,"RS",18,94999.5481008645,19652.62,"RS18a",2.491159116,2.349740407,2.033988263,-3.102539664,2.033988263,1.402694477,-82.65855509,3858.398683,"H16","RS18H16",0.75,"18",0.30834844252525,0.146963086992495,-0.613280746964109,0.75,"RS"
"1544082",38.470288040456,0.233680959853731,941.684390346748,4.59954883799921,28.054334886529,0.172410232544473,0.244811899,"RS",18,97858.0089465294,22867.55,"RS18a",2.411140753,2.309767002,1.621164508,-2.731972102,1.621164508,1.304090531,-81.16238701,3857.907688,"H17","RS18H17",0.75,"18",0.209827087206049,0.115307741510163,-0.611167477276265,0.75,"RS"
"1546962",34.1309450735933,0.276583773966038,884.944426732968,6.62838529111513,24.7679257310981,0.200086364827859,0.739955377,"RS",18,95740.9167945317,26480.38,"RS18a",2.332889348,2.304613528,2.959467008,-3.005369351,2.959467008,2.670660035,-85.06082351,3857.729619,"H18","RS18H18",0.75,"18",0.471213502840256,0.426618607482075,-0.130794469602801,0.75,"RS"
"1549842",24.6373578886582,0.175004920390845,594.132044660276,4.73062312387245,18.0054680146567,0.125087050082338,0.590564059,"RS",18,94468.6937548808,16532.49,"RS18a",2.310260647,2.301648528,2.257003341,-3.172585141,2.257003341,2.193410418,-88.68526387,3864.107214,"H19","RS18H19",0.75,"18",0.353532201956269,0.341119901899052,-0.228732987193047,0.75,"RS"
"1552722",36.8088643630022,0.247523252449554,1406.53271719047,8.88442034837906,25.6920456770349,0.171974317249265,0.714469871,"RS",18,91538.7825417242,22657.98,"RS18a",2.283911885,2.275070196,2.410996565,-3.566407156,2.410996565,2.339155993,-80.73605665,3863.995733,"H20","RS18H20",0.75,"18",0.382196591628964,0.369059184887444,-0.14601608056697,0.75,"RS"
"1555602",9.27563384953669,0.0619375372212764,302.438062591012,1.84062654808247,6.58512821584301,0.0438532372324313,0.497524284,"RS",18,93479.5025723284,5789.89,"RS18a",2.343540278,2.331950571,2.198264729,-3.304163993,2.198264729,2.116642213,-85.84000634,3863.603634,"H27","RS18H27",0.75,"18",0.342079991736649,0.325647453176797,-0.303185716627178,0.75,"RS"
"1558482",61.8249793897738,0.399508448683113,1842.73214004117,10.5159728071313,44.2576613087074,0.286313957470028,0.208663933,"RS",18,94748.1293193487,37852.68,"RS18a",2.279276407,2.234623667,1.181098126,-3.135665093,1.181098126,1.128029416,-83.32743081,3864.808662,"H29","RS18H29",0.75,"18",0.0722859804331798,0.0523204250373115,-0.680552611081719,0.75,"RS"
"1561362",59.716224524245,0.400922327391038,2098.25912464984,12.2827802466976,42.0539930799719,0.282999389959521,0.255597181,"RS",18,93163.7545932167,37351.43,"RS18a",2.363789708,2.36108877,1.482232531,-3.346457013,1.482232531,1.473234968,-81.39438783,3858.835731,"H31","RS18H31",0.75,"18",0.170916340626034,0.168272018511149,-0.592443940352823,0.75,"RS"
"1564242",81.5478978368345,0.572274395686571,1636.79471140994,10.6731598332494,60.722214268846,0.424506501566565,0.080290767,"RS",18,98445.6955520612,56337.95,"RS18a",2.404102576,2.196052937,1.079432428,-2.657127824,1.079432428,1.014528443,-83.0717797,3860.164844,"H33","RS18H33",0.75,"18",0.0331954608756781,0.00626422728340104,-1.0953343933452,0.75,"RS"
"1567122",52.6068724254295,0.354378173248305,1507.66358807817,9.00168177147335,37.8232610555966,0.254876735801284,0.372024709,"RS",18,95123.7969060252,33709.8,"RS18a",2.333057778,2.273473345,1.721593178,-3.086201741,1.721593178,1.482024527,-83.99800928,3857.134308,"H34","RS18H34",0.75,"18",0.235930533050639,0.170855391128204,-0.429428214349333,0.75,"RS"
"1570002",11.1463310206541,0.0860153472030778,287.09520094869,2.39539294980342,8.09769849712965,0.0612977826849145,0.503376241,"RS",18,94156.6374298169,8098.916,"RS18a",2.395621434,2.280711852,2.655195553,-3.21394446,2.655195553,1.823813854,-84.19412116,3859.491288,"H36","RS18H36",0.75,"18",0.424096512031921,0.260980510359704,-0.298107286694097,0.75,"RS"
"1572882",51.0839937204849,0.378552604232267,1556.98932544399,10.9626668834385,36.4964524809842,0.26871761776217,0.700746033,"RS",18,93748.2686771463,35488.65,"RS18a",2.334178952,2.287221014,2.834262807,-3.268276383,2.834262807,2.399788817,-84.04880346,3862.157618,"H37","RS18H37",0.75,"18",0.45244011773153,0.380173025192035,-0.154439352149319,0.75,"RS"
"1575762",48.9702291578387,0.347295338126661,1407.3396215718,8.95311067750401,35.169912079239,0.249413728175044,0.241679708,"RS",18,94967.7243809454,32981.85,"RS18a",2.343699804,2.298476445,1.380403631,-3.106727717,1.380403631,1.273432506,-86.29698632,3860.254759,"H38","RS18H38",0.75,"18",0.140006092984843,0.104975931593668,-0.616759812453682,0.75,"RS"
"1578642",32.366813999294,0.258614521501378,779.860780950641,6.29495248051154,23.6609614545693,0.186796120780243,0.19864259,"RS",18,95575.5128772548,24717.22,"RS18a",2.409102622,2.367808018,1.433159261,-3.026983276,1.433159261,1.321953825,-81.37162981,3860.04075,"H39","RS18H39",0.75,"18",0.156294454410091,0.121216285786591,-0.701927630871056,0.75,"RS"
"1581522",79.0239830925629,0.536775966957043,1695.76074795813,11.5122376691635,58.4354987068687,0.392649722621599,0.588381693,"RS",18,96929.2234243486,52029.28,"RS18a",2.317856,2.304191782,2.308437819,-2.851178139,2.308437819,2.205405184,-86.82575606,3857.441847,"H40","RS18H40",0.75,"18",0.363318180715671,0.343488391087104,-0.230340848440713,0.75,"RS"
"1584402",29.8964747901792,0.226516431304371,926.604107761623,7.17002491516558,21.3121704998046,0.15936997917189,0.608584945,"RS",18,92826.2755108763,21026.68,"RS18a",2.300108458,2.258079564,2.235099646,-3.391819586,2.235099646,1.953680084,-84.3954939,3864.179171,"H41","RS18H41",0.75,"18",0.349296889769192,0.290853449286331,-0.215678795297431,0.75,"RS"
"1587282",62.4302354219515,0.394224337334901,1091.96916945546,6.33724255217371,47.1521600725743,0.296808710753435,0.201603827,"RS",18,100084.524858955,39455.76,"RS18a",2.343969184,2.260639003,1.277308771,-2.450752879,1.277308771,1.147068929,-87.23021958,3857.324941,"H42","RS18H42",0.75,"18",0.106295894391129,0.059589516057233,-0.695501228034017,0.75,"RS"
"1590162",44.8165064921174,0.346185670551212,1192.76859146982,8.62404883659266,32.4540323353406,0.249469683408037,0.356945314,"RS",18,95329.7762655891,33001.8,"RS18a",2.367980299,2.331689601,1.848590431,-3.059163729,1.848590431,1.669564794,-80.92865079,3861.650441,"H44","RS18H44",0.75,"18",0.266840700634668,0.222603278215558,-0.447398315112589,0.75,"RS"
"1593042",59.259336422333,0.421464257563837,1544.96458199528,10.2241525332525,42.9880368786152,0.304525029160015,0.245868659,"RS",18,95611.5373885446,40296.85,"RS18a",2.420140961,2.350951814,1.664308354,-3.022272639,1.664308354,1.41260288,-85.79623767,3864.882394,"H45","RS18H45",0.75,"18",0.221233793129135,0.150020087351106,-0.609296827466387,0.75,"RS"
"1595922",60.9557007523762,0.40516818329268,1726.10550824419,11.2696121632208,43.8473934978189,0.288773190341894,0.387166421,"RS",18,94169.3377795129,38154.42,"RS18a",2.364290317,2.197652128,1.93855016,-3.212258507,1.93855016,1.29986827,-82.14030031,3864.150402,"H46","RS18H46",0.75,"18",0.287477042861607,0.113899342683111,-0.412102316153907,0.75,"RS"
"1598802",20.523123673839,0.150010585438775,455.064516139387,2.97304469387354,15.1202446839699,0.110601967624368,0.088939331,"RS",18,97783.2385434345,14668.52,"RS18a",2.50824532,2.376909603,1.217352888,-2.741526632,1.217352888,1.077797411,-85.56160574,3862.670195,"H47","RS18H47",0.75,"18",0.0854164903876317,0.0325371360332817,-1.05090614162984,0.75,"RS"
"1601682",49.0075086484461,0.355640270223284,1327.55243600136,8.86883899082241,35.4250933623009,0.256256121143965,0.608584922,"RS",18,95318.7109511441,33899.17,"RS18a",2.339423402,2.225183733,2.55759077,-3.060614739,2.55759077,1.772728883,-81.81110268,3857.168487,"H48","RS18H48",0.75,"18",0.407831055956273,0.248642320699404,-0.215678811710543,0.75,"RS"
"1604562",26.0103309015933,0.176500449295697,570.626683944279,3.89063934122702,19.1998765879771,0.128755918061545,0.819562564,"RS",18,96634.3588249198,17056.01,"RS18a",2.298141761,2.243744488,2.851078065,-2.889261856,2.851078065,2.352496596,-88.58194215,3859.418432,"H49","RS18H49",0.75,"18",0.455009108833338,0.371529003687186,-0.0864178875323619,0.75,"RS"
"1607442",7.84379383453147,0.0719308064110293,245.563331557131,1.88864852605564,5.57828689675689,0.0515632411272444,0.728604811,"RS",18,94774.4891256315,6817.206,"RS18a",2.384945075,2.230782473,3.549398549,-3.132187961,3.549398549,2.053623446,-83.15582839,3861.405833,"H51","RS18H51",0.75,"18",0.550154767426887,0.312520813985502,-0.1375079654248,0.75,"RS"
"1610322",86.5119817100106,0.587630689219966,1619.70468094816,10.4563161885345,64.8693864984316,0.437951426718292,0.108623274,"RS",18,98961.2118747459,58152.64,"RS18a",2.439091808,2.330570817,1.185089462,-2.591841672,1.185089462,1.0788866,-81.36638548,3862.574887,"H61","RS18H61",0.75,"18",0.0737511363262145,0.0329757991014485,-0.964077111332517,0.75,"RS"
"1613202",69.9430894169785,0.331964167313938,857.787664267869,4.40099049978526,54.7004441907728,0.255809631849932,0.143973916,"SE",17,57233.2379838826,18999.38419,"SE17a",2.527642726,2.420075659,1.576089129,-2.001275517,1.576089129,1.267504692,1629.990878,334.1370037,"SE01","SE17H01",0.75,"17",0.197580773520521,0.102949575662918,-0.841716182650396,0.75,"SE"
"1616082",123.307880684119,0.602191351954298,1240.10888781993,6.71371506345956,98.3634691656595,0.472153574987149,0.094144121,"SE",17,58345.4909074592,35135.15005,"SE17a",2.569929847,2.442760595,1.379144548,-1.760684694,1.379144548,1.145956555,1627.768358,334.7442496,"SE02","SE17H02",0.75,"17",0.139609786921942,0.05916815316242,-1.02620679510539,0.75,"SE"
"1618962",121.117339920705,0.581469762721506,1373.6216576752,7.35393714203882,95.4671852870548,0.450193753770095,0.12261905,"SE",17,57533.7082076661,33454.11166,"SE17a",2.395781599,2.320305447,1.165965363,-1.935823111,1.165965363,1.091730996,1628.254155,336.3554753,"SE03","SE17H03",0.75,"17",0.0666856491524966,0.0381156408002314,-0.911442052923807,0.75,"SE"
"1621842",66.294356289945,0.368196756757083,930.390901363957,5.61133209507564,51.1210383245246,0.27980338520546,0.294816567,"SE",17,56353.788536191,20749.28217,"SE17a",2.343656566,2.319267737,1.531986973,-2.194842302,1.531986973,1.449022809,1630.071844,332.8739323,"SE04","SE17H04",0.75,"17",0.185255072360378,0.161075221734027,-0.530448115268481,0.75,"SE"
"1624722",96.677665033097,0.43023080086126,891.221881974104,4.36096640003044,77.8156695874034,0.340553212900383,0.103842372,"SE",17,58965.9671255869,25368.97526,"SE17a",2.54044438,2.412003598,1.363366757,-1.628455069,1.363366757,1.138004534,1623.958902,335.8332438,"SE05","SE17H05",0.75,"17",0.134612700380149,0.0561439923642003,-0.983625400139762,0.75,"SE"
"1627602",113.608145418061,0.614686613534773,1179.3921319892,7.15141351452288,90.2937455906801,0.479900882830047,0.163809533,"SE",17,58069.8440864626,35694.75581,"SE17a",2.460929094,2.33887353,1.450165492,-1.819879502,1.450165492,1.183059945,1623.716004,331.8456626,"SE06","SE17H06",0.75,"17",0.161417566484102,0.073006750649188,-0.785660827796449,0.75,"SE"
"1633362",108.381045840738,0.496531557988402,1963.80417194042,9.87631091271819,81.5321091477123,0.367412284995843,0.249833449,"SE",17,54710.640306642,27165.55947,"SE17a",2.462535865,2.31425721,1.897400251,-2.564733037,1.897400251,1.325691681,1633.658643,331.784938,"SE08","SE17H08",0.75,"17",0.278158953695864,0.122442530999365,-0.602349416467785,0.75,"SE"
"1636242",110.395906311822,0.539593162005267,2336.88810420584,12.4599010522563,81.7480851115844,0.393362747758946,0.250066068,"SE",17,53811.087472077,29036.09484,"SE17a",2.381104683,2.308748173,1.52422351,-2.771966523,1.52422351,1.31334714,1631.885485,329.0037519,"SE09","SE17H09",0.75,"17",0.183048656007689,0.118379532685325,-0.601945234619466,0.75,"SE"
"1639122",115.223028816495,0.601286593796786,2010.58784497733,11.6115264589694,86.955541607117,0.446243957645479,0.331418873,"SE",17,54890.6628893751,33005.01972,"SE17a",2.324469999,2.275718807,1.565606437,-2.523669943,1.565606437,1.402633574,1634.614043,336.4404897,"SE10","SE17H10",0.75,"17",0.194682598257912,0.146944230134149,-0.479622763851579,0.75,"SE"
"1642002",144.683250231057,0.676515082132074,1884.77253980428,9.86635139263119,112.488126642779,0.516370211595295,0.329166378,"SE",17,56629.9409604599,38311.00916,"SE17a",2.246893806,2.246089508,1.32319331,-2.133737713,1.32319331,1.321300194,1631.213466,337.3270687,"SE11","SE17H11",0.75,"17",0.121623296442579,0.121001498754965,-0.4825845312811,0.75,"SE"
"1644882",74.0832833459071,0.315717415659178,1103.96527492607,5.17141243156321,56.8374010199451,0.238198533150598,0.25809472,"SE",17,55903.9640976072,17649.85507,"SE17a",2.375553019,2.269490837,1.531659025,-2.295019536,1.531659025,1.247822951,1633.763899,335.5943938,"SE12","SE17H12",0.75,"17",0.185162094250382,0.0961529692739793,-0.588220879990496,0.75,"SE"
"1647762",91.2793265368062,0.478173175363836,1251.85687238379,7.2614503625402,70.5540084796182,0.363507185561137,0.102549891,"SE",17,56376.1094074095,26957.54325,"SE17a",2.507115531,2.414171192,1.278572855,-2.189892224,1.278572855,1.137097333,1629.764173,330.9671802,"SE13","SE17H13",0.75,"17",0.106725479818748,0.0557976409195693,-0.989064796905792,0.75,"SE"
"1650642",124.680079149783,0.601758085498753,1077.15876629821,5.80935620664099,100.990082193058,0.478655368563699,0.043316061,"SE",17,59286.2829760414,35676.00014,"SE17a",2.684190777,2.465274934,1.22227515,-1.560736139,1.22227515,1.039212403,1625.533693,337.4728077,"SE14","SE17H14",0.75,"17",0.0871689822368315,0.0167043214005322,-1.3633510433612,0.75,"SE"
"1653522",34.8656493061226,0.143962232817053,439.818387987755,2.0476878745059,27.1909902226404,0.110158664587415,0.054385698,"SE",17,56787.5601817674,8175.26396000002,"SE17a",2.829879783,2.459187719,1.901584066,-2.098994547,1.901584066,1.058220551,1633.707222,330.5704463,"SE15","SE17H15",0.75,"17",0.279115529638683,0.0245761914232464,-1.26451529324869,0.75,"SE"
"1656402",86.2194014107284,0.460865845511085,1031.59988632111,6.1587013972134,67.5513388098835,0.3548580557666,0.077585942,"SE",17,57182.6639068357,26353.53675,"SE17a",2.617787189,2.473637102,1.382818017,-2.012326009,1.382818017,1.129166985,1628.69542,331.4570252,"SE16","SE17H16",0.75,"17",0.140765029412968,0.0527581715985699,-1.110216962568,0.75,"SE"
"1659282",77.0532085269792,0.334729659407269,778.598553918288,3.80182855111261,61.4472128179434,0.26196059581152,0.147676935,"SE",17,58225.1529622796,19489.68562,"SE17a",2.538901344,2.359254329,1.64762305,-1.786492647,1.64762305,1.176772885,1627.513315,337.6468849,"SE17","SE17H17",0.75,"17",0.216857859041715,0.0706926528954214,-0.830687329904298,0.75,"SE"
"1662162",113.603068457007,0.532475599621879,2148.67481016395,11.1087879779927,85.0882603753848,0.392134110423161,0.466912766,"SE",17,54421.3960988595,28978.06552,"SE17a",2.299134041,2.259057408,1.825627126,-2.630993343,1.825627126,1.63449735,1631.136548,330.3396928,"SE18","SE17H18",0.75,"17",0.261412080067454,0.213384220798119,-0.330764251733014,0.75,"SE"
"1665042",44.801197190478,0.208712722061083,638.483016178544,3.28920751892199,34.5165801536861,0.158076129687496,0.351806434,"SE",17,56144.3097683837,11718.03172,"SE17a",2.41128044,2.320672925,2.089560437,-2.24139398,2.089560437,1.607579944,1629.448405,328.3843611,"SE20","SE17H20",0.75,"17",0.320054936894346,0.206172579341058,-0.45369622222607,0.75,"SE"
"1673682",117.731077216917,0.62112197425433,1325.57973936537,7.67893393776767,92.8257172359018,0.481987857667097,0.113853625,"SE",17,57679.1555040532,35825.79094,"SE17a",2.568755118,2.393589184,1.518696753,-1.904262535,1.518696753,1.142067229,1625.460823,329.4207274,"SE23","SE17H23",0.75,"17",0.181471064418164,0.0576916698681002,-0.943653137271639,0.75,"SE"
"1676562",28.3675747622095,0.183430009242289,377.686453038588,2.64559948826135,21.9560089345277,0.140164045567728,0.176998389,"SE",17,56699.8960691447,10400.46246,"SE17a",2.454809405,2.328233793,1.491251426,-2.118305961,1.491251426,1.194594445,1630.618365,333.3637773,"SE24","SE17H24",0.75,"17",0.173550871970023,0.0772204908970265,-0.75203068647206,0.75,"SE"
"1679442",122.324095613306,0.536372898173734,1980.39110534628,9.61155539066004,93.0701377811131,0.401056674253962,0.326057397,"SE",17,55348.7057252174,29687.5457,"SE17a",2.477911131,2.367855869,2.456206435,-2.41979474,2.456206435,1.736359968,1632.213398,330.8821658,"SE25","SE17H25",0.75,"17",0.390264864836289,0.239639764567542,-0.486705942857709,0.75,"SE"
"1682322",23.6357249900018,0.194974597246746,415.614572676454,4.00689458682316,17.767487101545,0.143802570929669,0.482713304,"SE",17,54512.4901401864,10628.55081,"SE17a",2.325319797,2.251160395,2.024910057,-2.610087529,2.024910057,1.634945122,1633.071638,329.6676741,"SE26","SE17H26",0.75,"17",0.306405737369897,0.213503179863239,-0.316310731481359,0.75,"SE"
"1688082",79.8498298378506,0.359792963167394,1056.53937608734,5.26532577405481,61.9794059716215,0.274528232611076,0.212983347,"SE",17,56608.3069293496,20367.27049,"SE17a",2.410249629,2.327722865,1.491049945,-2.138513933,1.491049945,1.271114472,1627.339237,331.7970829,"SE28","SE17H28",0.75,"17",0.173492191055014,0.104184663315069,-0.671654352376961,0.75,"SE"
"1690962",118.034833252056,0.535233761017499,1093.01208801636,5.46737621327969,94.9597211771291,0.423342198539319,0.011953982,"SE",17,58915.3870451925,31533.50419,"SE17a",2.822931611,2.391852033,1.057964226,-1.639181974,1.057964226,1.001651942,1626.841296,338.6913478,"SE29","SE17H29",0.75,"17",0.0244709827147932,0.000716837371025096,-1.92248740245136,0.75,"SE"
"1693842",111.013229090171,0.566534196277805,1860.41515677026,10.499621890391,84.1269431085096,0.422185179168572,0.30375166,"SE",17,55142.055299132,31239.85998,"SE17a",2.40309375,2.345336171,1.828729937,-2.466552194,1.828729937,1.565242624,1628.367507,329.3478579,"SE30","SE17H30",0.75,"17",0.262149574513826,0.19458166590635,-0.517481339971837,0.75,"SE"
"1696722",142.055285258264,0.650436522828316,1938.35406799095,9.83214532380052,109.952131284469,0.494688927349678,0.021178223,"SE",17,56404.8885054443,36687.79955,"SE17a",2.815388289,2.393271412,1.162602006,-2.183512803,1.162602006,1.005237194,1632.346992,333.3678256,"SE31","SE17H31",0.75,"17",0.0654310679700847,0.00226854921035251,-1.67411048302318,0.75,"SE"
"1699602",96.8311455514927,0.525756472138385,1272.6146623415,7.56642880745235,75.1670359181082,0.401833002564673,0.139638968,"SE",17,56713.6407826316,29817.5637,"SE17a",2.584814191,2.40984523,1.801680746,-2.115276183,1.801680746,1.234522492,1633.099977,335.3555438,"SE32","SE17H32",0.75,"17",0.255677837401055,0.0914990068337692,-0.85499336949379,0.75,"SE"
"1702482",97.2221695126927,0.506781868369127,993.841217963752,5.66018594422194,77.4104868809869,0.397275435516133,0.236005943,"SE",17,58333.8303028383,29562.52751,"SE17a",2.604613761,2.44072402,2.926503792,-1.763183124,2.926503792,1.713270237,1625.68348,332.2262033,"SE33","SE17H33",0.75,"17",0.466349091185073,0.233825870368623,-0.627077060675619,0.75,"SE"
"1708242",111.841786512589,0.583558747350124,1267.38499978035,7.2991302350975,88.1312813297014,0.452311403954831,0.226165909,"SE",17,57604.4977007795,33615.60852,"SE17a",2.419475383,2.337957895,1.577768567,-1.920452561,1.577768567,1.325145135,1628.565874,334.1046173,"SE35","SE17H35",0.75,"17",0.198043299604665,0.122263446482478,-0.64557285762886,0.75,"SE"
"1714002",83.3955681082844,0.409739324612072,941.211337015383,5.13739177080225,65.749337832428,0.317508788251873,0.034218183,"SE",17,57589.0471639266,23596.49729,"SE17a",2.638155264,2.429215338,1.100085442,-1.92380573,1.100085442,1.018316914,1629.796559,328.064545,"SE37","SE17H37",0.75,"17",0.041426417474646,0.00788295735480099,-1.46574305540346,0.75,"SE"
"1716882",115.442763849054,0.590376310806923,1229.18281799919,6.9702199632883,91.5459346311715,0.460244676549358,0.212321745,"SE",17,57975.1438590389,34227.15155,"SE17a",2.300690384,2.210786631,1.220121095,-1.840281126,1.220121095,1.109663096,1623.351656,333.651207,"SE39","SE17H39",0.75,"17",0.0864029358226338,0.0451911429693044,-0.673005525146762,0.75,"SE"
"1719762",52.5263318520912,0.252324806800687,630.672886529097,3.30901928666811,41.1572417235534,0.194651440323466,0.077757168,"SE",17,57302.3914823449,14458.81486,"SE17a",2.544756381,2.352831493,1.224375941,-1.986181195,1.224375941,1.049347715,1627.035614,331.3963007,"SE40","SE17H40",0.75,"17",0.0879147871180462,0.0209194211614618,-1.10925956526761,0.75,"SE"
"1722642",104.213568809968,0.432732643579744,1295.8696098384,6.03072250812204,81.431517031919,0.331799934673876,0.061647896,"SE",17,56916.5104029442,24629.63201,"SE17a",2.61798093,2.420113193,1.255721941,-2.070642379,1.255721941,1.054156494,1632.66276,334.4770614,"SE41","SE17H41",0.75,"17",0.098893482666735,0.0229050885194061,-1.21008174098524,0.75,"SE"
"1725522",98.1355840975198,0.429603246212541,1149.56876913241,5.59621105749322,77.1332670651368,0.331632059831915,0.198759478,"SE",17,57345.1104878566,24635.64562,"SE17a",2.464151509,2.445655406,1.633388954,-1.976865901,1.633388954,1.558882562,1628.586116,332.8415458,"SE42","SE17H42",0.75,"17",0.213089614290889,0.192813398962765,-0.701672152508198,0.75,"SE"
"1728402",130.082307444712,0.645057596331193,1745.99274368101,9.66347465563313,100.80950009424,0.491039715286989,0.218252148,"SE",17,56461.3201784549,36420.80348,"SE17a",2.426615777,2.374133301,1.57220182,-2.171013119,1.57220182,1.39685113,1627.254223,330.3923208,"SE43","SE17H43",0.75,"17",0.196508294684575,0.145150123462334,-0.661041473349969,0.75,"SE"
"1731282",71.5336613156611,0.292527786612816,704.445174815554,3.2150828480824,57.211428870686,0.229686900863711,0.210849954,"SE",17,58438.1634918886,17094.78662,"SE17a",2.47751492,2.325038931,1.760037869,-1.740846172,1.760037869,1.261005952,1626.509335,336.6631465,"SE44","SE17H44",0.75,"17",0.245522012200971,0.100717136465751,-0.676026489396798,0.75,"SE"
"1734162",96.6246744501175,0.389525797113756,887.914565566099,4.03464601616719,77.821173812882,0.307666995769489,0.145987987,"SE",17,58824.5099805505,22913.6641400001,"SE17a",2.574431952,2.323100715,1.803284693,-1.658478127,1.803284693,1.130654613,1625.675384,333.545951,"SE46","SE17H46",0.75,"17",0.256064296239076,0.0533299589692381,-0.835682879792685,0.75,"SE"
"1739922",49.5017592236188,0.275343066515762,576.481565602446,3.6083875556327,38.8752907897534,0.212423152056752,0.184344283,"SE",17,57306.7944280222,15779.0285100001,"SE17a",2.420239434,2.405009234,1.412720393,-1.985220769,1.412720393,1.370144377,1629.38768,335.4324616,"SE48","SE17H48",0.75,"17",0.150056214365645,0.136766332726278,-0.734370326460646,0.75,"SE"
"1742802",26.0377726936987,0.146211903537723,306.147727024024,1.80264232127434,20.4262271716125,0.113491060756409,0.15611582,"SE",17,57696.825127672,8435.96263000005,"SE17a",2.551037311,2.408320656,1.766283853,-1.90043383,1.766283853,1.283261085,1632.942093,337.2096678,"SE49","SE17H49",0.75,"17",0.247060498723679,0.108315024449293,-0.806553085466866,0.75,"SE"
"1745682",80.1152360957033,0.426269976291464,774.037502980556,4.58313978837834,64.1274486457374,0.335435108310575,0.168184128,"SE",17,58581.0702579854,24971.35143,"SE17a",2.515755228,2.420132212,1.683588936,-1.710315542,1.683588936,1.352074937,1625.262457,334.683525,"SE50","SE17H50",0.75,"17",0.226236063042998,0.131000762481134,-0.77421499217228,0.75,"SE"
"1748562",81.9251726970676,0.434122298624953,1722.00589950111,10.2182852838515,60.6812310184414,0.315869074595185,0.162315968,"SE",17,53696.6969534519,23310.9335100001,"SE17a",2.404389286,2.356205927,1.294858539,-2.798567053,1.294858539,1.205497882,1634.856941,333.5945307,"SE51","SE17H51",0.75,"17",0.112222325106495,0.081166451680274,-0.789638753906571,0.75,"SE"
"1751442",33.6210364513453,0.199878056320566,570.564944838495,2.48099551642465,25.493803854313,0.153925274316941,0.241868601,"SE",18,77237.9760649668,15438.18,"SE18a",2.419216071,2.403700498,1.643068678,-1.989954677,1.643068678,1.579204791,1628.513833,332.8866326,"H03","SE18H03",0.75,"18",0.215655716723599,0.198438452892498,-0.616420507403014,0.75,"SE"
"1754322",79.0449460724431,0.499927109053241,1273.94803065753,8.5940554450151,60.2873310968914,0.372656281348621,0.273014127,"SE",18,74493.1559333261,37241.15,"SE18a",2.410347579,2.39908519,1.735395207,-2.442254671,1.735395207,1.682768997,1631.888816,332.7195098,"H05","SE18H05",0.75,"18",0.239398393636517,0.226024502063847,-0.563814879994374,0.75,"SE"
"1757202",118.862373359191,0.740596708057594,1362.51191732383,8.21186845148655,93.9294174347474,0.576801872391322,0.186012558,"SE",18,78212.3621125999,57923.82,"SE18a",2.386286931,2.353822293,1.328319628,-1.833248873,1.328319628,1.258385111,1625.776633,335.279695,"H11","SE18H11",0.75,"18",0.123302590072936,0.0998135711467033,-0.730457734889611,0.75,"SE"
"1760082",91.4187882772564,0.576433978432365,1422.77716754877,8.11140046003767,70.1022653520899,0.438375072397593,0.147376451,"SE",18,76168.7714513375,43906.27,"SE18a",2.526056719,2.387487252,1.59205902,-2.164200912,1.59205902,1.21847079,1632.351953,334.8265477,"H14","SE18H14",0.75,"18",0.201959163643614,0.0858151224465776,-0.831571906014303,0.75,"SE"
"1762962",121.558730678696,0.721087835479407,1478.98754599638,8.32479941008923,95.5448541819523,0.559345969753523,0.123024489,"SE",18,77862.462625891,56145.68,"SE18a",2.560682236,2.392454277,1.557664601,-1.88929572,1.557664601,1.162746309,1629.951834,337.0339156,"H15","SE18H15",0.75,"18",0.192473950373838,0.0654849695695125,-0.910008430195049,0.75,"SE"
"1765842",113.630275217189,0.708992618635855,2063.65684433907,12.9710752677533,85.7614995452991,0.525217504692952,0.35187183,"SE",18,73979.5385330228,52450.95,"SE18a",2.383343194,2.358626528,1.915529976,-2.528738494,1.915529976,1.781354668,1631.600369,331.3676671,"H16","SE18H16",0.75,"18",0.282288952617466,0.250750396173269,-0.453615500329506,0.75,"SE"
"1768722",112.233526939054,0.669323893651647,1292.37218918394,7.46616021512073,88.7081521592833,0.520980101513379,0.088713199,"SE",18,78160.3378367177,52314.58,"SE18a",2.659717569,2.461227133,1.64021042,-1.841566226,1.64021042,1.150780861,1631.365237,337.7347864,"H18","SE18H18",0.75,"18",0.214899566573833,0.0609926303896404,-1.05201175980283,0.75,"SE"
"1771602",25.8104973562221,0.231920689193726,302.364576933354,2.8314771488592,20.2285564000326,0.180030618384209,0.157496197,"SE",18,45327.5595486821,10512.4,"SE18a",2.433649416,2.377368206,1.346334307,-2.302662019,1.346334307,1.228346659,1630.373856,331.6598183,"H19","SE18H19",0.75,"18",0.129152912531465,0.0893209489262432,-0.802729928489333,0.75,"SE"
"1773642",123.619061388061,0.727194450922187,1760.64689158996,9.88221650801842,95.6246568070771,0.55495923168587,0.187144066,"SE",18,76464.4284338054,55604.51,"SE18a",2.394180577,2.329907898,1.351395395,-2.115774791,1.351395395,1.218241277,1631.133503,334.2132846,"H20","SE18H20",0.75,"18",0.130782434694405,0.0857333103760668,-0.727823939024114,0.75,"SE"
"1776522",115.003364456856,0.677389024749548,1281.23571664251,7.67479440686819,91.095633256205,0.526436752292487,0.157578256,"SE",18,78025.1244984985,52853.36,"SE18a",2.49047206,2.332129508,1.518213908,-1.863209305,1.518213908,1.161736706,1628.940504,336.2912937,"H27","SE18H27",0.75,"18",0.181332965577409,0.065107711455295,-0.80250371039163,0.75,"SE"
"1779402",106.744130318374,0.633412764310154,1351.76619534225,7.79990627143435,83.5327244872556,0.488177162126505,0.159695251,"SE",18,77306.3447866092,48966.83,"SE18a",2.44281863,2.35750884,1.379013637,-1.978894949,1.379013637,1.20145255,1625.678838,330.4668222,"H29","SE18H29",0.75,"18",0.139568560914476,0.0797066235127101,-0.796707998671542,0.75,"SE"
"1782282",128.543160217766,0.753224743081827,2284.35208305212,12.9256567344932,97.2548523320009,0.561568422166103,0.156261785,"SE",18,74507.707089361,56121.05,"SE18a",2.394731585,2.36605333,1.256469721,-2.439813216,1.256469721,1.206606741,1627.912543,329.7823969,"H31","SE18H31",0.75,"18",0.0991520272214211,0.0815657472781849,-0.806147218992125,0.75,"SE"
"1785162",129.449768145672,0.758865921742862,1760.72205729164,10.5394678702189,100.576650565906,0.577870589740038,0.353424808,"SE",18,76279.7859957327,57886.13,"SE18a",2.380039423,2.334598859,1.902597163,-2.145995662,1.902597163,1.671910153,1632.490129,336.1533661,"H33","SE18H33",0.75,"18",0.279346844826183,0.223212935121689,-0.451702969262281,0.75,"SE"
"1788042",109.207121546985,0.660810146303538,2093.67673801941,12.4412285392697,81.9795209109976,0.488122639460516,0.284823873,"SE",18,73744.2272528543,48730.93,"SE18a",2.365682412,2.331945873,1.584297737,-2.568561382,1.584297737,1.463056383,1633.005752,333.608159,"H34","SE18H34",0.75,"18",0.199836801865347,0.165261063209339,-0.545423612374886,0.75,"SE"
"1790922",119.902714995345,0.702364418391265,1539.60386398323,9.03724162619104,93.662053510152,0.538947011254462,0.132792213,"SE",18,76930.0756489916,54032.95,"SE18a",2.535514843,2.404071914,1.532293364,-2.039884092,1.532293364,1.204863327,1626.101293,331.5516215,"H35","SE18H35",0.75,"18",0.18534192075962,0.0809377857522781,-0.876827391461114,0.75,"SE"
"1793802",93.2254419052538,0.570726989942398,1073.72392573672,6.71964701044764,73.6192668578799,0.441842523897271,0.284384043,"SE",18,77692.6771142806,44341.31,"SE18a",2.386769507,2.372953606,1.671509153,-1.916582761,1.671509153,1.612200966,1624.83836,333.8256715,"H36","SE18H36",0.75,"18",0.223108759083843,0.207419177037842,-0.546094775844764,0.75,"SE"
"1796682",126.439918741047,0.721829487867002,1907.52847503165,10.9184163903133,97.2323856869114,0.544995631640939,0.405248536,"SE",18,75559.7342125337,54541.24,"SE18a",2.347708507,2.291991865,1.905864615,-2.264551289,1.905864615,1.629735335,1633.050702,337.7179836,"H37","SE18H37",0.75,"18",0.280092046854913,0.212117081777123,-0.392278545407936,0.75,"SE"
"1799562",111.614564874539,0.647921653095527,1592.72146405203,9.34698471347805,86.2828249010261,0.491516945381771,0.350343152,"SE",18,75958.5460601113,49215.19,"SE18a",2.288902967,2.287817004,1.485362772,-2.198748541,1.485362772,1.481706904,1626.734827,330.975786,"H38","SE18H38",0.75,"18",0.171832534890215,0.17076230447716,-0.455506367046324,0.75,"SE"
"1802442",94.1349445777816,0.545085036568905,1073.76302787736,6.1359650848781,74.426143007054,0.423890128637062,0.167134312,"SE",18,78081.2378521784,42560.91,"SE18a",2.301315532,2.286478673,1.142101551,-1.854222907,1.142101551,1.126523889,1626.877397,337.2844663,"H39","SE18H39",0.75,"18",0.057704721316259,0.0517404057809975,-0.776934382048271,0.75,"SE"
"1805322",106.637807162574,0.64899265458835,1278.8055931975,6.97453281168654,83.9300697536671,0.507041086225442,0.189723084,"SE",18,78484.6691559371,50935.97,"SE18a",2.467389274,2.444317698,1.600383469,-1.789803998,1.600383469,1.51281701,1627.366634,334.9353645,"H42","SE18H42",0.75,"18",0.20422405672898,0.179786399038732,-0.721879824388624,0.75,"SE"
"1808202",120.38948230805,0.739467888140345,1734.42365364388,10.618796700208,92.9829919288627,0.56122192024227,0.375720959,"SE",18,75997.28779478,56197.56,"SE18a",2.285682408,2.251988803,1.53320648,-2.192374693,1.53320648,1.421475637,1627.896447,332.010467,"H44","SE18H44",0.75,"18",0.185600646104292,0.152739420616588,-0.425134577829454,0.75,"SE"
"1811082",116.305263649073,0.711605999058434,1784.79728919954,10.5666723150532,89.2790568529043,0.538270577749589,0.104292086,"SE",18,75715.0551727933,53879.29,"SE18a",2.596776524,2.443011488,1.544005975,-2.238882601,1.544005975,1.176937986,1630.934277,330.9504704,"H45","SE18H45",0.75,"18",0.188648976637352,0.0707535800502879,-0.981748645906467,0.75,"SE"
"1813962",86.8428421229202,0.561266563793208,1787.55079111456,10.1654800775882,64.7385400463832,0.41620203893438,0.101732146,"SE",18,74062.4013820918,41568.75,"SE18a",2.515938797,2.404299784,1.293148908,-2.514745355,1.293148908,1.124992196,1630.308758,329.9240985,"H46","SE18H46",0.75,"18",0.111648537408739,0.051149509784366,-0.992541794132665,0.75,"SE"
"1816842",125.305073289962,0.734311419159999,1327.49420739697,8.04828240773239,99.7589691413821,0.572570402075086,0.096981298,"SE",18,78313.2234356142,57506.3,"SE18a",2.621038497,2.385264813,1.569817488,-1.817139472,1.569817488,1.098195739,1633.192802,337.0003189,"H47","SE18H47",0.75,"18",0.19584916287927,0.0406797543138265,-1.01331200757392,0.75,"SE"
"1819722",95.1061088855151,0.574656484194843,1539.82256609645,8.61523634135038,72.6421479093217,0.434263499590318,0.138585666,"SE",18,75634.5093032364,43463.86,"SE18a",2.499377485,2.335374661,1.444632969,-2.252187211,1.444632969,1.130411134,1631.039987,332.6569805,"H48","SE18H48",0.75,"18",0.159757521981693,0.0532364264510366,-0.858281686744626,0.75,"SE"
"1822602",76.4102175970824,0.416186142739054,753.03947038053,4.34779635443376,61.2419169130345,0.32607714734985,0.309109587,"SE",18,78731.9132836788,32767.13,"SE18a",2.342960676,2.319482106,1.572326381,-1.750488118,1.572326381,1.486955033,1625.983912,337.5181812,"H49","SE18H49",0.75,"18",0.196542701216513,0.172297835223197,-0.509887525132001,0.75,"SE"
"1825482",106.5524086164,0.652784936917329,1748.70999568507,9.97380744053335,81.2598782051515,0.492370408427029,0.075074179,"SE",18,75475.3838265107,49269.19,"SE18a",2.649572364,2.372575548,1.453459901,-2.278513339,1.453459901,1.054086263,1631.835932,331.4344099,"H54","SE18H54",0.75,"18",0.162403054672217,0.0228761535823183,-1.12450940848255,0.75,"SE"
"1828362",124.949250165571,0.742652650204853,1576.46724251817,9.07122903077695,97.8309379345042,0.572833753570535,0.236390017,"SE",18,77376.0387364797,57463.52,"SE18a",2.453436226,2.34445299,1.777117024,-1.967630907,1.777117024,1.368120592,1628.956594,333.9630857,"H61","SE18H61",0.75,"18",0.249716027244839,0.136124379644279,-0.626370868118021,0.75,"SE"
"1831242",59.1679323094403,0.371974589398573,549.869456937158,3.77599220345154,47.5926222563382,0.293763548091616,0.070562482,"SE",19,137935.772341219,51308.6,"SE19a",2.673240784,2.36212614,1.482124921,-1.695509553,1.482124921,1.044019004,1625.756839,335.7974761,"H01","SE19H01",0.75,"19",0.170884809726016,0.0187084040850336,-1.15142615151645,0.75,"SE"
"1834122",41.348998136567,0.284857735552143,851.210758837532,5.40919243408857,30.6960071696663,0.211307051302379,0.511519909,"SE",19,128663.741916502,36650.86,"SE19a",2.362053284,2.338950969,2.392782552,-2.565332174,2.392782552,2.21343384,1633.418983,331.105592,"H02","SE19H02",0.75,"19",0.378903233190368,0.345066545356053,-0.291137458333885,0.75,"SE"
"1837002",25.1808119520976,0.136690232268874,244.446218185688,1.30739361745926,20.1552413492355,0.108594294225486,0.120111942,"SE",19,138851.001018614,18979.58,"SE19a",2.558842593,2.462281832,1.529358678,-1.612843752,1.529358678,1.264800216,1625.010347,335.0998129,"H03","SE19H03",0.75,"19",0.184509351735597,0.102021931092084,-0.920413811191008,0.75,"SE"
"1839882",55.8090785223743,0.359820407171207,915.617206912751,5.96277920033593,42.3612977234071,0.270573905568989,0.240051508,"SE",19,130625.345764883,47001.66,"SE19a",2.39322772,2.353506905,1.53256824,-2.376195669,1.53256824,1.403311396,1630.388245,332.3400292,"H05","SE19H05",0.75,"19",0.185419821262645,0.147154052039558,-0.619695561454775,0.75,"SE"
"1842762",75.4019084661676,0.494201937739874,873.076296533589,6.14450420414678,59.3348293393194,0.382457002780192,0.255650401,"SE",19,134862.733166945,66649.42,"SE19a",2.455400912,2.407667506,1.888316403,-1.977143168,1.888316403,1.650749106,1624.789811,331.0141203,"H11","SE19H11",0.75,"19",0.276074765684535,0.217681070743248,-0.592353521725042,0.75,"SE"
"1845642",67.4339593227355,0.443885547166923,781.355347546271,4.83615236388813,53.0201566725949,0.348084368849354,0.146969438,"SE",19,136856.226290142,60748.5,"SE19a",2.58919237,2.481637051,1.892177894,-1.793724895,1.892177894,1.433438564,1626.931504,334.7413993,"H14","SE19H14",0.75,"19",0.276961964386444,0.156379084176433,-0.832772966530039,0.75,"SE"
"1848522",34.389417239893,0.194720269068612,371.91615473301,1.98678808188999,27.2337580540287,0.153699882683138,0.355566025,"SE",19,137857.360450449,26843.62,"SE19a",2.387179004,2.35917117,1.952936245,-1.702617407,1.952936245,1.796989646,1624.55159,336.954126,"H15","SE19H15",0.75,"19",0.290688065665405,0.254545574772847,-0.449079743370951,0.75,"SE"
"1851402",41.0646827034129,0.251002806354572,709.354801425529,4.38620112365273,31.0171900857019,0.187747427142438,0.205117941,"SE",19,129857.390733537,32594.57,"SE19a",2.364034997,2.265084326,1.331340489,-2.449900866,1.331340489,1.157230983,1627.43895,329.0339466,"H17","SE19H17",0.75,"19",0.124289140060036,0.0634200526684818,-0.687996351642684,0.75,"SE"
"1854282",36.1553991037933,0.192319538387897,445.742315831196,2.30583899173848,28.2492352558866,0.149375462972837,0.131346107,"SE",19,135408.191639248,26041.64,"SE19a",2.43198551,2.331778641,1.247959399,-1.926688313,1.247959399,1.114543172,1631.890734,338.5942034,"H18","SE19H18",0.75,"19",0.0962004562782253,0.0470968956051649,-0.88158279484954,0.75,"SE"
"1857162",71.5906491478727,0.496961616074369,980.663720916676,6.64874092078302,55.3631397967849,0.381783894209752,0.173231602,"SE",19,133768.798977126,66477.96,"SE19a",2.512497697,2.432733427,1.70123746,-2.078949928,1.70123746,1.405575432,1628.736261,332.1515687,"H20","SE19H20",0.75,"19",0.230764936992949,0.147854157536699,-0.76137287835632,0.75,"SE"
"1860042",38.6556120416423,0.182954631908765,752.760243073891,3.45222628968752,28.8420429726047,0.135801397123089,0.200319529,"SE",19,128754.250243563,23556.19,"SE19a",2.494209375,2.374707822,1.781989219,-2.556542158,1.781989219,1.343556491,1629.806792,329.3040733,"H23","SE19H23",0.75,"19",0.250905072235664,0.128255931441907,-0.698276709600562,0.75,"SE"
"1862922",22.3020883560128,0.107062439201376,328.562047150087,1.38010059810528,17.0693409307379,0.082555533094254,0.250697255,"SE",19,134322.414352533,14380.89,"SE19a",2.450689147,2.371512953,1.836424626,-2.0273242,1.836424626,1.49263613,1631.379734,336.9159548,"H25","SE19H25",0.75,"19",0.263973107914612,0.173953949725569,-0.60085042130656,0.75,"SE"
"1865802",82.1171754182236,0.52569009414012,986.053599908831,6.8904357426666,64.3859231677227,0.404682586985046,0.369122744,"SE",19,134073.726375399,70481.23,"SE19a",2.386298031,2.330620056,2.002619803,-2.050488472,2.002619803,1.701339845,1629.562387,334.2509384,"H27","SE19H27",0.75,"19",0.301598506391977,0.230791073204742,-0.432829194334607,0.75,"SE"
"1868682",30.6440530774462,0.163675613995831,337.712272415596,1.73104548248855,24.2087258405404,0.128732422600604,0.077215075,"SE",19,137308.805944498,22474.1,"SE19a",2.670708217,2.396092032,1.550196196,-1.75245595,1.550196196,1.069072159,1627.304921,337.6516551,"H28","SE19H28",0.75,"19",0.1903866668464,0.0290070197063264,-1.11229790238219,0.75,"SE"
"1871562",66.9912098606576,0.442560137960282,822.99716496825,5.30119974082369,52.3976007272676,0.343770432002395,0.194210529,"SE",19,135422.177709504,59932.46,"SE19a",2.384929031,2.30947255,1.350532982,-1.925397277,1.350532982,1.199943689,1627.408831,336.1053651,"H31","SE19H31",0.75,"19",0.130505194762415,0.0791608659389689,-0.711727228791325,0.75,"SE"
"1874442",64.2536394497865,0.410410312122012,753.659079418513,5.3714557395859,50.4950238789665,0.315985609289212,0.403867483,"SE",19,134095.789614659,55034.3,"SE19a",2.441444167,2.382853598,2.588703627,-2.048431635,2.588703627,2.121818516,1625.371128,332.0386512,"H33","SE19H33",0.75,"19",0.413082332193776,0.326708234951571,-0.393761112222833,0.75,"SE"
"1877322",79.3282733185656,0.522141407670175,1184.76245184317,7.80554838416366,60.8543432644256,0.396700749266497,0.105848074,"SE",19,132129.38527101,68990.22,"SE19a",2.640207989,2.394288468,1.745238138,-2.233091116,1.745238138,1.124526861,1631.130417,330.7038634,"H34","SE19H34",0.75,"19",0.241854694884331,0.0509698336664953,-0.975317039947659,0.75,"SE"
"1880202",79.8828643810401,0.553123563728352,1924.96740385536,13.4516656788682,58.4062203309132,0.400279347696774,0.367811203,"SE",19,125174.926635386,69237.2,"SE19a",2.282256575,2.242780749,1.502692337,-2.908959389,1.502692337,1.380564963,1632.602845,328.4050302,"H35","SE19H35",0.75,"19",0.176870071724209,0.140056847345169,-0.434375046911472,0.75,"SE"
"1883082",51.0008159253768,0.301229450258742,790.779137489006,5.17748745248539,38.9506245571865,0.225689669286579,0.23436451,"SE",19,130096.429204842,39188.88,"SE19a",2.416128793,2.376890063,1.598557441,-2.426912308,1.598557441,1.456798082,1630.247418,330.806327,"H36","SE19H36",0.75,"19",0.203728246401346,0.163399361001193,-0.630108153226104,0.75,"SE"
"1885962",62.7950146032509,0.396402945168641,765.524828330048,5.29305832509319,49.1550411601154,0.304590465992225,0.251701236,"SE",19,133797.781339481,53037.83,"SE19a",2.430547424,2.359641826,1.738563212,-2.07624197,1.738563212,1.456514492,1631.710117,336.7587901,"H37","SE19H37",0.75,"19",0.240190485714539,0.163314810120103,-0.599114651806974,0.75,"SE"
"1888842",78.006653380896,0.495332614579048,854.660627853085,5.68296840719614,61.7300265088097,0.386425258677819,0.149470329,"SE",19,136072.445052462,67401.12,"SE19a",2.515758413,2.283655796,1.564921835,-1.865518689,1.564921835,1.100089054,1632.985851,337.4312747,"H38","SE19H38",0.75,"19",0.194492650204544,0.041427843426698,-0.825445009550038,0.75,"SE"
"1891722",82.5017655529508,0.538138544899673,1252.90985900887,8.18552380104382,63.1749502611085,0.408145747631055,0.249815464,"SE",19,131874.844299121,70966.94,"SE19a",2.334975819,2.31116187,1.378327335,-2.257194996,1.378327335,1.31836994,1633.658915,338.0032285,"H39","SE19H39",0.75,"19",0.13935236916982,0.120037292167849,-0.602380681566366,0.75,"SE"
"1894602",75.140331077354,0.463510320076039,925.261043272259,6.55291848251361,58.7207079440013,0.354126384913928,0.438809514,"SE",19,132951.346368923,61624.32,"SE19a",2.352863562,2.350614583,2.054649879,-2.155570984,2.054649879,2.040069056,1624.269616,329.065587,"H40","SE19H40",0.75,"19",0.312737826906481,0.309644868471069,-0.357723964887417,0.75,"SE"
"1897482",46.8190151984942,0.300168531489727,901.283843849071,6.30361504137687,34.9893000177105,0.220434274267277,0.268110037,"SE",19,127232.595870254,38191.22,"SE19a",2.394496151,2.329839386,1.643271065,-2.705150604,1.643271065,1.411755114,1632.908822,329.2535797,"H41","SE19H41",0.75,"19",0.215709208184795,0.149759369618024,-0.571686927411669,0.75,"SE"
"1900362",84.7612975377012,0.572153766962038,1264.23001906566,8.68424315542999,65.0161598409956,0.434037500445297,0.269175291,"SE",19,131906.332227307,75470.71,"SE19a",2.403744061,2.373730444,1.688465606,-2.254210711,1.688465606,1.562691568,1627.51248,330.6745103,"H42","SE19H42",0.75,"19",0.227492218494354,0.193873268784502,-0.569964808767766,0.75,"SE"
"1903242",82.5573045496447,0.547569736526483,964.090129485602,6.40090937449131,64.8965457503411,0.426378823220215,0.240554571,"SE",19,135789.919347385,74354.45,"SE19a",2.436665963,2.287652474,1.715773733,-1.891499281,1.715773733,1.250132896,1628.540655,334.8795771,"H44","SE19H44",0.75,"19",0.234460014871264,0.0969561833533318,-0.618786386251686,0.75,"SE"
"1906122",50.8668046098799,0.339829063310955,940.562594231107,6.75775529381888,38.1755820738278,0.250924309458609,0.10601449,"SE",19,128005.840542826,43500.11,"SE19a",2.618429487,2.219418276,1.646891814,-2.629412889,1.646891814,1.030520272,1634.842432,332.1134449,"H46","SE19H46",0.75,"19",0.21666507086009,0.0130565394739332,-0.974634771556302,0.75,"SE"
"1909002",82.691911726566,0.566788539987272,1708.35813772347,11.5475218712228,61.3598020129982,0.417494444500059,0.82587719,"SE",19,127661.591272867,72357.13,"SE19a",2.299482076,2.293249349,2.884453863,-2.663074732,2.884453863,2.819619325,1629.757743,327.7766507,"H47","SE19H47",0.75,"19",0.460063596785318,0.450190478457088,-0.0830845285521387,0.75,"SE"
"1911882",66.7666745728173,0.43403611873688,938.45244338252,6.7784339864204,51.5145968799102,0.328323474305001,0.374382138,"SE",19,131489.057606741,57071,"SE19a",2.389062685,2.27134206,2.041794941,-2.29381609,2.041794941,1.47997221,1633.973922,336.6454954,"H48","SE19H48",0.75,"19",0.310012123419846,0.170253560559171,-0.426684879894101,0.75,"SE"
"1914762",56.1204205524476,0.362746263518421,840.409053435221,5.6726707433067,43.0139362591908,0.274360065760413,0.31806016,"SE",19,131469.509561408,47690.07,"SE19a",2.429375528,2.321259539,2.048985751,-2.295674562,2.048985751,1.516997389,1633.514917,334.7975294,"H50","SE19H50",0.75,"19",0.31153893825303,0.180984833295717,-0.497490726918259,0.75,"SE"
"1917642",23.7923897449124,0.128782502949971,307.618800304239,1.54827632857128,18.4906084255454,0.0999986446706374,0.334255099,"SE",19,135367.109589199,17432.92,"SE19a",2.423590161,2.298666403,2.089589504,-1.930481315,2.089589504,1.48018634,1628.28075,336.7904484,"H51","SE19H51",0.75,"19",0.320060978140955,0.1703163919758,-0.475921958933076,0.75,"SE"
"1920522",38.5665583853665,0.268617811988124,935.373546177176,6.85087647356143,28.1705518839465,0.193468421289656,0.271397829,"SE",19,124515.115592851,33446.98,"SE19a",2.367823994,2.30127599,1.547784968,-2.975022554,1.547784968,1.342525706,1634.713676,328.1157461,"H52","SE19H52",0.75,"19",0.189710624500736,0.127922610101254,-0.566393630725992,0.75,"SE"
"1923402",40.1778925293019,0.239613644415821,793.408890777935,5.54083337302084,29.9489422990642,0.174277613253903,0.440902233,"SE",19,125877.93438698,30162.07,"SE19a",2.355485505,2.298187251,2.079446298,-2.838953257,2.079446298,1.750404171,1635.02585,330.1208645,"H54","SE19H54",0.75,"19",0.317947709128258,0.243138339525438,-0.355657701633822,0.75,"SE"
"1926282",13.0322464076075,0.0565066144505246,134.905862862495,0.511895279968556,10.3293120448419,0.0451364623462801,0.093638778,"SE",19,139691.441024329,7893.49,"SE19a",2.706534622,2.357664637,1.944175334,-1.537411571,1.944175334,1.073627756,1626.142361,336.7277344,"H57","SE19H57",0.75,"19",0.288735428879852,0.0308537305836925,-1.02854426254611,0.75,"SE"
"1929162",2826.86329748638,0.388911771858362,28051.1334689059,4.82920725916769,2248.78022313265,0.301012843853982,0.336353302,"SE",19,134881.975362537,52457.19,"SE19a",2.250943475,2.191001323,1.345675844,-1.975359797,1.345675844,1.221678319,1629.608539,338.1857856,"H65","SE19H65",0.75,"19",0.128940456532342,0.0869568665657524,-0.473204304465971,0.75,"SE"
"1932042",81.1540672703303,0.534979968909499,843.023222756568,5.83669706714263,64.5508141578473,0.419460404644254,0.237174153,"SE",19,136835.19652001,73204.09,"SE19a",2.493328508,2.376659501,2.00682534,-1.795645833,2.00682534,1.465308167,1625.481345,333.3209273,"H67","SE19H67",0.75,"19",0.302509576187033,0.165928970187237,-0.624932641703675,0.75,"SE"
"1934922",52.9957084671905,0.363558331156526,610.838590798547,4.15181432346694,41.7171906016255,0.283755398338064,0.261158228,"SE",19,136142.594071624,49495.77,"SE19a",2.362510126,2.334393688,1.495472138,-1.859076262,1.495472138,1.406627219,1627.610899,338.5002046,"H68","SE19H68",0.75,"19",0.174778326143282,0.148179016992594,-0.583096286814522,0.75,"SE"
"1937802",61.4875273833698,0.449217174760368,752.183723243783,5.57386391682713,48.0865090749731,0.347714470537412,0.292955518,"SE",19,134893.182372924,60596.34,"SE19a",2.400863646,2.350554999,1.772144743,-1.974321246,1.772144743,1.551960222,1628.871054,334.9549835,"H70","SE19H70",0.75,"19",0.248499190755874,0.190880585744792,-0.533198317371836,0.75,"SE"
"1940682",71.7613893940982,0.486275067899513,969.020879521344,6.61365337444006,55.5825567965152,0.372960187101883,0.225444555,"SE",19,133524.566436167,64929.67,"SE19a",2.456120863,2.369615189,1.734140105,-2.101793051,1.734140105,1.406230763,1630.229243,333.4903236,"J12","SE19J12",0.75,"19",0.239084182165766,0.148056594420705,-0.646960249432641,0.75,"SE"
"1943562",76.5101532858131,0.498026616982203,1207.13285801953,7.3424592303414,58.1621133403894,0.379839971688748,0.154073108,"TB",17,110637.026799652,55100.18,"TB17a",2.527361794,2.462945769,1.641826321,-2.258562422,1.641826321,1.411476376,336.9092205,5125.413844,"TB01","TB17H01",0.75,"17",0.215327213793951,0.149673613720133,-0.812273156650702,0.75,"TB"
"1946442",95.6425426554382,0.612537993951744,1300.4238655857,8.8277612496807,73.7835525631262,0.468239758206791,0.143185485,"TB",17,110916.797881688,67940.75,"TB17a",2.46058053,2.451268307,1.356572125,-2.226993205,1.356572125,1.333288671,338.4637332,5127.223394,"TB02","TB17H02",0.75,"17",0.132442888887739,0.124924188910962,-0.844101005100144,0.75,"TB"
"1949322",59.4254384010386,0.394617328004058,859.819934548917,6.25341452209408,45.5353375104667,0.298805821662549,0.264036757,"TB",17,109753.134458289,43310.49,"TB17a",2.464854283,2.447526682,1.990155627,-2.358827456,1.990155627,1.887677219,337.0185221,5121.604479,"TB03","TB17H03",0.75,"17",0.298887038874346,0.275927734669887,-0.578335610057909,0.75,"TB"
"1952202",82.8771000852078,0.597658737015394,1315.47493363627,9.56544784187099,62.9633495731702,0.452100595264762,0.279280491,"TB",17,109632.151128935,65522.61,"TB17a",2.4856255,2.482706695,2.221971517,-2.372614085,2.221971517,2.200618631,336.9739918,5118.203982,"TB04","TB17H04",0.75,"17",0.346738487508084,0.342544785486997,-0.553959400664791,0.75,"TB"
"1955082",55.3091728194827,0.372748968155231,996.690834556236,7.25569020268298,41.4678877306069,0.276501334315415,0.560862137,"TB",17,107273.475840577,39986.08,"TB17a",2.419124358,2.32109541,3.183152486,-2.644479815,3.183152486,2.245182061,334.5288728,5118.47926,"TB05","TB17H05",0.75,"17",0.502857443598115,0.35125156354949,-0.251143877599684,0.75,"TB"
"1957962",111.681958439253,0.758964919491825,1830.35463493821,12.8333437879961,84.5743721569242,0.570974745577913,0.265855015,"TB",17,108964.780355557,82700.44,"TB17a",2.393390797,2.358578431,1.629894742,-2.448938675,1.629894742,1.496691447,337.6419465,5120.564089,"TB06","TB17H06",0.75,"17",0.212159558732419,0.175132276844641,-0.575355142886819,0.75,"TB"
"1960842",116.458750423196,0.751291158606619,1764.35354158836,11.5409463717105,88.9014597237529,0.570652827054274,0.24074764,"TB",17,110133.086942561,82742.01,"TB17a",2.447846858,2.397116872,1.771089867,-2.315628653,1.771089867,1.549581117,336.476062,5117.499593,"TB07","TB17H07",0.75,"17",0.248240598317126,0.190214315485533,-0.618437961482767,0.75,"TB"
"1963722",37.8931256316928,0.307624808586127,486.211424738307,3.92280083551341,29.3939784410224,0.238051474506768,0.174482173,"TB",17,112435.139087023,34587.84,"TB17a",2.599004044,2.531120833,2.223982366,-2.057041176,2.223982366,1.801005166,341.2286608,5122.592242,"TB08","TB17H08",0.75,"17",0.347131339394168,0.255514958550836,-0.758248938694644,0.75,"TB"
"1966602",73.4156613867759,0.506391253906287,1373.99680224585,9.4255544535714,54.8641599168339,0.377321137294326,0.417244932,"TB",17,107808.381777666,54593.22,"TB17a",2.502152452,2.380598462,3.329097463,-2.582304994,3.329097463,2.160670678,337.8403088,5123.555716,"TB09","TB17H09",0.75,"17",0.522326509792741,0.334588578254675,-0.379608929706358,0.75,"TB"
"1969482",16.4485299764549,0.161323045803171,368.517900685121,2.98943883102829,12.0543031501844,0.120258033202264,0.414842114,"TB",17,107861.557865888,17400.56,"TB17a",2.446597915,2.435473654,2.697949049,-2.576140935,2.697949049,2.593070519,335.706902,5125.413844,"TB10","TB17H10",0.75,"17",0.431033743724659,0.413814327643291,-0.382117161276723,0.75,"TB"
"1972362",113.166844090657,0.739367796045074,1704.54020436632,10.7935252513607,86.4404245751213,0.564465316617874,0.189771376,"TB",17,110758.417404763,81891.21,"TB17a",2.468381878,2.415546646,1.604671919,-2.244854979,1.604671919,1.419463252,339.3219538,5117.625088,"TB11","TB17H11",0.75,"17",0.205386252733049,0.152124153705692,-0.721769293398351,0.75,"TB"
"1975242",46.5998958638881,0.295856550402716,810.931258878391,5.77417581613267,35.0510221764228,0.219405402635804,0.54659187,"TB",17,107242.013694853,31728.25,"TB17a",2.32489963,2.225779766,2.22737811,-2.648146467,2.22737811,1.654353991,331.5655829,5121.899998,"TB12","TB17H12",0.75,"17",0.347793947230663,0.218628443480661,-0.262336832285503,0.75,"TB"
"1978122",114.504384677328,0.731283999670478,1898.86016803709,13.0559896863455,86.5789414731943,0.547168022145916,0.354994062,"TB",17,108308.69003792,79204.41,"TB17a",2.472957831,2.325715398,2.59328106,-2.52443021,2.59328106,1.637758058,334.6827048,5124.462515,"TB13","TB17H13",0.75,"17",0.413849588189427,0.21424974489917,-0.449778911345474,0.75,"TB"
"1981002",88.8690748404485,0.587910361206404,1776.67222436162,11.5915396826633,65.9852058168422,0.435547096171458,0.368421538,"TB",17,107120.777444318,62977.42,"TB17a",2.281259477,2.257920609,1.500612385,-2.662285612,1.500612385,1.425115676,338.3503833,5117.835595,"TB14","TB17H14",0.75,"17",0.17626852649037,0.153850117263517,-0.43365498878699,0.75,"TB"
"1983882",57.5017790986896,0.440969782366545,749.07450185187,6.03771611578762,44.5343879997509,0.338820324479408,0.112430965,"TB",17,111550.097755024,49190.22,"TB17a",2.568329865,2.415539464,1.506484705,-2.155825135,1.506484705,1.164561255,338.7592525,5121.685443,"TB15","TB17H15",0.75,"17",0.177964726737673,0.0661623370174028,-0.949114061751016,0.75,"TB"
"1986762",84.4460017719954,0.564259168431839,2063.30609883305,13.4366598547109,61.4555398229678,0.410208225189911,0.442863717,"TB",17,104897.352832557,59189.29,"TB17a",2.379001821,2.346868039,2.253507356,-2.924469101,2.253507356,2.030212483,333.4318079,5126.425897,"TB16","TB17H16",0.75,"17",0.352858980052878,0.307541493758132,-0.3537298991963,0.75,"TB"
"1989642",108.763525501655,0.711932670408666,1590.14618353913,10.8962554800449,83.2968789439928,0.540956193257854,0.192036325,"TB",17,110178.032137469,78439.34,"TB17a",2.508250546,2.423002558,1.801936349,-2.310528457,1.801936349,1.451115696,337.2290291,5122.604386,"TB17","TB17H17",0.75,"17",0.255739446040218,0.161702039681904,-0.716616613718767,0.75,"TB"
"1992522",65.4769570083397,0.465162517569336,965.080015972474,7.13274884539182,50.0977202345174,0.353383688974926,0.295417058,"TB",17,110155.093079619,51240.02,"TB17a",2.413732054,2.35784155,1.850005924,-2.313131227,1.850005924,1.588032545,335.783818,5118.106825,"TB18","TB17H18",0.75,"17",0.267173119082144,0.200859398575385,-0.529564431226555,0.75,"TB"
"1995402",129.369811940738,0.829817630751632,2071.82186465131,13.6435673964284,98.1974255375415,0.626029990891622,0.2703822,"TB",17,109304.662071163,90702.94,"TB17a",2.449333572,2.388204354,1.930988243,-2.410009498,1.930988243,1.625149041,338.4961189,5124.511093,"TB19","TB17H19",0.75,"17",0.285779629545439,0.210893195909187,-0.568021902583325,0.75,"TB"
"1998282",59.991069296607,0.439150010374232,1269.83877670886,9.35446601187464,44.276968439323,0.322834021872499,0.42533685,"TB",17,106204.529450551,46639.72,"TB17a",2.416289526,2.398588534,2.475844904,-2.769663124,2.475844904,2.32969995,332.0392235,5124.130562,"TB20","TB17H20",0.75,"17",0.393723435401927,0.36729999036058,-0.371266989591695,0.75,"TB"
"2001162",123.165754517159,0.816249034544559,1837.71506292467,12.3593253533972,94.1538912521587,0.620886878539809,0.163746076,"TB",17,110309.644691022,90040.14,"TB17a",2.548162055,2.472249536,1.810226743,-2.295605563,1.810226743,1.486924841,341.9978207,5124.166996,"TB21","TB17H21",0.75,"17",0.257732976563238,0.172289016965868,-0.785829098615362,0.75,"TB"
"2004042",89.2061477772885,0.584187697975895,1351.32782852629,8.59722560893043,68.0975580839971,0.445634520184652,0.20483903,"TB",17,110659.194440393,64645.74,"TB17a",2.40979249,2.31208253,1.458483381,-2.256058127,1.458483381,1.224771816,340.2935242,5120.450739,"TB22","TB17H22",0.75,"17",0.16390148482483,0.0880551839797949,-0.688587289402008,0.75,"TB"
"2006922",79.591502177056,0.518201201420142,1239.75901088795,8.44820593852229,60.5747339153162,0.391272042606171,0.30881044,"TB",17,109407.598814178,56695.15,"TB17a",2.399796243,2.329592125,1.832329939,-2.398243268,1.832329939,1.521423919,339.5486535,5123.373546,"TB23","TB17H23",0.75,"17",0.263003677730004,0.182250239714489,-0.510308025830638,0.75,"TB"
"2009802",63.2335166519709,0.394499191581989,976.335258092462,5.8805845389007,48.1971879962039,0.300549278139773,0.352766193,"TB",17,110501.65592276,43592.81,"TB17a",2.277837799,2.237164143,1.454477578,-2.273866268,1.454477578,1.33989671,341.5687104,5121.292766,"TB24","TB17H24",0.75,"17",0.162707030618533,0.127071320748383,-0.452513041729146,0.75,"TB"
"2012682",113.301546499649,0.740390588423745,1742.06143189578,11.7890073553782,86.3446694420057,0.560358887326887,0.290600141,"TB",17,109694.876920177,81217.05,"TB17a",2.4630168,2.330761676,2.128852826,-2.365464283,2.128852826,1.47500049,332.0392235,5118.701912,"TB25","TB17H25",0.75,"17",0.328145638392099,0.168792164588257,-0.536704179317051,0.75,"TB"
"2015562",71.8416484615912,0.518045985355007,1647.38923153521,10.9622592863442,52.6044390280731,0.381085255894688,0.61650341,"TB",17,106282.658946327,55059.31,"TB17a",2.374670167,2.340127961,2.936602189,-2.760470864,2.936602189,2.59226335,336.9294615,5126.733561,"TB26","TB17H26",0.75,"17",0.46784511818651,0.413679119745651,-0.210064516894547,0.75,"TB"
"2018442",57.3158376668655,0.419295689034566,788.27236991822,6.25104453828631,44.1495959189003,0.31943624151303,0.150897106,"TB",17,110500.021420875,46332.18,"TB17a",2.5507867,2.328346096,1.725190686,-2.274051165,1.725190686,1.144849425,338.7268668,5119.191745,"TB27","TB17H27",0.75,"17",0.236837104800993,0.0587483703511451,-0.821319089318399,0.75,"TB"
"2021322",104.715821497258,0.727998191868903,1762.41340882746,12.2690295944981,79.1002854342411,0.547859654107361,0.378703956,"TB",17,109004.882012523,79355.36,"TB17a",2.407557127,2.370801958,2.186716087,-2.444339221,2.186716087,1.945659448,335.16849,5116.560409,"TB28","TB17H28",0.75,"17",0.33979239993139,0.289066827300666,-0.421700158148261,0.75,"TB"
"2024202",92.0495079788194,0.593348495256152,2131.97374275469,13.5942432093683,67.3504389896251,0.433024367449888,0.505160859,"TB",17,105348.312921928,62508.26,"TB17a",2.237457913,2.233905937,1.623236489,-2.870846024,1.623236489,1.608508951,333.974268,5123.029449,"TB30","TB17H30",0.75,"17",0.210381796712103,0.206423481998381,-0.29657030692678,0.75,"TB"
"2027082",85.1343806183328,0.57246048412908,1761.86425514088,12.4148201727084,62.9702852540216,0.420080992341065,0.601379709,"TB",17,105993.105100191,60676.87,"TB17a",2.365306363,2.225291841,2.776801555,-2.794572028,2.776801555,1.75898186,334.9903688,5126.583777,"TB31","TB17H31",0.75,"17",0.443544843866946,0.245261360695367,-0.220851229408093,0.75,"TB"
"2029962",68.2762854745228,0.427321858410186,1625.32339922078,10.0973357255885,49.8256131548364,0.310897299223378,0.224323427,"TB",17,104987.591851516,44863.49,"TB17a",2.415962142,2.365466325,1.556595508,-2.913720471,1.556595508,1.391028104,335.7716734,5127.660601,"TB32","TB17H32",0.75,"17",0.19217577283405,0.143335904462802,-0.649125368924648,0.75,"TB"
"2032842",104.506545596835,0.693962997661582,1579.42927765108,10.7944002580471,79.7851939590466,0.526449968043915,0.218789845,"TB",17,109980.219877976,76322.2,"TB17a",2.418714178,2.418465014,1.544342821,-2.332990971,1.544342821,1.543414183,339.6620034,5126.59997,"TB33","TB17H33",0.75,"17",0.188743713578867,0.188482486823832,-0.65997283938985,0.75,"TB"
"2035722",111.764036384991,0.736056213276683,1538.03898365673,10.6368206489557,86.1171309019131,0.562506969005967,0.087217972,"TB",17,110883.223968277,81616.29,"TB17a",2.590409734,2.527543015,1.384910557,-2.23077746,1.384910557,1.242646423,339.8360764,5125.033313,"TB34","TB17H34",0.75,"17",0.141421725851235,0.0943475740285327,-1.0593940157989,0.75,"TB"
"2038602",88.5970437864645,0.581984090398797,1450.20360483965,8.91054586217161,67.1040465762472,0.44220006543178,0.234270333,"TB",17,110173.667472702,64119.32,"TB17a",2.363945906,2.292718191,1.416650443,-2.31102365,1.416650443,1.247710884,331.7072703,5120.329292,"TB35","TB17H35",0.75,"17",0.151262701761764,0.0961139635277509,-0.630282705129718,0.75,"TB"
"2041482",97.6649458929751,0.640292209370627,1386.02968860883,9.44945519103044,75.0282481339748,0.488295106623194,0.146659462,"TB",17,110624.585374269,70832.06,"TB17a",2.554733445,2.474834157,1.711474069,-2.259968159,1.711474069,1.411566731,335.378997,5121.559948,"TB36","TB17H36",0.75,"17",0.23337032341224,0.149701413988452,-0.833689912486868,0.75,"TB"
"2044362",92.5124585183222,0.622353787027155,1237.14436092067,8.53401439543575,71.4990641854484,0.478115411361685,0.130739991,"TB",17,111531.486683106,69412.04,"TB17a",2.572803463,2.52676736,1.66784549,-2.157910815,1.66784549,1.488251343,334.7960547,5116.973326,"TB37","TB17H37",0.75,"17",0.222155814917714,0.172676283131888,-0.883591549266464,0.75,"TB"
"2047242",56.0761790014848,0.428289999638792,990.067967486509,7.5204188653504,42.1473644215196,0.320992240395703,0.355257278,"TB",17,108508.93086272,46473.29,"TB17a",2.480387234,2.471223671,2.66441178,-2.501341579,2.66441178,2.579048272,337.8969837,5125.555532,"TB39","TB17H39",0.75,"17",0.425601345108559,0.411459470895997,-0.449457016108833,0.75,"TB"
"2050122",49.6241184433649,0.369713954522504,708.770708569992,5.16218992147075,38.0858837130989,0.283514998605732,0.138505391,"TB",17,111307.655598634,41151.99,"TB17a",2.50534617,2.452370306,1.463204372,-2.183022108,1.463204372,1.316948583,333.2213009,5120.029725,"TB40","TB17H40",0.75,"17",0.165304990125986,0.119568819338942,-0.85853332236858,0.75,"TB"
"2053002",61.8634714730279,0.452241477922096,909.834181181402,6.81006340445573,47.3469788398779,0.344190853321478,0.122068306,"TB",17,110377.153018677,49917.13,"TB17a",2.622601968,2.415379809,1.830371275,-2.287958036,1.830371275,1.191355869,332.1647181,5123.114461,"TB41","TB17H41",0.75,"17",0.26253919154973,0.0760415086344445,-0.91339708229653,0.75,"TB"
"2055882",73.8827896818691,0.533346714789451,1326.9030391778,9.46798343469481,55.4478546249102,0.399293138687751,0.350228991,"TB",17,108377.317900643,57802.69,"TB17a",2.382771634,2.36622299,1.905740452,-2.516512317,1.905740452,1.814774334,335.0146581,5121.090356,"TB42","TB17H42",0.75,"17",0.280063752577396,0.258822628495128,-0.455647907052683,0.75,"TB"
"2058762",33.9391644080561,0.237515664829573,669.939672694419,4.24530023908548,25.2266694813385,0.177696000199089,0.384534764,"TB",17,108295.045796059,25721.77,"TB17a",2.425803164,2.425452992,2.353314424,-2.526005003,2.353314424,2.350508488,339.2733752,5125.648641,"TB43","TB17H43",0.75,"17",0.371679956706596,0.371161823822466,-0.415064391542949,0.75,"TB"
"2061642",78.4427106854465,0.507255285079909,1254.64969262166,8.48571622815131,59.5476445633163,0.382021141470052,0.321447974,"TB",17,109094.662623934,55338.84,"TB17a",2.402356425,2.310228062,1.899817491,-2.434047978,1.899817491,1.487487404,341.0626841,5119.535843,"TB44","TB17H44",0.75,"17",0.278711881764028,0.172453296823138,-0.492889307135009,0.75,"TB"
"2064522",70.2791556450838,0.493390819937763,1121.60784509217,8.24464469990003,53.3476318242023,0.371620776441493,0.173150751,"TB",17,109108.089904856,53832.93,"TB17a",2.461182442,2.398623396,1.494978574,-2.432509583,1.494978574,1.316795964,336.2898443,5120.159267,"TB46","TB17H46",0.75,"17",0.174634968406101,0.119518486750929,-0.761575620461915,0.75,"TB"
"2067402",93.8752098849451,0.621578604594332,1687.52009934509,11.6840123986876,70.4242808910088,0.462693577904436,0.280313291,"TB",17,107690.526548427,66938.13,"TB17a",2.367814506,2.308534478,1.577567994,-2.595977365,1.577567994,1.381747901,336.2615068,5119.301047,"TB47","TB17H47",0.75,"17",0.19798808663733,0.140428813521727,-0.552356309763393,0.75,"TB"
"2070282",86.9731123357915,0.583670036307544,1148.27449876102,7.54843069186982,67.3125573385403,0.451030053266072,0.047415608,"TB",17,112259.392317812,65522.44,"TB17a",2.686349911,2.35457164,1.265940542,-2.076595146,1.265940542,1.018898013,338.2370334,5120.058062,"TB48","TB17H48",0.75,"17",0.102413308455666,0.00813071530379233,-1.32407867620561,0.75,"TB"
"2073162",76.6092590331075,0.508648982591934,1175.9014621871,8.3039240955339,58.3788781219457,0.384006584091414,0.269188764,"TB",17,109390.830207634,55641.53,"TB17a",2.418641435,2.400169579,1.759344655,-2.400159256,1.759344655,1.672386058,338.3746726,5117.038097,"TB49","TB17H49",0.75,"17",0.245350925928411,0.223336538357625,-0.569943071619821,0.75,"TB"
"2076042",6.84997678379034,0.0466023705182064,122.700232206024,0.779746993622472,5.14108544704221,0.035096228428468,0.287002453,"TB",17,109092.324348904,5083.961,"TB17a",2.464080506,2.3760291,2.115589269,-2.434315899,2.115589269,1.634313196,336.3060371,5123.644776,"TB50","TB17H50",0.75,"17",0.325431355460813,0.213335287361948,-0.542114391350288,0.75,"TB"
"2078922",89.4821933889366,0.589930016264825,1429.68405842951,9.8265090898242,67.9315506621071,0.444475295291582,0.52947203,"TB",17,109146.677766427,64388.9,"TB17a",2.392399413,2.33217566,2.741642893,-2.428089535,2.741642893,2.224603001,340.3218617,5122.434362,"TB51","TB17H51",0.75,"17",0.438010886011646,0.347252518751329,-0.276156977081518,0.75,"TB"
"2081802",100.940458381739,0.682756998168956,1312.67593775698,7.99490276763844,78.3851192325506,0.532162898036739,0.051460715,"TB",18,100102.898356652,68345.95,"TB18a",2.676950832,2.508558495,1.287024146,-2.123602071,1.287024146,1.077853912,333.6613121,5118.164549,"H03","TB18H03",0.75,"18",0.109586694826835,0.0325599023056058,-1.28852418395549,0.75,"TB"
"2084682",116.007180259957,0.791300916716802,1403.54606368858,8.51404415980403,90.7379680294333,0.622007155537359,0.006987296,"TB",18,101048.598909455,79959.85,"TB18a",2.893612808,2.325599079,1.036035579,-2.006065347,1.036035579,1.000325496,337.9503599,5122.444716,"H05","TB18H05",0.75,"18",0.0153746699826219,0.000141338115433677,-2.15569085851412,0.75,"TB"
"2087562",49.3964752609559,0.393377095314017,988.733918531842,7.50480290359031,36.7348934875262,0.292004256359282,0.705603833,"TB",18,94818.47447225,37299.42,"TB18a",2.38159484,2.313583111,3.40273083,-2.801531719,3.40273083,2.647300586,334.3640552,5125.189784,"H11","TB18H11",0.75,"18",0.531827595975278,0.422803255781762,-0.151439068683737,0.75,"TB"
"2090442",82.0940445988912,0.574221309402568,1941.46362919734,11.9451144276289,60.0493803976086,0.42257260543875,0.15905056,"TB",18,93911.1850030532,53925.8,"TB18a",2.30961232,2.250839506,1.138138039,-2.921716387,1.138138039,1.086807659,333.3446005,5124.655812,"H14","TB18H14",0.75,"18",0.0561949386322951,0.0361526903363173,-0.798464797449534,0.75,"TB"
"2093322",79.6996995082251,0.583815783081802,1692.29495606527,11.3591604404255,58.9282702455614,0.432515749539618,0.574684144,"TB",18,94611.52762679,55235.7,"TB18a",2.430041227,2.32748785,3.391094816,-2.828843513,3.391094816,2.339688743,335.7733903,5123.704618,"H15","TB18H15",0.75,"18",0.530339932948218,0.369158085534629,-0.24057078523676,0.75,"TB"
"2096202",94.5933503387204,0.626967675149315,1301.74420984137,7.37416447298886,73.0479195406344,0.488462826579396,0.015279431,"TB",18,100053.721597466,62730.45,"TB18a",2.856840209,2.36218586,1.121780209,-2.129744356,1.121780209,1.00210824,336.033344,5124.789272,"H16","TB18H16",0.75,"18",0.0499077737035295,0.000914633203789025,-1.81589281841487,0.75,"TB"
"2099082",87.5724742714365,0.611490622149578,1266.4290726558,7.9989897966445,67.291526882693,0.471366161166255,0.146116972,"TB",18,98878.6196057312,60463.35,"TB18a",2.537603,2.348486404,1.631133773,-2.277422161,1.631133773,1.159497688,336.471966,5123.003752,"H17","TB18H17",0.75,"18",0.212489579981621,0.0642698870060517,-0.835299336304886,0.75,"TB"
"2101962",87.5472916661046,0.643277919180904,1578.50992951226,10.5541338065796,65.8044912080827,0.484762910222563,0.348110919,"TB",18,96420.9571175364,62025.47,"TB18a",2.312115309,2.257777736,1.563530174,-2.592040384,1.563530174,1.385396803,338.3564568,5118.306324,"H18","TB18H18",0.75,"18",0.194106266951032,0.141574181105742,-0.458282354230574,0.75,"TB"
"2104842",39.0716628932432,0.35537078451612,507.484587386939,4.85829897877991,30.3374384171185,0.272731062428893,0.276497398,"TB",18,98395.1789329319,34966.77,"TB18a",2.425815513,2.423330399,1.829355842,-2.338687474,1.829355842,1.816187277,336.9267916,5118.13113,"H19","TB18H19",0.75,"18",0.262298191635878,0.25916062897261,-0.55830895130163,0.75,"TB"
"2107722",108.304439756234,0.744276069369873,1563.97635770515,9.56880208452984,83.2233046460474,0.574718052045884,0.106847396,"TB",18,99069.0852957642,73734.75,"TB18a",2.515243146,2.437517248,1.31805056,-2.253367102,1.31805056,1.177382368,338.8520436,5123.971568,"H20","TB18H20",0.75,"18",0.119932069975631,0.0709175277071318,-0.971236057651634,0.75,"TB"
"2110602",92.8848134977198,0.651746242954112,1639.04466205635,10.4380298539412,69.962965109626,0.492331554446771,0.431219733,"TB",18,96679.9287931398,63010.78,"TB18a",2.435368701,2.35949482,2.679458508,-2.558512336,2.679458508,2.070634614,337.6335741,5123.496004,"H27","TB18H27",0.75,"18",0.428047036286829,0.316103469669117,-0.36530137366333,0.75,"TB"
"2113482",50.9461346865794,0.811395813163351,902.316155859629,13.3310576057495,38.2663510583304,0.612391874090917,0.19953183,"TB",18,34775.7517135713,28216.9,"TB18a",2.460286419,2.428879403,1.621038672,-2.314073081,1.621038672,1.501179949,340.3629554,5125.239762,"H29","TB18H29",0.75,"18",0.209793375635602,0.176432754983776,-0.699987814309529,0.75,"TB"
"2115282",20.3815574294493,0.174028069381458,333.581996522207,2.88651684953438,15.4548004865279,0.13100170790981,0.474884154,"TB",18,96304.3244090927,16759.66,"TB18a",2.407188847,2.406811896,2.632180261,-2.607169785,2.632180261,2.628652563,335.6028288,5125.398355,"H31","TB18H31",0.75,"18",0.420315627980245,0.419733187877659,-0.323412321774427,0.75,"TB"
"2118162",114.350681960781,0.820892772913437,1653.77599665607,10.5855274438208,87.8733840197914,0.633690155133688,0.188530987,"TB",18,99036.0761265623,81298,"TB18a",2.451967349,2.436404036,1.534949104,-2.257532714,1.534949104,1.480341343,336.0820414,5121.802291,"H33","TB18H33",0.75,"18",0.18609397967092,0.17036186829276,-0.724617258842207,0.75,"TB"
"2121042",82.0939715971527,0.617020089603765,1263.22604581136,8.80061176768289,62.6954520201489,0.471531905089584,0.339097629,"TB",18,97932.7947957162,60426.5,"TB18a",2.367003476,2.363899371,1.778747344,-2.397566627,1.778747344,1.763174958,335.1844211,5120.398506,"H34","TB18H34",0.75,"18",0.250114264610539,0.246295409023071,-0.469675246835941,0.75,"TB"
"2123922",71.6343841283487,0.533410003624129,934.60369552985,6.47942337894828,55.6211560073863,0.414234980849615,0.171984439,"TB",18,99695.7981828042,53178.74,"TB18a",2.501451198,2.395262626,1.64412008,-2.174540934,1.64412008,1.305425674,340.1110592,5119.466049,"H36","TB18H36",0.75,"18",0.215933533506296,0.115752149777824,-0.764510845895679,0.75,"TB"
"2126802",99.6493318638453,0.699055044014125,1665.17283451419,10.3438607768705,75.4730896975665,0.532264350447802,0.314560147,"TB",18,97533.7824593714,68181.48,"TB18a",2.369054329,2.346397019,1.701217055,-2.448600018,1.701217055,1.602745404,339.8430623,5124.121737,"H37","TB18H37",0.75,"18",0.230759727942327,0.204864540183565,-0.502296300893756,0.75,"TB"
"2129682",94.4866191941047,0.652812165428587,1903.5456879106,11.762757092281,70.2323159934994,0.487359330486513,0.418251119,"TB",18,95422.2287801626,62292.79,"TB18a",2.268654416,2.245937665,1.566133555,-2.72219061,1.566133555,1.484130705,332.6703421,5121.560375,"H38","TB18H38",0.75,"18",0.194828794584209,0.171472150242608,-0.37856288844118,0.75,"TB"
"2132562",71.8946370901963,0.537089479012123,1508.9555926824,10.2396550522755,53.233188305922,0.398708883260581,0.513275262,"TB",18,94825.5471019018,50929.8,"TB18a",2.30949117,2.283169501,2.018130828,-2.800599363,2.018130828,1.862429355,332.9303036,5123.229076,"H39","TB18H39",0.75,"18",0.304949316527647,0.270079808230772,-0.289649666648627,0.75,"TB"
"2135442",125.031705263545,0.825029829512104,1806.49437877264,10.3548773332165,96.0789373854254,0.638609324095508,0.135313346,"TB",18,99334.2610272223,81953.73,"TB18a",2.46492053,2.414165869,1.33342301,-2.219953365,1.33342301,1.2288563,338.2915056,5120.717602,"H40","TB18H40",0.75,"18",0.12496794518718,0.0895011003267734,-0.868659366681677,0.75,"TB"
"2138322",100.805278606654,0.706291242484802,1691.16912901438,10.416675314708,76.3206681244757,0.537950636419779,0.338123855,"TB",18,97569.372044823,68912.39,"TB18a",2.362956931,2.298409955,1.755084096,-2.444039663,1.755084096,1.488651453,340.3872659,5121.026283,"H41","TB18H41",0.75,"18",0.244297930803973,0.172793025651284,-0.470924188212642,0.75,"TB"
"2141202",91.6104891667406,0.619270148699688,1574.37550755594,9.32939796175384,69.1946113240975,0.470669366704876,0.182348229,"TB",18,97339.2863786047,60279.31,"TB18a",2.29433046,2.28516728,1.158396952,-2.473551663,1.158396952,1.147516604,339.8024303,5122.936958,"H42","TB18H42",0.75,"18",0.0638574061292091,0.0597589782819849,-0.739098450278702,0.75,"TB"
"2144082",78.3985875905778,0.562695071269408,1305.9391370604,8.23788824870625,59.4038973825342,0.42889597197193,0.295072975,"TB",18,97649.3474805869,54946.81,"TB18a",2.511438655,2.451471648,2.53921655,-2.433797889,2.53921655,2.075606977,337.446771,5125.506795,"H44","TB18H44",0.75,"18",0.404699740046505,0.317145121874262,-0.530070564630266,0.75,"TB"
"2146962",77.1514988988881,0.522672857390851,1312.70163941835,7.92331194113492,58.3229752290584,0.397004474736862,0.479211443,"TB",18,97271.9870394593,50841.43,"TB18a",2.33541635,2.285039125,2.079212128,-2.482197018,2.079212128,1.78481798,339.4693363,5119.524463,"H45","TB18H45",0.75,"18",0.317898799730795,0.251593932318057,-0.3194728200586,0.75,"TB"
"2149842",94.9629110343277,0.649327449468767,1490.32996850747,8.80529745098808,72.3805618276409,0.498733878619387,0.313378772,"TB",18,98483.8868929965,63948.29,"TB18a",2.273549843,2.235067778,1.35995154,-2.327423203,1.35995154,1.271529864,339.6724414,5121.535248,"H46","TB18H46",0.75,"18",0.133523433160247,0.104326564761903,-0.503930425593992,0.75,"TB"
"2152722",77.8691927412332,0.570384742345408,1446.89471129381,9.44590342568732,58.3637201327417,0.429431081272485,0.560960674,"TB",18,96321.0603496997,54940.06,"TB18a",2.32793414,2.246630766,2.297577807,-2.604997701,2.297577807,1.782094922,335.5946165,5118.915439,"H47","TB18H47",0.75,"18",0.361270227600513,0.25093083269912,-0.251067583776714,0.75,"TB"
"2155602",67.286277163923,0.516696885254901,1496.69961511685,10.6911269981302,49.5272982177263,0.380443539886665,0.401477436,"TB",18,93967.0239081231,48552.47,"TB18a",2.322827696,2.287304893,1.760846905,-2.914286187,1.760846905,1.601004076,334.3680953,5123.629545,"H48","TB18H48",0.75,"18",0.245721598327299,0.204392437592039,-0.396338858096533,0.75,"TB"
"2158482",38.8833746861397,0.325397456985445,652.158661184473,5.38540697768485,29.4399863209117,0.245000433084745,0.511535844,"TB",18,96327.7444463925,31344.8,"TB18a",2.380330521,2.359420601,2.549826874,-2.604130307,2.549826874,2.371359088,333.6613445,5120.534109,"H49","TB18H49",0.75,"18",0.40651069407359,0.374997322906404,-0.291123929291016,0.75,"TB"
"2161362",88.252461643119,0.622003449526813,1565.20272325475,9.90479250201097,66.4419180727568,0.470132927073689,0.442538346,"TB",18,96741.4741120436,60173.53,"TB18a",2.394595959,2.372592222,2.374090203,-2.550557513,2.374090203,2.204740773,333.7669324,5119.64135,"H51","TB18H51",0.75,"18",0.375497215848954,0.343357533725007,-0.354049091667466,0.75,"TB"
"2164242",99.4615656927564,0.702438362742467,1488.14686785908,9.34232868071425,76.1691162661574,0.540575881065237,0.180718181,"TB",18,98696.6062464581,69328.28,"TB18a",2.477572597,2.391107588,1.594288158,-2.300453061,1.594288158,1.32327488,337.3492253,5120.542401,"H61","TB18H61",0.75,"18",0.202566820271507,0.121650068274588,-0.7429981534115,0.75,"TB"
"2167122",58.5346903948784,0.440949477838195,921.050689989017,5.59886871164444,44.8351557666348,0.339445281500603,0.289650202,"TB",19,125473.851746576,55327.63,"TB19a",2.423460188,2.423805643,1.8775361,-2.336226463,1.8775361,1.879470139,337.2541067,5121.638122,"H01","TB19H01",0.75,"19",0.273588296078375,0.2740354300389,-0.538126164290922,0.75,"TB"
"2170002",58.8928333924179,0.429989957458988,943.12992775983,5.48390018994107,45.0378188264945,0.330862295293719,0.253743172,"TB",19,125412.238971054,53926,"TB19a",2.397692324,2.375014398,1.601257697,-2.34236598,1.601257697,1.514978326,336.286175,5122.949048,"H02","TB19H02",0.75,"19",0.204461230344682,0.18040641965949,-0.595605635394473,0.75,"TB"
"2172882",59.5074315173099,0.445247414546099,1094.96260804787,6.68163107015918,44.8853196407771,0.337074102047226,0.348699093,"TB",19,123165.744748692,54839.23,"TB19a",2.342020803,2.300447482,1.690822295,-2.568306684,1.690822295,1.521659498,338.59352,5118.237518,"H03","TB19H03",0.75,"19",0.228097965754827,0.182317481157418,-0.457549182264423,0.75,"TB"
"2175762",63.8621608217986,0.469356446834538,1101.47475773793,6.50426568748546,48.4646586358861,0.358166800568869,0.358088493,"TB",19,124260.40985128,58322.42,"TB19a",2.452441237,2.446108121,2.431345232,-2.457700729,2.431345232,2.378952331,337.443705,5125.39953,"H05","TB19H05",0.75,"19",0.385846629640317,0.376385739813192,-0.446009634606353,0.75,"TB"
"2178642",56.0548492810257,0.425627584605566,905.069529272049,5.9942567086296,42.7690991857718,0.324273379647314,0.422520161,"TB",19,124037.751028108,52793.89,"TB19a",2.412614601,2.394601593,2.430987111,-2.480119228,2.430987111,2.286163482,333.6072071,5119.525137,"H11","TB19H11",0.75,"19",0.38578265623683,0.359107283273556,-0.374152563395591,0.75,"TB"
"2181522",35.4517920884644,0.267379978450012,641.715175065612,4.06669027358694,26.7851466863129,0.202148140707674,0.4904356,"TB",19,122982.136697822,32882.96,"TB19a",2.404863053,2.393990425,2.683629661,-2.586954832,2.683629661,2.581784291,337.8379387,5123.758937,"H14","TB19H14",0.75,"19",0.428722583299763,0.41191995398701,-0.309418012546736,0.75,"TB"
"2184402",34.5079339753218,0.290776457939871,707.400445843903,5.59533947229012,25.739128750019,0.214725988456708,0.448274136,"TB",19,119809.56194605,34837.8,"TB19a",2.270054692,2.077153425,1.639627288,-2.913650036,1.639627288,1.157300512,333.4884993,5124.979054,"H15","TB19H15",0.75,"19",0.21474513758372,0.0634461452588021,-0.348456317829538,0.75,"TB"
"2187282",53.4123103934357,0.40426668343448,950.290777744484,6.22446607789909,40.352742583595,0.305264726920826,0.478601933,"TB",19,122814.800636538,49649.93,"TB19a",2.332935709,2.331280136,2.060820917,-2.603974581,2.060820917,2.050018579,334.188499,5120.737399,"H16","TB19H16",0.75,"19",0.31404025372105,0.311757797017031,-0.320025551670057,0.75,"TB"
"2190162",54.672853261531,0.423398297109013,890.777075652134,6.1805717780226,41.6863309837321,0.321420254602925,0.311470032,"TB",19,123544.507233887,52308.53,"TB19a",2.407895379,2.298868959,1.88821081,-2.529925346,1.88821081,1.426836668,332.6898532,5123.195705,"H17","TB19H17",0.75,"19",0.276050479638306,0.154374261659755,-0.50658373251405,0.75,"TB"
"2193042",52.137099743929,0.424711290836933,712.183556395871,4.86731257380143,40.5761214690855,0.330313521658611,0.099889278,"TB",19,126911.05504585,53900.56,"TB19a",2.616098765,2.542373973,1.578266381,-2.193862677,1.578266381,1.344427929,338.7932727,5125.243759,"H18","TB19H18",0.75,"19",0.19818030561288,0.128537525877622,-1.00048112594157,0.75,"TB"
"2195922",41.6106231807295,0.288874816644762,739.598072381635,4.18794149715136,31.4475897743258,0.219448531523897,0.306605339,"TB",19,123639.007701807,35716.2,"TB19a",2.394716372,2.349652469,1.796591236,-2.520367622,1.796591236,1.591025028,336.7081854,5119.608162,"H20","TB19H20",0.75,"19",0.254449276806598,0.201677011473608,-0.513420286930924,0.75,"TB"
"2198802",59.3209225781594,0.456856208793393,839.260884368445,5.80669643377471,45.9055637080126,0.351654889978673,0.288514376,"TB",19,125459.787558498,57317.08,"TB19a",2.425729264,2.394406829,1.884969819,-2.337627649,1.884969819,1.722652632,337.7393212,5119.904077,"H23","TB19H23",0.75,"19",0.27530440093614,0.236197712030261,-0.539832542085644,0.75,"TB"
"2201682",58.5025257530275,0.410567859023851,1069.29678394542,5.638452351244,44.1527797640818,0.313588075498916,0.093554258,"TB",19,124385.110104377,51068.53,"TB19a",2.408954348,2.386396656,1.110625132,-2.445162773,1.110625132,1.092494126,339.9228803,5118.891658,"H27","TB19H27",0.75,"19",0.0455674967661405,0.0384191105828304,-1.02893644136738,0.75,"TB"
"2204562",82.9557509294032,0.594759261527508,1224.57991991229,6.86167964703076,63.9801862540135,0.462257940057286,0.103024483,"TB",19,126817.13040716,75425.66,"TB19a",2.59725228,2.532134249,1.534884895,-2.203117132,1.534884895,1.337475156,336.2861908,5124.091229,"H28","TB19H28",0.75,"19",0.186075812164533,0.126285723618636,-0.98705955618518,0.75,"TB"
"2207442",47.5183835421535,0.338037439007487,1039.23167415952,5.66564013493674,35.2109983196269,0.253097859955141,0.604841709,"TB",19,121662.366484468,41126.44,"TB19a",2.446822996,2.402289874,3.791123562,-2.721822262,3.791123562,3.198919131,335.8514961,5123.95625,"H31","TB19H31",0.75,"19",0.578767939377706,0.50500326121434,-0.218358268161654,0.75,"TB"
"2210322",36.4477556619309,0.266240858833691,572.983690991511,3.56110236639088,27.8910309156396,0.203889949760117,0.320256233,"TB",19,124750.503643571,33213.68,"TB19a",2.409424722,2.386272749,1.935673576,-2.408496618,1.935673576,1.80711968,338.2827504,5124.457219,"H33","TB19H33",0.75,"19",0.286832121518579,0.256986915506388,-0.49450240902695,0.75,"TB"
"2213202",81.4740883025573,0.606395881870715,1158.9684665047,7.34553718127417,62.9544308531623,0.469009457206139,0.277539372,"TB",19,126131.860071416,76485.84,"TB19a",2.43622766,2.318131788,1.891599583,-2.270845413,1.891599583,1.401924006,340.6558018,5119.550998,"H34","TB19H34",0.75,"19",0.276829209603899,0.146724472497003,-0.556675398741518,0.75,"TB"
"2216082",48.5737161247563,0.385830903052153,740.697292696972,5.34864116054452,37.2845915592984,0.294418064081944,0.343681097,"TB",19,124255.610529776,47941.66,"TB19a",2.451911944,2.437670658,2.346124613,-2.458183527,2.346124613,2.236320768,335.4446221,5125.321682,"H35","TB19H35",0.75,"19",0.370351075682752,0.349534096969773,-0.463844354084346,0.75,"TB"
"2218962",43.2169564617611,0.314770442407744,794.12206800433,4.75410181690249,32.5594178256704,0.238143416329938,0.514431477,"TB",19,123077.751658193,38741.24,"TB19a",2.316474491,2.280448797,2.066715915,-2.577240229,2.066715915,1.850483684,337.4360339,5118.94361,"H36","TB19H36",0.75,"19",0.31528078382274,0.267285260206594,-0.288672465688092,0.75,"TB"
"2221842",39.9533195701061,0.29575020825591,824.403802067801,4.91491691055148,29.7721794129407,0.221624636117907,0.572882414,"TB",19,121777.372676728,36015.68,"TB19a",2.360975168,2.340735083,2.621874645,-2.710011721,2.621874645,2.442140641,333.9156272,5126.209489,"H37","TB19H37",0.75,"19",0.418611923705628,0.387770671014036,-0.241934509256729,0.75,"TB"
"2224722",72.1308507012051,0.545618744779261,944.898292834799,5.97806072615269,56.2576500216187,0.426259691853252,0.111187935,"TB",19,127546.583866275,69591.81,"TB19a",2.604715729,2.499611426,1.637193916,-2.131422997,1.637193916,1.30423696,333.9079391,5118.445252,"H38","TB19H38",0.75,"19",0.214100122088223,0.115356503260347,-0.953942335480554,0.75,"TB"
"2227602",51.7706797863833,0.38651891537712,976.760603143319,5.69284902473041,38.9367172920148,0.293161509554136,0.018004179,"TB",19,123421.949152101,47704.92,"TB19a",2.761501651,2.378045988,1.078116417,-2.542331696,1.078116417,1.003337937,333.7260461,5123.662947,"H39","TB19H39",0.75,"19",0.0326656593023528,0.0014472335742902,-1.7446266778972,0.75,"TB"
"2230482",77.1276296693863,0.547321006060856,1095.22464314128,6.12902120466829,59.6456545876677,0.426657421528889,0.09039402,"TB",19,127237.674726222,69639.85,"TB19a",2.522322285,2.409281628,1.248873139,-2.161733866,1.248873139,1.103890607,332.7201681,5122.279363,"H40","TB19H40",0.75,"19",0.0965183248189226,0.0429260379491712,-1.04386029924703,0.75,"TB"
"2233362",60.6607297002557,0.440197656639138,899.289219913233,5.28921855419591,46.7482040481358,0.340741817979229,0.242084503,"TB",19,126245.61544533,55573.02,"TB19a",2.354483227,2.341796453,1.412022645,-2.259577036,1.412022645,1.376328265,338.4292882,5121.238342,"H41","TB19H41",0.75,"19",0.149841661673067,0.138722028867136,-0.616033010958927,0.75,"TB"
"2236242",72.2051239903589,0.531622662326691,973.375569603453,5.72370637436873,56.1922832849959,0.416052550363608,0.100106239,"TB",19,127794.735165467,67938.58,"TB19a",2.598487645,2.444661234,1.514387456,-2.107126951,1.514387456,1.166099314,339.0332925,5120.044235,"H42","TB19H42",0.75,"19",0.180237003615181,0.0667355398616036,-0.999538854800045,0.75,"TB"
"2239122",75.3919780498542,0.537474229765891,970.775265011824,5.65691027518366,58.8469029616384,0.421587349025491,0.05697751,"TB",19,128117.263240683,68859.73,"TB19a",2.706524751,2.462330658,1.424480242,-2.075619221,1.424480242,1.065367493,336.2431424,5117.957197,"H46","TB19H46",0.75,"19",0.153656429812855,0.0274994412510423,-1.24429653398192,0.75,"TB"
"2242002",56.0003428461409,0.415926933393165,1188.34593645829,7.31004724020622,41.6202229408663,0.309940849230688,0.406335831,"TB",19,121022.26162502,50336.42,"TB19a",2.368055711,2.262266859,2.033345492,-2.787762403,2.033345492,1.51665075,332.6797522,5123.79535,"H47","TB19H47",0.75,"19",0.30821117722195,0.180885584207708,-0.391114879570065,0.75,"TB"
"2244882",61.306522192536,0.464304741542547,1043.63929061208,6.63474413136753,46.5795411220588,0.35322635622116,0.426472664,"TB",19,123837.496100029,57498.34,"TB19a",2.319610981,2.316437663,1.818708963,-2.500316381,1.818708963,1.802106415,340.8377834,5120.781436,"H48","TB19H48",0.75,"19",0.259763207103195,0.255780432637909,-0.3701088009664,0.75,"TB"
"2247762",15.3324408197467,0.113516508741045,357.119621582749,2.14246432620248,11.2767321577075,0.0839896278391726,0.736707926,"TB",19,120067.706901488,13629.67,"TB19a",2.348859525,2.257002393,3.127783469,-2.886746168,3.127783469,2.256311576,334.8152934,5122.782933,"H50","TB19H50",0.75,"19",0.495236679978144,0.353399071549838,-0.132704657687471,0.75,"TB"
"2250642",63.1402091889807,0.465948733506869,1026.20295732895,6.41446225378817,48.1479648079933,0.355801694718924,0.22594142,"TB",19,124351.791030559,57941.56,"TB19a",2.199498753,2.186973947,1.112882135,-2.4485116,1.112882135,1.102229504,339.8445912,5122.959382,"H51","TB19H51",0.75,"19",0.0464491707770509,0.0422720318508569,-0.646004146111513,0.75,"TB"
"2253522",67.0347867319375,0.477504475166914,1286.20220626756,7.26543172476146,50.3088462778074,0.360994958442088,0.284227371,"TB",19,122976.732332139,58721.94,"TB19a",2.257703293,2.209299189,1.269837088,-2.587504148,1.269837088,1.187219433,335.8236329,5119.379738,"H52","TB19H52",0.75,"19",0.103748007317419,0.0745309967418878,-0.546334101982493,0.75,"TB"
"2256402",44.9624749447689,0.374110262203215,516.863739284125,4.19570318357747,35.4620104057086,0.291589040251277,0.150289774,"TB",19,127216.317669863,47592.93,"TB19a",2.401434345,2.349896292,1.251407162,-2.163832188,1.251407162,1.169908922,338.4191694,5120.540054,"H54","TB19H54",0.75,"19",0.0973986361842376,0.0681520530175647,-0.823070568624394,0.75,"TB"
"2259282",34.4448945021516,0.263659634151143,534.991354901619,3.44163579549652,26.4181276945418,0.202406104797516,0.2385602,"TB",19,125088.909442595,32980.9,"TB19a",2.526625542,2.367792232,2.245042309,-2.374634266,2.245042309,1.441546449,334.421062,5124.600045,"H57","TB19H57",0.75,"19",0.351224529923794,0.158828640632926,-0.622402009794585,0.75,"TB"
"2262162",1888.89831554316,0.420633070352576,37179.4216099626,4.89811453487425,1408.54603565857,0.326620132346083,0.129279375,"TB",19,126686.2393281,53288.42,"TB19a",2.534637307,2.435700263,1.50607443,-2.216025352,1.50607443,1.247775937,335.3055639,5121.137147,"H65","TB19H65",0.75,"19",0.177846435171148,0.0961366061309495,-0.888470756157262,0.75,"TB"
"2265042",69.8602946251656,0.520515502036689,1025.31790456222,6.62355208129804,53.7607776367736,0.400608378474033,0.200116634,"TB",19,125443.492584775,65295.28,"TB19a",2.497024396,2.42823527,1.795136739,-2.33925128,1.795136739,1.501386844,335.0098562,5120.005353,"H67","TB19H67",0.75,"19",0.254097535215936,0.176492606013358,-0.698716810643317,0.75,"TB"
"2267922",74.8671693333652,0.5383671222571,1061.00929305846,6.07123224052894,57.9355347546935,0.419382966034366,0.157954931,"TB",19,127138.449768321,68447.16,"TB19a",2.472965372,2.324200233,1.4606626,-2.171485662,1.4606626,1.152771998,335.3636587,5118.751545,"H68","TB19H68",0.75,"19",0.16454990937676,0.0617434184809988,-0.801466811843901,0.75,"TB"
"2270802",67.9081679278474,0.517332353443081,943.081349582189,6.2025862022507,52.6417373145502,0.400535866141331,0.2591573,"TB",19,126276.000128779,65326.66,"TB19a",2.413084299,2.403152949,1.689471855,-2.256568909,1.689471855,1.645385218,337.9440625,5122.162478,"H70","TB19H70",0.75,"19",0.227750961236688,0.216267591323239,-0.586436553349374,0.75,"TB"
"2273682",64.4184407195643,0.467563519960507,883.257480485609,5.36176334378192,49.9822089549873,0.363618529229886,0.089715958,"TB",19,126902.236973089,59334.86,"TB19a",2.536381463,2.440486465,1.272678997,-2.194731236,1.272678997,1.130979481,340.0164721,5124.797253,"J12","TB19J12",0.75,"19",0.104718877014611,0.0534547257306622,-1.04713030104804,0.75,"TB"
"2276562",77.9233681505568,0.504893282838171,1375.93982195398,9.28027593846045,58.6215407471935,0.376844473524768,0.241669368,"TM",17,106223.724325503,53631.64504,"TM17a",2.450116909,2.378834201,1.787230763,-2.404461559,1.787230763,1.487536113,-87.47297348,-27.54013091,"TM01","TM17H01",0.75,"17",0.252180631200229,0.172467517920753,-0.616778393662033,0.75,"TM"
"2279442",110.79694560773,0.684055951685983,1687.91828551843,11.3409935450099,84.6276332285609,0.515862983608238,0.240203304,"TM",17,107448.288986952,73500.64171,"TM17a",2.437367543,2.364858101,1.717425461,-2.261183779,1.717425461,1.437569646,-85.06822081,-29.87201228,"TM02","TM17H02",0.75,"17",0.234877897068489,0.15762889415526,-0.619421023165005,0.75,"TM"
"2282322",20.7454626839754,0.163117955479829,382.699457548269,2.93856022126189,15.5151112973942,0.121993635637248,0.301892541,"TM",17,106461.199313814,17365.73318,"TM17a",2.359689915,2.346621869,1.616761832,-2.376547605,1.616761832,1.564509112,-87.30294046,-33.61273865,"TM03","TM17H03",0.75,"17",0.208646047942029,0.194378096903622,-0.520147617160933,0.75,"TM"
"2285202",85.572850692843,0.629583520053984,1405.3583836912,9.98580712557873,64.7431266616142,0.476890923515251,0.024150326,"TM",17,107978.212190451,67981.30287,"TM17a",2.77607602,2.325094147,1.153139506,-2.199686671,1.153139506,1.00386529,-88.10452468,-30.7545646,"TM04","TM17H04",0.75,"17",0.0618818511116786,0.0016754381727126,-1.61707700242611,0.75,"TM"
"2288082",92.486602755914,0.63628121399694,1494.98455533344,10.2980360492129,70.1512461911011,0.480991340739343,0.169849346,"TM",17,107736.057441309,68550.42947,"TM17a",2.518916173,2.418279187,1.709041401,-2.227750977,1.709041401,1.353391455,-86.69567969,-28.04213315,"TM05","TM17H05",0.75,"17",0.232752583497835,0.131423430121395,-0.76993612102909,0.75,"TM"
"2290962",85.938547657816,0.669063515855727,1570.98158794938,11.8157380643198,64.3460060076615,0.501379629707076,0.247582015,"TM",17,106696.771559419,71386.91718,"TM17a",2.444160544,2.36010561,1.786493854,-2.34891876,1.786493854,1.445414426,-85.35160918,-34.55196864,"TM06","TM17H06",0.75,"17",0.252001526455908,0.15999238489211,-0.606280906784182,0.75,"TM"
"2293842",107.245741806181,0.63963882673359,1502.81968760091,9.83772663340741,82.5940946121014,0.486001391007258,0.05626862,"TM",17,108348.193782903,69303.71173,"TM17a",2.693999594,2.385756248,1.379996823,-2.156929298,1.379996823,1.03423492,-87.4891671,-25.89647841,"TM07","TM17H07",0.75,"17",0.139878086578659,0.0146191972411945,-1.24973373588092,0.75,"TM"
"2296722",99.4915859270239,0.626129842073233,1658.07839865268,11.1581825313561,75.2937416088496,0.468781198420002,0.15387489,"TM",17,106589.394508039,66738.80069,"TM17a",2.423134565,2.380527961,1.307944204,-2.361504792,1.307944204,1.224189451,-85.56212625,-32.17960322,"TM08","TM17H08",0.75,"17",0.116589217679561,0.0878486328071576,-0.812832244523081,0.75,"TM"
"2299602",110.812438632577,0.701849638695708,1936.57557597384,13.0212670597727,83.4539215733398,0.523361596581136,0.275417099,"TM",17,106113.774067624,74475.91398,"TM17a",2.425326205,2.374681684,1.821753484,-2.417406784,1.821753484,1.587969976,-89.43240158,-29.12710573,"TM09","TM17H09",0.75,"17",0.260489608761139,0.200842286894105,-0.560009100495859,0.75,"TM"
"2302482",103.072975082965,0.65018009794684,1779.92716612822,11.7513549217172,77.7044227368585,0.486101467230424,0.080562331,"TM",17,106422.489966245,69193.7851,"TM17a",2.611913666,2.434011005,1.391625349,-2.381093438,1.391625349,1.10148218,-89.40001434,-31.75047227,"TM10","TM17H10",0.75,"17",0.143522330991443,0.0419774754402411,-1.09386797634481,0.75,"TM"
"2305362",89.8392345238769,0.57597420750711,1582.4320323903,10.7870690445619,67.6075434621497,0.429093248386271,0.262727048,"TM",17,106002.760912252,61054.85625,"TM17a",2.421556845,2.361245378,1.744964234,-2.430490767,1.744964234,1.496075394,-85.96696676,-29.45097814,"TM11","TM17H11",0.75,"17",0.241786529784811,0.174953480141488,-0.580495213881407,0.75,"TM"
"2308242",61.5137504570809,0.421768844029088,1145.19364798714,7.96723394920458,46.0249382052629,0.313942328730791,0.259384907,"TM",17,105901.579555553,44665.98708,"TM17a",2.453158573,2.404845872,1.895373393,-2.442427918,1.895373393,1.653646363,-89.89391977,-27.58871177,"TM12","TM17H12",0.75,"17",0.277694779763318,0.218442640029971,-0.5860552980951,0.75,"TM"
"2311122",99.87944701096,0.645614506976818,1380.42103408467,9.43923253836011,77.0297802905805,0.493032589896029,0.016750933,"TM",17,108959.658758916,70345.9366099999,"TM17a",2.903285377,2.411837977,1.207063065,-2.086583636,1.207063065,1.003826242,-89.18949726,-30.85982314,"TM13","TM17H13",0.75,"17",0.081729961121378,0.00165854480970215,-1.77596099845,0.75,"TM"
"2314002",104.727999935955,0.676243628324561,1549.99386527688,10.6816483405244,80.2070113972801,0.512446303463722,0.11295762,"TM",17,108027.803856717,73053.11413,"TM17a",2.591973505,2.370949019,1.599972306,-2.193947053,1.599972306,1.117197553,-86.65519564,-29.02184719,"TM14","TM17H14",0.75,"17",0.204112465496255,0.0481299757939504,-0.94708446671504,0.75,"TM"
"2316882",112.239180135605,0.691345640810547,2036.78430689169,13.5428644134467,84.231086067519,0.512734317822897,0.356493014,"TM",17,105474.835575021,72919.5678099999,"TM17a",2.386497402,2.362176881,1.952603428,-2.492900028,1.952603428,1.81591256,-87.63490968,-29.45097814,"TM15","TM17H15",0.75,"17",0.290614047425144,0.259094932497972,-0.447948976361844,0.75,"TM"
"2319762",87.0961169664675,0.464309622595706,1277.03000674972,8.0228668088008,66.7587399391485,0.348701794247178,0.210028116,"TM",17,106955.637258549,49660.53161,"TM17a",2.467439141,2.378807694,1.707068564,-2.318628224,1.707068564,1.384117763,-88.42030029,-32.46299158,"TM16","TM17H16",0.75,"17",0.232250964798891,0.141173042176599,-0.677722563331261,0.75,"TM"
"2322642",17.9259277414439,0.0818782789014056,292.650527667134,1.51466586372103,13.5951262440448,0.0610734676740226,0.270259691,"TM",17,106148.014670235,8691.21674999996,"TM17a",2.397645616,2.377607743,1.665404825,-2.413373957,1.665404825,1.581547284,-86.00745081,-28.04213315,"TM17","TM17H17",0.75,"17",0.221519818559243,0.19908218068001,-0.56821872411891,0.75,"TM"
"2325522",107.600495454297,0.728799253627984,1781.58927959766,12.6918087945742,81.4527078505179,0.546908970225796,0.159963663,"TM",17,106862.812842224,77881.5382799999,"TM17a",2.466710682,2.359272853,1.45038403,-2.329481406,1.45038403,1.204805986,-84.37189513,-34.17951537,"TM18","TM17H18",0.75,"17",0.161483009150704,0.0809171166258074,-0.795978659536809,0.75,"TM"
"2328402",109.792169766491,0.731870666965799,1934.53657747971,13.3650747014638,82.5976121102057,0.546612203985931,0.323653158,"TM",17,106300.50543293,77798.2216799999,"TM17a",2.408639257,2.322408326,1.946058338,-2.395429517,1.946058338,1.536354723,-85.93457952,-30.60072521,"TM19","TM17H19",0.75,"17",0.28915585519838,0.186491499846301,-0.489920151058278,0.75,"TM"
"2331282",101.759496974353,0.645486401206157,1457.33582184178,9.69642077112336,78.1697339272553,0.491601669518165,0.047703566,"TM",17,108632.296852377,70120.6706199999,"TM17a",2.701934216,2.462787198,1.301678005,-2.124195568,1.301678005,1.046420334,-82.64727453,-27.41058194,"TM20","TM17H20",0.75,"17",0.114503566454595,0.0197061702559883,-1.32144915479142,0.75,"TM"
"2334162",119.724236302763,0.732388698777838,2273.68189513012,14.9730079153603,89.4264969501816,0.540858400880096,0.278771761,"TM",17,104975.39332365,76882.79173,"TM17a",2.371518994,2.285198404,1.586967876,-2.552230351,1.586967876,1.319318406,-88.45268753,-25.96125289,"TM21","TM17H21",0.75,"17",0.200568135691749,0.120349621384795,-0.554751221474367,0.75,"TM"
"2337042",69.1728679490956,0.427584252254454,1173.29946091847,7.47730285447105,52.2154521041624,0.320736261334384,0.144463013,"TM",17,106813.402479614,45671.72885,"TM17a",2.519822649,2.394692685,1.549213415,-2.335262393,1.549213415,1.222481875,-85.61070711,-24.15161579,"TM22","TM17H22",0.75,"17",0.190111248987457,0.0872424288215573,-0.840243331496853,0.75,"TM"
"2339922",105.516628719325,0.658769171054867,1823.287174405,12.4472369971424,79.573073073173,0.490340748112994,0.235945059,"TM",17,105898.690900017,69762.79293,"TM17a",2.305203342,2.298515028,1.275372786,-2.442768881,1.275372786,1.262010321,-84.17757168,-32.73018632,"TM23","TM17H23",0.75,"17",0.105637145741933,0.101062906679129,-0.627189112923716,0.75,"TM"
"2342802",86.9606364332711,0.581213528059799,1509.57194881996,10.5679713755687,65.5347935430451,0.434278981176597,0.291994143,"TM",17,106351.677508856,61813.03361,"TM17a",2.472589565,2.415677443,2.20488767,-2.389413581,2.20488767,1.845350077,-80.44089372,-28.83157215,"TM24","TM17H24",0.75,"17",0.343386468841585,0.266078767290302,-0.534625859812854,0.75,"TM"
"2345682",92.3080266319556,0.549678370257713,1537.24600582717,10.0585713378676,69.8749163316507,0.410454073541727,0.218272935,"TM",17,106276.28715427,58417.77634,"TM17a",2.485330736,2.439050076,1.843647177,-2.398277697,1.843647177,1.622499204,-86.25035512,-25.4187666,"TM26","TM17H26",0.75,"17",0.265677812735531,0.21018449240708,-0.66100011178907,0.75,"TM"
"2351442",126.373400745597,0.796130629711274,1805.48299793783,12.1817829259538,97.1238038246314,0.6052159543751,0.107506978,"TM",17,108410.121805389,86308.61869,"TM17a",2.630212564,2.409461187,1.715260064,-2.149786778,1.715260064,1.144390339,-84.36987092,-28.37612657,"TM28","TM17H28",0.75,"17",0.234329976155769,0.0585741828131448,-0.968563345901479,0.75,"TM"
"2354322",55.2324291982826,0.415524198692441,884.773905175362,6.68140629453635,41.9431200513085,0.314316986515865,0.152179845,"TM",17,107814.193688294,44799.40649,"TM17a",2.435564052,2.267221848,1.330736888,-2.21868856,1.330736888,1.090893201,-82.3881766,-28.98136314,"TM29","TM17H29",0.75,"17",0.124092195680937,0.0377822350184794,-0.81764286257795,0.75,"TM"
"2357202",115.991533178175,0.741259081268785,1842.00586925343,12.4522236974598,88.1838442268539,0.558265803274626,0.213373139,"TM",17,107291.233038077,79530.6009,"TM17a",2.431651498,2.405364404,1.570644387,-2.279468254,1.570644387,1.476084134,-81.72423815,-28.6332003,"TM30","TM17H30",0.75,"17",0.196077866614825,0.169111112155448,-0.670860253694693,0.75,"TM"
"2360082",98.7230569904859,0.637509903236977,1732.36169696647,11.7736092743755,74.3178948102813,0.475601652343281,0.243164655,"TM",17,106167.717672051,67682.9715,"TM17a",2.427847889,2.335437014,1.686955341,-2.411053945,1.686955341,1.362274125,-81.44084979,-26.34989979,"TM31","TM17H31",0.75,"17",0.22710358560395,0.134264507720651,-0.614099551331919,0.75,"TM"
"2362962",92.8140077531439,0.591967631731312,1645.89035567259,11.1817390012246,69.8047345767505,0.440631467668916,0.27329454,"TM",17,105902.167077362,62690.66,"TM17a",2.367808597,2.344266136,1.554037503,-2.442358569,1.554037503,1.470844202,-80.08868247,-31.44279348,"TM32","TM17H32",0.75,"17",0.191461495256031,0.167566672866825,-0.563369044749191,0.75,"TM"
"2365842",71.1669184977249,0.493051481063313,1306.9231870457,9.10882758506128,53.3117938803831,0.367818809017609,0.423781002,"TM",17,106163.710485393,52344.17491,"TM17a",2.350933527,2.318796883,1.989182167,-2.411525753,1.989182167,1.806456894,-84.69576754,-27.31342022,"TM33","TM17H33",0.75,"17",0.298674557131567,0.256827602814479,-0.3728585165056,0.75,"TM"
"2368722",113.344718962622,0.717415701953448,1637.95820611568,10.8134377967338,86.9824302926063,0.546198212418082,0.057359727,"TM",17,108591.489352508,77905.23974,"TM17a",2.682404278,2.447507781,1.361395526,-2.128892048,1.361395526,1.058751227,-84.16542646,-30.68574172,"TM34","TM17H34",0.75,"17",0.133984319034332,0.0247939266483458,-1.24139292433251,0.75,"TM"
"2371602",92.0181354057231,0.58924706827444,1512.3513750772,10.4488104169335,69.7273088483794,0.441386632252877,0.056917016,"TM",17,106648.304426916,62842.20082,"TM17a",2.642044821,2.432773575,1.265171929,-2.354598188,1.265171929,1.051359856,-83.0925991,-28.43078004,"TM35","TM17H35",0.75,"17",0.102149547442511,0.021751390363095,-1.24475787683625,0.75,"TM"
"2374482",69.7594490913722,0.44517793868685,1205.74473788476,7.82856035298407,52.5816833249074,0.333747095431798,0.254997113,"TM",17,106747.153981114,47521.47799,"TM17a",2.484209947,2.413171141,2.060056801,-2.343017629,2.060056801,1.672290803,-81.12507419,-28.05832677,"TM36","TM17H36",0.75,"17",0.313879195136522,0.223311801306721,-0.59346473648866,0.75,"TM"
"2377362",64.0687229930498,0.43260236460318,1150.35358366722,7.90054417050694,48.1191913393716,0.323095392519119,0.057832017,"TM",17,106299.660525854,45985.48441,"TM17a",2.55038078,2.377913319,1.135476171,-2.395528871,1.135476171,1.033885707,-82.91446927,-24.2366323,"TM37","TM17H37",0.75,"17",0.0551780245867553,0.0144725314438805,-1.23783166059811,0.75,"TM"
"2380242",87.6361663911109,0.529845786562839,1189.70896081871,7.42833287722875,67.6614456478079,0.406325412963819,0.112001757,"TM",17,109468.797942628,58001.58147,"TM17a",2.601650367,2.417511189,1.631615056,-2.028310539,1.631615056,1.165904633,-83.35169703,-31.79905313,"TM39","TM17H39",0.75,"17",0.212617704188297,0.0666630280767615,-0.950775164388572,0.75,"TM"
"2383122",126.741641841452,0.792307640519823,2018.37098015309,13.519106991995,96.3445822234889,0.595781639785928,0.178539072,"TM",17,107105.360165812,84860.39503,"TM17a",2.426855852,2.364965072,1.409572677,-2.301142213,1.409572677,1.260869732,-82.09669143,-32.98118744,"TM40","TM17H40",0.75,"17",0.149087472833626,0.100670219328036,-0.748266726906879,0.75,"TM"
"2386002",30.2572883968479,0.218248105013997,528.408224414038,3.79715743563862,22.7682486900368,0.163794138756117,0.169968421,"TM",17,106873.953927362,23325.03791,"TM17a",2.520759322,2.242670447,1.718497334,-2.328178276,1.718497334,1.092375609,-79.78505208,-30.21207831,"TM41","TM17H41",0.75,"17",0.235148862728707,0.0383719944748651,-0.769631760147634,0.75,"TM"
"2388882",104.201893538011,0.625598991693866,1726.62842982193,11.19728814419,78.9117725004864,0.468180203628738,0.195484059,"TM",17,106537.927594063,66650.0203,"TM17a",2.426359294,2.343085489,1.475885849,-2.367541901,1.475885849,1.260718562,-85.81717577,-23.56054863,"TM42","TM17H42",0.75,"17",0.169052768688563,0.100618147150303,-0.708888651928495,0.75,"TM"
"2391762",32.0889449338205,0.138248612007578,498.468076823342,2.72209123117479,24.4423548562157,0.102479094087527,0.270093481,"TM",17,105414.768064371,14573.4453,"TM17a",2.341977051,2.341486505,1.454255425,-2.500020759,1.454255425,1.452693777,-82.76872668,-33.68560994,"TM43","TM17H43",0.75,"17",0.162640692579169,0.162174076118275,-0.568485897855844,0.75,"TM"
"2394642",75.7110443995844,0.520021305550516,1357.71696650634,9.36970324303385,56.8502110195937,0.388910219088908,0.242344801,"TM",17,106459.241706246,55361.07388,"TM17a",2.439589235,2.429947677,1.738240474,-2.376777457,1.738240474,1.692836391,-82.38007979,-25.4187666,"TM44","TM17H44",0.75,"17",0.240109858019931,0.228614986508574,-0.615566292719561,0.75,"TM"
"2397522",103.072430356392,0.689467921426671,1858.64779226635,12.6640536950381,77.3516292480772,0.514643965073167,0.198519726,"TM",17,106231.948773544,73243.52094,"TM17a",2.433248543,2.332147255,1.512210495,-2.403493775,1.512210495,1.246994993,-84.47715366,-26.39848065,"TM46","TM17H46",0.75,"17",0.179612247814794,0.0958647096799568,-0.70219633289427,0.75,"TM"
"2400402",76.8746970880352,0.53466508598449,1492.86387661887,10.7520827792961,57.2723981082019,0.39549357759899,0.46729464,"TM",17,105167.776845693,56229.53862,"TM17a",2.369060404,2.36070356,2.276028612,-2.529343148,2.276028612,2.21350423,-86.76045417,-26.38228703,"TM47","TM17H47",0.75,"17",0.357177717281738,0.345080356251123,-0.33040920042609,0.75,"TM"
"2403282",110.085917440887,0.672947577225155,1658.42055455469,10.848019511205,84.1483842026466,0.508912360349224,0.255949194,"TM",17,107783.920582765,72532.92817,"TM17a",2.471702445,2.23465408,1.986251452,-2.222198923,1.986251452,1.187444604,-83.86989289,-33.42651201,"TM48","TM17H48",0.75,"17",0.298034227695792,0.0746133583067694,-0.591846233732034,0.75,"TM"
"2406162",120.696259295497,0.746434664128817,2158.22970802736,14.2020420204607,90.685881375819,0.555206558698091,0.309357566,"TM",17,105816.919277437,78985.41663,"TM17a",2.357528403,2.341348983,1.63233719,-2.452424716,1.63233719,1.566824037,-82.64727453,-23.44314488,"TM49","TM17H49",0.75,"17",0.212809875392331,0.195020225536274,-0.509539257914974,0.75,"TM"
"2409042",91.9470130625166,0.58605122425593,1638.48670285809,10.7024650164075,69.0826254645746,0.437702917218301,0.224059056,"TM",17,106300.201111421,62297.36287,"TM17a",2.381732229,2.340792148,1.438016145,-2.395465301,1.438016145,1.32653306,-84.05611953,-25.60499324,"TM50","TM17H50",0.75,"17",0.157763762016995,0.122718077987143,-0.649637498118509,0.75,"TM"
"2411922",70.5571844003647,0.40558102591085,1122.64903826427,7.30498968256695,53.6570070268231,0.303334717402185,0.327550848,"TM",17,106463.673819621,43179.65,"TM17a",2.3805114,2.310702864,1.80531738,-2.376257066,1.80531738,1.504686938,-78.92274178,-27.44296918,"TM51","TM17H51",0.75,"17",0.256553563175715,0.177446150931854,-0.484721271880816,0.75,"TM"
"2414802",109.362613499721,0.676003086353628,1917.13310896893,12.7859188962611,82.3595263780047,0.503117055053757,0.262640026,"TM",17,105886.673618758,71579.71826,"TM17a",2.352515609,2.339088788,1.46654499,-2.444187451,1.46654499,1.424483512,-82.60679048,-29.94893198,"TM53","TM17H53",0.75,"17",0.166295390609469,0.15365742676689,-0.580639087285814,0.75,"TM"
"2417682",66.7742370560582,0.463774598734017,982.244400062599,5.92713023730599,51.4896440457369,0.356265940223679,0.151194428,"TM",18,86314.523648498,40030.48,"TM18a",2.564487511,2.343621346,1.79543077,-2.258599672,1.79543077,1.163685043,-86.4804012,-32.74185883,"H03","TM18H03",0.75,"18",0.254168663827652,0.0658354523103428,-0.820464213685625,0.75,"TM"
"2420562",90.417648499009,0.632900719540059,1228.20270891552,8.14050245000409,70.2074473606563,0.485875639153547,0.172791769,"TM",18,86253.1965829829,54589.71,"TM18a",2.524300351,2.410744648,1.75470888,-2.267484165,1.75470888,1.344784795,-84.02191254,-29.35468007,"H05","TM18H05",0.75,"18",0.244205073908961,0.128652790047024,-0.762476949143119,0.75,"TM"
"2423442",101.087957174179,0.677846724599908,1821.97949153571,9.8843878050091,76.4032567449145,0.513890716447035,0.336197137,"TM",18,85058.8190922238,57656.84,"TM18a",2.34269289,2.311261521,1.654588488,-2.441785547,1.654588488,1.529019794,-87.30371416,-27.4876554,"H11","TM18H11",0.75,"18",0.218689998345358,0.184413107629019,-0.473405989261794,0.75,"TM"
"2426322",74.9235937085582,0.519425993977287,1295.44027099105,8.24063693128104,56.7665781818516,0.390482043249412,0.49572892,"TM",18,84265.6529659814,43769.77,"TM18a",2.306794195,2.301860803,1.950068552,-2.55889383,1.950068552,1.92095917,-86.45006001,-29.74056873,"H14","TM18H14",0.75,"18",0.290049878660992,0.283518134027678,-0.304755744338644,0.75,"TM"
"2429202",105.672816767195,0.723060722353431,1683.70982875006,8.73899655302526,80.8656000193041,0.558556601035998,0.075968164,"TM",18,86851.7156700207,62799.06,"TM18a",2.618104609,2.419975378,1.369983054,-2.181045042,1.369983054,1.08108188,-85.15253115,-25.983105,"H15","TM18H15",0.75,"18",0.136715195185745,0.0338585882044709,-1.119368369506,0.75,"TM"
"2432082",116.653706842732,0.783872623241564,1974.38711499548,10.7611575862827,88.7284845061973,0.597867912148576,0.1080173,"TM",18,85630.9951512551,67123.79,"TM18a",2.524115784,2.318783709,1.345809024,-2.357981747,1.345809024,1.070993229,-80.2886458,-25.68880613,"H16","TM18H16",0.75,"18",0.128983436033981,0.0297867251575022,-0.966506682542292,0.75,"TM"
"2434962",98.7734046974179,0.682809295966253,1844.99746931308,9.94708533026936,74.4026808348778,0.517703237592541,0.370352521,"TM",18,85067.9998839248,58085.22,"TM18a",2.371119599,2.349511197,1.916020337,-2.440436437,1.916020337,1.797696574,-81.18401821,-27.96900993,"H17","TM18H17",0.75,"18",0.282400114450252,0.254716390757704,-0.431384694747603,0.75,"TM"
"2437842",95.4369295554902,0.663203367345419,1612.22674577096,9.20728294211447,72.563346880763,0.505265149177989,0.250126181,"TM",18,85524.3414354654,56720.03,"TM18a",2.429657958,2.377028618,1.727033614,-2.373560246,1.727033614,1.509887734,-85.38774645,-29.30011592,"H18","TM18H18",0.75,"18",0.237300790510508,0.178944657017091,-0.601840847778732,0.75,"TM"
"2440722",102.275582171676,0.718510007232877,1619.60250369831,9.90398700388857,78.2441124883022,0.547792642559919,0.210954054,"TM",18,85592.3635870356,61498.97,"TM18a",2.401348057,2.31045567,1.454093926,-2.363622269,1.454093926,1.234196055,-81.22004769,-31.96618263,"H19","TM18H19",0.75,"18",0.16259246032359,0.0913841538961692,-0.675812124167324,0.75,"TM"
"2443602",81.3797217986981,0.542732653858538,1139.88155498763,6.85269000605694,62.986118208366,0.417426038459761,0.17432566,"TM",18,86430.8107251396,46908.82,"TM18a",2.469107084,2.404761677,1.528747463,-2.241770405,1.528747463,1.335258653,-87.08745223,-28.8596729,"H20","TM18H20",0.75,"18",0.184335749320865,0.125565401048945,-0.758638681873422,0.75,"TM"
"2446482",107.790067601406,0.754334398985913,1705.25773040172,9.9237712659727,82.4950122532833,0.577794930649064,0.140669093,"TM",18,86037.2697271254,64900.87,"TM18a",2.510819007,2.333089012,1.493889473,-2.298815987,1.493889473,1.131748675,-83.81325652,-25.57773131,"H27","TM18H27",0.75,"18",0.174318466929266,0.0537499947153126,-0.851801312757348,0.75,"TM"
"2449362",82.2537072287025,0.583208788420452,1163.06052417343,6.17281896805289,63.6863039242296,0.456540394139696,0.007781467,"TM",18,88141.7029555128,51405.01,"TM18a",2.914579405,2.33462813,1.052773918,-1.996750875,1.052773918,1.000435154,-83.2100101,-26.48201401,"H29","TM18H29",0.75,"18",0.0223351169528306,0.00018894387411772,-2.10893851998388,0.75,"TM"
"2452242",61.7387028197084,0.396375731417801,1187.69797945575,5.47390243374624,46.3190457571917,0.30214064677569,0.204917767,"TM",18,85574.567566668,33919.68,"TM18a",2.39723125,2.319728421,1.419904673,-2.366221489,1.419904673,1.238269509,-85.97203714,-24.38891619,"H31","TM18H31",0.75,"18",0.152259188481814,0.0928151790403637,-0.688420385300391,0.75,"TM"
"2455122",115.092897595973,0.793460432076213,1655.1219147625,9.89784316995612,88.8854192812423,0.61100511054481,0.218378393,"TM",18,86547.1982897869,68671.78,"TM18a",2.436420583,2.365365863,1.612057599,-2.224949252,1.612057599,1.373069216,-81.95987571,-31.52183828,"H33","TM18H33",0.75,"18",0.207380555137164,0.137692430440823,-0.660790334214029,0.75,"TM"
"2458002",54.8541946892922,0.357621904632514,1189.98530973091,5.20020788705669,40.6206437539656,0.271197417843483,0.31487599,"TM",18,85085.4090754526,30428.41,"TM18a",2.374462181,2.324860639,1.727792296,-2.43787857,1.727792296,1.521228269,-87.85003919,-29.841916,"H34","TM18H34",0.75,"18",0.237491533210719,0.182194387313194,-0.50186045402861,0.75,"TM"
"2460882",130.832407288533,0.87720921756902,2128.40320318113,11.4369608749351,99.9274784044793,0.672517421760084,0.1234393,"TM",18,86123.2780582995,75548.13,"TM18a",2.524942855,2.454489542,1.437597578,-2.286326433,1.437597578,1.262400526,-84.36432488,-27.79556958,"H35","TM18H35",0.75,"18",0.157637332421646,0.101197166821341,-0.908546549736542,0.75,"TM"
"2463762",79.9296354651939,0.533767096334401,1349.0022562777,7.13229009081274,60.7831985767804,0.40821144439989,0.201076399,"TM",18,85888.5011362312,45844.46,"TM18a",2.469165547,2.362366519,1.667264993,-2.32044867,1.667264993,1.316091144,-82.45879249,-29.12860353,"H36","TM18H36",0.75,"18",0.22200463153252,0.119285966759383,-0.696638900987392,0.75,"TM"
"2466642",101.682488313924,0.719830267546611,1916.71221992687,10.4157155295317,76.5286137799352,0.54614165378706,0.203714535,"TM",18,85131.9538547078,61280.56,"TM18a",2.474182933,2.392428897,1.704297932,-2.43104249,1.704297932,1.401751789,-87.66794569,-24.94240689,"H37","TM18H37",0.75,"18",0.231545517023071,0.146671119043642,-0.69097798305142,0.75,"TM"
"2469522",28.7621189017471,0.192550814497239,363.248623067161,2.16942743094258,22.5130490454656,0.14979126244583,0.071378904,"TM",18,87531.7980555294,16854.32,"TM18a",2.613926823,2.339714543,1.32199597,-2.083546457,1.32199597,1.037502506,-83.53437836,-31.51404808,"H38","TM18H38",0.75,"18",0.121230131239311,0.0159891543871735,-1.14643012478056,0.75,"TM"
"2472402",94.73923456787,0.658178080660405,1490.88867619299,8.10457458541137,72.5859779693046,0.507488063446504,0.095031613,"TM",18,86671.9166684516,57045.55,"TM18a",2.56087591,2.428053472,1.361047707,-2.20694916,1.361047707,1.132431647,-80.56939091,-28.59849923,"H39","TM18H39",0.75,"18",0.133873348218565,0.0540119976812498,-1.02213189926257,0.75,"TM"
"2475282",42.9155220690493,0.254773831447539,760.48711460797,3.06283969451755,32.4621352892379,0.196915077710335,0.211861382,"TM",18,86903.2233185182,22140.67,"TM18a",2.392676799,2.305501957,1.430308239,-2.17363408,1.430308239,1.227374078,-85.41810503,-27.39020422,"H40","TM18H40",0.75,"18",0.155429640312126,0.0889769467950366,-0.673948199083296,0.75,"TM"
"2478162",54.5153095275632,0.362518306541997,1004.58852191772,5.03997075650126,41.0976153358209,0.276147574418454,0.072058893,"TM",18,85510.9228433097,30999.27,"TM18a",2.502034704,2.333207047,1.140366831,-2.375521624,1.140366831,1.036229285,-80.51249377,-24.79426654,"H42","TM18H42",0.75,"18",0.0570445768212494,0.015455861772936,-1.14231241398259,0.75,"TM"
"2481042",59.3639870979587,0.389767008788005,1266.48951012407,5.76595297858141,44.0695374046803,0.295066273503164,0.411052167,"TM",18,84922.9662175006,33100.17,"TM18a",2.281348673,2.2330987,1.599831019,-2.461766056,1.599831019,1.429666174,-83.87775012,-26.77045197,"H44","TM18H44",0.75,"18",0.204074113036261,0.155234641860433,-0.386103057923103,0.75,"TM"
"2483922",92.23999530425,0.614061186563139,1458.14743807385,8.53488125370022,70.5331017760728,0.467771934786694,0.307335648,"TM",18,85513.3783554984,52510.45,"TM18a",2.396473599,2.362394719,1.808679622,-2.375162682,1.808679622,1.646419957,-82.44362069,-27.90957303,"H45","TM18H45",0.75,"18",0.25736164551109,0.216540621729853,-0.512387062809714,0.75,"TM"
"2486802",105.519498180477,0.742498597621357,1519.56543444225,8.74063722308447,81.5491139324661,0.575084933357293,0.045923094,"TM",18,87106.2745265712,64676.29,"TM18a",2.712289368,2.410913127,1.304370794,-2.144461635,1.304370794,1.02819462,-87.67552141,-28.34127038,"H46","TM18H46",0.75,"18",0.11540106601046,0.012075327103058,-1.33796885968106,0.75,"TM"
"2489682",132.051722029962,0.913065141933837,2126.20640487225,12.6356904217272,100.882911506297,0.695846006853432,0.146719384,"TM",18,85554.7075694415,78117.02,"TM18a",2.433865902,2.406112978,1.30632458,-2.369122804,1.30632458,1.249340859,-85.06904244,-32.01102025,"H47","TM18H47",0.75,"18",0.116051098676454,0.0966809435678462,-0.833512505051661,0.75,"TM"
"2492562",79.3095990056959,0.526248341871925,1309.69737716742,8.00234284182518,60.37811425907,0.397291429878561,0.341428984,"TM",18,84663.5007941618,44554.03,"TM18a",2.280729643,2.276570371,1.438887318,-2.50001581,1.438887318,1.426183252,-81.00949991,-26.49564881,"H48","TM18H48",0.75,"18",0.158026784842136,0.154175332121156,-0.466699614278794,0.75,"TM"
"2495442",110.499446912736,0.737777264187792,1786.74639295961,10.3221257280551,84.3216220183527,0.561645104289973,0.313473021,"TM",18,85450.8730347009,63043.71,"TM18a",2.389352165,2.372859602,1.796396344,-2.384302798,1.796396344,1.715097787,-87.35302132,-31.55693706,"H49","TM18H49",0.75,"18",0.254402162521694,0.234288886561765,-0.503799830702535,0.75,"TM"
"2498322",113.704404995119,0.784176163313884,2058.68431352032,11.1067065448175,85.9436852653917,0.596235140405526,0.285857235,"TM",18,85334.4764360236,66917.26,"TM18a",2.365297933,2.321078865,1.58622812,-2.401341235,1.58622812,1.431620859,-87.08366874,-25.92854293,"H54","TM18H54",0.75,"18",0.200365644603912,0.155828017520846,-0.543850811388093,0.75,"TM"
"2501202",57.1329615987998,0.40315228936006,873.246591896904,6.0769836702331,43.7868020766165,0.304892984256279,0.203083277,"TM",19,136638.214178171,55086.01,"TM19a",2.368077231,2.354335554,1.335331744,-2.391462088,1.335331744,1.303275594,-84.20422299,-26.04970428,"H01","TM19H01",0.75,"19",0.12558917333392,0.115036262449106,-0.692325837331965,0.75,"TM"
"2504082",72.8106985709353,0.517894640347164,1210.68021423513,7.92777173382484,55.3531778225098,0.391066522257687,0.309506655,"TM",19,136404.518576684,70643.17,"TM19a",2.378002252,2.361363726,1.724951401,-2.41285944,1.724951401,1.64928411,-82.75492753,-30.246769,"H02","TM19H02",0.75,"19",0.236776863713728,0.217295474793776,-0.50933000836049,0.75,"TM"
"2506962",32.3705576440827,0.218960378060008,460.859292358865,3.05289302025519,24.9562501192991,0.166890310928332,0.043207407,"TM",19,137827.484987851,30178.76,"TM19a",2.697348379,2.36445611,1.244316671,-2.283135414,1.244316671,1.017052706,-85.56546607,-31.43168696,"H03","TM19H03",0.75,"19",0.0949309197167903,0.00734345964039339,-1.36444179616,0.75,"TM"
"2509842",67.9839432518707,0.477403127251491,1305.84818583602,7.82337857211935,50.9774754128658,0.35804247088464,0.415208817,"TM",19,135375.45791139,64628.67,"TM19a",2.339891113,2.311282379,1.894556263,-2.507519245,1.894556263,1.743848484,-87.63847653,-29.29885952,"H05","TM19H05",0.75,"19",0.277507507128885,0.241508748130208,-0.381733432775711,0.75,"TM"
"2512722",48.4547544659574,0.335407648254495,653.654628320339,3.83319631750595,37.5717030527176,0.260780039132557,0.027045965,"TM",19,140906.542757606,47261.13,"TM19a",2.846299329,2.413591293,1.319710215,-2.006959677,1.319710215,1.010089686,-81.14174851,-30.35589985,"H11","TM19H11",0.75,"19",0.120478578294588,0.00435993656052266,-1.56789751831885,0.75,"TM"
"2515602",70.9039564705225,0.510585320264016,954.760740371927,7.29505397107636,54.9787056300291,0.388215168695031,0.244606495,"TM",19,137453.715362812,70181.85,"TM19a",2.400932512,2.383557478,1.57896308,-2.317079782,1.57896308,1.514002677,-84.3377724,-25.16102357,"H15","TM19H15",0.75,"19",0.198371975264957,0.180126643067158,-0.611532015389634,0.75,"TM"
"2518482",70.5329784418233,0.497640915210704,916.710600232342,6.46627702110766,54.9412915672222,0.381981607645246,0.195336938,"TM",19,138911.020209684,69127.81,"TM19a",2.444630885,2.31185078,1.539339533,-2.185250521,1.539339533,1.205766191,-83.87489008,-31.79494899,"H16","TM19H16",0.75,"19",0.187334422979469,0.0812631023291438,-0.70921562433776,0.75,"TM"
"2521362",43.7121617092936,0.33820225064416,759.667911294183,5.329693156302,33.0761035399908,0.25463852900006,0.292769194,"TM",19,135964.954025045,45983.65,"TM19a",2.366709396,2.363071464,1.615272629,-2.453205824,1.615272629,1.600357551,-85.63681473,-24.95522826,"H17","TM19H17",0.75,"19",0.208245833959841,0.204217023329956,-0.533474622899391,0.75,"TM"
"2524242",56.5504990411101,0.397790865180438,890.416608280741,5.96412744224721,43.2008879223936,0.300999510690994,0.203380346,"TM",19,136719.579483884,54385.8,"TM19a",2.408340057,2.34365125,1.448390169,-2.384020805,1.448390169,1.28101489,-87.38048293,-31.0824573,"H18","TM19H18",0.75,"19",0.160885568365672,0.10755417783778,-0.691691018159396,0.75,"TM"
"2527122",59.5739696340325,0.431928908569748,910.233254722478,6.41551542226789,45.670817725059,0.327137656685946,0.119455338,"TM",19,136862.116026795,59114.7,"TM19a",2.530459268,2.42296185,1.430331296,-2.37099576,1.430331296,1.194868045,-86.64597718,-31.39115445,"H25","TM19H25",0.75,"19",0.15543664121367,0.0773199467129394,-0.922794438529034,0.75,"TM"
"2530002",68.2148329751133,0.487304467459726,941.35477189171,6.05823939456518,52.8326455646108,0.375704142659333,0.159977555,"TM",19,139594.776043423,68025.16,"TM19a",2.518205813,2.426501644,1.641338665,-2.123873234,1.641338665,1.337919662,-81.42250264,-29.3456106,"H27","TM19H27",0.75,"19",0.215198200288795,0.126430036154079,-0.795940944990468,0.75,"TM"
"2532882",66.8584721712637,0.478157830649585,1072.26506262869,6.84647349160507,51.0289123311907,0.363481156612114,0.275081158,"TM",19,137420.821929724,65708.84,"TM19a",2.406734323,2.372882019,1.726762657,-2.320071459,1.726762657,1.579678998,-83.53952289,-27.09741032,"H28","TM19H28",0.75,"19",0.237232648025578,0.198568844194416,-0.560539156091134,0.75,"TM"
"2535762",70.4015605416654,0.481395530283663,1082.55550286086,6.78561264722162,53.9383479777624,0.366516513914345,0.144078016,"TM",19,137660.409831705,66269.1,"TM19a",2.505887464,2.340966369,1.496728629,-2.298297167,1.496728629,1.14655295,-86.80838037,-24.93652333,"H31","TM19H31",0.75,"19",0.175143065799761,0.0593941160758238,-0.841402280520176,0.75,"TM"
"2538642",62.7175743907885,0.446675036901859,951.020433365438,6.34269168716096,48.1382170597454,0.339831540898946,0.316058993,"TM",19,137547.93298086,61439.23,"TM19a",2.370289861,2.355447293,1.712304387,-2.308514595,1.712304387,1.64548009,-83.11764176,-25.97174605,"H33","TM19H33",0.75,"19",0.233580969362221,0.216292631780531,-0.500231847941151,0.75,"TM"
"2541522",51.393861510763,0.351625720656512,1032.87067357145,5.68256982572611,38.3232975060916,0.264079333599551,0.091724634,"TM",19,135584.985424237,47675.17,"TM19a",2.544712709,2.358538307,1.30163478,-2.488187313,1.30163478,1.071245477,-88.62186541,-28.63780901,"H35","TM19H35",0.75,"19",0.114489144538727,0.0298890012620938,-1.03751401249213,0.75,"TM"
"2544402",48.6840221552936,0.330172390655597,809.611501824659,4.57459160152495,36.9944573331365,0.251813953534716,0.134051085,"TM",19,137923.942336843,45538.68,"TM19a",2.505996622,2.40550073,1.440332781,-2.274390459,1.440332781,1.210703717,-83.93712437,-27.77717483,"H36","TM19H36",0.75,"19",0.158462845050004,0.083037875748143,-0.872729666518059,0.75,"TM"
"2547282",58.1491593927609,0.409385295167702,901.878294167303,5.30728722760176,44.5272301351481,0.314310144611837,0.054380417,"TM",19,138946.48853154,56882.65,"TM19a",2.68451978,2.339058351,1.33441538,-2.182059288,1.33441538,1.021816825,-86.56098782,-32.8941167,"H37","TM19H37",0.75,"19",0.1252910388472,0.00937304939782025,-1.26455746647811,0.75,"TM"
"2550162",44.1524451289747,0.355875154349803,771.290917544889,5.88959282155955,33.4107279964775,0.266636194898666,0.434103966,"TM",19,135227.353305752,48124.06,"TM19a",2.34764387,2.346106054,2.00472125,-2.521202087,2.00472125,1.995128515,-86.55342364,-26.23992148,"H38","TM19H38",0.75,"19",0.302053993912355,0.299970875740918,-0.36240624640261,0.75,"TM"
"2553042",83.3675974791325,0.571115186240573,1032.06550123453,6.88341123493987,65.2656766187179,0.441688307181329,0.017009497,"TM",19,140076.535499971,79999.83,"TM19a",2.959635412,2.36758346,1.323998557,-2.080808401,1.323998557,1.002731816,-84.22090073,-30.54300109,"H39","TM19H39",0.75,"19",0.121887511774921,0.00118479502918748,-1.76930852903025,0.75,"TM"
"2555922",54.5254442883426,0.402741218734273,932.403797156682,5.92741622679852,41.3412921063481,0.305310921585709,0.399432778,"TM",19,137001.545219053,55176.17,"TM19a",2.391293022,2.326095223,2.162113736,-2.358267784,2.162113736,1.771024026,-82.73822555,-32.80367619,"H40","TM19H40",0.75,"19",0.334878535879079,0.24822445293962,-0.398556299203855,0.75,"TM"
"2558802",39.5759883853331,0.276588959715021,624.492082296096,3.39969220309607,30.19382155005,0.213488536337811,0.090652943,"TM",19,139771.362059541,38659.22,"TM19a",2.612183335,2.342840803,1.479393731,-2.10807085,1.479393731,1.061365006,-82.29662546,-28.89659569,"H41","TM19H41",0.75,"19",0.170083774026646,0.0258647645147378,-1.04261809219822,0.75,"TM"
"2561682",79.8876188418797,0.537777780278199,1184.67516258668,7.67133287046187,61.4036055249766,0.408955686644018,0.185412884,"TM",19,137478.060197567,73932.65,"TM19a",2.452641317,2.371982364,1.522812222,-2.314866066,1.522812222,1.293952445,-83.96140386,-28.25737457,"H42","TM19H42",0.75,"19",0.182646353777907,0.111918315549376,-0.731860090818859,0.75,"TM"
"2564562",38.1786721799677,0.272331716982998,729.922876777914,4.13010823707884,28.6050021622467,0.205831622742899,0.253237963,"TM",19,136545.807304265,37185.75,"TM19a",2.457514511,2.415674983,1.887377834,-2.399918556,1.887377834,1.676049649,-85.25740795,-28.89036953,"H44","TM19H44",0.75,"19",0.275858850242025,0.224286879429916,-0.596471188522141,0.75,"TM"
"2567442",65.2136741151123,0.476748827877584,992.336505057685,7.1417907498098,49.9998687399968,0.360776366160265,0.32034111,"TM",19,136732.683896054,65187.15,"TM19a",2.369977116,2.365532537,1.726133175,-2.382822752,1.726133175,1.705195162,-82.06444243,-27.28137789,"H46","TM19H46",0.75,"19",0.237074299453604,0.231774091791372,-0.494387323900984,0.75,"TM"
"2570322",84.851678896158,0.573835232329901,1152.58259015955,7.35821314544468,65.8435140851748,0.441051078907022,0.171179891,"TM",19,139115.631373616,79829.45,"TM19a",2.493158933,2.408118888,1.60461284,-2.166851997,1.60461284,1.332776172,-86.41835764,-26.83237512,"H47","TM19H47",0.75,"19",0.205370263074526,0.124757219610866,-0.766547254499259,0.75,"TM"
"2573202",70.4792899543505,0.476107541851771,900.962492434046,6.28160178450755,54.9246774827015,0.364895679931574,0.123375416,"TM",19,138675.696216036,66024.54,"TM19a",2.576072894,2.431734128,1.621842949,-2.206444263,1.621842949,1.22097361,-86.74917975,-29.23025638,"H48","TM19H48",0.75,"19",0.210008797048411,0.086706277249358,-0.908771369955945,0.75,"TM"
"2576082",51.2114066125907,0.363902536107844,842.417832777894,5.60655874302956,38.9691477462651,0.274608608517381,0.287654877,"TM",19,136306.783955197,49602.38,"TM19a",2.37787214,2.375393496,1.644541346,-2.421818972,1.644541346,1.633932185,-85.33176652,-29.58572383,"H50","TM19H50",0.75,"19",0.216044796708259,0.213234027538217,-0.541128258397623,0.75,"TM"
"2578962",41.4068287415584,0.305901996598129,614.75848475665,4.33868182018826,31.7818713032881,0.23275818245453,0.221861601,"TM",19,137565.755692938,42081.64,"TM19a",2.409023354,2.293034383,1.521139972,-2.306895018,1.521139972,1.225021125,-81.36938034,-31.52521795,"H51","TM19H51",0.75,"19",0.182169178727749,0.088143578,-0.653917857375378,0.75,"TM"
"2581842",52.4212860826105,0.399331765123155,863.828184670448,5.93301136303396,39.9113620056601,0.302440481138352,0.203269482,"TM",19,136857.842809338,54651.68,"TM19a",2.461439729,2.397730768,1.644872065,-2.371386051,1.644872065,1.415631005,-87.84638988,-27.62907511,"H52","TM19H52",0.75,"19",0.216132125006225,0.150950065941284,-0.69192781956109,0.75,"TM"
"2584722",38.3988508084278,0.289962182522147,657.674142770766,3.74553014460396,29.0433875431287,0.222702124984367,0.10071969,"TM",19,139002.2544989,40305.4,"TM19a",2.617573001,2.497239189,1.592017212,-2.177043438,1.592017212,1.250601968,-82.53186065,-25.48842623,"H54","TM19H54",0.75,"19",0.201947758776157,0.0971191077693002,-0.996885619590986,0.75,"TM"
"2587602",43.8431562978501,0.306500050396677,667.049422974645,4.60810713125658,33.5991774272236,0.231857710603333,0.111018658,"TM",19,136677.614688099,41891.7,"TM19a",2.426532978,2.380051746,1.174974925,-2.387858152,1.174974925,1.121845467,-84.42121136,-33.08431814,"H57","TM19H57",0.75,"19",0.0700285984798118,0.0499330374448132,-0.954604026749405,0.75,"TM"
"2590482",1827.7609968848,0.260161744909875,32226.5675825528,3.83340133831102,1372.37969855797,0.197201196701609,0.096373081,"TM",19,136983.968040135,35637.99,"TM19a",2.532329147,2.453294183,1.300534728,-2.359871626,1.300534728,1.165452047,-84.62760163,-32.92529169,"H65","TM19H65",0.75,"19",0.114121953592558,0.0664944090005455,-1.01604425661319,0.75,"TM"
"2593362",72.5723331281326,0.483363519417102,1052.29061773128,7.22880471377591,55.8626375571332,0.365843044505455,0.147664785,"TM",19,136758.043531535,66103.85,"TM19a",2.437291547,2.400220589,1.317688028,-2.380504608,1.317688028,1.241342574,-85.15268452,-32.02725781,"H67","TM19H67",0.75,"19",0.119812600124696,0.0938916505291741,-0.830723062600364,0.75,"TM"
"2596242",39.2132991385633,0.268290172494337,699.645733756863,4.13039097588673,29.6106958469802,0.202472627861775,0.146815062,"TM",19,136318.114562217,36572.81,"TM19a",2.506052213,2.309562339,1.51311929,-2.420779943,1.51311929,1.118730831,-88.7417563,-27.89100544,"H68","TM19H68",0.75,"19",0.179873167908537,0.0487256069275475,-0.833229387145212,0.75,"TM"
"2599122",69.5095865034314,0.47045651360548,968.87605902438,6.37805530808191,53.7620179467687,0.359586021781658,0.160446405,"TM",19,138257.55103594,65044.16,"TM19a",2.542382368,2.441553452,1.755981962,-2.244192123,1.755981962,1.378641697,-87.38959354,-29.64185837,"H70","TM19H70",0.75,"19",0.244520050383239,0.139451409587705,-0.794670009364075,0.75,"TM"
"2602002",59.5318972105501,0.403888814649233,922.890230757192,6.24799379207315,45.540482114199,0.304659092623362,0.230261087,"TM",19,136245.160757399,55027.9,"TM19a",2.352714344,2.324947439,1.373306773,-2.427471399,1.373306773,1.305089898,-87.07999981,-32.18629179,"J12","TM19J12",0.75,"19",0.137767561955888,0.115640428042605,-0.637779449482913,0.75,"TM"
