"hoboID","site","year","rep","unit","folder","integral_mol","integral_lux","integral_mol_3p","integral_lux_3p","integral_mol_5p","integral_lux_5p"
"RS31","RS","17","a","H31","RS17a",9425.76295,509500.7,9578.16656666662,517738.733333335,9783.96439000004,528862.940000003
"RS06","RS","17","a","H06","RS17a",13376.77095,723068.7,13764.2842833333,744015.366666666,14002.56712,756895.52
"RS21","RS","17","a","H21","RS17a",31415.2607,1698122.2,31631.6521166666,1709819.03333333,31834.03817,1720758.82
"RS43","RS","17","a","H43","RS17a",66775.75,3609500,66628.1255499999,3601520.3,66409.98169,3589728.74
"RS12","RS","17","a","H12","RS17a",20543.18625,1110442.5,20635.5172833333,1115433.36666667,20685.96481,1118160.26
"RS15","RS","17","a","H15","RS17a",20777.9494,1123132.4,20621.8291333333,1114693.46666667,20467.6200400001,1106357.84
"RS33","RS","17","a","H33","RS17a",57647.69275,3116091.5,57783.6338333333,3123439.66666667,57905.13172,3130007.12
"RS30","RS","17","a","H30","RS17a",47208.51645,2551811.7,47251.5295666666,2554136.73333334,47127.50939,2547432.94
"RS26","RS","17","a","H26","RS17a",32578.7923,1761015.8,32808.2601333333,1773419.46666667,32844.43602,1775374.92
"RS44","RS","17","a","H44","RS17a",42980.7133,2323281.8,43136.4358166666,2331699.23333333,43343.13607,2342872.22
"RS17","RS","17","a","H17","RS17a",41216.00385,2227892.1,41322.1414333333,2233629.26666667,41394.10816,2237519.36
"RS18","RS","17","a","H18","RS17a",32710.82865,1768152.9,32824.79975,1774313.5,32924.2601900001,1779689.74
"RS42","RS","17","a","H42","RS17a",32626.9774,1763620.4,32530.2655666666,1758392.73333333,32515.78204,1757609.84
"RS03","RS","17","a","H03","RS17a",22512.4132,1216887.2,22692.9608666666,1226646.53333333,22797.89077,1232318.42
"RS48","RS","17","a","H48","RS17a",32588.95065,1761564.9,32535.8482499999,1758694.5,32354.45094,1748889.24
"RS22","RS","17","a","H22","RS17a",50177.7979,2712313.4,49914.6767166666,2698090.63333333,49795.97973,2691674.58
"RS24","RS","17","a","H24","RS17a",31522.99175,1703945.5,31786.3781,1718182.6,31935.91397,1726265.62
"RS04","RS","17","a","H04","RS17a",47213.4948,2552080.8,46771.6839666666,2528199.13333333,46441.17567,2510333.82
"RS49","RS","17","a","H49","RS17a",29279.5578,1582678.8,29381.5137666666,1588189.93333333,29421.02175,1590325.5
"RS20","RS","17","a","H20","RS17a",41003.12805,2216385.3,40826.4968333333,2206837.66666667,40704.50771,2200243.66
"RS11","RS","17","a","H11","RS17a",74970.47115,4052457.9,74676.61715,4036573.9,74476.8996600001,4025778.36
"RS02","RS","17","a","H02","RS17a",15605.68055,843550.3,15866.9431,857672.6,16138.40137,872346.02
"RS50","RS","17","a","H50","RS17a",52624.952,2844592,52482.6382833333,2836899.36666667,52039.9783,2812971.8
"RS23","RS","17","a","H23","RS17a",40385.2299,2182985.4,40334.2519166666,2180229.83333334,40262.88274,2176372.04
"RS46","RS","17","a","H46","RS17a",44870.1072,2425411.2,45028.2186833333,2433957.76666667,45103.13246,2438007.16
"RS36","RS","17","a","H36","RS17a",37925.93795,2050050.7,37955.6748499999,2051658.1,37987.11116,2053357.36
"RS08","RS","17","a","H08","RS17a",44429.81275,2401611.5,44466.5198333333,2403595.66666667,44476.48973,2404134.58
"RS10","RS","17","a","H10","RS17a",27866.3095,1506287,27914.1011666666,1508870.33333333,28009.68524,1514037.04
"RS16","RS","17","a","H16","RS17a",16824.159,909414,16951.6042666667,916302.933333335,17022.9736900001,920160.740000002
"RS13","RS","17","a","H13","RS17a",23041.51135,1245487.1,22900.7245,1237877,22736.83781,1229018.26
"RS25","RS","17","a","H25","RS17a",51761.49595,2797918.7,51752.27,2797420,51770.3378400001,2798396.64
"RS19","RS","17","a","H19","RS17a",59393.4841,3210458.6,59269.2911333333,3203745.46666667,59133.61497,3196411.62
"RS29","RS","17","a","H29","RS17a",30107.36065,1627424.9,30098.8642166666,1626965.63333334,30209.31637,1632936.02
"RS32","RS","17","a","H32","RS17a",51760.10845,2797843.7,51462.73575,2781769.5,51202.53473,2767704.58
"RS14","RS","17","a","H14","RS17a",11519.45975,622673.5,11608.2067166667,627470.633333335,11813.3008000001,638556.800000002
"RS41","RS","17","a","H41","RS17a",51192.39155,2767156.3,51122.3628833333,2763370.96666667,51164.67226,2765657.96
"RS05","RS","17","a","H05","RS17a",28064.64615,1517007.9,28129.96225,1520538.5,28159.59333,1522140.18
"RS07","RS","17","a","H07","RS17a",83205.6444,4497602.4,83118.6894666666,4492902.13333333,83083.85446,4491019.16
"RS35","RS","17","a","H35","RS17a",27050.27265,1462176.9,27064.2123999999,1462930.4,26986.39104,1458723.84
"RS34","RS","17","a","H34","RS17a",46024.0817,2487788.2,46107.8509333333,2492316.26666667,46159.33372,2495099.12
"RS47","RS","17","a","H47","RS17a",48755.1886,2635415.6,48528.4427333333,2623159.06666667,48562.46818,2624998.28
"RS09","RS","17","a","H09","RS17a",38005.3788,2054344.8,38019.9154833333,2055130.56666667,37992.83321,2053666.66
"RS28","RS","17","a","H28","RS17a",40568.62595,2192898.7,40178.45725,2171808.5,40018.85886,2163181.56
"RS01","RS","17","a","H01","RS17a",46113.1,2492600,45344.1808,2451036.8,44527.68219,2406901.74
"RS39","RS","17","a","H39","RS17a",44970.6658,2430846.8,45140.5926166666,2440032.03333333,45177.12691,2442006.86
"CB07","CB","17","a","H07","CB17a",2832.6793,153117.8,2785.41858333334,150563.166666667,2752.38893000001,148777.780000001
"CB18","CB","17","a","H18","CB17a",43586.4884,2356026.4,43469.4648,2349700.8,43443.51115,2348297.9
"CB01","CB","17","a","H01","CB17a",39936.7788,2158744.8,39809.3329166667,2151855.83333333,39694.6323,2145655.8
"CB28","CB","17","a","H28","CB17a",28293.45045,1529375.7,28412.3992833333,1535805.36666667,28485.89226,1539777.96
"CB27","CB","17","a","H27","CB17a",33933.49735,1834243.1,33935.62115,1834357.9,33966.83213,1836044.98
"CB36","CB","17","a","H36","CB17a",48984.9882,2647837.2,48857.54355,2640948.3,48747.94067,2635023.82
"CB14","CB","17","a","H14","CB17a",23478.22235,1269093.1,23606.46435,1276025.1,23709.85419,1281613.74
"CB16","CB","17","a","H16","CB17a",19092.8991,1032048.6,19207.0687666667,1038219.93333333,19300.9538,1043294.8
"CB37","CB","17","a","H37","CB17a",44365.49935,2398135.1,44357.0029166667,2397675.83333333,44370.59721,2398410.66
"CB46","CB","17","a","H46","CB17a",45480.0411,2458380.6,45505.5297833333,2459758.36666667,45508.07859,2459896.14
"CB21","CB","17","a","H21","CB17a",53998.3735,2918831,54028.1104,2920438.4,54002.43536,2919050.56
"CB40","CB","17","a","H40","CB17a",44890.60335,2426519.1,44860.86645,2424911.7,44816.68586,2422523.56
"CB42","CB","17","a","H42","CB17a",18637.4772,1007431.2,18677.8343333333,1009612.66666667,18710.12004,1011357.84
"CB25","CB","17","a","H25","CB17a",17661.32285,954666.1,17652.2960833333,954178.166666668,17645.23377,953796.420000001
"CB17","CB","17","a","H17","CB17a",35774.09565,1933734.9,35783.1230333333,1934222.86666667,35754.02278,1932649.88
"CB12","CB","17","a","H12","CB17a",22993.3281,1242882.6,23013.5072833333,1243973.36666667,23029.33206,1244828.76
"CB10","CB","17","a","H10","CB17a",32972.69615,1782307.9,32977.0775666667,1782544.73333333,32962.66064,1781765.44
"CB30","CB","17","a","H30","CB17a",13072.6994,706632.4,13196.9589666667,713349.133333334,13335.87485,720858.100000001
"CB26","CB","17","a","H26","CB17a",42249.7006,2283767.6,42205.6255833333,2281385.16666667,42153.43918,2278564.28
"CB08","CB","17","a","H08","CB17a",21839.1427,1180494.2,21768.9142333333,1176698.06666667,21737.66354,1175008.84
"CB47","CB","17","a","H47","CB17a",41364.7679,2235933.4,41288.3012333333,2231800.06666667,41242.42111,2229320.06
"CB15","CB","17","a","H15","CB17a",41419.9164,2238914.4,41320.0836166667,2233518.03333333,41226.83597,2228477.62
"CB34","CB","17","a","H34","CB17a",45763.00785,2473676.1,45771.5042833333,2474135.36666667,45773.20357,2474227.22
"CB32","CB","17","a","H32","CB17a",41641.3651,2250884.6,41632.8692833333,2250425.36666667,41659.20835,2251849.1
"CB51","CB","17","a","H51","CB17a",45625.218,2466228,45527.5096333333,2460946.46666667,45398.36471,2453965.66
"CB31","CB","17","a","H31","CB17a",42961.41595,2322238.7,42883.88615,2318047.9,42791.27552,2313041.92
"CB48","CB","17","a","H48","CB17a",42499.421,2297266,42558.8948,2300480.8,42619.21849,2303741.54
"CB19","CB","17","a","H19","CB17a",16206.05735,876003.1,16359.1904833333,884280.566666667,16442.06962,888760.520000001
"CB50","CB","17","a","H50","CB17a",40500.1371,2189196.6,40489.51625,2188622.5,40509.0578,2189678.8
"CB33","CB","17","a","H33","CB17a",46650.5583,2521651.8,46663.3023333333,2522340.66666667,46658.20435,2522065.1
"CB43","CB","17","a","H43","CB17a",34709.3263,1876179.8,34668.96855,1873998.3,34631.58449,1871977.54
"CB04","CB","17","a","H04","CB17a",34975.9668,1890592.8,34954.7257166667,1889444.63333333,34928.81178,1888043.88
"CB44","CB","17","a","H44","CB17a",39562.01505,2138487.3,39600.249,2140554,39630.83616,2142207.36
"CB05","CB","17","a","H05","CB17a",40529.59835,2190789.1,40507.2953666667,2189583.53333333,40488.1787,2188550.2
"CB02","CB","17","a","H02","CB17a",39360.4927,2127594.2,39341.3760333333,2126560.86666667,39313.33805,2125045.3
"CB39","CB","17","a","H39","CB17a",29686.5911,1604680.6,29750.3131166667,1608125.03333333,29811.48645,1611431.7
"CB22","CB","17","a","H22","CB17a",21447.0389,1159299.4,21522.4449,1163375.4,21588.90245,1166967.7
"CB20","CB","17","a","H20","CB17a",32183.51205,1739649.3,32001.9024833333,1729832.56666667,31900.58341,1724355.86
"CB49","CB","17","a","H49","CB17a",15384.03575,831569.5,15381.9125666667,831454.733333334,15380.21365,831362.9
"CB35","CB","17","a","H35","CB17a",23382.42195,1263914.7,23480.1297,1269196.2,23558.2959,1273421.4
"CB03","CB","17","a","H03","CB17a",28894.44145,1561861.7,28894.44145,1561861.7,28914.83252,1562963.92
"CB53","CB","17","a","H53","CB17a",46856.65385,2532792.1,46695.2234666667,2524066.13333333,46476.86809,2512263.14
"CB24","CB","17","a","H24","CB17a",33793.71875,1826687.5,33846.8205333333,1829557.86666667,33895.67447,1832198.62
"CB13","CB","17","a","H13","CB17a",47228.243,2552878,47083.00875,2545027.5,46986.41581,2539806.26
"CB41","CB","17","a","H41","CB17a",36186.0962,1956005.2,36164.8557333333,1954857.06666667,36160.60764,1954627.44
"CB06","CB","17","a","H06","CB17a",2506.08585,135464.1,2641.4966,142783.6,2747.59484,148518.64
"CB29","CB","17","a","H29","CB17a",54465.72975,2944093.5,54351.0291333333,2937893.46666667,54232.50506,2931486.76
"CB23","CB","17","a","H23","CB17a",32353.17555,1748820.3,32285.2047,1745146.2,32225.09339,1741896.94
"CB11","CB","17","a","H11","CB17a",19671.38115,1063317.9,19700.05615,1064867.9,19721.40293,1066021.78
"HS14","HS","17","a","H14","HS17a",59106.12915,3194925.9,59174.1006166667,3198600.03333334,59417.09602,3211734.92
"HS13","HS","17","a","H13","HS17a",65082.3229,3517963.4,64827.4323666667,3504185.53333334,64598.03138,3491785.48
"HS23","HS","17","a","H23","HS17a",68880.5875,3723275,68498.2517,3702608.2,68370.8063099999,3695719.26
"HS17","HS","17","a","H17","HS17a",65715.1746,3552171.6,65681.1888666666,3550334.53333334,65628.5117199999,3547487.12
"HS07","HS","17","a","H07","HS17a",52279.853,2825938,52458.27625,2835582.5,52718.26452,2849635.92
"HS31","HS","17","a","H31","HS17a",29800.68985,1610848.1,30166.0334,1630596.4,30500.3650299999,1648668.38
"HS12","HS","17","a","H12","HS17a",18898.54365,1021542.9,18919.7841166667,1022691.03333333,18907.46398,1022025.08
"HS06","HS","17","a","H06","HS17a",78926.65915,4266305.9,78748.2359,4256661.4,78485.6987,4242470.2
"HS53","HS","17","a","H53","HS17a",86439.95315,4672429.9,85207.9826499999,4605836.9,84151.0365799999,4548704.68
"HS26","HS","17","a","H26","HS17a",28643.33725,1548288.5,28871.6765833333,1560631.16666667,29039.05484,1569678.64
"HS43","HS","17","a","H43","HS17a",73963.074,3998004,73827.1323,3990655.8,73524.66211,3974306.06
"HS21","HS","17","a","H21","HS17a",62714.8187,3389990.2,62629.8549833333,3385397.56666667,62577.1775899999,3382550.14
"HS46","HS","17","a","H46","HS17a",73072.55615,3949867.9,72970.6001833333,3944356.76666667,72878.8393199999,3939396.72
"HS51","HS","17","a","H51","HS17a",27812.34315,1503369.9,28177.6860833333,1523118.16666667,28684.0686999999,1550490.2
"HS27","HS","17","a","H27","HS17a",62829.12835,3396169.1,62660.2634333333,3387041.26666667,62601.63866,3383872.36
"HS36","HS","17","a","H36","HS17a",49816.16545,2692765.7,49962.728,2700688,50059.5862299999,2705923.58
"HS33","HS","17","a","H33","HS17a",56661.57245,3062787.7,56457.6592833333,3051765.36666667,56316.1948399999,3044118.64
"HS48","HS","17","a","H48","HS17a",66360.9615,3587079,66411.9401,3589834.6,66493.5051199999,3594243.52
"HS05","HS","17","a","H05","HS17a",42177.6098,2279870.8,42024.6752333334,2271604.06666667,41894.68116,2264577.36
"HS34","HS","17","a","H34","HS17a",59848.90785,3235076.1,59865.9007166667,3235994.63333334,59828.5167799999,3233973.88
"HS01","HS","17","a","H01","HS17a",55092.6004,2977978.4,54446.8770166667,2943074.43333333,53874.22333,2912120.18
"HS44","HS","17","a","H44","HS17a",44093.68255,2383442.3,44263.60875,2392627.5,44577.9737,2409620.2
"HS35","HS","17","a","H35","HS17a",61921.29265,3347096.9,61887.3069166667,3345259.83333334,61926.3901399999,3347372.44
"HS11","HS","17","a","H11","HS17a",52978.2058,2863686.8,53237.34455,2877694.3,53275.15337,2879738.02
"HS04","HS","17","a","H04","HS17a",46787.1475,2529035,46808.3885833333,2530183.16666667,46811.36215,2530343.9
"HS25","HS","17","a","H25","HS17a",78901.9857,4264972.2,78766.044,4257624,78784.73566,4258634.36
"HS32","HS","17","a","H32","HS17a",16945.0454,915948.4,16953.5418333333,916407.66666667,16892.7928899999,913123.94
"HS28","HS","17","a","H28","HS17a",84198.71515,4551281.9,84122.2478666666,4547148.53333334,84086.5629699999,4545219.62
"HS16","HS","17","a","H16","HS17a",59708.52245,3227487.7,59691.5295833333,3226569.16666667,59739.1088699999,3229141.02
"HS10","HS","17","a","H10","HS17a",71447.629,3862034,71080.1622666667,3842170.93333333,70965.8864099999,3835993.86
"HS37","HS","17","a","H37","HS17a",66856.99645,3613891.7,66565.9963833333,3598161.96666667,66412.21242,3589849.32
"HS03","HS","17","a","H03","HS17a",23431.0159,1266541.4,23622.1838,1276874.8,23832.46849,1288241.54
"HS19","HS","17","a","H19","HS17a",69787.83305,3772315.3,69346.02345,3748433.7,69063.9443299999,3733186.18
"HS30","HS","17","a","H30","HS17a",46237.72895,2499336.7,46212.23965,2497958.9,46129.3999799999,2493481.08
"HS42","HS","17","a","H42","HS17a",78840.44545,4261645.7,78789.4674666666,4258890.13333333,78865.93512,4263023.52
"HS47","HS","17","a","H47","HS17a",65039.91165,3515670.9,65065.40095,3517048.7,65060.3034599999,3516773.16
"HS15","HS","17","a","H15","HS17a",48554.8669,2624587.4,48580.3555833333,2625965.16666667,48498.79081,2621556.26
"HS20","HS","17","a","H20","HS17a",52962.2773,2862825.8,53276.64225,2879818.5,53380.2977499999,2885421.5
"HS24","HS","17","a","H24","HS17a",67322.1808,3639036.8,67594.0642,3653733.2,67561.7779999999,3651988
"HS49","HS","17","a","H49","HS17a",45058.2818,2435582.8,45066.7782333333,2436042.06666667,45104.1621699999,2438062.82
"HS08","HS","17","a","H08","HS17a",40047.48465,2164728.9,39856.31675,2154395.5,39751.81136,2148746.56
"HS22","HS","17","a","H22","HS17a",31634.7151,1709984.6,31881.1092,1723303.2,32042.5402,1732029.2
"HS09","HS","17","a","H09","HS17a",53760.80945,2905989.7,54175.0065666666,2928378.73333333,54413.3296099999,2941261.06
"HS02","HS","17","a","H02","HS17a",67054.9298,3624590.8,67003.9518166667,3621835.23333333,67014.14729,3622386.34
"HS40","HS","17","a","H40","HS17a",70010.0754,3784328.4,69827.4039333333,3774454.26666667,69648.1306699999,3764763.82
"HS50","HS","17","a","H50","HS17a",72511.37715,3919533.9,72341.4497166666,3910348.63333334,72052.5738199999,3894733.72
"HS39","HS","17","a","H39","HS17a",15247.03215,824163.9,15642.1126,845519.600000003,15856.22087,857093.020000001
"HS18","HS","17","a","H18","HS17a",21907.05435,1184165.1,22153.44845,1197483.7,22319.9769399999,1206485.24
"HS29","HS","17","a","H29","HS17a",67830.3721,3666506.6,67668.9417166667,3657780.63333334,67565.2867099999,3652177.66
"N343","N3","17","a","H43","N317a",69225.29615,3741907.9,69356.9890166665,3749026.43333334,69276.2732700001,3744663.42
"N340","N3","17","a","H40","N317a",42743.15665,2310440.9,42374.6273999999,2290520.4,42073.1129200001,2274222.32
"N349","N3","17","a","H49","N317a",68685.8491,3712748.6,68736.8264666666,3715504.13333333,68754.6683600001,3716468.56
"N319","N3","17","a","H19","N317a",73698.41855,3983698.3,73749.3965333332,3986453.86666667,73708.6139,3984249.4
"N324","N3","17","a","H24","N317a",50487.0476,2729029.6,50833.2744833332,2747744.56666667,51091.13846,2761683.16
"N342","N3","17","a","H42","N317a",65176.13085,3523034.1,65190.9992999999,3523837.8,65268.8469300001,3528045.78
"N328","N3","17","a","H28","N317a",77556.23835,4192229.1,77441.5377333332,4186029.06666667,77308.9943600001,4178864.56
"N341","N3","17","a","H41","N317a",30389.9204,1642698.4,30713.8442999999,1660207.8,31000.3841400001,1675696.44
"N347","N3","17","a","H47","N317a",62872.74395,3398526.7,62872.7433333333,3398526.66666667,62842.1560500001,3396873.3
"N320","N3","17","a","H20","N317a",80834.5623,4369435.8,80902.5325333333,4373109.86666667,80936.51802,4374946.92
"N332","N3","17","a","H32","N317a",29015.3149,1568395.4,29073.7267999999,1571552.8,29054.8220200001,1570530.92
"N314","N3","17","a","H14","N317a",19026.38235,1028453.1,19209.0544333333,1038327.26666667,19352.96137,1046106.02
"N353","N3","17","a","H53","N317a",80812.2624,4368230.4,80221.76645,4336311.7,79698.3918300001,4308021.18
"N302","N3","17","a","H02","N317a",51263.08005,2770977.3,51076.1603666666,2760873.53333333,50850.15746,2748657.16
"N348","N3","17","a","H48","N317a",61858.3612,3343695.2,61807.3838333333,3340939.66666667,61784.4440800001,3339699.68
"N322","N3","17","a","H22","N317a",36764.7688,1987284.8,37053.6456833332,2002899.76666667,37162.39929,2008778.34
"N344","N3","17","a","H44","N317a",63652.54115,3440677.9,63380.6583666666,3425981.53333333,63270.2060900001,3420011.14
"N335","N3","17","a","H35","N317a",6844.408,369968,7338.52449999987,396677.000000005,7728.67951000009,417766.460000001
"N315","N3","17","a","H15","N317a",36292.2307,1961742.2,36250.8110499999,1959503.3,36273.11428,1960708.88
"N323","N3","17","a","H23","N317a",83067.035,4490110,82739.9247833332,4472428.36666667,82628.62274,4466412.04
"N334","N3","17","a","H34","N317a",76977.35855,4160938.3,76433.3925666665,4131534.73333334,76142.4720500001,4115809.3
"N317","N3","17","a","H17","N317a",63050.17375,3408117.5,62954.5891833332,3402950.76666667,62836.06511,3396544.06
"N336","N3","17","a","H36","N317a",76354.67075,4127279.5,76128.3886166665,4115048.03333334,75819.7188300001,4098363.18
"N308","N3","17","a","H08","N317a",63740.9656,3445457.6,63605.0245166666,3438109.43333334,63565.09165,3435950.9
"N311","N3","17","a","H11","N317a",77121.1239,4168709.4,77176.3507166666,4171694.63333334,77108.37999,4168020.54
"N327","N3","17","a","H27","N317a",72606.78165,3924690.9,72645.0155999999,3926757.6,72790.3035000001,3934611
"N339","N3","17","a","H39","N317a",73733.46125,3985592.5,73758.9505499999,3986970.3,73812.4777100001,3989863.66
"N337","N3","17","a","H37","N317a",54886.3069,2966827.4,54996.7592999999,2972797.8,55146.2951700001,2980880.82
"N307","N3","17","a","H07","N317a",40429.2303,2185363.8,40480.2082833333,2188119.36666667,40385.89886,2183021.56
"N301","N3","17","a","H01","N317a",59844.12005,3234817.3,59712.42595,3227698.7,59562.46532,3219592.72
"N329","N3","17","a","H29","N317a",67181.57895,3631436.7,67364.2504166666,3641310.83333334,67505.2901000001,3648934.6
"N313","N3","17","a","H13","N317a",42189.5719,2280517.4,42201.2540333333,2281148.86666667,41994.26148,2269960.08
"N304","N3","17","a","H04","N317a",65739.06735,3553463.1,65505.4172833333,3540833.36666667,65405.16048,3535414.08
"N305","N3","17","a","H05","N317a",73502.07435,3973085.1,73485.0821,3972166.6,73453.64542,3970467.32
"N321","N3","17","a","H21","N317a",68168.50215,3684783.9,68092.0348666666,3680650.53333334,67990.07853,3675139.38
"N309","N3","17","a","H09","N317a",8377.53815,452839.9,8404.08934999997,454275.100000003,8465.47567999999,457593.280000001
"N346","N3","17","a","H46","N317a",53643.9135,2899671,53669.4027999999,2901048.8,53730.5767500001,2904355.5
"N318","N3","17","a","H18","N317a",71351.0479,3856813.4,71223.6032499999,3849924.5,71315.36362,3854884.52
"N333","N3","17","a","H33","N317a",16830.53595,909758.7,17203.3134166666,929908.833333338,17404.0400200001,940758.920000001
"N306","N3","17","a","H06","N317a",57808.3893,3124777.8,58003.8048,3135340.8,58170.33329,3144342.34
"N316","N3","17","a","H16","N317a",47095.61465,2545708.9,47208.1914666666,2551794.13333334,47228.1579,2552873.4
"N310","N3","17","a","H10","N317a",30572.72445,1652579.7,30422.9755833333,1644485.16666667,30255.38507,1635426.22
"N325","N3","17","a","H25","N317a",86173.12765,4658006.9,85967.0906833332,4646869.76666667,85836.67148,4639820.08
"N303","N3","17","a","H03","N317a",38274.4021,2068886.6,38508.0521666666,2081516.33333333,38674.58041,2090517.86
"N312","N3","17","a","H12","N317a",34870.0247,1884866.2,34785.0609833333,1880273.56666667,35058.6433,1895061.8
"N326","N3","17","a","H26","N317a",64406.06095,3481408.7,64333.8418833332,3477504.96666667,64184.3062600001,3469421.96
"N351","N3","17","a","H51","N317a",63157.9048,3413940.8,63366.06495,3425192.7,63433.1859100001,3428820.86
"N350","N3","17","a","H50","N317a",59219.24925,3201040.5,59028.0819666666,3190707.13333333,58928.6749300001,3185333.78
"N330","N3","17","a","H30","N317a",42347.48235,2289053.1,42271.0150666666,2284919.73333334,42225.1348200001,2282439.72
"N331","N3","17","a","H31","N317a",61122.3646,3303911.6,60941.8175499999,3294152.3,60862.3767000001,3289858.2
"GT05","GT","17","a","H05","GT17a",41299.6368,2232412.8,41206.17665,2227360.9,41187.48499,2226350.54
"GT15","GT","17","a","H15","GT17a",33043.77685,1786150.1,32793.1345333333,1772601.86666667,32559.48496,1759972.16
"GT36","GT","17","a","H36","GT17a",64753.74995,3500202.7,64702.7713499999,3497447.1,64463.17415,3484495.9
"GT01","GT","17","a","H01","GT17a",52134.0878,2818058.8,51161.2554333333,2765473.26666667,50420.58561,2725437.06
"GT31","GT","17","a","H31","GT17a",76763.88705,4149399.3,76551.4786833333,4137917.76666667,76452.92129,4132590.34
"GT32","GT","17","a","H32","GT17a",56811.5168,3070892.8,56709.5602166666,3065381.63333333,56633.09281,3061248.26
"GT47","GT","17","a","H47","GT17a",37780.35775,2042181.5,38028.87565,2055614.9,38338.5675,2072355
"GT24","GT","17","a","H24","GT17a",57867.73175,3127985.5,57610.7168,3114092.8,57331.18661,3098983.06
"GT35","GT","17","a","H35","GT17a",57412.1156,3103357.6,57539.5608666666,3110246.53333333,57646.61457,3116033.22
"GT14","GT","17","a","H14","GT17a",61878.2635,3344771,61937.7379166666,3347985.83333333,61847.67671,3343117.66
"GT07","GT","17","a","H07","GT17a",72799.34075,3935099.5,73071.22415,3949795.9,73013.44902,3946672.92
"GT26","GT","17","a","H26","GT17a",39458.8498,2132910.8,39620.2808,2141636.8,39706.09379,2146275.34
"GT39","GT","17","a","H39","GT17a",65012.0266,3514163.6,64901.5735833332,3508193.16666666,64827.86761,3504209.06
"GT17","GT","17","a","H17","GT17a",28184.5206,1523487.6,28205.8942666667,1524642.93333333,28214.86874,1525128.04
"GT10","GT","17","a","H10","GT17a",28442.8065,1537449,28621.22975,1547093.5,28789.45765,1556186.9
"GT46","GT","17","a","H46","GT17a",59904.6613,3238089.8,59811.2011499999,3233037.9,59639.5748,3223760.8
"GT33","GT","17","a","H33","GT17a",58285.9076,3150589.6,58566.2874333333,3165745.26666667,58810.98237,3178972.02
"GT43","GT","17","a","H43","GT17a",35147.41185,1899860.1,35361.9446333333,1911456.46666666,35664.83983,1927829.18
"GT04","GT","17","a","H04","GT17a",64173.68615,3468847.9,63993.1391,3459088.6,64033.49648,3461270.08
"GT30","GT","17","a","H30","GT17a",52240.8217,2823828.2,52291.7996833333,2826583.76666667,52307.09314,2827410.44
"GT53","GT","17","a","H53","GT17a",73637.0966,3980383.6,72694.0023666666,3929405.53333333,72365.19422,3911632.12
"GT34","GT","17","a","H34","GT17a",63529.87875,3434047.5,63342.9590666666,3423943.73333333,63183.22797,3415309.62
"GT02","GT","17","a","H02","GT17a",42964.992,2322432,43351.5754,2343328.4,43467.76317,2349608.82
"GT48","GT","17","a","H48","GT17a",56942.3525,3077965,56838.2727333333,3072339.06666667,56751.18497,3067631.62
"GT16","GT","17","a","H16","GT17a",53102.47215,2870403.9,53170.443,2874078,53349.71577,2883768.42
"GT12","GT","17","a","H12","GT17a",4997.04425,270110.5,5456.77726666664,294960.93333333,5834.83895000003,315396.700000001
"GT06","GT","17","a","H06","GT17a",72371.40245,3911967.7,72209.97145,3903241.7,72162.39167,3900669.82
"GT23","GT","17","a","H23","GT17a",13438.5147,726406.2,13755.0040666667,743513.733333329,13964.86412,754857.52
"GT09","GT","17","a","H09","GT17a",59409.4237,3211320.2,59409.4237,3211320.2,59248.84259,3202640.14
"GT44","GT","17","a","H44","GT17a",41931.89095,2266588.7,41810.8183166666,2260044.23333333,41710.13663,2254601.98
"GT42","GT","17","a","H42","GT17a",71566.90035,3868481.1,71498.9294999999,3864807,71296.71636,3853876.56
"GT11","GT","17","a","H11","GT17a",66114.63585,3573764.1,65828.4143333333,3558292.66666666,65588.60426,3545329.96
"GT41","GT","17","a","H41","GT17a",55846.1276,3018709.6,55646.4632666665,3007916.93333333,55515.4068,3000832.8
"GT22","GT","17","a","H22","GT17a",67040.78655,3623826.3,67104.5091833333,3627270.76666666,67056.07976,3624652.96
"GT50","GT","17","a","H50","GT17a",5847.7427,316094.2,5948.10581666663,321519.233333332,6039.86594000003,326479.239999999
"GT13","GT","17","a","H13","GT17a",47923.2214,2590444.4,47732.7170333333,2580146.86666666,47649.6915,2575659
"GT28","GT","17","a","H28","GT17a",67366.3662,3641425.2,67047.7524166666,3624202.83333333,66759.72604,3608633.84
"GT29","GT","17","a","H29","GT17a",51823.2397,2801256.2,51997.4153499999,2810671.1,52200.47801,2821647.46
"GT27","GT","17","a","H27","GT17a",32911.15405,1778981.3,33132.05885,1790922.1,33214.47376,1795376.96
"GT20","GT","17","a","H20","GT17a",64282.209,3474714,64286.4566,3474943.6,64340.83328,3477882.88
"GT51","GT","17","a","H51","GT17a",61119.967,3303782,60982.4318333333,3296347.66666667,60674.22652,3279687.92
"GT19","GT","17","a","H19","GT17a",58859.0117,3181568.2,58633.9252833333,3169401.36666667,58345.04914,3153786.44
"GT03","GT","17","a","H03","GT17a",12031.2086,650335.6,12207.50805,659865.299999999,12247.8658,662046.800000002
"GT08","GT","17","a","H08","GT17a",67445.84775,3645721.5,67369.3810833333,3641588.16666666,67512.11993,3649303.78
"GT21","GT","17","a","H21","GT17a",33834.3318,1828882.8,33749.3687,1824290.2,33752.76752,1824473.92
"GT40","GT","17","a","H40","GT17a",12772.60535,690411.1,13150.6935499999,710848.299999997,13450.61518,727060.279999999
"GT18","GT","17","a","H18","GT17a",1278.24085,69094.1,1477.70538333335,79875.9666666661,1705.77918000005,92204.2800000024
"GT37","GT","17","a","H37","GT17a",42832.75585,2315284.1,42807.2671666666,2313906.33333333,42944.90803,2321346.38
"GT49","GT","17","a","H49","GT17a",42247.71,2283660,42225.4070166666,2282454.43333333,42190.36,2280560
"GT25","GT","17","a","H25","GT17a",66367.3366,3587423.6,66137.9353666666,3575023.53333333,66173.62014,3576952.44
"SE01","SE","17","a","H01","SE17a",19233.8839,1039669.4,19125.5553,1033813.8,18999.38419,1026993.74
"SE28","SE","17","a","H28","SE17a",20012.29545,1081745.7,20227.4257833333,1093374.36666667,20367.27049,1100933.54
"SE29","SE","17","a","H29","SE17a",31601.05065,1708164.9,31567.0649166666,1706327.83333333,31533.50419,1704513.74
"SE20","SE","17","a","H20","SE17a",11505.5163,621919.8,11506.8439833333,621991.566666666,11718.03172,633407.120000001
"SE49","SE","17","a","H49","SE17a",7958.36145,430181.7,8231.30674999999,444935.500000003,8435.96263000005,455997.980000002
"SE23","SE","17","a","H23","SE17a",35801.57555,1935220.3,35784.5833,1934301.8,35825.79094,1936529.24
"SE21","SE","17","a","H21","SE17a",22363.2625,1208825,22539.2961666666,1218340.33333333,22462.98786,1214215.56
"SE30","SE","17","a","H30","SE17a",31114.96315,1681889.9,31165.94175,1684645.5,31239.85998,1688641.08
"SE11","SE","17","a","H11","SE17a",38617.51605,2087433.3,38472.0154,2079568.4,38311.00916,2070865.36
"SE47","SE","17","a","H47","SE17a",17499.81415,945935.9,17512.5588,946624.800000003,17572.4581000001,949862.600000002
"SE41","SE","17","a","H41","SE17a",24676.7874,1333880.4,24670.4147666667,1333535.93333334,24629.63201,1331331.46
"SE51","SE","17","a","H51","SE17a",23728.31645,1282611.7,23579.6301,1274574.6,23310.9335100001,1260050.46
"SE12","SE","17","a","H12","SE17a",17269.42995,933482.7,17487.1496666666,945251.333333333,17649.85507,954046.220000001
"SE31","SE","17","a","H31","SE17a",36801.22675,1989255.5,36733.2552833333,1985581.36666667,36687.79955,1983124.3
"SE16","SE","17","a","H16","SE17a",26639.65035,1439981.1,26547.2533333333,1434986.66666667,26353.53675,1424515.5
"SE04","SE","17","a","H04","SE17a",20787.51575,1123649.5,20764.1508666667,1122386.53333333,20749.28217,1121582.82
"SE42","SE","17","a","H42","SE17a",24490.9956,1323837.6,24544.0973833333,1326707.96666667,24635.64562,1331656.52
"SE32","SE","17","a","H32","SE17a",29693.94115,1605077.9,29761.9126166667,1608752.03333334,29817.5637,1611760.2
"SE33","SE","17","a","H33","SE17a",29664.4836,1603485.6,29600.7609666667,1600041.13333334,29562.52751,1597974.46
"SE05","SE","17","a","H05","SE17a",25043.9902,1353729.2,25250.02655,1364866.3,25368.97526,1371295.96
"SE14","SE","17","a","H14","SE17a",36375.67495,1966252.7,35895.6307833333,1940304.36666667,35676.00014,1928432.44
"SE24","SE","17","a","H24","SE17a",10578.56825,571814.5,10481.9217833333,566590.366666668,10400.46246,562187.160000001
"SE34","SE","17","a","H34","SE17a",33763.64515,1825061.9,33746.6522833333,1824143.36666667,33721.58836,1822788.56
"SE36","SE","17","a","H36","SE17a",30343.7222,1640201.2,30496.6555333333,1648467.86666667,30533.61434,1650465.64
"SE15","SE","17","a","H15","SE17a",7773.1746,420171.6,7920.7984333333,428151.266666666,8175.26396000002,441906.160000001
"SE44","SE","17","a","H44","SE17a",17018.31835,919909.1,17062.9249333333,922320.26666667,17094.78662,924042.520000002
"SE35","SE","17","a","H35","SE17a",33686.97745,1820917.7,33629.62745,1817817.7,33615.60852,1817059.92
"SE08","SE","17","a","H08","SE17a",27159.1877,1468064.2,27125.2019666667,1466227.13333333,27165.55947,1468408.62
"SE37","SE","17","a","H37","SE17a",23571.00725,1274108.5,23509.40965,1270778.9,23596.49729,1275486.34
"SE07","SE","17","a","H07","SE17a",29840.11705,1612979.3,29981.0371,1620596.6,29898.34395,1616126.7
"SE27","SE","17","a","H27","SE17a",29503.57615,1594787.9,29377.72435,1587985.1,29286.24296,1583040.16
"SE48","SE","17","a","H48","SE17a",15910.93425,860050.5,15858.8943666667,857237.533333336,15779.0285100001,852920.460000002
"SE26","SE","17","a","H26","SE17a",10889.8141,588638.6,10707.0760333333,578760.866666668,10628.55081,574516.260000001
"SE02","SE","17","a","H02","SE17a",35159.3647,1900506.2,35161.4885,1900621,35135.15005,1899197.3
"SE18","SE","17","a","H18","SE17a",29239.3277,1580504.2,29136.3098333333,1574935.66666667,28978.06552,1566381.92
"SE39","SE","17","a","H39","SE17a",34585.2727,1869474.2,34431.2762333333,1861150.06666667,34227.15155,1850116.3
"SE43","SE","17","a","H43","SE17a",36632.36245,1980127.7,36534.6547,1974846.2,36420.80348,1968692.08
"SE17","SE","17","a","H17","SE17a",19318.9099,1044265.4,19382.6319166666,1047709.83333333,19489.68562,1053496.52
"SE10","SE","17","a","H10","SE17a",32991.00005,1783297.3,32969.7595833333,1782149.16666667,33005.01972,1784055.12
"SE40","SE","17","a","H40","SE17a",14376.6127,777114.2,14413.7841333333,779123.46666667,14458.81486,781557.560000002
"SE50","SE","17","a","H50","SE17a",25268.6172,1365871.2,25015.8510833333,1352208.16666667,24971.35143,1349802.78
"SE06","SE","17","a","H06","SE17a",36020.6174,1947060.4,35737.3836333333,1931750.46666667,35694.75581,1929446.26
"SE09","SE","17","a","H09","SE17a",28932.8641,1563938.6,29000.83495,1567612.7,29036.09484,1569518.64
"SE03","SE","17","a","H03","SE17a",33627.43705,1817699.3,33540.3495333333,1812991.86666667,33454.11166,1808330.36
"SE22","SE","17","a","H22","SE17a",32611.65385,1762792.1,32628.6461,1763710.6,32595.08562,1761896.52
"SE13","SE","17","a","H13","SE17a",26624.9114,1439184.4,26894.6703833333,1453765.96666667,26957.54325,1457164.5
"SE46","SE","17","a","H46","SE17a",22818.0813,1233409.8,22879.6789,1236739.4,22913.6641400001,1238576.44
"SE25","SE","17","a","H25","SE17a",29412.58205,1589869.3,29602.68805,1600145.3,29687.5457,1604732.2
"TM01","TM","17","a","H01","TM17a",54618.0717,2952328.2,54112.53885,2925002.1,53631.64504,2899007.84
"TM28","TM","17","a","H28","TM17a",87205.8328,4713828.8,86855.3589333332,4694884.26666666,86308.61869,4665330.74
"TM29","TM","17","a","H29","TM17a",44098.4574,2383700.4,44391.5812666665,2399544.93333333,44799.40649,2421589.54
"TM19","TM","17","a","H19","TM17a",77711.5588,4200624.8,77860.2451499999,4208661.9,77798.2216799999,4205309.28
"TM49","TM","17","a","H49","TM17a",78908.9491,4265348.6,78930.1901833331,4266496.76666665,78985.41663,4269481.98
"TM53","TM","17","a","H53","TM17a",73509.2394,3973472.4,72719.0791166664,3930761.03333332,71579.71826,3869173.96
"TM20","TM","17","a","H20","TM17a",69858.13305,3776115.3,69951.5931999999,3781167.2,70120.6706199999,3790306.52
"TM30","TM","17","a","H30","TM17a",80165.27855,4333258.3,79731.9647666665,4309835.93333333,79530.6009,4298951.4
"TM11","TM","17","a","H11","TM17a",61284.2581,3312662.6,61169.5568666665,3306462.53333334,61054.85625,3300262.5
"TM47","TM","17","a","H47","TM17a",56413.0601,3049354.6,56319.5999499998,3044302.69999999,56229.53862,3039434.52
"TM41","TM","17","a","H41","TM17a",22654.99455,1224594.3,22962.9868666665,1241242.53333333,23325.03791,1260812.86
"TM51","TM","17","a","H51","TM17a",43249.7403,2337823.8,43196.6385166664,2334953.43333332,43179.64602,2334034.92
"TM12","TM","17","a","H12","TM17a",44277.2784,2393366.4,44498.1844333332,2405307.26666667,44665.98708,2414377.68
"TM31","TM","17","a","H31","TM17a",67183.3864,3631534.4,67446.7727499998,3645771.5,67682.9715,3658539
"TM22","TM","17","a","H22","TM17a",44895.58725,2426788.5,45244.9998333332,2445675.66666667,45671.72885,2468742.1
"TM04","TM","17","a","H04","TM17a",67980.507,3674622,68039.7156333333,3677822.46666667,67981.30287,3674665.02
"TM42","TM","17","a","H42","TM17a",67347.46475,3640403.5,66996.9902666665,3621458.93333333,66650.0203,3602703.8
"TM32","TM","17","a","H32","TM17a",62851.23585,3397364.1,62880.9733666665,3398971.53333333,62690.65511,3388684.06
"TM33","TM","17","a","H33","TM17a",52038.3059,2812881.4,52157.2553499998,2819311.1,52344.17491,2829414.86
"TM05","TM","17","a","H05","TM17a",68454.84515,3700261.9,68402.8052666667,3697448.93333334,68550.42947,3705428.62
"TM14","TM","17","a","H14","TM17a",73007.2345,3946337,73079.4529499999,3950240.7,73053.11413,3948816.98
"TM23","TM","17","a","H23","TM17a",70631.96955,3817944.3,70144.4914666665,3791594.13333333,69762.79293,3770961.78
"TM34","TM","17","a","H34","TM17a",78256.98875,4230107.5,77972.3606999998,4214722.2,77905.23974,4211094.04
"TM36","TM","17","a","H36","TM17a",47009.78575,2541069.5,47241.3107833331,2553584.36666666,47521.47799,2568728.54
"TM15","TM","17","a","H15","TM17a",72853.296,3938016,72806.5662333332,3935490.06666667,72919.5678099999,3941598.26
"TM44","TM","17","a","H44","TM17a",54955.79845,2970583.7,55146.9657333331,2980917.06666666,55361.07388,2992490.48
"TM35","TM","17","a","H35","TM17a",62951.8037,3402800.2,62936.9352499998,3401996.49999999,62842.20082,3396875.72
"TM16","TM","17","a","H16","TM17a",50334.71675,2720795.5,49943.8851333332,2699669.46666667,49660.53161,2684353.06
"TM37","TM","17","a","H37","TM17a",46150.5255,2494623,46129.2850333331,2493474.86666666,45985.48441,2485701.86
"TM07","TM","17","a","H07","TM17a",69329.8378,3747558.8,69287.35625,3745262.50000001,69303.71173,3746146.58
"TM27","TM","17","a","H27","TM17a",52719.32235,2849693.1,53040.0593166665,2867030.23333333,53249.49424,2878351.04
"TM08","TM","17","a","H08","TM17a",66794.87715,3610533.9,66803.3729666666,3610993.13333334,66738.80069,3607502.74
"TM26","TM","17","a","H26","TM17a",58088.9677,3139944.2,58288.6320333332,3150736.86666667,58417.77634,3157717.64
"TM02","TM","17","a","H02","TM17a",73536.3271,3974936.6,73583.05625,3977462.5,73500.64171,3973007.66
"TM18","TM","17","a","H18","TM17a",78360.73305,4235715.3,77953.9698499999,4213728.1,77881.5382799999,4209812.88
"TM48","TM","17","a","H48","TM17a",72892.3236,3940125.6,72781.8711999998,3934155.19999999,72532.92817,3920698.82
"TM43","TM","17","a","H43","TM17a",14492.51705,783379.3,14571.1087499998,787627.499999993,14573.4453,787753.8
"TM17","TM","17","a","H17","TM17a",7808.0212,422055.2,8316.73974999987,449553.500000001,8691.21674999996,469795.500000004
"TM10","TM","17","a","H10","TM17a",68859.8786,3722155.6,69102.0244833332,3735244.56666667,69193.7851,3740204.6
"TM39","TM","17","a","H39","TM17a",57672.7732,3117447.2,57803.4041666665,3124508.33333333,58001.58147,3135220.62
"TM50","TM","17","a","H50","TM17a",61776.11205,3339249.3,62045.8710333331,3353830.86666666,62297.36287,3367425.02
"TM06","TM","17","a","H06","TM17a",71590.19185,3869740.1,71561.51685,3868190.1,71386.91718,3858752.28
"TM09","TM","17","a","H09","TM17a",74927.07015,4050111.9,74578.7200833333,4031282.16666667,74475.91398,4025725.08
"TM40","TM","17","a","H40","TM17a",85393.11585,4615844.1,85152.0324833331,4602812.56666666,84860.39503,4587048.38
"TM21","TM","17","a","H21","TM17a",77465.2165,4187309,77220.9461999999,4174105.2,76882.79173,4155826.58
"TM03","TM","17","a","H03","TM17a",16972.72325,917444.5,17108.9307333333,924807.066666668,17365.73318,938688.280000001
"TM46","TM","17","a","H46","TM17a",73416.8467,3968478.2,73257.5401166665,3959867.03333332,73243.52094,3959109.24
"TM13","TM","17","a","H13","TM17a",70423.67805,3806685.3,70419.4298333332,3806455.66666667,70345.9366099999,3802483.06
"TM24","TM","17","a","H24","TM17a",61869.1097,3344276.2,61898.8465999998,3345883.6,61813.03361,3341245.06
"L142","L1","17","a","H42","L117a",78650.46895,4251376.7,78960.5856833334,4268139.76666667,78793.20755,4259092.3
"L102","L1","17","a","H02","L117a",87037.1609,4704711.4,86688.8102166667,4685881.63333333,86379.54325,4669164.5
"L151","L1","17","a","H51","L117a",61913.7169,3346687.4,61979.0317666668,3350217.93333333,61984.68697,3350523.61999999
"L139","L1","17","a","H39","L117a",62810.2047,3395146.2,62555.3141666667,3381368.33333333,62993.72581,3405066.26
"L141","L1","17","a","H41","L117a",73222.69105,3957983.3,73381.9976333334,3966594.46666667,73607.57541,3978787.86
"L129","L1","17","a","H29","L117a",66791.87275,3610371.5,66902.32515,3616341.9,67062.05674,3624976.04
"L123","L1","17","a","H23","L117a",78990.39905,4269751.3,78657.9787166666,4251782.63333333,78377.38675,4236615.5
"L134","L1","17","a","H34","L117a",41055.4997,2219216.2,41166.3510833334,2225208.16666667,41393.42921,2237482.66
"L107","L1","17","a","H07","L117a",81319.2549,4395635.4,81939.4883666666,4429161.53333333,82053.33971,4435315.66
"L104","L1","17","a","H04","L117a",63209.29225,3416718.5,63616.5191833333,3438730.76666667,63953.49212,3456945.52
"L113","L1","17","a","H13","L117a",89108.9463,4816699.8,88947.5152999999,4807973.8,88915.2291,4806228.6
"L114","L1","17","a","H14","L117a",78380.24315,4236769.9,78223.0603666666,4228273.53333333,78078.19772,4220443.12
"L111","L1","17","a","H11","L117a",64748.58475,3499923.5,64483.6043166666,3485600.23333333,64169.98245,3468647.7
"L101","L1","17","a","H01","L117a",52270.8953,2825453.8,51965.0267833333,2808920.36666667,51220.74613,2768688.98
"L132","L1","17","a","H32","L117a",77868.85875,4209127.5,78280.9314500001,4231401.7,78495.88924,4243021.04
"L105","L1","17","a","H05","L117a",65695.24825,3551094.5,65652.7667,3548798.2,65552.50965,3543378.9
"L140","L1","17","a","H40","L117a",97613.52765,5276406.9,97415.9877333334,5265729.06666667,96774.93819,5231077.74
"L131","L1","17","a","H31","L117a",85961.4451,4646564.6,85634.3355000001,4628883,85339.5121,4612946.6
"L112","L1","17","a","H12","L117a",80413.6059,4346681.4,80320.1463666666,4341629.53333333,80242.82944,4337450.24
"L116","L1","17","a","H16","L117a",79628.0182,4304217.2,79647.9981999999,4305297.2,79536.01881,4299244.26
"L128","L1","17","a","H28","L117a",77874.04245,4209407.7,78119.9722,4222701.2,78220.13638,4228115.48
"L115","L1","17","a","H15","L117a",24316.3556,1314397.6,24597.9965166666,1329621.43333333,24868.4326,1344239.6
"L148","L1","17","a","H48","L117a",74215.17905,4011631.3,74368.1130000001,4019898,74337.52621,4018244.66
"L144","L1","17","a","H44","L117a",55766.27605,3014393.3,56284.5529333334,3042408.26666667,56388.20831,3048011.26
"L120","L1","17","a","H20","L117a",17359.24745,938337.7,17813.2719833333,962879.566666667,18069.75586,976743.559999998
"L125","L1","17","a","H25","L117a",90630.1421,4898926.6,89933.44135,4861267.1,89608.03116,4843677.36
"L137","L1","17","a","H37","L117a",63973.1443,3458007.8,64007.1294166667,3459844.83333333,64016.47537,3460350.02
"L143","L1","17","a","H43","L117a",49775.1491,2690548.6,49231.3829166667,2661155.83333333,49321.44437,2666024.02
"L117","L1","17","a","H17","L117a",75378.5164,4074514.4,75548.4432166666,4083699.63333333,75607.91788,4086914.48
"L150","L1","17","a","H50","L117a",49716.59475,2687383.5,49702.2578666668,2686608.53333333,49849.53686,2694569.55999999
"L119","L1","17","a","H19","L117a",59031.26705,3190879.3,58766.8175666666,3176584.73333333,58620.89265,3168696.9
"L127","L1","17","a","H27","L117a",77790.41135,4204887.1,77374.5547833334,4182408.36666667,77250.60059,4175708.14
"L122","L1","17","a","H22","L117a",65420.8618,3536262.8,65903.5607166666,3562354.63333333,66096.9591,3572808.6
"L146","L1","17","a","H46","L117a",66766.7923,3609015.8,66639.3470333334,3602126.86666667,66511.90189,3595237.94
"L126","L1","17","a","H26","L117a",43498.87055,2351290.3,43944.9289833333,2375401.56666667,44143.74392,2386148.32
"L153","L1","17","a","H53","L117a",68693.99465,3713188.9,68014.2861500001,3676447.9,67409.3454,3643748.39999999
"L133","L1","17","a","H33","L117a",74017.4381,4000942.6,74051.4232166667,4002779.63333333,74027.63345,4001493.7
"L149","L1","17","a","H49","L117a",74704.06375,4038057.5,74381.2023666668,4020605.53333333,74204.47791,4011052.86
"L110","L1","17","a","H10","L117a",16558.5212,895055.2,17106.0052666666,924648.933333331,17657.73755,954472.300000002
"L130","L1","17","a","H30","L117a",68396.498,3697108,68362.5128833334,3695270.96666667,68335.32442,3693801.32
"L121","L1","17","a","H21","L117a",92365.76955,4992744.3,91676.5027166666,4955486.63333333,91506.78791,4946312.86
"L147","L1","17","a","H47","L117a",46745.33195,2526774.7,46847.2885333334,2532285.86666667,46959.44059,2538348.14
"L135","L1","17","a","H35","L117a",73165.34475,3954883.5,72799.6034500001,3935113.7,72633.69878,3926145.88
"L118","L1","17","a","H18","L117a",57899.59615,3129707.9,57882.6038999999,3128789.4,57858.81401,3127503.46
"L109","L1","17","a","H09","L117a",82106.8221,4438206.6,82181.1649666666,4442225.13333333,81981.28813,4431420.98
"L136","L1","17","a","H36","L117a",65888.6121,3561546.6,66143.5026333334,3575324.46666667,66069.58465,3571328.9
"L124","L1","17","a","H24","L117a",73496.89805,3972805.3,74071.4642666666,4003862.93333333,74308.72467,4016687.82
"L106","L1","17","a","H06","L117a",77535.11505,4191087.3,76923.3780166666,4158020.43333333,76755.15024,4148927.04
"L103","L1","17","a","H03","L117a",64119.5163,3465919.8,64043.6471833333,3461818.76666667,63961.56478,3457381.88
"L108","L1","17","a","H08","L117a",66898.8268,3616152.8,66516.491,3595486,66552.17565,3597414.9
"TB01","TB","17","a","H01","TB17a",57394.19835,3102389.1,56179.2201,3036714.6,55100.18355,2978388.3
"TB27","TB","17","a","H27","TB17a",45710.24955,2470824.3,46092.5853500002,2491491.10000001,46332.18255,2504442.3
"TB28","TB","17","a","H28","TB17a",79442.0192,4294163.2,79327.3185833335,4287963.16666667,79355.35669,4289478.74
"TB19","TB","17","a","H19","TB17a",90952.7303,4916363.8,90816.7879833335,4909015.56666667,90702.93664,4902861.44
"TB49","TB","17","a","H49","TB17a",56404.2948,3048880.8,55845.6595500002,3018684.30000001,55641.53462,3007650.52
"TB22","TB","17","a","H22","TB17a",64411.24095,3481688.7,64572.6713333335,3490414.66666667,64645.73992,3494364.32
"TB20","TB","17","a","H20","TB17a",46048.37405,2489101.3,46600.6372833335,2518953.36666667,46639.72063,2521065.98
"TB30","TB","17","a","H30","TB17a",62579.63365,3382682.9,62596.6259000002,3383601.40000001,62508.26361,3378825.06
"TB11","TB","17","a","H11","TB17a",83504.5452,4513759.2,82400.0859500001,4454058.7,81891.20793,4426551.78
"TB47","TB","17","a","H47","TB17a",66866.7589,3614419.4,66917.7368833336,3617174.96666667,66938.1282,3618277.2
"TB41","TB","17","a","H41","TB17a",49025.00925,2650000.5,49755.6951166668,2689497.03333334,49917.12587,2698223.02
"TB51","TB","17","a","H51","TB17a",66863.5695,3614247,65580.0900666669,3544869.73333334,64388.90183,3480481.18
"TB12","TB","17","a","H12","TB17a",30722.07125,1660652.5,31300.8856833335,1691939.76666667,31728.25221,1715040.66
"TB31","TB","17","a","H31","TB17a",60916.46145,3292781.7,60907.9656333335,3292322.46666667,60676.86536,3279830.56
"TB16","TB","17","a","H16","TB17a",58967.53825,3187434.5,59044.0055333334,3191567.86666667,59189.29331,3199421.26
"TB04","TB","17","a","H04","TB17a",65611.82435,3546585.1,65575.7148166667,3544633.23333333,65522.61254,3541762.84
"TB42","TB","17","a","H42","TB17a",58292.0755,3150923,57994.7034166668,3134848.83333334,57802.68575,3124469.5
"TB32","TB","17","a","H32","TB17a",44465.86555,2403560.3,44482.8578000002,2404478.8,44863.49382,2425053.72
"TB33","TB","17","a","H33","TB17a",76577.0944,4139302.4,76543.1086666669,4137465.33333334,76322.20362,4125524.52
"TB05","TB","17","a","H05","TB17a",39687.85575,2145289.5,39764.3230333333,2149422.86666666,39986.07797,2161409.62
"TB14","TB","17","a","H14","TB17a",63354.65415,3424575.9,63125.2523000001,3412175.80000001,62977.41584,3404184.64
"TB23","TB","17","a","H23","TB17a",56842.9853,3072593.8,56681.5549166669,3063867.83333334,56695.14921,3064602.66
"TB34","TB","17","a","H34","TB17a",81279.8314,4393504.4,81483.7439500002,4404526.7,81616.2871999999,4411691.2
"TB36","TB","17","a","H36","TB17a",70332.4749,3801755.4,70315.4820333336,3800836.86666667,70832.0603699999,3828760.02
"TB15","TB","17","a","H15","TB17a",48853.7677,2640744.2,49049.1838166668,2651307.23333334,49190.22313,2658930.98
"TB44","TB","17","a","H44","TB17a",54964.1549,2971035.4,55261.5269833335,2987109.56666667,55338.84391,2991288.86
"TB35","TB","17","a","H35","TB17a",64756.54715,3500353.9,64612.1096333336,3492546.46666667,64119.3209399999,3465909.24
"TB08","TB","17","a","H08","TB17a",34485.88145,1864101.7,34634.5678000001,1872138.8,34587.83791,1869612.86
"TB37","TB","17","a","H37","TB17a",70110.4453,3789753.8,69813.0726000002,3773679.6,69412.04477,3752002.42
"TB07","TB","17","a","H07","TB17a",82803.188,4475848,82556.7939000001,4462529.4,82742.01479,4472541.34
"TB26","TB","17","a","H26","TB17a",55094.9906,2978107.6,55158.7132333335,2981552.06666667,55059.30595,2976178.7
"TB48","TB","17","a","H48","TB17a",65206.37835,3524669.1,65529.2397333336,3542121.06666667,65522.44271,3541753.66
"TB25","TB","17","a","H25","TB17a",81883.59185,4426140.1,81371.6869833335,4398469.56666667,81217.0535,4390111
"TB02","TB","17","a","H02","TB17a",67907.61885,3670682.1,68128.52365,3682622.9,67940.75383,3672473.18
"TB18","TB","17","a","H18","TB17a",50821.99935,2747135.1,50728.5404333335,2742083.26666667,51240.02091,2769730.86
"TB39","TB","17","a","H39","TB17a",45680.57925,2469220.5,46062.9156666669,2489887.33333334,46473.28945,2512069.7
"TB43","TB","17","a","H43","TB17a",25652.94915,1386645.9,25593.4747333335,1383431.06666667,25721.76952,1390365.92
"TB17","TB","17","a","H17","TB17a",79124.99765,4277026.9,79184.4714500001,4280241.7,78439.3414,4239964.39999999
"TB10","TB","17","a","H10","TB17a",16788.9387,907510.2,17086.2448000001,923580.800000003,17400.55647,940570.619999999
"TB40","TB","17","a","H40","TB17a",41924.3115,2266179,41338.0631500002,2234489.9,41151.99311,2224432.06
"TB50","TB","17","a","H50","TB17a",4329.1665,234009,4718.4052666669,255048.933333339,5083.96094999998,274808.700000003
"TB06","TB","17","a","H06","TB17a",83146.5036,4494405.6,83121.0143,4493027.8,82700.44455,4470294.3
"TB09","TB","17","a","H09","TB17a",54379.1146,2939411.6,54578.7783166668,2950204.23333334,54593.22176,2950984.96
"TB03","TB","17","a","H03","TB17a",42647.7725,2305285,42972.7583,2322851.8,43310.48875,2341107.5
"TB21","TB","17","a","H21","TB17a",90412.28055,4887150.3,89970.4703333335,4863268.66666667,90040.14047,4867034.62
"TB13","TB","17","a","H13","TB17a",79581.01155,4301676.3,79427.0150833335,4293352.16666667,79204.41038,4281319.48
"TB46","TB","17","a","H46","TB17a",54205.0703,2930003.8,54001.1583666669,2918981.53333334,53832.93059,2909888.14
"TB24","TB","17","a","H24","TB17a",43125.091,2331086,43458.5726166669,2349112.03333334,43592.81466,2356368.36
"H51","TB","18","a","H51","TB18a",62737.7291,3391228.6,61097.9328833333,3302590.96666667,60173.52994,3252623.24
"H38","TB","18","a","H38","TB18a",62478.8623,3377235.8,62521.3438500002,3379532.1,62292.7918899999,3367177.94
"H15","TB","18","a","H15","TB18a",55307.07275,2989571.5,55128.6495000002,2979927,55235.70382,2985713.72
"H17","TB","18","a","H17","TB18a",60534.71765,3272146.9,60500.7325333334,3270309.86666667,60463.34835,3268289.1
"H34","TB","18","a","H34","TB18a",61440.9679,3321133.4,60812.2380000001,3287148,60426.5037499999,3266297.5
"H14","TB","18","a","H14","TB18a",53207.01195,2876054.7,53827.2454166669,2909580.83333333,53925.80318,2914908.28
"H46","TB","18","a","H46","TB18a",64040.0514,3461624.4,63887.1168333333,3453357.66666667,63948.29029,3456664.34
"H19","TB","18","a","H19","TB18a",34428.95325,1861024.5,34898.3765666669,1886398.73333333,34966.77193,1890095.78
"H41","TB","18","a","H41","TB18a",69812.15685,3773630.1,69197.2328833334,3740390.96666667,68912.3927,3724994.2
"H44","TB","18","a","H44","TB18a",54918.76885,2968582.1,54884.7837333336,2966745.06666667,54946.80708,2970097.68
"H49","TB","18","a","H49","TB18a",30608.17045,1654495.7,31035.1116000001,1677573.6,31344.80345,1694313.7
"H42","TB","18","a","H42","TB18a",60131.47685,3250350.1,60309.9001,3259994.6,60279.31368,3258341.28
"H31","TB","18","a","H31","TB18a",15421.47975,833593.5,16231.8198333334,877395.666666668,16759.65579,905927.34
"H03","TB","18","a","H03","TB18a",69941.56805,3780625.3,69189.641716667,3739980.63333334,68345.9541499999,3694375.9
"H45","TB","18","a","H45","TB18a",50900.0527,2751354.2,50866.0669666667,2749517.13333333,50841.42768,2748185.28
"H36","TB","18","a","H36","TB18a",52949.3347,2862126.2,53153.2466333336,2873148.46666667,53178.73581,2874526.26
"H39","TB","18","a","H39","TB18a",50896.6672,2751171.2,50871.1785166667,2749793.43333333,50929.80366,2752962.36
"H27","TB","18","a","H27","TB18a",63000.5845,3405437,63051.5624833335,3408192.56666666,63010.7802199999,3405988.12
"H61","TB","18","a","H61","TB18a",69942.5689,3780679.4,69473.1455833336,3755305.16666667,69328.28269,3747474.74
"H18","TB","18","a","H18","TB18a",61811.3638,3341154.8,61998.2834833333,3351258.56666667,62025.4717,3352728.2
"H48","TB","18","a","H48","TB18a",49240.673,2661658,48756.3806166668,2635480.03333333,48552.46819,2624457.74
"H20","TB","18","a","H20","TB18a",73841.8028,3991448.8,73782.3283833335,3988233.96666666,73734.74848,3985662.08
"H05","TB","18","a","H05","TB18a",80181.60295,4334140.7,79833.2528833335,4315310.96666666,79959.8486299999,4322153.98
"H16","TB","18","a","H16","TB18a",63092.39445,3410399.7,62795.0217500001,3394325.5,62730.44935,3390835.1
"H11","TB","18","a","H11","TB18a",36035.1584,1947846.4,36969.7574333334,1998365.26666667,37299.41621,2016184.66
"H47","TB","18","a","H47","TB18a",54685.1712,2955955.2,54948.5587833334,2970192.36666667,54940.06272,2969733.12
"H40","TB","18","a","H40","TB18a",83154.2625,4494825,82294.0069500001,4448324.7,81953.72794,4429931.24
"H33","TB","18","a","H33","TB18a",81211.33885,4389802.1,81194.3459833334,4388883.56666667,81298.00099,4394486.54
"H37","TB","18","a","H37","TB18a",68757.5366,3716623.6,68468.6603333334,3701008.66666667,68181.48323,3685485.58
"H29","TB","18","a","H29","TB18a",27574.5756,1490517.6,27922.9262833334,1509347.36666667,28216.90004,1525237.84
"H39","RS","18","a","H39","RS18a",24411.3457,1319532.2,24555.7844500001,1327339.7,24717.21508,1336065.68
"H31","RS","18","a","H31","RS18a",36535.7795,1974907,37062.5534333334,2003381.26666666,37351.4297,2018996.2
"H61","RS","18","a","H61","RS18a",59064.51525,3192676.5,58611.0229000001,3168163.39999999,58152.6447,3143386.2
"H40","RS","18","a","H40","RS18a",51822.8179,2801233.4,52094.7013000001,2815929.79999999,52029.27938,2812393.48
"H17","RS","18","a","H17","RS18a",22522.17565,1217414.9,22723.9644000001,1228322.4,22867.55289,1236083.94
"H03","RS","18","a","H03","RS18a",15328.2786,828555.6,15111.6207833334,816844.366666657,14590.3691,788668.600000003
"H14","RS","18","a","H14","RS18a",43517.3798,2352290.8,43287.9779500001,2339890.69999999,43104.45684,2329970.64
"H47","RS","18","a","H47","RS18a",13417.00845,725243.7,14044.6764500001,759171.699999996,14668.52124,792893.040000002
"H11","RS","18","a","H11","RS18a",9720.69735,525443.1,9576.25921666677,517635.633333327,9583.05623999999,518003.040000001
"H05","RS","18","a","H05","RS18a",15267.74475,825283.5,15599.1025666668,843194.733333326,15930.46026,861105.960000001
"H27","RS","18","a","H27","RS18a",5374.41835,290509.1,5574.08268333346,301301.766666661,5789.89024,312967.040000001
"H41","RS","18","a","H41","RS18a",21880.5605,1182733,21498.2247000001,1162066.2,21026.67672,1136577.12
"H36","RS","18","a","H36","RS18a",7150.08535,386491.1,7745.89203333342,418696.866666658,8098.91557000003,437779.220000002
"H38","RS","18","a","H38","RS18a",33160.27135,1792447.1,33041.3225166668,1786017.43333333,32981.84847,1782802.62
"H33","RS","18","a","H33","RS18a",57571.6226,3111979.6,56587.1081000001,3058762.6,56337.95269,3045294.74
"H37","RS","18","a","H37","RS18a",35789.4229,1934563.4,35509.0430666668,1919407.73333333,35488.65175,1918305.5
"H18","RS","18","a","H18","RS18a",26680.47245,1442187.7,26557.2754000001,1435528.4,26480.38348,1431372.08
"H29","RS","18","a","H29","RS18a",38492.4542,2080673.2,37978.4249166668,2052887.83333333,37852.67869,2046090.74
"H48","RS","18","a","H48","RS18a",34174.4543,1847267.8,34131.9727500001,1844971.5,33899.17282,1832387.72
"H34","RS","18","a","H34","RS18a",33551.76465,1813608.9,33694.0789833334,1821301.56666666,33709.79757,1822151.22
"H42","RS","18","a","H42","RS18a",39677.51055,2144730.3,39543.69265,2137496.9,39455.75549,2132743.54
"H46","RS","18","a","H46","RS18a",38530.7011,2082740.6,38318.2927333333,2071259.06666667,38154.41924,2062401.04
"H44","RS","18","a","H44","RS18a",33718.0445,1822597,33231.6283166668,1796304.23333332,33001.8022,1783881.2
"H20","RS","18","a","H20","RS18a",22759.93395,1230266.7,22725.9488333335,1228429.66666666,22657.97786,1224755.56
"H16","RS","18","a","H16","RS18a",19892.2212,1075255.2,19709.5491166667,1065381.03333333,19652.62363,1062303.98
"H51","RS","18","a","H51","RS18a",6364.29785,344016.1,6636.71158333333,358741.166666667,6817.2056,368497.6
"H15","RS","18","a","H15","RS18a",32073.3908,1733696.8,32168.9747500001,1738863.49999999,32139.66224,1737279.04
"H45","RS","18","a","H45","RS18a",39725.89175,2147345.5,40337.6281666667,2180412.33333333,40296.84541,2178207.86
"H49","RS","18","a","H49","RS18a",16880.13445,912439.7,16984.2142166668,918065.633333328,17056.00803,921946.380000001
"H19","RS","18","a","H19","RS18a",16394.84615,886207.9,16401.2181666667,886552.333333326,16532.48652,893647.920000002
"H47","GT","18","a","H47","GT18a",79233.9275,4282915,79646.0008166669,4305189.23333334,79473.5250699999,4295866.22
"H15","GT","18","a","H15","GT18a",63245.51155,3418676.3,63215.7746500002,3417068.9,63153.7511799998,3413716.28
"H46","GT","18","a","H46","GT18a",73403.90225,3967778.5,74045.3774166667,4002452.83333334,73806.63023,3989547.58
"H17","GT","18","a","H17","GT18a",70710.4262,3822185.2,70846.3679,3829533.4,70687.48583,3820945.18
"H45","GT","18","a","H45","GT18a",68194.99045,3686215.7,68407.3988166668,3697697.23333334,68791.4341499999,3718455.9
"H51","GT","18","a","H51","GT18a",64309.0895,3476167,63744.0816166667,3445626.03333334,63113.65206,3411548.76
"H61","GT","18","a","H61","GT18a",60567.38125,3273912.5,60493.0390000002,3269893.99999999,60517.6784099998,3271225.86
"H20","GT","18","a","H20","GT18a",84728.4127,4579914.2,84371.5655833336,4560625.16666667,84244.1204399999,4553736.24
"H38","GT","18","a","H38","GT18a",38779.2153,2096173.8,39153.0546666669,2116381.33333333,39379.4825799999,2128620.68
"H49","GT","18","a","H49","GT18a",50551.3758,2732506.8,51158.8646166669,2765344.03333333,51449.8649299999,2781073.78
"H31","GT","18","a","H31","GT18a",78862.54925,4262840.5,78764.8408833335,4257558.96666667,78628.0491699999,4250164.82
"H27","GT","18","a","H27","GT18a",79308.6083,4286951.8,79733.4262666669,4309914.93333333,79935.6395299999,4320845.38
"H19","GT","18","a","H19","GT18a",52913.8961,2860210.6,52909.6472666669,2859980.93333333,52800.4692699998,2854079.42
"H36","GT","18","a","H36","GT18a",37807.82655,2043666.3,37916.1545333335,2049521.86666666,38329.0769999998,2071842
"H29","GT","18","a","H29","GT18a",49081.16785,2653036.1,48758.3058500003,2635584.1,48800.7873999999,2637880.4
"H18","GT","18","a","H18","GT18a",46028.2664,2488014.4,46121.7259333334,2493066.26666667,46414.4254099999,2508887.86
"H44","GT","18","a","H44","GT18a",82300.97405,4448701.3,82500.6377666669,4459493.93333333,82345.5793999998,4451112.4
"H11","GT","18","a","H11","GT18a",66028.0133,3569081.8,65953.6704333336,3565063.26666667,66184.1340599999,3577520.76
"H34","GT","18","a","H34","GT18a",22117.9266,1195563.6,21877.9045166669,1182589.43333333,21429.7217899999,1158363.34
"H40","GT","18","a","H40","GT18a",68780.632,3717872,68404.6688333336,3697549.66666667,68068.2132799999,3679362.88
"H39","GT","18","a","H39","GT18a",65198.8322,3524261.2,65317.7816500001,3530690.90000001,65229.41973,3525914.58
"H48","GT","18","a","H48","GT18a",65096.4606,3518727.6,65136.8183500002,3520909.1,65243.6599199999,3526684.32
"H14","GT","18","a","H14","GT18a",65988.5861,3566950.6,66141.5206666669,3575217.33333333,66144.0697199999,3575355.12
"H33","GT","18","a","H33","GT18a",65529.7824,3542150.4,65257.8990000002,3527454,65450.7659399999,3537879.24
"H37","GT","18","a","H37","GT18a",78420.6675,4238955,78437.6603666668,4239873.53333333,78502.2328899999,4243363.94
"H16","GT","18","a","H16","GT18a",87334.6816,4720793.6,86943.8493666668,4699667.53333334,86617.1642799999,4682008.88
"H42","GT","18","a","H42","GT18a",75684.38245,4091047.7,75013.1703833333,4054765.96666667,75294.3998599999,4069967.56
"H03","GT","18","a","H03","GT18a",73806.36605,3989533.3,72616.8771000002,3925236.59999999,71853.9049099998,3883994.86
"H05","GT","18","a","H05","GT18a",75290.301,4069746,74997.1771333336,4053901.46666666,74850.6148299999,4045979.18
"H20","L1","18","a","H20","L118a",22665.33605,1225153.3,22771.5408500001,1230894.1,22808.07465,1232868.9
"H61","L1","18","a","H61","L118a",29543.8118,1596962.8,29696.7463666668,1605229.53333333,29748.999,1608054
"H42","L1","18","a","H42","L118a",74743.8776,4040209.6,74650.4180666667,4035157.73333333,74432.91184,4023400.64
"H22","L1","18","a","H22","L118a",134428.2853,7266393.8,134504.752583333,7270527.16666666,134550.6332,7273007.2
"H48","L1","18","a","H48","L118a",45253.22185,2446120.1,45117.28015,2438771.9,45181.85255,2442262.3
"H39","L1","18","a","H39","L118a",27105.62835,1465169.1,27378.57365,1479922.9,27547.86345,1489073.7
"H17","L1","18","a","H17","L118a",60488.3215,3269639,60683.737,3280202,61089.86232,3302154.72
"H44","L1","18","a","H44","L118a",74524.2271,4028336.6,73982.5847166668,3999058.63333333,73813.08266,3989896.36
"H34","L1","18","a","H34","L118a",85260.29695,4608664.7,85115.8588166667,4600857.23333333,84956.97724,4592269.04
"H19","L1","18","a","H19","L118a",48711.96335,2633079.1,48711.9633500001,2633079.1,48755.29479,2635421.34
"H16","L1","18","a","H16","L118a",52280.0528,2825948.8,52584.8594166667,2842424.83333333,52865.02687,2857569.02
"H05","L1","18","a","H05","L118a",43296.3492,2340343.2,43168.9039333334,2333454.26666666,43627.70714,2358254.44
"H14","L1","18","a","H14","L118a",69057.4216,3732833.6,68959.7132333334,3727552.06666666,68664.89008,3711615.68
"H11","L1","18","a","H11","L118a",48211.7548,2606040.8,48322.2072,2612011.2,48423.31377,2617476.42
"H49","L1","18","a","H49","L118a",50649.9475,2737835,50794.3856333334,2745642.46666666,50833.46861,2747755.06
"H38","L1","18","a","H38","L118a",79768.596,4311816,79420.2453166668,4292986.23333333,78998.82617,4270206.82
"H35","L1","18","a","H35","L118a",153063.5943,8273707.8,152519.8275,8244315,151207.99102,8173404.92
"H46","L1","18","a","H46","L118a",59692.98615,3226647.9,59726.9712666666,3228484.93333333,59820.4308,3233536.8
"H40","L1","18","a","H40","L118a",76072.8769,4112047.4,75979.4173666667,4106995.53333333,75769.55756,4095651.76
"H33","L1","18","a","H33","L118a",74287.0719,4015517.4,74193.61175,4010465.5,74287.07153,4015517.38
"H15","L1","18","a","H15","L118a",49306.9807,2665242.2,49617.0980500001,2682005.3,49732.64831,2688251.26
"H37","L1","18","a","H37","L118a",61524.01625,3325622.5,61507.0233833334,3324703.96666666,61534.2116,3326173.6
"H36","L1","18","a","H36","L118a",59654.5524,3224570.4,59794.7417000001,3232148.2,59729.74454,3228634.84
"H54","L1","18","a","H54","L118a",36280.091,1961086,36645.4333166667,1980834.23333333,36703.20857,1983957.22
"H31","L1","18","a","H31","L118a",69141.0564,3737354.4,69073.0861666667,3733680.33333333,69084.98105,3734323.3
"H47","L1","18","a","H47","L118a",63800.90375,3448697.5,63690.4519666667,3442727.13333333,63647.97017,3440430.82
"H29","L1","18","a","H29","L118a",60217.09855,3254978.3,60234.0908000001,3255896.8,60352.18999,3262280.54
"H18","L1","18","a","H18","L118a",77469.81005,4187557.3,76926.0438666667,4158164.53333333,76338.09623,4126383.58
"H03","L1","18","a","H03","L118a",9680.0621,523246.6,9898.84248333342,535072.566666664,10013.32998,541261.080000002
"H45","L1","18","a","H45","L118a",44834.85175,2423505.5,44758.3844666667,2419372.13333333,44567.21669,2409038.74
"H35","SE","18","a","H35","SE18a",55888.5518,3021002.8,55030.42005,2974617.3,54032.94815,2920699.9
"H44","SE","18","a","H44","SE18a",56316.0794,3044112.4,56217.3091333333,3038773.46666666,56197.55508,3037705.68
"H47","SE","18","a","H47","SE18a",57888.6312,3129115.2,57565.7698166666,3111663.23333333,57506.2954,3108448.4
"H29","SE","18","a","H29","SE18a",49193.6793,2659117.8,49078.9780666666,2652917.73333333,48966.82601,2646855.46
"H14","SE","18","a","H14","SE18a",43890.9762,2372485.2,43958.9464333333,2376159.26666666,43906.26867,2373311.82
"H03","SE","18","a","H03","SE18a",15649.298,845908,15499.54975,837813.499999995,15438.17674,834496.040000001
"H27","SE","18","a","H27","SE18a",52796.01225,2853838.5,52933.0164666666,2861244.13333333,52853.36336,2856938.56
"H48","SE","18","a","H48","SE18a",43415.43185,2346780.1,43485.5271166666,2350569.03333333,43463.86152,2349397.92
"H54","SE","18","a","H54","SE18a",48800.1954,2637848.4,49174.0347666666,2658055.93333333,49269.19371,2663199.66
"H36","SE","18","a","H36","SE18a",44227.88155,2390696.3,44398.8708833333,2399938.96666666,44341.30801,2396827.46
"H61","SE","18","a","H61","SE18a",57542.5369,3110407.4,57500.05535,3108111.1,57463.52118,3106136.28
"H42","SE","18","a","H42","SE18a",51721.6747,2795766.2,51221.9829166667,2768755.83333333,50935.97452,2753295.92
"H31","SE","18","a","H31","SE18a",55886.54825,3020894.5,56030.987,3028701.99999999,56121.0487,3033570.2
"H34","SE","18","a","H34","SE18a",48771.7165,2636309,48792.9569666666,2637457.13333333,48730.93362,2634104.52
"H15","SE","18","a","H15","SE18a",57053.0861,3083950.6,56415.8597666667,3049505.93333333,56145.67553,3034901.38
"H17","SE","18","a","H17","SE18a",18167.53095,982028.7,18413.9256666667,995347.333333332,18626.33465,1006828.9
"H39","SE","18","a","H39","SE18a",42787.76755,2312852.3,42598.72345,2302633.7,42560.915,2300590
"H05","SE","18","a","H05","SE18a",36905.9682,1994917.2,37142.8045833333,2007719.16666666,37241.15009,2013035.14
"H49","SE","18","a","H49","SE18a",32229.3125,1742125,32454.4661333333,1754295.46666666,32767.13192,1771196.32
"H18","SE","18","a","H18","SE18a",52166.74585,2819824.1,52122.1398833333,2817412.96666666,52314.58231,2827815.26
"H46","SE","18","a","H46","SE18a",41099.11345,2221573.7,41397.0171,2237676.6,41568.74964,2246959.44
"H16","SE","18","a","H16","SE18a",52529.96375,2839457.5,52625.5477,2844624.2,52450.94729,2835186.34
"H20","SE","18","a","H20","SE18a",55605.783,3005718,55417.8008,2995556.8,55604.50835,3005649.1
"H33","SE","18","a","H33","SE18a",57814.7607,3125122.2,57874.2351166666,3128337.03333333,57886.13,3128980
"H11","SE","18","a","H11","SE18a",58211.8447,3146586.2,57980.31905,3134071.3,57923.8182,3131017.2
"H37","SE","18","a","H37","SE18a",54760.4514,2960024.4,54624.5090833333,2952676.16666666,54541.24453,2948175.38
"H45","SE","18","a","H45","SE18a",53955.75505,2916527.3,53955.75505,2916527.3,53879.28789,2912393.94
"H38","SE","18","a","H38","SE18a",49055.8802,2651669.2,49209.8766666667,2659993.33333333,49215.18703,2660280.38
"H40","SE","18","a","H40","SE18a",29756.8763,1608479.8,29667.6649833333,1603657.56666666,29486.69268,1593875.28
"H19","SE","18","a","H19","SE18a",9821.6463,530899.8,10169.9963666667,549729.533333331,10512.3993,568237.800000001
"H35","TM","18","a","H35","TM18a",77546.47405,4191701.3,76339.9916166667,4126486.03333333,75548.13143,4083682.78
"H15","TM","18","a","H15","TM18a",63550.99095,3435188.7,63262.1146833332,3419573.76666666,62799.06326,3394543.96
"H44","TM","18","a","H44","TM18a",32937.0411,1780380.6,33005.0119499999,1784054.69999999,33100.17114,1789198.44
"H29","TM","18","a","H29","TM18a",52116.15945,2817089.7,51725.3272166666,2795963.63333333,51405.01464,2778649.44
"H14","TM","18","a","H14","TM18a",43672.91115,2360697.9,43617.6849499999,2357712.7,43769.76938,2365933.48
"H45","TM","18","a","H45","TM18a",52535.93555,2839780.3,52416.9861,2833350.6,52510.44588,2838402.48
"H27","TM","18","a","H27","TM18a",65866.9042,3560373.2,65093.7367833333,3518580.36666667,64900.86972,3508155.12
"H03","TM","18","a","H03","TM18a",41733.15285,2255846.1,40849.5317999999,2208082.79999999,40030.48352,2163809.92
"H54","TM","18","a","H54","TM18a",66861.18485,3614118.1,67056.6009666666,3624681.13333333,66917.26094,3617149.24
"H36","TM","18","a","H36","TM18a",46226.7936,2498745.6,46065.3625999999,2490019.59999999,45844.45706,2478078.76
"H49","TM","18","a","H49","TM18a",63790.54005,3448137.3,63440.0661833333,3429192.76666667,63043.71133,3407768.18
"H42","TM","18","a","H42","TM18a",30744.3841,1661858.6,30935.552,1672192,30999.27451,1675636.46
"H31","TM","18","a","H31","TM18a",33710.6704,1822198.4,33804.13055,1827250.3,33919.68081,1833496.26
"H34","TM","18","a","H34","TM18a",29118.26925,1573960.5,29887.1890666666,1615523.73333333,30428.40632,1644778.72
"H20","TM","18","a","H20","TM18a",45621.6253,2466033.8,46666.6761166666,2522523.03333333,46908.82237,2535612.02
"H17","TM","18","a","H17","TM18a",58202.4689,3146079.4,58138.7462666666,3142634.93333333,58085.2196,3139741.6
"H39","TM","18","a","H39","TM18a",56678.51105,3063703.3,56890.9200333333,3075184.86666667,57045.55364,3083543.44
"H05","TM","18","a","H05","TM18a",55094.39305,2978075.3,54863.9292999999,2965617.8,54589.70972,2950795.12
"H19","TM","18","a","H19","TM18a",60978.99145,3296161.7,61140.4224499999,3304887.69999999,61498.96873,3324268.58
"H18","TM","18","a","H18","TM18a",56663.95525,3062916.5,56680.9475,3063835,56720.0306,3065947.6
"H48","TM","18","a","H48","TM18a",43774.06175,2366165.5,43952.4856166666,2375810.03333333,44554.0273,2408325.8
"H16","TM","18","a","H16","TM18a",67337.9021,3639886.6,67244.4425666666,3634834.73333333,67123.7942,3628313.2
"H40","TM","18","a","H40","TM18a",21187.3766,1145263.6,21737.5147999999,1175000.8,22140.6668,1196792.8
"H33","TM","18","a","H33","TM18a",68778.83195,3717774.7,68761.8390833333,3716856.16666667,68671.77763,3711987.98
"H11","TM","18","a","H11","TM18a",58701.89305,3173075.3,57962.7101333333,3133119.46666667,57656.84174,3116586.04
"H47","TM","18","a","H47","TM18a",78310.73865,4233012.9,78123.8189666666,4222909.13333333,78117.02219,4222541.74
"H37","TM","18","a","H37","TM18a",62101.30505,3356827.3,61863.4067666667,3343967.93333333,61280.55699,3312462.54
"H38","TM","18","a","H38","TM18a",16031.02145,866541.7,16410.1715499999,887036.299999995,16854.31844,911044.239999999
"H46","TM","18","a","H46","TM18a",64676.28675,3496015.5,64684.7838,3496474.8,64676.28749,3496015.54
"H16","N3","18","a","H16","N318a",80570.3194,4355152.4,80765.7355166667,4365715.43333333,81123.4320299999,4385050.38
"H36","N3","18","a","H36","N318a",43096.62135,2329547.1,43122.1106499999,2330924.90000001,43264.8492499998,2338640.5
"H35","N3","18","a","H35","N318a",58772.99595,3176918.7,57766.1784666667,3122496.13333333,56927.58802,3077166.92
"H38","N3","18","a","H38","N318a",78849.6048,4262140.8,79716.2323666666,4308985.53333334,79986.4164799998,4323590.08
"H42","N3","18","a","H42","N318a",35341.1827,1910334.2,35681.03695,1928704.7,35901.94212,1940645.52
"H61","N3","18","a","H61","N318a",52397.13375,2832277.5,52571.3093999999,2841692.40000001,52683.8859699998,2847777.62
"H29","N3","18","a","H29","N318a",70908.97005,3832917.3,70692.31285,3821206.1,70776.4267999999,3825752.8
"H14","N3","18","a","H14","N318a",65565.8241,3544098.6,65676.2765,3550069,65471.5144299999,3539000.78
"H17","N3","18","a","H17","N318a",63633.03105,3439623.3,63743.4828333334,3445593.66666667,63643.22566,3440174.36
"H03","N3","18","a","H03","N318a",63417.17675,3427955.5,62813.9349166665,3395347.83333334,62033.1199699998,3353141.62000001
"H11","N3","18","a","H11","N318a",81116.7391,4384688.6,80441.2794333333,4348177.26666667,80382.6546599999,4345008.36
"H05","N3","18","a","H05","N318a",77194.2026,4172659.6,77041.2686499999,4164392.9,77214.5944099998,4173761.86
"H47","N3","18","a","H47","N318a",56018.1702,3028009.2,56060.65175,3030305.5,56364.8209799999,3046747.08
"H27","N3","18","a","H27","N318a",70671.7908,3820096.8,71028.6379166667,3839385.83333334,70890.9969299999,3831945.78
"H37","N3","18","a","H37","N318a",37803.06095,2043408.7,38312.8420166667,2070964.43333333,38396.9557199999,2075511.12
"H40","N3","18","a","H40","N318a",40516.6428,2190088.8,40775.78155,2204096.3,40705.2621399999,2200284.44
"H33","N3","18","a","H33","N318a",71064.68455,3841334.3,70789.7474166667,3826472.83333333,70775.7815199999,3825717.92
"H39","N3","18","a","H39","N318a",68827.21685,3720390.1,68653.5727666667,3711003.93333333,68453.5235099999,3700190.46
"H49","N3","18","a","H49","N318a",64469.392,3484832,64537.3628499999,3488506.1,64688.5977599998,3496680.96
"H44","N3","18","a","H44","N318a",72229.21515,3904281.9,71931.8430666665,3888207.73333334,71951.3847399998,3889264.04000001
"H46","N3","18","a","H46","N318a",70292.24295,3799580.7,70130.8125666667,3790854.73333333,69965.98361,3781945.06
"H20","N3","18","a","H20","N318a",68692.82175,3713125.5,68174.54425,3685110.5,68221.2737699999,3687636.42
"H31","N3","18","a","H31","N318a",78457.1236,4240925.6,78448.6271666667,4240466.33333333,78347.5203499999,4235001.1
"H48","N3","18","a","H48","N318a",73024.162,3947252,73448.97935,3970215.1,73584.9210499999,3977563.3
"H34","N3","18","a","H34","N318a",50090.1782,2707577.2,50136.9079666666,2710103.13333334,50044.2978299999,2705097.18
"H18","N3","18","a","H18","N318a",75540.60415,4083275.9,75018.07905,4055031.3,74717.30827,4038773.42
"H54","N3","18","a","H54","N318a",73973.2342,3998553.2,73650.3734333334,3981101.26666667,73155.0365499999,3954326.3
"H19","N3","18","a","H19","N318a",67057.52905,3624731.3,67095.7623833333,3626797.96666667,66875.2822199998,3614880.12
"H45","N3","18","a","H45","N318a",1419.6197,76736.2,1842.71161666672,99606.0333333337,2161.23178999994,116823.339999998
"H15","N3","18","a","H15","N318a",71296.4692,3853863.2,70378.8630333333,3804262.86666667,70075.5431999998,3787867.2
"H48","CB","18","a","H48","CB18a",48341.1771,2613036.6,48309.3157833333,2611314.36666667,48176.77278,2604149.88
"H45","CB","18","a","H45","CB18a",15698.86505,848587.3,15756.2156666666,851687.333333332,15830.77153,855717.38
"H15","CB","18","a","H15","CB18a",26421.7888,1428204.8,26429.2233333333,1428606.66666667,26424.65667,1428359.82
"H20","CB","18","a","H20","CB18a",30898.72035,1670201.1,30873.2316666666,1668823.33333333,30884.70179,1669443.34
"H42","CB","18","a","H42","CB18a",22765.7078,1230578.8,22774.2036166667,1231038.03333333,22875.30994,1236503.24
"H31","CB","18","a","H31","CB18a",17144.98045,926755.7,17127.9875833333,925837.166666666,17091.45329,923862.34
"H54","CB","18","a","H54","CB18a",19267.1358,1041466.8,19339.3548666666,1045370.53333333,19476.14621,1052764.66
"H49","CB","18","a","H49","CB18a",33419.14,1806440,33395.7751166666,1805177.03333333,33313.3607,1800722.2
"H14","CB","18","a","H14","CB18a",16178.77725,874528.5,16176.0559,874381.4,16200.36342,875695.32
"H16","CB","18","a","H16","CB18a",32312.56805,1746625.3,32306.1294333333,1746277.26666667,32220.72776,1741660.96
"H18","CB","18","a","H18","CB18a",42809.07955,2314004.3,42768.7218,2311822.8,42724.96523,2309457.58
"H03","CB","18","a","H03","CB18a",21872.0024,1182270.4,21784.9148833333,1177562.96666667,21683.38343,1172074.78
"H46","CB","18","a","H46","CB18a",37852.84445,2046099.7,37857.0926666667,2046329.33333333,37776.37766,2041966.36
"H40","CB","18","a","H40","CB18a",14544.68705,786199.3,14599.9132499999,789184.5,14710.36602,795154.920000001
"H61","CB","18","a","H61","CB18a",28861.77785,1560096.1,28874.7216833333,1560795.76666667,28917.77476,1563122.96
"H27","CB","18","a","H27","CB18a",21896.49455,1183594.3,21914.5493166666,1184570.23333333,21919.43492,1184834.32
"H29","CB","18","a","H29","CB18a",33678.20845,1820443.7,33709.00725,1822108.5,33712.61771,1822303.66
"H47","CB","18","a","H47","CB18a",28286.87555,1529020.3,28229.5249333333,1525920.26666667,28164.52765,1522406.9
"H11","CB","18","a","H11","CB18a",37051.3412,2002775.2,37025.8525166666,2001397.43333333,37084.47729,2004566.34
"H37","CB","18","a","H37","CB18a",32911.94215,1779023.9,32928.9350166666,1779942.43333333,32974.39038,1782399.48
"H38","CB","18","a","H38","CB18a",6641.2928,358988.8,6674.21601666663,360768.433333334,6713.61817999998,362898.280000001
"H17","CB","18","a","H17","CB18a",34596.0212,1870055.2,34613.0140666667,1870973.73333333,34634.25515,1872121.9
"H19","CB","18","a","H19","CB18a",18228.8529,985343.4,18254.3415833333,986721.166666667,18268.36002,987478.920000001
"H44","CB","18","a","H44","CB18a",31931.0222,1726001.2,31926.7739833333,1725771.56666667,31899.16113,1724278.98
"H39","CB","18","a","H39","CB18a",4645.37775,251101.5,4665.62291666664,252195.833333333,4688.15159999999,253413.6
"H35","CB","18","a","H35","CB18a",29044.57635,1569977.1,28670.7369833333,1549769.56666667,28323.23545,1530985.7
"H05","CB","18","a","H05","CB18a",28662.05,1549300,28590.4284833333,1545428.56666667,28459.49165,1538350.9
"H36","CB","18","a","H36","CB18a",26992.90415,1459075.9,26920.4859,1455161.4,26841.32329,1450882.34
"H33","CB","18","a","H33","CB18a",32017.84455,1730694.3,31982.7969166666,1728799.83333333,31932.45595,1726078.7
"H19","HS","18","a","H19","HS18a",31183.082,1685572,31264.8600166667,1689992.43333334,31354.49671,1694837.66
"H03","HS","18","a","H03","HS18a",49207.01595,2659838.7,49219.7606,2660527.6,49170.05665,2657840.9
"H54","HS","18","a","H54","HS18a",31580.94115,1707077.9,31731.7519166667,1715229.83333333,31851.12588,1721682.48
"H27","HS","18","a","H27","HS18a",46139.56795,2494030.7,45884.6774166667,2480252.83333334,45833.69931,2477497.26
"H29","HS","18","a","H29","HS18a",33468.72185,1809120.1,33400.751,1805446,33354.02111,1802920.06
"H20","HS","18","a","H20","HS18a",19596.50055,1059270.3,19806.7851166666,1070637.03333334,19845.01882,1072703.72
"H05","HS","18","a","H05","HS18a",67078.8318,3625882.8,66843.05855,3613138.3,66713.06423,3606111.58
"H61","HS","18","a","H61","HS18a",33655.10565,1819194.9,33522.34965,1812018.9,33401.48915,1805485.9
"H46","HS","18","a","H46","HS18a",39651.01485,2143298.1,39721.1101166667,2147087.03333333,39774.63703,2149980.38
"H39","HS","18","a","H39","HS18a",50569.48545,2733485.7,50571.6098666667,2733600.53333333,50587.32833,2734450.18
"H40","HS","18","a","H40","HS18a",42460.978,2295188,42484.3428833333,2296450.96666667,42490.60871,2296789.66
"H31","HS","18","a","H31","HS18a",45475.46605,2458133.3,45469.0940333333,2457788.86666667,45449.97712,2456755.52
"H36","HS","18","a","H36","HS18a",32314.55495,1746732.7,32435.6275833333,1753277.16666667,32523.56462,1758030.52
"H49","HS","18","a","H49","HS18a",33047.3677,1786344.2,33066.4843666666,1787377.53333334,33075.92356,1787887.76
"H48","HS","18","a","H48","HS18a",50014.91095,2703508.7,50008.5389333333,2703164.26666667,49932.07165,2699030.9
"H33","HS","18","a","H33","HS18a",40000.8998,2162210.8,39957.9526666667,2159889.33333333,39929.17123,2158333.58
"H47","HS","18","a","H47","HS18a",44243.6306,2391547.6,44135.302,2385692,44058.83484,2381558.64
"H11","HS","18","a","H11","HS18a",46355.635,2505710,46525.5618166666,2514895.23333334,46665.32685,2522450.1
"H45","HS","18","a","H45","HS18a",18633.1038,1007194.8,18746.1449666667,1013305.13333333,18831.002,1017892
"H35","HS","18","a","H35","HS18a",32488.98775,1756161.5,32259.5859,1743761.4,32009.79298,1730259.08
"H42","HS","18","a","H42","HS18a",61338.22445,3315579.7,61172.5452333333,3306624.06666667,61073.13795,3301250.7
"H18","HS","18","a","H18","HS18a",65032.14165,3515250.9,64925.9374666666,3509510.13333333,64853.7184,3505606.4
"H14","HS","18","a","H14","HS18a",34920.61665,1887600.9,35050.1857166666,1894604.63333334,35120.70525,1898416.5
"H37","HS","18","a","H37","HS18a",47773.06615,2582327.9,47596.7667,2572798.2,47533.46895,2569376.7
"H44","HS","18","a","H44","HS18a",38862.839,2100694,38712.02885,2092542.1,38635.98682,2088431.72
"H38","HS","18","a","H38","HS18a",32606.6718,1762522.8,32700.13195,1767574.7,32730.29435,1769205.1
"H15","HS","18","a","H15","HS18a",22043.6565,1191549,22075.5172,1193271.2,22108.01541,1195027.86
"H17","HS","18","a","H17","HS18a",48302.7674,2610960.4,48455.70135,2619227.1,48572.95102,2625564.92
"H16","HS","18","a","H16","HS18a",52960.2904,2862718.4,52977.2832666666,2863636.93333333,52944.99719,2861891.74
"H34","HS","18","a","H34","HS18a",50892.89505,2750967.3,50890.77125,2750852.5,50878.03992,2750164.32
"H03","RS","19","a","H03","RS19a",32517.86995,1757722.7,32517.86995,1757722.7,32517.86995,1757722.7
"H65","RS","19","a","H65","RS19a",27709.0003,1497783.8,27709.0003,1497783.8,27709.0003,1497783.8
"H38","RS","19","a","H38","RS19a",48419.25635,2617257.1,48419.25635,2617257.1,48419.25635,2617257.1
"H42","RS","19","a","H42","RS19a",32326.88705,1747399.3,32326.88705,1747399.3,32326.88705,1747399.3
"H41","RS","19","a","H41","RS19a",17805.90405,962481.3,17805.9040500001,962481.300000002,17805.90405,962481.300000001
"H51","RS","19","a","H51","RS19a",38527.5117,2082568.2,38527.5117,2082568.2,38527.5117,2082568.2
"H40","RS","19","a","H40","RS19a",47295.33325,2556504.5,47295.3332500001,2556504.5,47295.33325,2556504.5
"H44","RS","19","a","H44","RS19a",10548.09875,570167.5,10548.09875,570167.500000002,10548.09875,570167.500000001
"H47","RS","19","a","H47","RS19a",60740.03435,3283245.1,60740.03435,3283245.1,60740.03435,3283245.1
"H46","RS","19","a","H46","RS19a",39928.6092,2158303.2,39928.6092,2158303.2,39928.6092,2158303.2
"H34","RS","19","a","H34","RS19a",24053.89425,1300210.5,24053.89425,1300210.5,24053.89425,1300210.5
"H37","RS","19","a","H37","RS19a",42357.03575,2289569.5,42357.03575,2289569.5,42357.03575,2289569.5
"H17","RS","19","a","H17","RS19a",39873.25165,2155310.9,39873.25165,2155310.9,39873.25165,2155310.9
"H02","RS","19","a","H02","RS19a",21277.58445,1150139.7,21277.58445,1150139.7,21277.58445,1150139.7
"H14","RS","19","a","H14","RS19a",10294.1955,556443,10294.1955,556442.999999999,10294.1955,556443
"H28","RS","19","a","H28","RS19a",14556.429,786834,14556.429,786834.000000001,14556.429,786834.000000002
"H36","RS","19","a","H36","RS19a",44849.77755,2424312.3,44849.77755,2424312.3,44849.77755,2424312.3
"H23","RS","19","a","H23","RS19a",11905.57325,643544.5,11905.57325,643544.500000002,11905.57325,643544.500000003
"H31","RS","19","a","H31","RS19a",34820.03215,1882163.9,34820.03215,1882163.9,34820.03215,1882163.9
"H15","RS","19","a","H15","RS19a",47719.09425,2579410.5,47719.09425,2579410.5,47719.09425,2579410.5
"H20","RS","19","a","H20","RS19a",13304.87255,719182.3,13304.87255,719182.300000002,13304.87255,719182.300000003
"H25","RS","19","a","H25","RS19a",15250.2271,824336.6,15250.2271,824336.600000001,15250.2271,824336.600000003
"H54","RS","19","a","H54","RS19a",36269.33325,1960504.5,36269.33325,1960504.5,36269.33325,1960504.5
"H11","RS","19","a","H11","RS19a",28227.54605,1525813.3,28227.54605,1525813.3,28227.54605,1525813.3
"H35","RS","19","a","H35","RS19a",27306.3441,1476018.6,27306.3441,1476018.6,27306.3441,1476018.6
"H05","RS","19","a","H05","RS19a",43973.6046,2376951.6,43973.6046,2376951.6,43973.6046,2376951.6
"H68","RS","19","a","H68","RS19a",24864.38295,1344020.7,24864.38295,1344020.7,24864.38295,1344020.7
"H57","RS","19","a","H57","RS19a",24131.77185,1304420.1,24131.77185,1304420.1,24131.77185,1304420.1
"H16","RS","19","a","H16","RS19a",19985.41495,1080292.7,19985.41495,1080292.7,19985.41495,1080292.7
"H70","RS","19","a","H70","RS19a",53302.7957,2881232.2,53302.7957,2881232.2,53302.7957,2881232.2
"H60","RS","19","a","H60","RS19a",37364.7719,2019717.4,37364.7719,2019717.4,37364.7719,2019717.4
"H52","RS","19","a","H52","RS19a",43224.26395,2336446.7,43224.26395,2336446.7,43224.26395,2336446.7
"H27","RS","19","a","H27","RS19a",37282.72255,2015282.3,37282.72255,2015282.3,37282.72255,2015282.3
"H50","RS","19","a","H50","RS19a",18895.35425,1021370.5,18895.35425,1021370.5,18895.35425,1021370.5
"H18","RS","19","a","H18","RS19a",29597.97425,1599890.5,29597.97425,1599890.5,29597.97425,1599890.5
"H48","RS","19","a","H48","RS19a",22641.05665,1223840.9,22641.05665,1223840.9,22641.05665,1223840.9
"H46","N3","19","a","H46","N319a",33451.19495,1808172.7,33451.19495,1808172.7,33451.19495,1808172.7
"H37","N3","19","a","H37","N319a",23525.60455,1271654.3,23525.60455,1271654.3,23525.6045500001,1271654.3
"H31","N3","19","a","H31","N319a",66940.43885,3618402.1,66940.43885,3618402.1,66940.43885,3618402.1
"H01","N3","19","a","H01","N319a",17791.9495,961727,17791.9495,961726.999999999,17791.9495,961727
"H18","N3","19","a","H18","N319a",34662.51945,1873649.7,34662.51945,1873649.7,34662.51945,1873649.7
"H23","N3","19","a","H23","N319a",55904.27125,3021852.5,55904.27125,3021852.5,55904.27125,3021852.5
"H15","N3","19","a","H15","N319a",14883.21115,804497.9,14883.21115,804497.9,14883.21115,804497.9
"H20","N3","19","a","H20","N319a",60306.91605,3259833.3,60306.91605,3259833.3,60306.91605,3259833.3
"H52","N3","19","a","H52","N319a",33887.5082,1831757.2,33887.5082000001,1831757.2,33887.5082,1831757.2
"H36","N3","19","a","H36","N319a",39836.41445,2153319.7,39836.41445,2153319.7,39836.4144500001,2153319.7
"H47","N3","19","a","H47","N319a",62972.72165,3403930.9,62972.7216500001,3403930.9,62972.72165,3403930.9
"H48","N3","19","a","H48","N319a",46464.7591,2511608.6,46464.7591000001,2511608.6,46464.7591,2511608.6
"H40","N3","19","a","H40","N319a",51897.31185,2805260.1,51897.31185,2805260.1,51897.3118500001,2805260.1
"H28","N3","19","a","H28","N319a",18336.38045,991155.7,18336.38045,991155.700000003,18336.38045,991155.700000002
"H27","N3","19","a","H27","N319a",6505.08655,351626.3,6505.08655000003,351626.300000003,6505.08655000004,351626.300000002
"H35","N3","19","a","H35","N319a",55378.36065,2993424.9,55378.36065,2993424.9,55378.3606500001,2993424.9
"H50","N3","19","a","H50","N319a",57638.526,3115596,57638.5260000001,3115596,57638.526,3115596
"H60","N3","19","a","H60","N319a",15605.8748,843560.8,15605.8748000001,843560.800000002,15605.8748,843560.800000002
"H34","N3","19","a","H34","N319a",52673.14265,2847196.9,52673.14265,2847196.9,52673.1426500001,2847196.9
"H68","N3","19","a","H68","N319a",23248.21,1256660,23248.2100000001,1256660,23248.21,1256660
"H33","N3","19","a","H33","N319a",49932.4731,2699052.6,49932.4731,2699052.6,49932.4731000001,2699052.6
"H38","N3","19","a","H38","N319a",48424.6343,2617547.8,48424.6343,2617547.8,48424.6343000001,2617547.8
"H11","N3","19","a","H11","N319a",48881.6287,2642250.2,48881.6287,2642250.2,48881.6287,2642250.2
"H03","N3","19","a","H03","N319a",46182.3899,2496345.4,46182.3899,2496345.4,46182.3899,2496345.4
"H44","N3","19","a","H44","N319a",28171.3819,1522777.4,28171.3819,1522777.4,28171.3819,1522777.4
"H14","N3","19","a","H14","N319a",61833.6711,3342360.6,61833.6711,3342360.6,61833.6711,3342360.6
"H16","N3","19","a","H16","N319a",52574.9576,2841889.6,52574.9576,2841889.6,52574.9576,2841889.6
"H65","N3","19","a","H65","N319a",51234.19415,2769415.9,51234.1941500001,2769415.9,51234.19415,2769415.9
"H17","N3","19","a","H17","N319a",58920.53715,3184893.9,58920.53715,3184893.9,58920.53715,3184893.9
"H02","N3","19","a","H02","N319a",23898.18715,1291793.9,23898.18715,1291793.9,23898.18715,1291793.9
"H42","N3","19","a","H42","N319a",53718.38895,2903696.7,53718.38895,2903696.7,53718.38895,2903696.7
"H57","N3","19","a","H57","N319a",53755.2354,2905688.4,53755.2354000001,2905688.4,53755.2354,2905688.4
"H54","N3","19","a","H54","N319a",25875.173,1398658,25875.1730000001,1398658,25875.173,1398658
"H70","N3","19","a","H70","N319a",52437.3583,2834451.8,52437.3583000001,2834451.8,52437.3583,2834451.8
"H25","N3","19","a","H25","N319a",42482.08835,2296329.1,42482.08835,2296329.1,42482.08835,2296329.1
"H51","N3","19","a","H51","N319a",43394.73035,2345661.1,43394.7303500001,2345661.1,43394.73035,2345661.1
"H05","N3","19","a","H05","N319a",56661.57985,3062788.1,56661.57985,3062788.1,56661.57985,3062788.1
"H41","N3","19","a","H41","N319a",49588.75235,2680473.1,49588.75235,2680473.1,49588.7523500001,2680473.1
"H39","N3","19","a","H39","N319a",36527.2066,1974443.6,36527.2066,1974443.6,36527.2066000001,1974443.6
"H52","HS","19","a","H52","HS19a",36855.38735,1992183.1,36965.83975,1998153.5,37008.32167,2000449.82
"H14","HS","19","a","H14","HS19a",64095.02415,3464595.9,63950.5866333333,3456788.46666667,63757.29444,3446340.24
"H27","HS","19","a","H27","HS19a",43187.43045,2334455.7,43382.84595,2345018.70000001,43493.29798,2350989.08
"H11","HS","19","a","H11","HS19a",27658.01985,1495028.1,27912.9103833333,1508805.96666667,28250.64071,1527061.66
"H51","HS","19","a","H51","HS19a",62720.4094,3390292.4,62699.1683166666,3389144.23333334,62649.03973,3386434.58
"H57","HS","19","a","H57","HS19a",40447.95785,2186376.1,40525.4870333333,2190566.86666667,40569.03073,2192920.58
"H60","HS","19","a","H60","HS19a",12101.5271,654136.6,12264.55095,662948.700000004,12441.16934,672495.640000003
"H20","HS","19","a","H20","HS19a",50109.9066,2708643.6,50054.6804,2705658.40000001,50130.2980399999,2709745.84
"H18","HS","19","a","H18","HS19a",54375.72355,2939228.3,54273.7675833333,2933717.16666667,53985.74133,2918148.18
"H65","HS","19","a","H65","HS19a",34417.40555,1860400.3,34300.0495666666,1854056.73333334,34316.08623,1854923.58
"H39","HS","19","a","H39","HS19a",55497.66345,2999873.7,55389.33485,2994018.1,55196.89193,2983615.78
"H67","HS","19","a","H67","HS19a",64071.92505,3463347.3,63961.4720333333,3457376.86666667,63834.87604,3450533.84
"H31","HS","19","a","H31","HS19a",76097.7742,4113393.2,75987.3218,4107422.80000001,75924.44881,4104024.26
"H03","HS","19","a","H03","HS19a",64407.67045,3481495.7,64428.9115333333,3482643.86666667,64677.85481,3496100.26
"H23","HS","19","a","H23","HS19a",44775.3169,2420287.4,44868.7764333333,2425339.26666667,44800.8054599999,2421665.16
"H48","HS","19","a","H48","HS19a",34623.3013,1871529.8,34665.78285,1873826.1,34656.43702,1873320.92
"H28","HS","19","a","H28","HS19a",55920.9971,3022756.6,56065.4352333333,3030564.06666667,56048.44286,3029645.56
"H17","HS","19","a","H17","HS19a",34201.3422,1848721.2,34333.0350666667,1855839.73333334,34774.84516,1879721.36
"H54","HS","19","a","H54","HS19a",61851.9898,3343350.8,61758.5302666666,3338298.93333334,61632.78404,3331501.84
"H42","HS","19","a","H42","HS19a",63988.2847,3458826.2,63903.3209833333,3454233.56666667,63723.19857,3444497.22
"H47","HS","19","a","H47","HS19a",60757.1487,3284170.2,60723.1635833333,3282333.16666667,60660.29047,3278934.62
"H01","HS","19","a","H01","HS19a",83056.0978,4489518.8,81930.3308666667,4428666.53333334,80043.29066,4326664.36
"H44","HS","19","a","H44","HS19a",43422.80225,2347178.5,43257.1230333333,2338222.86666667,43111.83501,2330369.46
"H37","HS","19","a","H37","HS19a",49464.89115,2673777.9,49575.34355,2679748.3,49617.82547,2682044.62
"H36","HS","19","a","H36","HS19a",64533.50745,3488297.7,64588.73365,3491282.9,64660.95284,3495186.64
"H40","HS","19","a","H40","HS19a",63148.5401,3413434.6,63042.3359166666,3407693.83333334,62970.11722,3403790.12
"H05","HS","19","a","H05","HS19a",66130.56805,3574625.3,66164.5531666667,3576462.33333334,66273.30628,3582340.88
"H46","HS","19","a","H46","HS19a",57107.83315,3086909.9,57341.4825999999,3099539.60000001,57576.83183,3112261.18
"H70","HS","19","a","H70","HS19a",86892.9904,4696918.4,86315.2378666666,4665688.53333334,85073.07103,4598544.38
"H16","HS","19","a","H16","HS19a",69387.18225,3750658.5,69378.6864333333,3750199.26666667,69162.879,3738534
"H38","HS","19","a","H38","HS19a",34217.64995,1849602.7,34287.7452166666,1853391.63333334,34538.81254,1866962.84
"H34","HS","19","a","H34","HS19a",47492.48405,2567161.3,47292.8197166666,2556368.63333334,47144.55862,2548354.52
"H50","HS","19","a","H50","HS19a",60014.18685,3244010.1,59869.7493333333,3236202.66666667,59792.43253,3232023.38
"H33","HS","19","a","H33","HS19a",38390.7079,2075173.4,38577.6275833333,2085277.16666667,38692.75296,2091500.16
"H68","HS","19","a","H68","HS19a",57589.7267,3112958.2,57678.93925,3117780.5,57768.15106,3122602.76
"H15","HS","19","a","H15","HS19a",70046.72205,3786309.3,69978.7505833333,3782635.16666667,69847.90699,3775562.54
"H35","HS","19","a","H35","HS19a",61215.55095,3308948.7,61177.3176166667,3306882.03333334,61169.67058,3306468.68
"H25","HS","19","a","H25","HS19a",66838.4835,3612891,66575.09715,3598653.90000001,66588.69169,3599388.74
"H41","HS","19","a","H41","HS19a",47531.31185,2569260.1,47658.7571166666,2576149.03333334,47862.66942,2587171.32
"H47","L1","19","a","H47","L119a",51568.94795,2787510.7,51726.1307333334,2796007.06666666,51752.4698,2797430.8
"H70","L1","19","a","H70","L119a",79816.3926,4314399.6,79170.6692166667,4279495.63333332,78414.49331,4238621.26
"H18","L1","19","a","H18","L119a",72796.15505,3934927.3,72787.6592333334,3934468.06666666,72752.82435,3932585.1
"H31","L1","19","a","H31","L119a",68094.6113,3680789.8,68043.6327000001,3678034.2,68020.6927,3676794.2
"H35","L1","19","a","H35","L119a",61119.1752,3303739.2,61144.6638833334,3305116.96666666,61126.82162,3304152.52
"H20","L1","19","a","H20","L119a",52159.57155,2819436.3,52490.9287500001,2837347.5,52633.66772,2845063.12
"H01","L1","19","a","H01","L119a",69794.61515,3772681.9,69025.6953333333,3731118.66666667,68206.6473,3686845.8
"H05","L1","19","a","H05","L119a",58763.42405,3176401.3,58788.9133500001,3177779.1,58592.6479599999,3167170.16
"H37","L1","19","a","H37","L119a",55624.69185,3006740.1,55318.8233333334,2990206.66666666,54898.2542,2967473.2
"H57","L1","19","a","H57","L119a",59401.65555,3210900.3,59061.8019166667,3192529.83333333,58973.44012,3187753.52
"H36","L1","19","a","H36","L119a",66919.5246,3617271.6,67046.9698666668,3624160.53333333,67136.18143,3628982.78
"H46","L1","19","a","H46","L119a",48418.4516,2617213.6,48337.7354833334,2612850.56666666,48301.20119,2610875.74
"H41","L1","19","a","H41","L119a",29263.03175,1581785.5,29681.4770833334,1604404.16666666,29934.6687,1618090.2
"H28","L1","19","a","H28","L119a",67220.2199,3633525.4,67016.9055166667,3622535.43333333,66841.4690299999,3613052.38
"H17","L1","19","a","H17","L119a",67472.72825,3647174.5,67549.1955333334,3651307.86666666,67610.36899,3654614.54
"H27","L1","19","a","H27","L119a",365.81345,19773.7,763.881033333406,41290.8666666644,1148.80559999996,62097.5999999973
"H38","L1","19","a","H38","L119a",77711.96025,4200646.5,77401.8429,4183883.39999999,77446.87338,4186317.48
"H44","L1","19","a","H44","L119a",67520.71355,3649768.3,67469.7355666667,3647012.73333333,67485.0289,3647839.4
"H50","L1","19","a","H50","L119a",75726.39595,4093318.7,75751.8852500001,4094696.49999999,75792.66776,4096900.96
"H40","L1","19","a","H40","L119a",85412.44095,4616888.7,85157.5504166668,4603110.83333332,84977.85227,4593397.42
"H34","L1","19","a","H34","L119a",42820.4145,2314617,42905.3788333334,2319209.66666666,42921.09742,2320059.32
"H25","L1","19","a","H25","L119a",61028.16815,3298819.9,60654.9923166667,3278648.23333333,60417.46613,3265808.98
"H39","L1","19","a","H39","L119a",29633.41285,1601806.1,29977.5153166667,1620406.23333332,30326.71552,1639281.92
"H33","L1","19","a","H33","L119a",70424.27005,3806717.3,70509.2331500001,3811309.9,70540.24433,3812986.18
"H14","L1","19","a","H14","L119a",61918.49175,3346945.5,62088.4198,3356130.8,62165.7364799999,3360310.08
"H23","L1","19","a","H23","L119a",74429.8401,4023234.6,74302.3948333334,4016345.66666666,74182.59611,4009870.06
"H16","L1","19","a","H16","L119a",72405.65335,3913819.1,72040.3098000001,3894070.8,71992.73039,3891498.94
"H42","L1","19","a","H42","L119a",76749.3516,4148613.6,76704.7462500001,4146202.49999999,76578.57514,4139382.44
"H48","L1","19","a","H48","L119a",69571.1814,3760604.4,69418.2468333334,3752337.66666666,69413.14885,3752062.1
"H03","L1","19","a","H03","L119a",69982.40125,3782832.5,69829.4666833334,3774565.76666667,69854.95549,3775943.54
"H54","L1","19","a","H54","L119a",71054.33195,3840774.7,71683.06185,3874760.09999999,71831.74783,3882797.18
"H68","L1","19","a","H68","L119a",49273.51975,2663433.5,49205.5495166667,2659759.43333333,49265.87407,2663020.22
"H65","L1","19","a","H65","L119a",33863.40825,1830454.5,34271.2327333334,1852499.06666666,34413.97121,1860214.66
"H11","L1","19","a","H11","L119a",75035.80575,4055989.5,74908.3598666667,4049100.53333333,75040.9028699999,4056265.02
"H52","L1","19","a","H52","L119a",67059.7102,3624849.2,66617.8999833334,3600967.56666666,66447.97292,3591782.32
"H02","L1","19","a","H02","L119a",72107.154,3897684,72311.0659333334,3908706.26666667,72339.10367,3910221.82
"H67","L1","19","a","H67","L119a",66491.79535,3594151.1,66151.9411000001,3575780.59999999,66048.2856,3570177.6
"H15","L1","19","a","H15","L119a",75461.5518,4079002.8,75665.4637333334,4090025.06666666,75642.5236099999,4088785.06
"H02","L1","19","b","H02","L119b",65749.62345,3554033.7,65749.62345,3554033.7,65780.21061,3555687.06
"H27","L1","19","b","H27","L119b",497.0358,26866.8,788.699399999937,42632.399999999,955.679289999949,51658.3399999968
"H57","L1","19","b","H57","L119b",61475.4297,3322996.2,61254.5249,3311055.4,61001.3339,3297369.4
"H41","L1","19","b","H41","L119b",31442.9441,1699618.6,31570.3899833332,1706507.56666667,31725.87385,1714912.1
"H44","L1","19","b","H44","L119b",46516.94575,2514429.5,46499.9534999999,2513511,46782.03262,2528758.52
"H34","L1","19","b","H34","L119b",45070.83035,2436261.1,45555.1227333333,2462439.06666667,45269.64541,2447007.86
"H03","L1","19","b","H03","L119b",58128.98505,3142107.3,58230.9416333333,3147618.46666667,58266.62616,3149547.36
"H31","L1","19","b","H31","L119b",82943.38655,4483426.3,82769.2108999999,4474011.4,82507.52285,4459866.1
"H35","L1","19","b","H35","L119b",56212.5349,3038515.4,56042.6080833333,3029330.16666667,56370.56708,3047057.68
"H47","L1","19","b","H47","L119b",55689.4067,3010238.2,55536.4727499999,3001971.5,55363.14736,2992602.56
"H11","L1","19","b","H11","L119b",78389.20825,4237254.5,77454.6098333333,4186735.66666667,77178.47834,4171809.64
"H65","L1","19","b","H65","L119b",26557.8045,1435557,27282.11835,1474709.1,27906.17552,1508441.92
"H46","L1","19","b","H46","L119b",50936.1018,2753302.8,51021.0648999999,2757895.4,51068.64431,2760467.26
"H28","L1","19","b","H28","L119b",56545.6866,3056523.6,56631.4470499999,3061159.3,56666.8397699999,3063072.42
"H54","L1","19","b","H54","L119b",66303.2156,3583957.6,66243.7411833333,3580742.76666667,66496.93206,3594428.76
"H15","L1","19","b","H15","L119b",79067.6532,4273927.2,79144.1211,4278060.6,79001.3825,4270345
"H25","L1","19","b","H25","L119b",53472.46105,2890403.3,53209.7376166666,2876202.03333333,53124.6148,2871600.8
"H16","L1","19","b","H16","L119b",63096.174,3410604,62280.5238,3366514.8,62260.13236,3365412.56
"H42","L1","19","b","H42","L119b",82336.83075,4450639.5,82230.6259499999,4444898.7,81814.30417,4422394.82
"H38","L1","19","b","H38","L119b",76985.51335,4161379.1,76887.8055999999,4156097.60000001,76645.23471,4142985.66
"H70","L1","19","b","H70","L119b",87143.71165,4710470.9,85915.98875,4644107.5,84171.68739,4549820.94
"H23","L1","19","b","H23","L119b",70468.87725,3809128.5,70494.3665499999,3810506.3,70351.62795,3802790.7
"H20","L1","19","b","H20","L119b",47515.59795,2568410.7,47264.9556333333,2554862.46666667,47163.84894,2549397.24
"H05","L1","19","b","H05","L119b",48950.13975,2645953.5,49859.2488666666,2695094.53333333,50094.59785,2707816.1
"H18","L1","19","b","H18","L119b",68710.3283,3714071.8,69045.9343333333,3732212.66666667,69128.34912,3736667.52
"H36","L1","19","b","H36","L119b",71534.0462,3866705.2,71166.5782333333,3846842.06666667,71016.61748,3838736.08
"H33","L1","19","b","H33","L119b",70322.11675,3801195.5,70288.1316333333,3799358.46666667,70495.44288,3810564.48
"H67","L1","19","b","H67","L119b",69863.9217,3776428.2,69143.8560666667,3737505.73333334,68400.84994,3697343.24
"H52","L1","19","b","H52","L119b",63827.78055,3450150.3,63836.2769833333,3450609.56666667,63506.6187,3432790.2
"H48","L1","19","b","H48","L119b",75070.64495,4057872.7,75053.6520833333,4056954.16666667,75106.3296,4059801.6
"H50","L1","19","b","H50","L119b",82490.1606,4458927.6,82830.0142333333,4477298.06666667,83198.75574,4497230.04
"H68","L1","19","b","H68","L119b",31342.3818,1694182.8,31648.2503166667,1710716.23333334,31910.78764,1724907.44
"H17","L1","19","b","H17","L119b",78865.5444,4263002.4,79502.7707333333,4297447.06666667,79788.24818,4312878.28
"H01","L1","19","b","H01","L119b",78015.24185,4217040.1,77140.1172333333,4169736.06666667,76307.47429,4124728.34
"H40","L1","19","b","H40","L119b",83955.3865,4538129,83776.9626333333,4528484.46666667,83557.75638,4516635.48
"H39","L1","19","b","H39","L119b",29855.64965,1613818.9,29987.3431333333,1620937.46666667,30257.10224,1635519.04
"H37","L1","19","b","H37","L119b",48677.72725,2631228.5,48845.5302666666,2640298.93333334,49062.61235,2652033.1
"H14","L1","19","b","H14","L119b",64287.7886,3475015.6,64423.7296833333,3482363.76666667,64506.99399,3486864.54
"H57","GT","19","a","H57","GT19a",60111.36365,3249262.9,60179.3345,3252937,60347.13727,3262007.41999999
"H16","GT","19","a","H16","GT19a",55179.02315,2982649.9,55102.5558666666,2978516.53333333,55003.14846,2973143.16
"H18","GT","19","a","H18","GT19a",60355.0919,3262437.4,60147.6612666666,3251224.93333333,59771.07391,3230868.86
"H54","GT","19","a","H54","GT19a",61615.41735,3330563.1,61413.6292166666,3319655.63333333,61081.42188,3301698.47999999
"H33","GT","19","a","H33","GT19a",59363.4179,3208833.4,59393.1548000001,3210440.8,59373.61288,3209384.48
"H36","GT","19","a","H36","GT19a",20177.7687,1090690.2,20413.6751500001,1103441.9,20608.85237,1113992.01999999
"H68","GT","19","a","H68","GT19a",41240.4997,2229216.2,41200.14195,2227034.7,41049.3318,2218882.79999999
"H35","GT","19","a","H35","GT19a",15114.80155,817016.3,15001.1628333334,810873.666666667,14944.02472,807785.119999994
"H46","GT","19","a","H46","GT19a",28805.425,1557050,29151.6512666667,1575764.93333333,29363.63512,1587223.51999999
"H41","GT","19","a","H41","GT19a",30546.4341,1651158.6,30515.6346833334,1649493.76666667,30591.03945,1653569.69999999
"H48","GT","19","a","H48","GT19a",42939.50085,2321054.1,43045.7050333333,2326794.86666667,43259.38842,2338345.31999999
"H05","GT","19","a","H05","GT19a",54208.25785,2930176.1,54252.8644333333,2932587.26666667,54396.87793,2940371.78
"H65","GT","19","a","H65","GT19a",13970.9854,755188.4,14126.0443833333,763569.966666666,14164.70334,765659.639999994
"H20","GT","19","a","H20","GT19a",56909.10985,3076168.1,57057.7962,3084205.2,57260.85923,3095181.58
"H15","GT","19","a","H15","GT19a",12167.043,657678,12246.6959833333,661983.566666668,12335.90767,666805.819999997
"H31","GT","19","a","H31","GT19a",83595.95,4518700,84156.7096666667,4549011.33333333,84179.64979,4550251.34
"H02","GT","19","a","H02","GT19a",66022.0452,3568759.2,65941.3303166667,3564396.23333333,65783.72302,3555876.92
"H52","GT","19","a","H52","GT19a",62647.32885,3386342.1,62647.32885,3386342.1,62774.77424,3393231.03999999
"H34","GT","19","a","H34","GT19a",51569.14035,2787521.1,51605.2498833334,2789472.96666667,51622.03037,2790380.01999999
"H25","GT","19","a","H25","GT19a",51335.9571,2774916.6,51452.7821333334,2781231.46666667,51681.33434,2793585.64
"H42","GT","19","a","H42","GT19a",77137.8627,4169614.2,76853.23465,4154228.9,76684.15723,4145089.57999999
"H51","GT","19","a","H51","GT19a",62292.0715,3367139,62313.3119666666,3368287.13333333,62424.61401,3374303.46
"H17","GT","19","a","H17","GT19a",17591.62965,950898.9,17727.9031166666,958265.033333334,18073.05404,976921.839999997
"H38","GT","19","a","H38","GT19a",54141.16205,2926549.3,54126.2929833334,2925745.56666667,54057.04773,2922002.57999999
"J12","GT","19","a","J12","GT19a",62327.1253,3369033.8,61679.27935,3334015.1,60864.05391,3289948.85999999
"H40","GT","19","a","H40","GT19a",66937.2513,3618229.8,66985.0435833334,3620813.16666667,66962.74097,3619607.61999999
"H67","GT","19","a","H67","GT19a",49314.15685,2665630.1,49239.8133666666,2661611.53333333,49252.98216,2662323.35999999
"H44","GT","19","a","H44","GT19a",73400.32435,3967585.1,73408.8207833333,3968044.36666667,73346.79756,3964691.75999999
"H70","GT","19","a","H70","GT19a",61183.49415,3307215.9,61308.815,3313990,61621.90567,3330913.81999999
"H23","GT","19","a","H23","GT19a",74325.6962,4017605.2,74202.49915,4010945.9,73989.2404,3999418.4
"H01","GT","19","a","H01","GT19a",47757.935,2581510,47471.18315,2566009.9,47380.69706,2561118.76
"H03","GT","19","a","H03","GT19a",57809.97845,3124863.7,57960.7879833333,3133015.56666667,57973.10738,3133681.48
"H11","GT","19","a","H11","GT19a",65268.518,3528028,65264.2691666667,3527798.33333333,65278.71261,3528579.06
"H39","GT","19","a","H39","GT19a",49512.50645,2676351.7,49508.2582333334,2676122.06666667,49562.20966,2679038.35999999
"H47","GT","19","a","H47","GT19a",66462.92055,3592590.3,66324.85505,3585127.3,66187.63907,3577710.21999999
"H28","GT","19","a","H28","GT19a",50293.8891,2718588.6,49864.8235333334,2695395.86666667,49758.61935,2689655.09999999
"H14","GT","19","a","H14","GT19a",69398.94085,3751294.1,69347.9634833333,3748538.56666667,69200.12727,3740547.42
"H27","GT","19","a","H27","GT19a",62126.59455,3358194.3,61852.5867333334,3343383.06666667,61760.82587,3338423.02
"H37","GT","19","a","H37","GT19a",64662.75585,3495284.1,64578.7220666667,3490741.73333333,64543.27656,3488825.75999999
"H50","GT","19","a","H50","GT19a",66581.2077,3598984.2,66525.9815,3595999,66307.2005,3584172.99999999
"H01","SE","19","a","H01","SE19a",51456.43835,2781429.1,51457.5008666667,2781486.53333333,51308.60263,2773437.98
"H65","SE","19","a","H65","SE19a",52211.2587,2822230.2,52426.5882166668,2833869.63333334,52457.1884499999,2835523.7
"H46","SE","19","a","H46","SE19a",43101.20195,2329794.7,43339.0996166668,2342654.03333334,43500.1052399999,2351357.04
"H35","SE","19","a","H35","SE19a",69272.8837,3744480.2,69247.3950166668,3743102.43333334,69237.19979,3742551.34
"H50","SE","19","a","H50","SE19a",47660.7619,2576257.4,47665.0101166668,2576487.03333334,47690.0740399999,2577841.84
"H38","SE","19","a","H38","SE19a",67603.7582,3654257.2,67455.0718500001,3646220.1,67401.1202999999,3643303.8
"H36","SE","19","a","H36","SE19a",39239.2178,2121038.8,39181.8671833334,2117938.76666667,39188.87671,2118317.66
"H47","SE","19","a","H47","SE19a",72699.95505,3929727.3,72502.4151333334,3919049.46666667,72357.1278499999,3911196.1
"H20","SE","19","a","H20","SE19a",66488.7928,3593988.8,66517.4671833334,3595538.76666666,66477.9592,3593403.2
"H51","SE","19","a","H51","SE19a",17601.7806,951447.6,17514.6924666668,946740.133333337,17432.9151899999,942319.739999997
"H70","SE","19","a","H70","SE19a",60299.5475,3259435,60525.6304500002,3271655.7,60596.3363399999,3275477.64
"H03","SE","19","a","H03","SE19a",18664.14865,1008872.9,18848.9445333333,1018861.86666667,18979.57587,1025923.02
"H23","SE","19","a","H23","SE19a",23377.4436,1263645.6,23511.2615000001,1270879,23556.18579,1273307.34
"H48","SE","19","a","H48","SE19a",56841.59965,3072518.9,56954.1764666668,3078604.13333334,57071.0014999999,3084919
"H31","SE","19","a","H31","SE19a",60042.85815,3245559.9,60026.7946000001,3244691.6,59932.45829,3239592.34
"H05","SE","19","a","H05","SE19a",47045.6332,2543007.2,47057.3153333333,2543638.66666667,47001.66425,2540630.5
"J12","SE","19","a","J12","SE19a",65686.69385,3550632.1,65325.5985166668,3531113.43333333,64929.6679299999,3509711.78
"H54","SE","19","a","H54","SE19a",30032.07675,1623355.5,30125.5369000002,1628407.4,30162.0714399999,1630382.24
"H16","SE","19","a","H16","SE19a",58973.51745,3187757.7,58899.1745833333,3183739.16666667,58875.38494,3182453.24
"H11","SE","19","a","H11","SE19a",66561.4867,3597918.2,66592.2861166667,3599583.03333333,66649.42386,3602671.56
"H27","SE","19","a","H27","SE19a",70611.06455,3816814.3,70530.1498666667,3812440.53333333,70481.22933,3809796.18
"H39","SE","19","a","H39","SE19a",71020.46585,3838944.1,71003.4729833335,3838025.56666667,70966.9386899999,3836050.74
"H52","SE","19","a","H52","SE19a",33469.9188,1809184.8,33465.6705833335,1808955.16666667,33446.9784299999,1807944.78
"H57","SE","19","a","H57","SE19a",8017.70945,433389.7,7895.8400833335,426802.16666667,7893.49045999989,426675.159999996
"H28","SE","19","a","H28","SE19a",22589.2807,1221042.2,22463.0305333334,1214217.86666667,22474.10266,1214816.36
"H14","SE","19","a","H14","SE19a",60858.1032,3289627.2,60781.6359166667,3285493.83333333,60748.50032,3283702.72
"H67","SE","19","a","H67","SE19a",73511.23555,3973580.3,73307.3230000001,3962558,73204.0918899999,3956977.94
"H44","SE","19","a","H44","SE19a",74690.9084,4037346.4,74480.6238333334,4025979.66666667,74354.4529699999,4019159.62
"H41","SE","19","a","H41","SE19a",38034.4645,2055917,38131.1103500001,2061141.1,38191.2220299999,2064390.38
"H15","SE","19","a","H15","SE19a",26829.6028,1450248.8,26874.2087666667,1452659.93333333,26843.62173,1451006.58
"H42","SE","19","a","H42","SE19a",75483.4521,4080186.6,75488.7622166668,4080473.63333334,75470.7074499999,4079497.7
"H68","SE","19","a","H68","SE19a",49549.142,2678332,49459.0007500002,2673459.5,49495.7739399999,2675447.24
"H33","SE","19","a","H33","SE19a",54718.2307,2957742.2,54911.5230166668,2968190.43333334,55034.29543,2974826.78
"H02","SE","19","a","H02","SE19a",36833.10965,1990978.9,36690.7953166667,1983286.23333333,36650.86245,1981127.7
"H34","SE","19","a","H34","SE19a",69004.24335,3729959.1,69004.2427333334,3729959.06666667,68990.22331,3729201.26
"H40","SE","19","a","H40","SE19a",61564.4221,3327806.6,61577.1667500001,3328495.5,61624.3213999999,3331044.4
"H37","SE","19","a","H37","SE19a",52886.8121,2858746.6,53033.3746500001,2866668.9,53037.8349999999,2866910
"H17","SE","19","a","H17","SE19a",32396.39155,1751156.3,32524.8987166667,1758102.63333333,32594.5691,1761868.6
"H18","SE","19","a","H18","SE19a",26035.2683,1407311.8,26026.7724833334,1406852.56666667,26041.64081,1407656.26
"H25","SE","19","a","H25","SE19a",14582.72675,788255.5,14410.8747000001,778966.199999999,14380.88546,777345.159999999
"H01","TM","19","a","H01","TM19a",56230.46695,3039484.7,55601.7376666667,3005499.33333333,55086.00959,2977622.14
"H65","TM","19","a","H65","TM19a",35069.5805,1895653,35409.435366667,1914023.53333333,35637.9878200001,1926377.72
"H46","TM","19","a","H46","TM19a",64835.39785,3504616.1,65311.1931833336,3530334.76666667,65187.1464900001,3523629.54
"H35","TM","19","a","H35","TM19a",47935.1576,2591089.6,47820.4563666669,2584889.53333333,47675.16822,2577036.12
"H50","TM","19","a","H50","TM19a",48893.78875,2642907.5,49318.606716667,2665870.63333333,49602.3846300001,2681209.98
"H38","TM","19","a","H38","TM19a",48654.22855,2629958.3,47940.5349333336,2591380.26666666,48124.0559200001,2601300.32
"H36","TM","19","a","H36","TM19a",45288.8843,2448047.8,45471.5557666669,2457921.93333333,45538.67685,2461550.1
"H47","TM","19","a","H47","TM19a",81073.3196,4382341.6,80053.7574666669,4327230.13333333,79829.4536000001,4315105.6
"H20","TM","19","a","H20","TM19a",39504.66135,2135387.1,39649.1001000001,2143194.6,39937.97575,2158809.5
"H51","TM","19","a","H51","TM19a",42209.08385,2281572.1,42064.645716667,2273764.63333333,42081.6388300001,2274683.18
"H70","TM","19","a","H70","TM19a",65393.36525,3534776.5,65346.634866667,3532250.53333333,65044.1644300001,3515900.78
"H03","TM","19","a","H03","TM19a",30403.0628,1643408.8,30199.15025,1632386.5,30178.75881,1631284.26
"H23","TM","19","a","H23","TM19a",69309.93365,3746482.9,69488.3569000001,3756127.4,69258.95579,3743727.34
"H48","TM","19","a","H48","TM19a",65611.6227,3546574.2,65993.9578833336,3567240.96666666,66024.5449200001,3568894.32
"H31","TM","19","a","H31","TM19a",66228.32205,3579909.3,66627.6507166669,3601494.63333333,66269.10493,3582113.78
"H05","TM","19","a","H05","TM19a",63644.78965,3440258.9,64477.4321,3485266.6,64628.66701,3493441.46
"J12","TM","19","a","J12","TM19a",57806.2026,3124659.6,56149.4141333336,3035103.46666667,55027.8955400001,2974480.84
"H54","TM","19","a","H54","TM19a",39699.3942,2145913.2,39843.8323333337,2153720.66666667,40305.3964800001,2178670.08
"H16","TM","19","a","H16","TM19a",70560.2913,3814069.8,69472.7583166667,3755284.23333333,69127.80633,3736638.18
"H11","TM","19","a","H11","TM19a",47837.1853,2585793.8,47318.9078,2557778.8,47261.13267,2554655.82
"H27","TM","19","a","H27","TM19a",67862.02745,3668217.7,67751.5744333335,3662247.26666667,68025.1567500001,3677035.5
"H39","TM","19","a","H39","TM19a",79989.63955,4323764.3,80397.4640333336,4345808.86666666,79999.8349000001,4324315.4
"H52","TM","19","a","H52","TM19a",55095.1941,2978118.6,55010.2303833337,2973525.96666667,54651.6839800001,2954145.08
"H57","TM","19","a","H57","TM19a",42349.86145,2289181.7,42086.4744833337,2274944.56666667,41891.6956300001,2264415.98
"H28","TM","19","a","H28","TM19a",66157.4467,3576078.2,65715.6364833335,3552196.56666666,65708.83946,3551829.16
"H14","TM","19","a","H14","TM19a",63004.1661,3405630.6,62562.3558833333,3381748.96666667,62519.87421,3379452.66
"H67","TM","19","a","H67","TM19a",67197.328,3632288,66619.575466667,3601058.13333333,66103.8462800001,3573180.88
"H44","TM","19","a","H44","TM19a",35911.3009,1941151.4,36752.4397833336,1986618.36666667,37185.7536900001,2010040.74
"H41","TM","19","a","H41","TM19a",38396.67785,2075496.1,38454.028466667,2078596.13333333,38659.2154200001,2089687.32
"H15","TM","19","a","H15","TM19a",69641.47955,3764404.3,70142.7641833333,3791500.76666667,70181.84753,3793613.38
"H42","TM","19","a","H42","TM19a",75260.62515,4068141.9,74370.6327000003,4020034.2,73932.6459400001,3996359.24
"H68","TM","19","a","H68","TM19a",35718.92495,1930752.7,36130.9988833337,1953026.96666667,36572.8098400001,1976908.64
"H33","TM","19","a","H33","TM19a",61174.1424,3306710.4,61293.0912333335,3313140.06666666,61439.22816,3321039.36
"H02","TM","19","a","H02","TM19a",70607.4848,3816620.8,70607.4848,3816620.8,70643.16982,3818549.72
"H34","TM","19","a","H34","TM19a",42677.4391,2306888.6,42690.1843666669,2307577.53333333,42728.41844,2309644.24
"H40","TM","19","a","H40","TM19a",54992.6486,2972575.6,55120.093866667,2979464.53333333,55176.1697100001,2982495.66
"H37","TM","19","a","H37","TM19a",56821.4735,3071431,56791.7366000002,3069823.6,56882.6478200001,3074737.72
"H17","TM","19","a","H17","TM19a",44530.7765,2407069,45431.3898000001,2455750.8,45983.65254,2485602.84
"H18","TM","19","a","H18","TM19a",54890.48235,2967053.1,54771.5329000001,2960623.4,54385.79865,2939772.9
"H25","TM","19","a","H25","TM19a",58910.79135,3184367.1,58961.7693333335,3187122.66666666,59114.70353,3195389.38
"H01","TB","19","a","H01","TB19a",56783.05455,3069354.3,56099.0978333333,3032383.66666667,55327.62921,2990682.66
"H65","TB","19","a","H65","TB19a",53247.6398,2878250.8,53186.0409666668,2874921.13333333,53288.42194,2880455.24000001
"H46","TB","19","a","H46","TB19a",69359.3157,3749152.2,68985.4757166668,3728944.63333333,68859.7294899999,3722147.54000001
"H35","TB","19","a","H35","TB19a",47579.71155,2571876.3,47783.6234833335,2582898.56666667,47941.6555399999,2591440.84
"H50","TB","19","a","H50","TB19a",12618.07115,682057.9,13325.9230833335,720320.166666664,13629.6674299999,736738.780000005
"H38","TB","19","a","H38","TB19a",70650.8784,3818966.4,70487.3236000001,3810125.6,69591.8077899999,3761719.34
"H36","TB","19","a","H36","TB19a",39096.81035,2113341.1,38920.5115166668,2103811.43333333,38741.2384999999,2094121
"H47","TB","19","a","H47","TB19a",49999.96295,2702700.7,50161.3939500001,2711426.7,50336.4187499999,2720887.50000001
"H20","TB","19","a","H20","TB19a",35696.4419,1929537.4,35798.3984833333,1935048.56666667,35716.1961999999,1930605.2
"H51","TB","19","a","H51","TB19a",58784.9303,3177563.8,58217.2676666668,3146879.33333333,57941.5608099999,3131976.26000001
"H70","TB","19","a","H70","TB19a",65759.9742,3554593.2,65547.5658333335,3543111.66666666,65326.66091,3531170.86000001
"H03","TB","19","a","H03","TB19a",54961.57785,2970896.1,54855.3736666666,2965155.33333333,54839.23069,2964282.74
"H23","TB","19","a","H23","TB19a",57136.10855,3088438.3,57374.0062166667,3101297.63333333,57317.0807299999,3098220.58
"H48","TB","19","a","H48","TB19a",58084.58505,3139707.3,57748.9796333335,3121566.46666666,57498.3378099999,3108018.26
"H31","TB","19","a","H31","TB19a",39937.3708,2158776.8,40695.6703833333,2199765.96666667,41126.4353599999,2223050.56
"H05","TB","19","a","H05","TB19a",58289.2894,3150772.4,58259.5518833333,3149164.96666667,58322.4247499999,3152563.5
"J12","TB","19","a","J12","TB19a",60145.4092,3251103.2,59754.5769666668,3229977.13333333,59334.85723,3207289.58000001
"H54","TB","19","a","H54","TB19a",47438.7212,2564255.2,47551.2974000001,2570340.4,47592.92906,2572590.76000001
"H16","TB","19","a","H16","TB19a",49805.41695,2692184.7,49675.8472666666,2685180.93333333,49649.9329599999,2683780.16
"H11","TB","19","a","H11","TB19a",53276.90495,2879832.7,53070.8692166666,2868695.63333333,52793.8884499999,2853723.7
"H27","TB","19","a","H27","TB19a",50953.8285,2754261,50970.8213666667,2755179.53333333,51068.5292399999,2760461.04
"H39","TB","19","a","H39","TB19a",46985.4897,2539756.2,47303.0403500001,2556921.1,47704.9176999999,2578644.2
"H52","TB","19","a","H52","TB19a",58742.33035,3175261.1,58708.3452333335,3173424.06666666,58721.9396499999,3174158.90000001
"H57","TB","19","a","H57","TB19a",32722.1821,1768766.6,32858.1238000002,1776114.8,32980.89646,1782751.16000001
"H28","TB","19","a","H28","TB19a",76162.29665,4116880.9,75794.8293,4097017.8,75425.6629099999,4077062.86
"H14","TB","19","a","H14","TB19a",32142.50495,1737432.7,32553.5157499999,1759649.5,32882.9615299999,1777457.38
"H67","TB","19","a","H67","TB19a",65529.7824,3542150.4,65614.7467333335,3546743.06666666,65295.28417,3529474.82000001
"H44","TB","19","a","H44","TB19a",66571.64505,3598467.3,67166.3898333335,3630615.66666666,67321.0234399999,3638974.24
"H41","TB","19","a","H41","TB19a",55364.0139,2992649.4,55491.4591666668,2999538.33333333,55573.0243099999,3003947.26
"H15","TB","19","a","H15","TB19a",34942.3042,1888773.2,34905.1327666666,1886763.93333333,34837.7995499999,1883124.3
"H42","TB","19","a","H42","TB19a",68275.0307,3690542.2,68088.1110166669,3680438.43333333,67938.5752699999,3672355.42
"H68","TB","19","a","H68","TB19a",68375.79465,3695988.9,68316.3196166668,3692774.03333333,68447.16321,3699846.66000001
"H33","TB","19","a","H33","TB19a",33745.1285,1824061,33345.7998333334,1802475.66666666,33213.6815899999,1795334.14
"H02","TB","19","a","H02","TB19a",53831.69405,2909821.3,53976.1321833333,2917628.76666667,53926.00372,2914919.12
"H34","TB","19","a","H34","TB19a",76750.92965,4148698.9,76623.4843833334,4141809.96666667,76485.8435199999,4134369.92
"H40","TB","19","a","H40","TB19a",70379.6721,3804306.6,69909.1868833335,3778874.96666666,69639.85266,3764316.36
"H37","TB","19","a","H37","TB19a",34922.20395,1887686.7,35117.6200666668,1898249.73333333,36015.68456,1946793.76
"H17","TB","19","a","H17","TB19a",52359.51215,2830243.9,52410.4901333333,2832999.46666667,52308.5342899999,2827488.34
"H18","TB","19","a","H18","TB19a",53588.95555,2896700.3,53733.3936833333,2904507.76666667,53900.5591899999,2913543.74
"H25","TB","19","a","H25","TB19a",48900.75955,2643284.3,48441.9564666667,2618484.13333333,48480.1901699999,2620550.82
"H18","CB","19","a","H18","CB19a",42060.71755,2273552.3,41955.5752666667,2267868.93333334,41917.66001,2265819.46
"H70","CB","19","a","H70","CB19a",38380.3442,2074613.2,38424.9501666667,2077024.33333333,38378.43278,2074509.88
"H25","CB","19","a","H25","CB19a",51487.8902,2783129.2,51358.3211333333,2776125.46666667,51285.25267,2772175.82
"H05","CB","19","a","H05","CB19a",4353.44775,235321.5,4440.20349999999,240011.000000001,4510.00659,243784.14
"H01","CB","19","a","H01","CB19a",33794.69925,1826740.5,33571.6694166667,1814684.83333333,33251.14446,1797359.16
"H46","CB","19","a","H46","CB19a",31930.01765,1725946.9,31918.3355166667,1725315.43333333,31904.21015,1724551.9
"H20","CB","19","a","H20","CB19a",34000.01595,1837838.7,34082.85525,1842316.5,34106.43276,1843590.96
"H50","CB","19","a","H50","CB19a",37324.14035,2017521.1,37173.3302,2009369.2,37075.62171,2004087.66
"H36","CB","19","a","H36","CB19a",7346.22235,397093.1,7347.21765000003,397146.900000001,7347.53584999997,397164.100000002
"H57","CB","19","a","H57","CB19a",24246.8696,1310641.6,24064.1975166667,1300767.43333333,23979.55237,1296192.02
"H41","CB","19","a","H41","CB19a",39185.6455,2118143,39185.6455,2118143,39168.44013,2117212.98
"H28","CB","19","a","H28","CB19a",45256.8238,2446314.8,45307.8017833333,2449070.36666667,45314.1738,2449414.8
"H44","CB","19","a","H44","CB19a",36769.36605,1987533.3,36725.8219833333,1985179.56666667,36723.80425,1985070.5
"H65","CB","19","a","H65","CB19a",19723.13305,1066115.3,19727.3812666667,1066344.93333333,19727.91234,1066373.64
"H40","CB","19","a","H40","CB19a",42383.1263,2290979.8,42353.3887833333,2289372.36666667,42320.04056,2287569.76
"H17","CB","19","a","H17","CB19a",19426.2432,1050067.2,19599.35695,1059424.7,19696.10936,1064654.56
"H37","CB","19","a","H37","CB19a",14467.6216,782033.6,14573.8923833334,787777.966666668,14650.42602,791914.920000002
"H23","CB","19","a","H23","CB19a",43453.06825,2348814.5,43512.5426666666,2352029.33333334,43553.11255,2354222.3
"H14","CB","19","a","H14","CB19a",31803.5831,1719112.6,31836.5063166667,1720892.23333333,31833.97046,1720755.16
"H34","CB","19","a","H34","CB19a",32037.153,1731738,31900.1494,1724332.4,31796.91866,1718752.36
"H52","CB","19","a","H52","CB19a",21303.86925,1151560.5,21217.8436333333,1146910.46666667,21120.98528,1141674.88
"H35","CB","19","a","H35","CB19a",7919.54105,428083.3,7934.40950000003,428887.000000001,7946.94176999997,429564.420000002
"H47","CB","19","a","H47","CB19a",41349.02625,2235082.5,41420.1834166667,2238928.83333333,41443.33629,2240180.34
"H27","CB","19","a","H27","CB19a",35509.84535,1919451.1,35622.42155,1925536.3,35708.65967,1930197.82
"H11","CB","19","a","H11","CB19a",15597.905,843130,15710.4152166667,849211.633333334,15763.50405,852081.300000001
"J12","CB","19","a","J12","CB19a",22428.38805,1212345.3,22262.7088333333,1203389.66666666,22002.08293,1189301.78
"H38","CB","19","a","H38","CB19a",37278.9467,2015078.2,37286.38185,2015480.1,37301.92814,2016320.44
"H48","CB","19","a","H48","CB19a",38610.33435,2087045.1,38584.84505,2085667.3,38563.81647,2084530.62
"H68","CB","19","a","H68","CB19a",27702.2219,1497417.4,27702.4210833333,1497428.16666667,27767.61718,1500952.28
"H03","CB","19","a","H03","CB19a",38867.22905,2100931.3,38728.4987833333,2093432.36666667,38634.16272,2088333.12
"H42","CB","19","a","H42","CB19a",26915.0543,1454867.8,26971.3424,1457910.4,27008.72646,1459931.16
"H15","CB","19","a","H15","CB19a",31297.38055,1691750.3,31272.9543833333,1690429.96666667,31294.51379,1691595.34
"H54","CB","19","a","H54","CB19a",26697.7903,1443123.8,26852.8492833333,1451505.36666667,26920.50144,1455162.24
"H67","CB","19","a","H67","CB19a",8469.54975,457813.5,8517.14285000001,460386.099999999,8557.08915999998,462545.360000002
"H51","CB","19","a","H51","CB19a",23974.44415,1295915.9,24099.765,1302690,24223.28099,1309366.54
"H39","CB","19","a","H39","CB19a",37525.8625,2028425,37525.8625,2028425,37546.25357,2029527.22
"H31","CB","19","a","H31","CB19a",57486.1933,3107361.8,57316.2664833333,3098176.56666667,57231.30326,3093583.96
"H02","CB","19","a","H02","CB19a",38821.43415,2098455.9,38836.3032166667,2099259.63333333,38819.52273,2098352.58
"H16","CB","19","a","H16","CB19a",45546.16195,2461954.7,45383.6684333333,2453171.26666667,45279.8008,2447556.8
"H33","CB","19","a","H33","CB19a",26713.32475,1443963.5,26752.6206,1446087.6,26770.67512,1447063.52
