rec,year,lon,lat,Dclip,Rclip,Dplane,Rplane,H,L,unit,dpHB,new_unit
CB,17,-689.4101952,2654.435619,2.351758232,1.082577968,2.300669469,1.05472193,0.033950726,0.25,41,-3.865117352,H41
CB,17,-689.4101952,2654.435619,2.5267878,1.088284723,2.372475071,1.025221426,0.033950726,0.5,41,-3.865117352,H41
CB,17,-689.4101952,2654.435619,2.625672703,1.089270102,2.378968235,1.011909863,0.033950726,0.75,41,-3.865117352,H41
CB,17,-688.0122526,2654.259427,2.396048961,1.142096151,2.329560432,1.084011858,0.037569026,0.25,5,-4.28301724,H05
CB,17,-688.0122526,2654.259427,2.357495353,1.324651831,2.231852167,1.124901745,0.138890308,0.5,5,-4.28301724,H05
CB,17,-688.0122526,2654.259427,2.475762807,1.392109133,2.359612977,1.164883931,0.142022443,0.75,5,-4.28301724,H05
CB,17,-686.4450731,2655.165888,2.497604931,1.278176417,2.301022588,1.059968194,0.035534055,0.25,15,-4.413663212,H15
CB,17,-686.4450731,2655.165888,2.656082128,1.261746252,2.434975903,1.045994367,0.035534055,0.5,15,-4.413663212,H15
CB,17,-686.4450731,2655.165888,2.737093575,1.231324486,2.473555455,1.028420505,0.035534055,0.75,15,-4.413663212,H15
CB,17,-685.1792742,2654.150467,2.23876791,2.027049866,2.225566221,1.945666949,0.230941904,0.25,4,-4.346501756,H04
CB,17,-685.1792742,2654.150467,2.354916456,1.905020751,2.347376125,1.862598881,0.26202691,0.5,4,-4.346501756,H04
CB,17,-685.1792742,2654.150467,2.431024996,1.789044158,2.418410111,1.726692966,0.26202691,0.75,4,-4.346501756,H04
CB,17,-683.472996,2654.340568,2.272009338,1.752240562,2.151817051,1.327344244,0.164126518,0.25,6,-4.600100335,H06
CB,17,-683.472996,2654.340568,2.362144207,1.962654061,2.255525567,1.474759153,0.26482744,0.5,6,-4.600100335,H06
CB,17,-683.472996,2654.340568,2.429645857,2.309311102,2.320596185,1.658088549,0.369784532,0.75,6,-4.600100335,H06
CB,17,-684.5347833,2653.492066,2.385449621,1.480205722,2.30918389,1.277325983,0.077664247,0.25,18,-3.814120827,H18
CB,17,-684.5347833,2653.492066,2.57485028,1.561706053,2.38455114,1.138215854,0.077664247,0.5,18,-3.814120827,H18
CB,17,-684.5347833,2653.492066,2.67234403,1.561706053,2.379825655,1.061266434,0.077664247,0.75,18,-3.814120827,H18
CB,17,-681.7899008,2653.250961,2.223924648,1.031399929,2.216728167,1.029601723,0.035185914,0.25,2,-4.74567255,H02
CB,17,-681.7899008,2653.250961,2.241995302,1.040988344,2.224434604,1.035513329,0.0747564,0.5,2,-4.74567255,H02
CB,17,-681.7899008,2653.250961,2.252783586,1.069977196,2.228368974,1.057463952,0.141079743,0.75,2,-4.74567255,H02
CB,17,-685.4574718,2652.694566,2.349945032,1.354012829,2.2936137,1.233532098,0.075301774,0.25,1,-4.144006937,H01
CB,17,-685.4574718,2652.694566,2.5039529,1.327796481,2.444674913,1.21079814,0.075950391,0.5,1,-4.144006937,H01
CB,17,-685.4574718,2652.694566,2.392260868,1.281908139,2.322398133,1.16609584,0.166450622,0.75,1,-4.144006937,H01
CB,17,-683.2550746,2652.59256,2.246127172,1.760208458,2.176421565,1.474820196,0.184010382,0.25,16,-3.768127807,H16
CB,17,-683.2550746,2652.59256,2.342764459,1.493428306,2.258722514,1.269467959,0.188538988,0.5,16,-3.768127807,H16
CB,17,-683.2550746,2652.59256,2.427208171,1.450438674,2.321491423,1.207532211,0.188538988,0.75,16,-3.768127807,H16
CB,17,-683.435903,2651.637416,2.30990208,1.281107196,2.203187088,1.124256127,0.078023406,0.25,9,-3.581047769,H09
CB,17,-683.435903,2651.637416,2.441886596,1.248470215,2.279090926,1.069691421,0.084127701,0.5,9,-3.581047769,H09
CB,17,-683.435903,2651.637416,2.545749539,1.260584481,2.307596871,1.039836464,0.084127701,0.75,9,-3.581047769,H09
CB,17,-680.5936514,2651.489044,2.659807289,1.578825096,2.415960715,1.093793717,0.027778508,0.25,12,-3.835611595,H12
CB,17,-680.5936514,2651.489044,2.826149601,1.577550941,2.436841085,1.028789758,0.027778508,0.5,12,-3.835611595,H12
CB,17,-680.5936514,2651.489044,NA,NA,NA,NA,0.027778508,0.75,12,-3.835611595,H12
CB,17,-685.8237652,2650.677634,2.262124235,2.201842316,2.193664461,1.782537357,0.23314987,0.25,8,-3.383424396,H08
CB,17,-685.8237652,2650.677634,2.3898601,4.739549835,2.275689365,3.050195827,0.647405039,0.5,8,-3.383424396,H08
CB,17,-685.8237652,2650.677634,2.401607207,3.426062015,2.318076552,2.521932949,0.654125476,0.75,8,-3.383424396,H08
CB,17,-686.0092302,2650.135149,2.267599707,2.207834773,2.197733167,1.77957518,0.228681765,0.25,7,-2.846568322,H07
CB,17,-686.0092302,2650.135149,2.401635985,2.368144888,2.252687137,1.528055327,0.285640351,0.5,7,-2.846568322,H07
CB,17,-686.0092302,2650.135149,2.457916239,2.069009792,2.308491823,1.395236294,0.286079738,0.75,7,-2.846568322,H07
CB,17,-682.6754963,2650.176878,2.328307955,2.375692567,2.19434612,1.588689126,0.194497441,0.25,53,-3.344252229,H53
CB,17,-682.6754963,2650.176878,2.4569446,2.282282374,2.309309691,1.494214403,0.216890546,0.5,53,-3.344252229,H53
CB,17,-682.6754963,2650.176878,2.542560818,2.193828816,2.348781192,1.326939135,0.216890546,0.75,53,-3.344252229,H53
CB,17,-685.5733874,2649.750309,2.253454173,3.928146772,2.187349976,3.054000437,0.468068477,0.25,11,-3.120852435,H11
CB,17,-685.5733874,2649.750309,2.305965082,2.80817556,2.248580701,2.296154895,0.519799403,0.5,11,-3.120852435,H11
CB,17,-685.5733874,2649.750309,2.306283882,2.555913125,2.276826605,2.308761985,0.697976322,0.75,11,-3.120852435,H11
CB,17,-684.414231,2649.61121,2.381046887,2.415523667,2.281652444,1.764957728,0.159368677,0.25,14,-2.740456514,H14
CB,17,-684.414231,2649.61121,2.511193848,2.231717637,2.357863767,1.453233709,0.168325222,0.5,14,-2.740456514,H14
CB,17,-684.414231,2649.61121,2.594896162,2.132874763,2.404009404,1.313542093,0.168325222,0.75,14,-2.740456514,H14
CB,17,-684.5765129,2650.603448,2.297693669,1.741449271,2.214756079,1.421152252,0.146149553,0.25,3,-3.198774363,H03
CB,17,-684.5765129,2650.603448,2.3344116,1.862804738,2.244119691,1.471586676,0.276585617,0.5,3,-3.198774363,H03
CB,17,-684.5765129,2650.603448,2.411909146,1.758283848,2.321590524,1.409521401,0.276585617,0.75,3,-3.198774363,H03
CB,17,-684.1360334,2648.975992,2.267327492,5.034480811,2.232575403,4.385699428,0.573888109,0.25,29,-3.337901821,H29
CB,17,-684.1360334,2648.975992,2.28730817,3.425891181,2.274430972,3.26284713,0.70144038,0.5,29,-3.337901821,H29
CB,17,-684.1360334,2648.975992,2.373608186,3.350847975,2.347100252,3.033861174,0.71725216,0.75,29,-3.337901821,H29
CB,17,-684.6275158,2648.11358,2.242402252,1.787417234,2.206446141,1.62095591,0.191133301,0.25,13,-2.911489292,H13
CB,17,-684.6275158,2648.11358,2.30612698,1.503273072,2.246555493,1.329500089,0.222187971,0.5,13,-2.911489292,H13
CB,17,-684.6275158,2648.11358,2.376949004,1.554265867,2.277273753,1.271968746,0.263166519,0.75,13,-2.911489292,H13
CB,17,-682.8238684,2647.306807,2.228306685,4.076585271,2.171201754,3.273084552,0.540645217,0.25,10,-4.030797715,H10
CB,17,-682.8238684,2647.306807,2.251081369,2.690877042,2.231538613,2.510880436,0.621738362,0.5,10,-4.030797715,H10
CB,17,-682.8238684,2647.306807,2.258536606,2.612568896,2.23694337,2.42235226,0.873534032,0.75,10,-4.030797715,H10
CB,17,-684.6692454,2646.963697,2.536543587,1.766938018,2.239762685,1.086165134,0.055301966,0.25,19,-4.030622552,H19
CB,17,-684.6692454,2646.963697,2.676488166,1.642906835,2.292184694,1.034166534,0.055301966,0.5,19,-4.030622552,H19
CB,17,-684.6692454,2646.963697,2.508696331,3.23955751,2.177545626,1.26660669,0.394022036,0.75,19,-4.030622552,H19
CB,17,-682.9815136,2646.648406,2.382306731,1.146458456,2.280417664,1.065224344,0.040425809,0.25,21,-3.651807185,H21
CB,17,-682.9815136,2646.648406,2.423067516,1.168534414,2.298680118,1.062955405,0.073582813,0.5,21,-3.651807185,H21
CB,17,-682.9815136,2646.648406,2.536721495,1.335842442,2.412504495,1.131002235,0.100797604,0.75,21,-3.651807185,H21
CB,17,-685.4760183,2646.23111,2.596057282,1.244826124,2.310637978,1.025265117,0.021972957,0.25,31,-3.847768251,H31
CB,17,-685.4760183,2646.23111,2.723270235,1.192086819,2.407817387,1.015153673,0.022662428,0.5,31,-3.847768251,H31
CB,17,-685.4760183,2646.23111,2.827199742,1.201759378,2.429354577,1.008084658,0.022662428,0.75,31,-3.847768251,H31
CB,17,-683.3941733,2645.340878,2.402738488,2.140841625,2.27393398,1.492444845,0.125363906,0.25,22,-3.354333759,H22
CB,17,-683.3941733,2645.340878,2.514445785,2.098438247,2.407850371,1.549952724,0.153554509,0.5,22,-3.354333759,H22
CB,17,-683.3941733,2645.340878,2.573836991,2.017578447,2.444179816,1.42981778,0.170897856,0.75,22,-3.354333759,H22
CB,17,-684.2148561,2644.830849,2.387714834,1.539852868,2.250711295,1.199462524,0.082549458,0.25,27,-4.404809302,H27
CB,17,-684.2148561,2644.830849,2.337874903,5.113334801,2.130399781,2.340321869,0.869877784,0.5,27,-4.404809302,H27
CB,17,-684.2148561,2644.830849,2.363959358,4.63691289,2.197784073,2.479159345,1.057029893,0.75,27,-4.404809302,H27
CB,17,-685.1468179,2645.396517,2.485648683,1.16992727,2.3439414,1.055202151,0.028486573,0.25,26,-4.038213021,H26
CB,17,-685.1468179,2645.396517,2.634015831,1.237789519,2.434797376,1.04951225,0.036927021,0.5,26,-4.038213021,H26
CB,17,-685.1468179,2645.396517,2.383131394,1.4983417,2.148800307,1.085031194,0.240525731,0.75,26,-4.038213021,H26
CB,17,-685.0633586,2644.098262,2.592634955,1.143549485,2.21373893,1.006561059,0.016676972,0.25,23,-4.375793367,H23
CB,17,-685.0633586,2644.098262,2.587023595,1.090144028,2.358562421,1.013988533,0.026715993,0.5,23,-4.375793367,H23
CB,17,-685.0633586,2644.098262,2.202018493,1.075911119,2.037446445,1.019847332,0.181740441,0.75,23,-4.375793367,H23
CB,17,-686.296701,2644.506285,2.11578574,2.129944549,2.058649919,1.788537191,0.41079203,0.25,37,-4.284945722,H37
CB,17,-686.296701,2644.506285,2.169723269,1.85626014,2.131906146,1.669024308,0.545928762,0.5,37,-4.284945722,H37
CB,17,-686.296701,2644.506285,2.210636152,1.704519036,2.177934594,1.565765021,0.609706533,0.75,37,-4.284945722,H37
CB,17,-687.7108719,2645.275965,2.447668632,2.776471742,2.213358129,1.398391914,0.14230074,0.25,42,-4.065350364,H42
CB,17,-687.7108719,2645.275965,2.510179666,1.954727565,2.315291549,1.248073499,0.14230074,0.5,42,-4.065350364,H42
CB,17,-687.7108719,2645.275965,2.533101784,1.586540543,2.401048961,1.227118103,0.14230074,0.75,42,-4.065350364,H42
CB,17,-687.0988373,2646.296023,2.479054946,1.704943939,2.279891316,1.167818276,0.066581256,0.25,47,-3.900672363,H47
CB,17,-687.0988373,2646.296023,2.620036271,1.593746009,2.304329927,1.054253671,0.066581256,0.5,47,-3.900672363,H47
CB,17,-687.0988373,2646.296023,2.526014897,1.852291551,2.23399267,1.101923829,0.185519574,0.75,47,-3.900672363,H47
CB,17,-686.8206397,2646.93124,2.488164399,1.366162181,2.349886008,1.128843619,0.043211689,0.25,34,-4.031446348,H34
CB,17,-686.8206397,2646.93124,2.335830545,1.370542643,2.256283979,1.205507034,0.163967427,0.5,34,-4.031446348,H34
CB,17,-686.8206397,2646.93124,2.461508995,1.587782163,2.381346854,1.334486265,0.191902228,0.75,34,-4.031446348,H34
CB,17,-687.3306686,2647.41345,2.307442517,1.320214932,2.235494991,1.186753839,0.084848347,0.25,25,-3.788250003,H25
CB,17,-687.3306686,2647.41345,2.384948744,2.333125188,2.239441723,1.524677976,0.300648866,0.5,25,-3.788250003,H25
CB,17,-687.3306686,2647.41345,2.361338518,2.249653073,2.198047323,1.429735209,0.475605749,0.75,25,-3.788250003,H25
CB,17,-688.7819324,2646.755049,2.181767156,3.173290903,2.150338399,2.82548433,0.499975899,0.25,20,-3.955768947,H20
CB,17,-688.7819324,2646.755049,2.221726071,2.575846703,2.182796999,2.253066449,0.667504568,0.5,20,-3.955768947,H20
CB,17,-688.7819324,2646.755049,2.305002195,2.493450739,2.274962307,2.250285361,0.681412612,0.75,20,-3.955768947,H20
CB,17,-689.9967284,2645.688625,2.199093003,1.145542432,2.197757018,1.144035239,0.086321818,0.25,24,-4.249082168,H24
CB,17,-689.9967284,2645.688625,2.176139904,1.356565694,2.175682205,1.355388366,0.311568962,0.5,24,-4.249082168,H24
CB,17,-689.9967284,2645.688625,2.251133906,1.424705536,2.250922044,1.424069084,0.378753534,0.75,24,-4.249082168,H24
CB,17,-689.6582547,2647.914205,2.363618767,1.393498714,2.267142203,1.192539979,0.07562795,0.25,33,-3.886226916,H33
CB,17,-689.6582547,2647.914205,2.446338529,1.398387377,2.310898465,1.144429175,0.108001488,0.5,33,-3.886226916,H33
CB,17,-689.6582547,2647.914205,2.361184444,2.820273979,2.221771576,1.783488155,0.622770149,0.75,33,-3.886226916,H33
CB,17,-686.9180089,2648.479873,2.221492467,1.351609571,2.062948923,1.10506177,0.127971335,0.25,17,-3.92586193,H17
CB,17,-686.9180089,2648.479873,2.247148663,1.785813962,2.147645691,1.398864655,0.374305287,0.5,17,-3.92586193,H17
CB,17,-686.9180089,2648.479873,2.335300483,1.796636828,2.265875562,1.500190605,0.392564903,0.75,17,-3.92586193,H17
CB,17,-686.03705,2649.045542,2.516870681,1.062171182,2.310473309,1.011450459,0.014751985,0.25,51,-2.356795292,H51
CB,17,-686.03705,2649.045542,2.647257628,1.046332134,2.340585409,1.003691621,0.014751985,0.5,51,-2.356795292,H51
CB,17,-686.03705,2649.045542,2.744751378,1.046332134,2.340142918,1.001636371,0.014751985,0.75,51,-2.356795292,H51
CB,17,-690.7154054,2648.4706,2.382782475,1.211951778,2.325363378,1.136133757,0.04927054,0.25,28,-4.089177067,H28
CB,17,-690.7154054,2648.4706,2.388804052,1.263282848,2.333464966,1.173055676,0.10834668,0.5,28,-4.089177067,H28
CB,17,-690.7154054,2648.4706,2.376181289,1.342862775,2.306948978,1.204832798,0.198865178,0.75,28,-4.089177067,H28
CB,17,-691.9533844,2648.999176,2.558259456,1.248480495,2.318164544,1.037224872,0.025925591,0.25,35,-4.060897287,H35
CB,17,-691.9533844,2648.999176,2.381113193,1.904672947,2.207500895,1.272818589,0.234920224,0.5,35,-4.060897287,H35
CB,17,-691.9533844,2648.999176,2.397890507,2.060053806,2.272435129,1.463737803,0.365126102,0.75,35,-4.060897287,H35
CB,17,-688.2950867,2649.472111,2.445149784,1.329943422,2.325971224,1.133701226,0.048677336,0.25,30,-3.625567095,H30
CB,17,-688.2950867,2649.472111,2.615537487,1.338997717,2.420750903,1.075586877,0.048677336,0.5,30,-3.625567095,H30
CB,17,-688.2950867,2649.472111,2.50950232,1.884641553,2.249208492,1.137017521,0.203588372,0.75,30,-3.625567095,H30
CB,17,-689.4727897,2649.532388,2.211738115,1.798950622,2.114044013,1.411460997,0.219167146,0.25,46,-3.830684041,H46
CB,17,-689.4727897,2649.532388,2.382154334,1.825907499,2.274799321,1.398434188,0.220439883,0.5,46,-3.830684041,H46
CB,17,-689.4727897,2649.532388,2.456935435,1.712355104,2.303872585,1.241333943,0.220439883,0.75,46,-3.830684041,H46
CB,17,-689.8854494,2650.928012,2.337435657,1.937603275,2.301079182,1.742280038,0.144208749,0.25,48,-4.092216143,H48
CB,17,-689.8854494,2650.928012,2.493300877,1.875537127,2.41913035,1.535744186,0.144208749,0.5,48,-4.092216143,H48
CB,17,-689.8854494,2650.928012,2.546720831,1.764894478,2.456616107,1.414042139,0.158759634,0.75,48,-4.092216143,H48
CB,17,-688.5964674,2650.75182,2.426519057,1.305454257,2.271473173,1.092666166,0.050342662,0.25,44,-4.078759172,H44
CB,17,-688.5964674,2650.75182,2.375813452,1.6658977,2.2515509,1.277299892,0.197389373,0.5,44,-4.078759172,H44
CB,17,-688.5964674,2650.75182,2.427456886,1.745204672,2.322610926,1.362087094,0.256411408,0.75,44,-4.078759172,H44
CB,17,-690.3908416,2650.260338,2.323192927,1.33144621,2.246673202,1.186972742,0.081045637,0.25,50,-4.081013832,H50
CB,17,-690.3908416,2650.260338,2.498193524,1.409346269,2.317216504,1.104035796,0.088440841,0.5,50,-4.081013832,H50
CB,17,-690.3908416,2650.260338,2.589885777,1.392765104,2.377880329,1.077560275,0.088440841,0.75,50,-4.081013832,H50
CB,17,-686.7789101,2650.135149,2.244261252,9.393784728,2.23313562,8.973960842,1.195751673,0.25,39,-3.97150545,H39
CB,17,-686.7789101,2650.135149,2.331439034,6.804064148,2.304202868,6.092061962,1.199148515,0.5,39,-3.97150545,H39
CB,17,-686.7789101,2650.135149,2.322328789,5.082098236,2.303735026,4.719120607,1.383123301,0.75,39,-3.97150545,H39
CB,17,-686.5841718,2650.928012,2.421096753,1.553400905,2.33962665,1.310557963,0.072938684,0.25,36,-2.895478831,H36
CB,17,-686.5841718,2650.928012,2.478387637,1.717013267,2.322458063,1.237954512,0.134970951,0.5,36,-2.895478831,H36
CB,17,-686.5841718,2650.928012,2.558132645,1.93614284,2.358721386,1.234231785,0.172602827,0.75,36,-2.895478831,H36
CB,17,-687.7062353,2651.159843,2.300349685,1.436515316,2.204770612,1.216671268,0.10455715,0.25,49,-4.087711791,H49
CB,17,-687.7062353,2651.159843,2.390365109,1.386758731,2.309019421,1.212123762,0.13397991,0.5,49,-4.087711791,H49
CB,17,-687.7062353,2651.159843,2.323105986,1.497351855,2.25473558,1.305120463,0.308361705,0.75,49,-4.087711791,H49
CB,17,-688.2069908,2652.62038,2.542276063,1.182526199,2.323139293,1.031683111,0.023396408,0.25,40,-3.998260282,H40
CB,17,-688.2069908,2652.62038,2.708942718,1.182526183,2.322691945,1.007984495,0.023396408,0.5,40,-3.998260282,H40
CB,17,-688.2069908,2652.62038,2.806436469,1.182526183,2.322106389,1.003539258,0.023396408,0.75,40,-3.998260282,H40
CB,17,-689.5330658,2652.564741,2.295412576,1.864482313,2.25491562,1.663767962,0.162850035,0.25,43,-4.184396041,H43
CB,17,-689.5330658,2652.564741,2.377110964,1.57038971,2.349654288,1.471997075,0.178418572,0.5,43,-4.184396041,H43
CB,17,-689.5330658,2652.564741,2.324416286,1.523550873,2.309106425,1.470792875,0.316306078,0.75,43,-4.184396041,H43
CB,17,-690.682949,2652.073258,2.246343537,1.222657046,2.222294565,1.18539791,0.089282983,0.25,32,-4.124640576,H32
CB,17,-690.682949,2652.073258,2.314719635,1.248700394,2.29100051,1.207940325,0.142839636,0.5,32,-4.124640576,H32
CB,17,-690.682949,2652.073258,2.300792222,1.382392801,2.277891964,1.324011763,0.28976966,0.75,32,-4.124640576,H32
CB,18,-686.0508417,2649.141528,2.322354527,1.073025404,2.24094706,1.03774468,0.03599681,0.25,U14,-2.379578823,H48
CB,18,-686.0508417,2649.141528,2.558153129,1.126514328,2.400264068,1.035544733,0.03599681,0.5,U14,-2.379578823,H48
CB,18,-686.0508417,2649.141528,2.672227171,1.247947176,2.432512155,1.037253179,0.048359928,0.75,U14,-2.379578823,H48
CB,18,-686.767076,2650.240695,2.34664416,14.1675441,2.240622969,9.148019397,1.181852533,0.25,U24,-3.977372905,H38
CB,18,-686.767076,2650.240695,2.421291453,9.960989617,2.362363828,7.820752673,1.215233369,0.5,U24,-3.977372905,H38
CB,18,-686.767076,2650.240695,2.388647686,6.660273538,2.352720501,5.758367431,1.387233098,0.75,U24,-3.977372905,H38
CB,18,-685.9285044,2650.344011,2.377473217,1.654718266,2.274073736,1.317367106,0.096985518,0.25,U01,-3.050248095,H35
CB,18,-685.9285044,2650.344011,2.311730081,2.627213878,2.230822557,2.002817262,0.469843555,0.5,U01,-3.050248095,H35
CB,18,-685.9285044,2650.344011,2.386043319,2.574132605,2.325744936,2.099323671,0.505147883,0.75,U01,-3.050248095,H35
CB,18,-688.1919196,2651.150797,2.3385909,1.327080062,2.257909446,1.178583273,0.075445198,0.25,U26,-4.118608927,H36
CB,18,-688.1919196,2651.150797,2.445567649,1.291603,2.374073441,1.169912865,0.090609831,0.5,U26,-4.118608927,H36
CB,18,-688.1919196,2651.150797,2.427737511,1.393687563,2.355439639,1.231454287,0.173826071,0.75,U26,-4.118608927,H36
CB,18,-687.806809,2652.094083,2.232949289,2.658936521,2.231441863,2.644675989,0.33059706,0.25,U03,-4.223784608,H42
CB,18,-687.806809,2652.094083,2.301518123,2.763740116,2.301055473,2.759123606,0.519895571,0.5,U03,-4.223784608,H42
CB,18,-687.806809,2652.094083,2.343302637,2.275192138,2.34085128,2.256591133,0.519895571,0.75,U03,-4.223784608,H42
CB,18,-689.0219789,2651.936186,2.34323335,1.431723247,2.337544034,1.414675965,0.086910769,0.25,U19,-4.193903581,H29
CB,18,-689.0219789,2651.936186,2.376151478,1.470118617,2.373484113,1.461426832,0.159422775,0.5,U19,-4.193903581,H29
CB,18,-689.0219789,2651.936186,2.40841527,1.449251412,2.403355094,1.433519648,0.203547695,0.75,U19,-4.193903581,H29
CB,18,-687.8893702,2653.219578,2.472601738,1.077227711,2.325362588,1.023297892,0.019837176,0.25,U27,-4.18824831,H61
CB,18,-687.8893702,2653.219578,2.455055779,1.257492733,2.249271292,1.051170762,0.081239649,0.5,U27,-4.18824831,H61
CB,18,-687.8893702,2653.219578,2.57970978,1.477374908,2.38448762,1.110473643,0.103500328,0.75,U27,-4.18824831,H61
CB,18,-689.2553657,2652.918432,2.430954894,1.250542025,2.229754444,1.051555615,0.044223872,0.25,U02,-4.20454008,H46
CB,18,-689.2553657,2652.918432,2.51949295,1.356916394,2.437094336,1.193270277,0.074755401,0.5,U02,-4.20454008,H46
CB,18,-689.2553657,2652.918432,2.472553279,1.455818658,2.396440561,1.262675508,0.157236797,0.75,U02,-4.20454008,H46
CB,18,-684.7702993,2652.205256,2.267845544,1.380634546,2.194839057,1.222175828,0.110478614,0.25,U21,-4.140067278,H20
CB,18,-684.7702993,2652.205256,2.299545064,1.630393909,2.237219279,1.409748934,0.261980584,0.5,U21,-4.140067278,H20
CB,18,-684.7702993,2652.205256,2.295603577,1.893677294,2.245154731,1.643099196,0.498859687,0.75,U21,-4.140067278,H20
CB,18,-684.3918422,2653.623102,2.315874991,1.244199207,2.207896089,1.105995993,0.070360797,0.25,U20,-3.915582408,H27
CB,18,-684.3918422,2653.623102,2.376087592,1.550497713,2.231810447,1.192838126,0.175344987,0.5,U20,-3.915582408,H27
CB,18,-684.3918422,2653.623102,2.482171698,1.583678223,2.31672505,1.175097647,0.175344987,0.75,U20,-3.915582408,H27
CB,18,-685.4390887,2652.798682,2.286927727,1.215068983,2.240746506,1.150845587,0.073993643,0.25,U10,-4.193477901,H47
CB,18,-685.4390887,2652.798682,2.362158265,1.272441765,2.307935474,1.180830737,0.123380129,0.5,U10,-4.193477901,H47
CB,18,-685.4390887,2652.798682,2.47076813,1.295793747,2.410907292,1.188589958,0.123380129,0.75,U10,-4.193477901,H47
CB,18,-682.6786283,2653.009242,2.295699641,4.262533093,2.151177315,2.482014688,0.428295114,0.25,U13,-4.681145275,H37
CB,18,-682.6786283,2653.009242,2.319737873,2.99271677,2.181396754,1.875510261,0.527640228,0.5,U13,-4.681145275,H37
CB,18,-682.6786283,2653.009242,2.285822697,2.315168354,2.17408481,1.649627799,0.674640641,0.75,U13,-4.681145275,H37
CB,18,-681.71099,2651.144159,2.469737301,1.520860023,2.29281934,1.140799893,0.057432772,0.25,U22,-3.745239023,H14
CB,18,-681.71099,2651.144159,2.535010784,1.660718124,2.300428009,1.117951033,0.101313375,0.5,U22,-3.745239023,H14
CB,18,-681.71099,2651.144159,2.467259723,1.794540773,2.250283602,1.168453729,0.226378108,0.75,U22,-3.745239023,H14
CB,18,-683.8083412,2649.939671,2.374579023,2.659850057,2.175357176,1.469160834,0.183511782,0.25,U18,-3.138038463,H40
CB,18,-683.8083412,2649.939671,2.413511633,2.033078742,2.287169634,1.447594608,0.22419046,0.5,U18,-3.138038463,H40
CB,18,-683.8083412,2649.939671,2.497193372,1.960202315,2.393848488,1.484343595,0.226150536,0.75,U18,-3.138038463,H40
CB,18,-684.6392876,2648.542277,2.249638728,7.123617396,1.979068413,2.498068883,0.88296053,0.25,U08,-3.857068092,H45
CB,18,-684.6392876,2648.542277,2.40610998,8.473142927,2.288454658,5.254166993,1.098945054,0.5,U08,-3.857068092,H45
CB,18,-684.6392876,2648.542277,2.381260997,5.416574747,2.327415208,4.37130792,1.156497517,0.75,U08,-3.857068092,H45
CB,18,-683.4853023,2648.659244,2.387580049,1.675377885,2.333134395,1.465887819,0.094816009,0.25,U25,-3.564300059,H15
CB,18,-683.4853023,2648.659244,2.255281094,2.384798481,2.176850743,1.855043194,0.52949407,0.5,U25,-3.564300059,H15
CB,18,-683.4853023,2648.659244,2.344425055,3.130520394,2.267690558,2.376623556,0.751152051,0.75,U25,-3.564300059,H15
CB,18,-682.7567245,2647.141304,2.343130514,2.375331067,2.163843325,1.429999194,0.182835851,0.25,U17,-3.71472541,H49
CB,18,-682.7567245,2647.141304,2.40906646,1.940614841,2.243917673,1.303948708,0.214566709,0.5,U17,-3.71472541,H49
CB,18,-682.7567245,2647.141304,2.423764599,2.221319987,2.295844579,1.535446134,0.361087783,0.75,U17,-3.71472541,H49
CB,18,-683.2533336,2647.493556,2.279288073,2.745061747,2.184314801,1.991517855,0.282908094,0.25,U04,-3.958541644,H17
CB,18,-683.2533336,2647.493556,2.36592332,2.80862633,2.306227436,2.278708156,0.4051541,0.5,U04,-3.958541644,H17
CB,18,-683.2533336,2647.493556,2.412773879,2.940458949,2.365631812,2.483149761,0.526936134,0.75,U04,-3.958541644,H17
CB,18,-683.7897392,2646.233569,2.299245208,7.012848854,2.229397883,5.286745357,0.706965015,0.25,U07,-4.255837945,H39
CB,18,-683.7897392,2646.233569,2.308510714,5.157183659,2.276585822,4.541711618,0.9916303,0.5,U07,-4.255837945,H39
CB,18,-683.7897392,2646.233569,2.369379195,4.529230371,2.343192059,4.085889671,1.00828499,0.75,U07,-4.255837945,H39
CB,18,-685.2453983,2646.6428,2.385305504,1.54588651,2.289688594,1.275692599,0.083944959,0.25,U05,-4.045867308,H18
CB,18,-685.2453983,2646.6428,2.450153042,1.440673805,2.317744662,1.165133635,0.112782335,0.5,U05,-4.045867308,H18
CB,18,-685.2453983,2646.6428,2.443942375,1.521629027,2.27575496,1.150958456,0.191980849,0.75,U05,-4.045867308,H18
CB,18,-685.7348714,2646.232052,2.271866037,1.951070208,2.200786614,1.598097755,0.191210649,0.25,U28,-4.015549667,H19
CB,18,-685.7348714,2646.232052,2.393106197,1.709828482,2.338217054,1.489453902,0.191210649,0.5,U28,-4.015549667,H19
CB,18,-685.7348714,2646.232052,2.499204776,1.759119438,2.417355599,1.435360199,0.192514258,0.75,U28,-4.015549667,H19
CB,18,-686.8006267,2645.802287,2.323496931,2.380792537,2.257682401,1.923598873,0.198945814,0.25,U12,-3.853821773,H31
CB,18,-686.8006267,2645.802287,2.48575052,2.345192007,2.351045727,1.570854717,0.198945814,0.5,U12,-3.853821773,H31
CB,18,-686.8006267,2645.802287,2.577752493,2.30195485,2.359977469,1.304822979,0.198945814,0.75,U12,-3.853821773,H31
CB,18,-688.1324929,2646.255372,2.299828242,1.130834038,2.214621378,1.066413338,0.053647122,0.25,U11,-4.046831366,H54
CB,18,-688.1324929,2646.255372,2.284210013,1.213496671,2.216219536,1.126254992,0.149068389,0.5,U11,-4.046831366,H54
CB,18,-688.1324929,2646.255372,2.374244352,1.522068407,2.295537673,1.297757813,0.256664464,0.75,U11,-4.046831366,H54
CB,18,-688.5906893,2646.822493,2.154688214,3.187783637,2.091344116,2.53172314,0.562411969,0.25,U09,-4.000708937,H33
CB,18,-688.5906893,2646.822493,2.263329538,3.256392398,2.205277231,2.631700467,0.732980815,0.5,U09,-4.000708937,H33
CB,18,-688.5906893,2646.822493,2.28070101,2.685833567,2.23514843,2.292161866,0.822725441,0.75,U09,-4.000708937,H33
CB,18,-689.8513646,2645.682342,2.283701535,1.671275753,2.233341981,1.476317485,0.145495251,0.25,U23,-4.169104231,H05
CB,18,-689.8513646,2645.682342,2.310137207,1.704812325,2.25920037,1.499327293,0.268798414,0.5,U23,-4.169104231,H05
CB,18,-689.8513646,2645.682342,2.35825805,1.658510314,2.310863171,1.476584965,0.316299286,0.75,U23,-4.169104231,H05
CB,18,-689.6294597,2648.178907,2.307527514,1.22382648,2.294163161,1.202241622,0.069424242,0.25,U29,-4.001665226,H44
CB,18,-689.6294597,2648.178907,2.219469149,1.486960241,2.192614748,1.40307611,0.312367178,0.5,U29,-4.001665226,H44
CB,18,-689.6294597,2648.178907,2.252548012,2.149460872,2.209291043,1.877822433,0.705983099,0.75,U29,-4.001665226,H44
CB,18,-689.0574747,2649.20795,2.393430926,2.571574224,2.203705275,1.469130065,0.163096723,0.25,U16,-3.707690843,H34
CB,18,-689.0574747,2649.20795,2.524615452,2.669146328,2.345374678,1.54241409,0.197453484,0.5,U16,-3.707690843,H34
CB,18,-689.0574747,2649.20795,2.581610201,2.317936322,2.401223082,1.405454501,0.197453484,0.75,U16,-3.707690843,H34
CB,18,-689.6892724,2649.947545,2.484385543,1.188109284,2.347408453,1.063825712,0.030255697,0.25,U30,-4.086195607,H03
CB,18,-689.6892724,2649.947545,2.285776937,1.628319375,2.06631874,1.125225172,0.276853307,0.5,U30,-4.086195607,H03
CB,18,-689.6892724,2649.947545,2.365073601,1.820109413,2.202542614,1.264292479,0.353391836,0.75,U30,-4.086195607,H03
CB,18,-687.1450383,2648.10297,2.396409256,1.478806067,2.349492955,1.342901646,0.074074656,0.25,U15,-3.63192526,H11
CB,18,-687.1450383,2648.10297,2.385909739,1.999082381,2.272975565,1.473499002,0.245899365,0.5,U15,-3.63192526,H11
CB,18,-687.1450383,2648.10297,2.417366971,2.014129209,2.294286874,1.448485152,0.326861655,0.75,U15,-3.63192526,H11
CB,18,-683.6092008,2652.379229,2.236988008,2.035787264,2.21352868,1.893940744,0.233982277,0.25,U06,-3.869483726,H16
CB,18,-683.6092008,2652.379229,2.306636331,1.649742389,2.292312992,1.590057562,0.259189276,0.5,U06,-3.869483726,H16
CB,18,-683.6092008,2652.379229,2.397241643,1.659481758,2.36781696,1.540492159,0.269206947,0.75,U06,-3.869483726,H16
CB,19,-688.0956756,2653.484502,2.392429243,1.520633951,2.276884176,1.225536659,0.079191451,0.25,H27,-4.249690166,H27
CB,19,-688.0956756,2653.484502,2.532131897,1.431317323,2.398896876,1.160264992,0.079191451,0.5,H27,-4.249690166,H27
CB,19,-688.0956756,2653.484502,2.592504072,1.330447673,2.443715815,1.106069987,0.079191451,0.75,H27,-4.249690166,H27
CB,19,-689.7977764,2652.701242,2.351250915,1.805163628,2.105580975,1.136961172,0.123297369,0.25,H52,-4.063784696,H52
CB,19,-689.7977764,2652.701242,2.533228518,2.10065882,2.284801029,1.196750752,0.142210506,0.5,H52,-4.063784696,H52
CB,19,-689.7977764,2652.701242,2.573046351,1.764177985,2.30447099,1.107357275,0.142210506,0.75,H52,-4.063784696,H52
CB,19,-688.1414868,2652.530599,2.298826053,1.825037416,2.180935701,1.369032374,0.15576515,0.25,H34,-4.181825482,H34
CB,19,-688.1414868,2652.530599,2.474469562,1.924659356,2.331024287,1.349120813,0.161635262,0.5,H34,-4.181825482,H34
CB,19,-688.1414868,2652.530599,2.565077832,1.988244972,2.368221473,1.254724806,0.17381386,0.75,H34,-4.181825482,H34
CB,19,-686.3652968,2653.87655,2.356751413,1.334878898,2.3358272,1.287245697,0.070904503,0.25,H54,-4.259060245,H54
CB,19,-686.3652968,2653.87655,2.530157372,1.351659567,2.410584928,1.142753254,0.070904503,0.5,H54,-4.259060245,H54
CB,19,-686.3652968,2653.87655,2.637459097,1.377417003,2.428324944,1.075901818,0.070904503,0.75,H54,-4.259060245,H54
CB,19,-685.6043495,2652.663299,2.497317615,1.227329528,2.313776779,1.053569231,0.031800215,0.25,H70,-4.157723464,H70
CB,19,-685.6043495,2652.663299,2.38383993,1.277518731,2.230114153,1.084422025,0.113914271,0.5,H70,-4.157723464,H70
CB,19,-685.6043495,2652.663299,2.33842987,1.381128451,2.200134238,1.134576394,0.247307965,0.75,H70,-4.157723464,H70
CB,19,-684.2192753,2652.719842,2.440345293,1.08876132,2.281149386,1.024364136,0.024387565,0.25,H20,-3.737016306,H20
CB,19,-684.2192753,2652.719842,2.606241231,1.088217099,2.300276914,1.007202512,0.024387565,0.5,H20,-3.737016306,H20
CB,19,-684.2192753,2652.719842,2.634351281,1.147726647,2.337664278,1.013359074,0.042711282,0.75,H20,-3.737016306,H20
CB,19,-684.4118185,2653.539933,2.388959011,1.431333704,2.286829057,1.203521595,0.071821424,0.25,H48,-3.865492985,H48
CB,19,-684.4118185,2653.539933,2.535398479,1.373433278,2.351467697,1.091760121,0.071821424,0.5,H48,-3.865492985,H48
CB,19,-684.4118185,2653.539933,2.632892229,1.373433278,2.349073929,1.040973107,0.071821424,0.75,H48,-3.865492985,H48
CB,19,-682.7501678,2652.892535,2.307002772,1.504247472,2.151713435,1.160613796,0.110818747,0.25,H38,-4.291135175,H38
CB,19,-682.7501678,2652.892535,2.393093914,2.429410829,2.247861921,1.569933799,0.305263541,0.5,H38,-4.291135175,H38
CB,19,-682.7501678,2652.892535,2.448108879,2.599725297,2.30467899,1.657288068,0.394792018,0.75,H38,-4.291135175,H38
CB,19,-681.9143692,2652.303972,2.265151727,1.374273173,2.174169388,1.190346786,0.110637654,0.25,H36,-4.412629703,H36
CB,19,-681.9143692,2652.303972,2.34433508,1.393718299,2.282998695,1.25133315,0.163939345,0.5,H36,-4.412629703,H36
CB,19,-681.9143692,2652.303972,2.305696103,1.482687449,2.243446137,1.309211136,0.325632774,0.75,H36,-4.412629703,H36
CB,19,-681.9412655,2651.103059,2.274657997,4.693318774,2.215947764,3.728708947,0.517326087,0.25,H67,-4.18750001,H67
CB,19,-681.9412655,2651.103059,2.296241947,3.16434443,2.287191454,3.059327091,0.619234635,0.5,H67,-4.18750001,H67
CB,19,-681.9412655,2651.103059,2.294329519,2.767170117,2.291125533,2.735353432,0.804657332,0.75,H67,-4.18750001,H67
CB,19,-683.4288744,2650.048271,2.414940787,1.334911757,2.307020601,1.148337769,0.055666985,0.25,H03,-3.306811312,H03
CB,19,-683.4288744,2650.048271,2.411211824,1.857734759,2.247409656,1.27576272,0.200193468,0.5,H03,-3.306811312,H03
CB,19,-683.4288744,2650.048271,2.394219154,1.912435713,2.247271833,1.335202643,0.33556359,0.75,H03,-3.306811312,H03
CB,19,-683.806314,2651.437324,2.2684197,2.548714596,2.213337647,2.115630379,0.271432565,0.25,H65,-3.991358278,H65
CB,19,-683.806314,2651.437324,2.262449119,1.990266985,2.251271031,1.923084757,0.408494104,0.5,H65,-3.991358278,H65
CB,19,-683.806314,2651.437324,2.266025506,1.940641121,2.261151874,1.912119082,0.58347105,0.75,H65,-3.991358278,H65
CB,19,-685.5756685,2651.521246,2.315496226,1.283898693,2.240921009,1.161333971,0.076653529,0.25,H23,-3.796331943,H23
CB,19,-685.5756685,2651.521246,2.278564167,2.025560082,2.211192143,1.664848098,0.391049223,0.5,H23,-3.796331943,H23
CB,19,-685.5756685,2651.521246,2.29785104,1.843442084,2.235683978,1.558839188,0.475941422,0.75,H23,-3.796331943,H23
CB,19,-684.7177194,2651.095133,2.292627199,1.736633895,2.281208844,1.683225438,0.148645518,0.25,H43,-3.452032652,H43
CB,19,-684.7177194,2651.095133,2.434169431,1.676928692,2.406312655,1.561189261,0.156454022,0.5,H43,-3.452032652,H43
CB,19,-684.7177194,2651.095133,2.530788587,1.737261011,2.475489065,1.507984882,0.16570869,0.75,H43,-3.452032652,H43
CB,19,-685.9912586,2651.199474,2.350788242,1.461037925,2.223386172,1.180346342,0.087557991,0.25,H68,-3.301979576,H68
CB,19,-685.9912586,2651.199474,2.299440971,2.628639755,2.145413898,1.625184064,0.494794838,0.5,H68,-3.301979576,H68
CB,19,-685.9912586,2651.199474,2.388364894,3.103279346,2.21341518,1.736070508,0.619631357,0.75,H68,-3.301979576,H68
CB,19,-686.7223424,2649.977548,2.215509393,1.892291729,2.14598523,1.564431835,0.231782551,0.25,H42,-3.071399857,H42
CB,19,-686.7223424,2649.977548,2.318652324,2.312779674,2.264143012,1.940003211,0.391862544,0.5,H42,-3.071399857,H42
CB,19,-686.7223424,2649.977548,2.368814109,2.27971717,2.327915539,1.996703974,0.468712784,0.75,H42,-3.071399857,H42
CB,19,-687.4703099,2651.463119,2.204833358,1.781069926,2.178071546,1.654906494,0.22230028,0.25,H11,-4.053747668,H11
CB,19,-687.4703099,2651.463119,2.146502997,1.708485687,2.131727595,1.642256586,0.532602298,0.5,H11,-4.053747668,H11
CB,19,-687.4703099,2651.463119,2.261760315,1.869752532,2.230243569,1.708916001,0.56417014,0.75,H11,-4.053747668,H11
CB,19,-688.8194902,2651.853902,2.560126845,1.041063458,2.307349872,1.005105677,0.009963711,0.25,H01,-4.141459924,H01
CB,19,-688.8194902,2651.853902,2.450660242,1.253052121,2.256829803,1.055324253,0.08194116,0.5,H01,-4.141459924,H01
CB,19,-688.8194902,2651.853902,2.521702501,1.361549423,2.352065772,1.099202246,0.111936058,0.75,H01,-4.141459924,H01
CB,19,-689.2648452,2650.480521,2.260043536,1.238105923,2.25058935,1.221722191,0.087517519,0.25,H46,-4.15743927,H46
CB,19,-689.2648452,2650.480521,2.300593842,1.560586714,2.287012123,1.510660476,0.242688707,0.5,H46,-4.15743927,H46
CB,19,-689.2648452,2650.480521,2.37730787,1.596838777,2.369900165,1.567571068,0.274942168,0.75,H46,-4.15743927,H46
CB,19,-689.3931668,2649.588613,2.625168144,1.067737834,2.34159949,1.006599545,0.009827707,0.25,H41,-3.738932015,H41
CB,19,-689.3931668,2649.588613,2.791834811,1.067737834,2.341273137,1.001649483,0.009827707,0.5,H41,-3.738932015,H41
CB,19,-689.3931668,2649.588613,2.599403551,1.58401297,2.209642827,1.02907126,0.107721939,0.75,H41,-3.738932015,H41
CB,19,-686.3000235,2648.730149,2.128881094,5.531426881,2.043510333,3.943306919,1.125366747,0.25,H14,-3.723029325,H14
CB,19,-686.3000235,2648.730149,2.178068811,3.926787829,2.108678594,3.016026046,1.280378085,0.5,H14,-3.723029325,H14
CB,19,-686.3000235,2648.730149,2.218154009,3.244964897,2.152721781,2.555370937,1.321577658,0.75,H14,-3.723029325,H14
CB,19,-685.7140653,2648.940487,2.328443769,3.540804115,2.170982089,2.028259263,0.306392708,0.25,H51,-2.828544148,H51
CB,19,-685.7140653,2648.940487,2.341544767,2.660940727,2.193631227,1.666362677,0.42127637,0.5,H51,-2.828544148,H51
CB,19,-685.7140653,2648.940487,2.379110884,2.190522658,2.236950234,1.471155247,0.427202243,0.75,H51,-2.828544148,H51
CB,19,-687.0953263,2649.129581,2.246174182,2.142366534,2.156818246,1.645347673,0.240630839,0.25,H17,-3.52409754,H17
CB,19,-687.0953263,2649.129581,2.295949078,1.996030005,2.172806328,1.439262476,0.35674426,0.5,H17,-3.52409754,H17
CB,19,-687.0953263,2649.129581,2.303621596,2.296748518,2.154666106,1.496128135,0.620371452,0.75,H17,-3.52409754,H17
CB,19,-688.2267334,2648.036348,2.426679114,1.273586424,2.350472404,1.153258238,0.047282316,0.25,H18,-3.603284271,H18
CB,19,-688.2267334,2648.036348,2.613164496,1.316623333,2.378118289,1.050633596,0.047282316,0.5,H18,-3.603284271,H18
CB,19,-688.2267334,2648.036348,2.640098587,1.331827803,2.316166342,1.025813677,0.065124985,0.75,H18,-3.603284271,H18
CB,19,-687.9907947,2646.983717,2.202137911,2.771073075,2.075106455,1.822570732,0.394192425,0.25,H44,-4.041111149,H44
CB,19,-687.9907947,2646.983717,2.241244089,2.209561335,2.163670981,1.742511424,0.510847823,0.5,H44,-4.041111149,H44
CB,19,-687.9907947,2646.983717,2.291625257,2.089732755,2.225803601,1.716817948,0.578720708,0.75,H44,-4.041111149,H44
CB,19,-686.5178859,2646.977879,2.335787049,1.557127032,2.24894448,1.300703979,0.104427873,0.25,H35,-4.048416729,H35
CB,19,-686.5178859,2646.977879,2.439154237,1.580223478,2.294452043,1.203868675,0.139289931,0.5,H35,-4.048416729,H35
CB,19,-686.5178859,2646.977879,2.487999448,1.501889749,2.337440982,1.165729886,0.156170743,0.75,H35,-4.048416729,H35
CB,19,-684.917491,2648.024048,2.532568253,1.168126969,2.348673174,1.038731721,0.023302469,0.25,H31,-2.720842048,H31
CB,19,-684.917491,2648.024048,2.699234732,1.168126726,2.34617303,1.009621024,0.023302469,0.5,H31,-2.720842048,H31
CB,19,-684.917491,2648.024048,2.796728482,1.168126726,2.344988125,1.004245431,0.023302469,0.75,H31,-2.720842048,H31
CB,19,-684.0396776,2649.140537,2.253985862,2.516102897,2.242711566,2.419420166,0.283861149,0.25,H05,-3.144570978,H05
CB,19,-684.0396776,2649.140537,2.310526484,2.653322886,2.264113136,2.259572913,0.477684503,0.5,H05,-3.144570978,H05
CB,19,-684.0396776,2649.140537,2.353026118,2.401844314,2.302124574,2.03045969,0.533524867,0.75,H05,-3.144570978,H05
CB,19,-682.5041053,2647.689994,2.599212354,1.062521297,2.354248373,1.008369216,0.010504681,0.25,H25,-3.229320391,H25
CB,19,-682.5041053,2647.689994,2.640111352,1.144234714,2.302239632,1.009263837,0.027447308,0.5,H25,-3.229320391,H25
CB,19,-682.5041053,2647.689994,2.74657024,1.154650255,2.331423421,1.005258928,0.027447308,0.75,H25,-3.229320391,H25
CB,19,-681.944334,2646.944882,2.214014914,3.785940094,2.210918872,3.740904108,0.530121075,0.25,H37,-4.269217762,H37
CB,19,-681.944334,2646.944882,2.22293647,2.816465654,2.222333293,2.810299816,0.736657964,0.5,H37,-4.269217762,H37
CB,19,-681.944334,2646.944882,2.283823696,2.553087394,2.274643916,2.472365623,0.765315445,0.75,H37,-4.269217762,H37
CB,19,-682.8623914,2647.054458,2.15140874,2.188483577,2.098529735,1.854980517,0.366667364,0.25,H33,-4.084301837,H33
CB,19,-682.8623914,2647.054458,2.274240531,2.57034332,2.242414186,2.302749127,0.535191913,0.5,H33,-4.084301837,H33
CB,19,-682.8623914,2647.054458,2.32908446,2.381373562,2.314454011,2.266218406,0.583300899,0.75,H33,-4.084301837,H33
CB,19,-683.3656404,2648.159457,2.240953293,2.355769938,2.188977276,1.988144575,0.276846529,0.25,H50,-3.528770316,H50
CB,19,-683.3656404,2648.159457,2.379939486,2.14801885,2.292119517,1.655536321,0.276846529,0.5,H50,-3.528770316,H50
CB,19,-683.3656404,2648.159457,2.462141502,2.045077949,2.307441432,1.370711496,0.276846529,0.75,H50,-3.528770316,H50
CB,19,-684.4066626,2646.3829,2.335218437,1.411805249,2.199466464,1.149393979,0.087399155,0.25,H02,-4.149173672,H02
CB,19,-684.4066626,2646.3829,2.473454586,1.442515134,2.319206108,1.140006826,0.102617991,0.5,H02,-4.149173672,H02
CB,19,-684.4066626,2646.3829,2.252703472,2.230275331,2.086061248,1.411996469,0.739212394,0.75,H02,-4.149173672,H02
CB,19,-685.6308612,2646.149757,2.4176587,1.686367863,2.309888515,1.323762134,0.084518044,0.25,J12,-3.945219532,J12
CB,19,-685.6308612,2646.149757,2.570521295,1.625986142,2.387040731,1.165041472,0.084518044,0.5,J12,-3.945219532,J12
CB,19,-685.6308612,2646.149757,2.656742234,1.603167515,2.4263817,1.109548247,0.086566851,0.75,J12,-3.945219532,J12
CB,19,-686.636095,2645.872044,2.373738323,1.423896314,2.203602342,1.117838816,0.075736141,0.25,H40,-3.821030297,H40
CB,19,-686.636095,2645.872044,2.585856482,1.580996386,2.304649479,1.069855388,0.075736141,0.5,H40,-3.821030297,H40
CB,19,-686.636095,2645.872044,2.683350232,1.580996386,2.302366643,1.031044983,0.075736141,0.75,H40,-3.821030297,H40
CB,19,-687.9737551,2645.589823,2.293289815,1.350522978,2.271393054,1.298739258,0.094767912,0.25,H15,-4.130057658,H15
CB,19,-687.9737551,2645.589823,2.458476845,1.401826833,2.377409754,1.221368816,0.103200932,0.5,H15,-4.130057658,H15
CB,19,-687.9737551,2645.589823,2.547108101,1.377146558,2.408290487,1.132500575,0.103200932,0.75,H15,-4.130057658,H15
CB,19,-689.2572769,2645.501451,2.397889032,1.142000632,2.304073424,1.067419499,0.037269258,0.25,H39,-4.145557756,H39
CB,19,-689.2572769,2645.501451,2.33623501,1.50788563,2.22869098,1.233165844,0.19711555,0.5,H39,-4.145557756,H39
CB,19,-689.2572769,2645.501451,2.400323263,1.509609745,2.278669504,1.210342563,0.22695636,0.75,H39,-4.145557756,H39
CB,19,-689.2668756,2647.052233,2.245420163,2.567131069,2.205066412,2.235228193,0.301227222,0.25,H57,-3.577790119,H57
CB,19,-689.2668756,2647.052233,2.299551881,2.154766103,2.29049646,2.092534576,0.388303218,0.5,H57,-3.577790119,H57
CB,19,-689.2668756,2647.052233,2.382098144,2.115778438,2.359852744,1.972119868,0.403655163,0.75,H57,-3.577790119,H57
CB,19,-685.2474494,2645.202205,2.507098686,1.096077152,2.317337222,1.020562147,0.019255607,0.25,H28,-4.094399519,H28
CB,19,-685.2474494,2645.202205,2.323421844,1.779471266,2.119577691,1.182184869,0.271149054,0.5,H28,-4.094399519,H28
CB,19,-685.2474494,2645.202205,2.367745376,1.763467887,2.171924417,1.189064844,0.333798611,0.75,H28,-4.094399519,H28
CB,19,-682.5403928,2649.795735,2.361792652,1.793317833,2.01989315,1.062532068,0.116889674,0.25,H47,-3.728561913,H47
CB,19,-682.5403928,2649.795735,2.297197844,2.1906016,2.135664294,1.411066856,0.400416281,0.5,H47,-3.728561913,H47
CB,19,-682.5403928,2649.795735,2.403434624,2.87560311,2.304188058,2.045470033,0.534122463,0.75,H47,-3.728561913,H47
GT,17,2111.567642,4848.096981,2.304223173,1.215788832,2.228747098,1.12036493,0.068984556,0.25,4,-2.747204532,H04
GT,17,2111.567642,4848.096981,2.418285965,1.400436672,2.341449358,1.227720396,0.121729914,0.5,4,-2.747204532,H04
GT,17,2111.567642,4848.096981,2.459551798,1.407096513,2.364902456,1.202475427,0.155288198,0.75,4,-2.747204532,H04
GT,17,2114.389555,4847.679969,2.476448946,1.621220834,2.30323075,1.177072176,0.062198122,0.25,13,-2.965390245,H13
GT,17,2114.389555,4847.679969,2.56132858,1.462565258,2.3813272,1.120213015,0.073097907,0.5,13,-2.965390245,H13
GT,17,2114.389555,4847.679969,2.66363459,1.48946628,2.45555251,1.102658049,0.074104959,0.75,13,-2.965390245,H13
GT,17,2112.259962,4847.230568,2.311877083,1.939156454,2.278879596,1.760053759,0.16055698,0.25,51,-2.848981553,H51
GT,17,2112.259962,4847.230568,2.431864196,1.69473762,2.403975078,1.576242223,0.16055698,0.5,51,-2.848981553,H51
GT,17,2112.259962,4847.230568,2.512069089,1.619066383,2.461640391,1.437324462,0.16055698,0.75,51,-2.848981553,H51
GT,17,2114.025176,4846.732584,2.443845388,1.323892853,2.298016814,1.106248442,0.048428285,0.25,31,-2.945982573,H31
GT,17,2114.025176,4846.732584,2.381985747,1.472941726,2.247572775,1.17573845,0.156156747,0.5,31,-2.945982573,H31
GT,17,2114.025176,4846.732584,2.428565696,1.516402537,2.334055814,1.261768087,0.203420035,0.75,31,-2.945982573,H31
GT,17,2111.968459,4846.372253,2.562790097,1.774773025,2.399976955,1.246980661,0.049906347,0.25,8,-2.573352051,H08
GT,17,2111.968459,4846.372253,2.713423076,1.697470445,2.413153471,1.074621128,0.049906347,0.5,8,-2.573352051,H08
GT,17,2111.968459,4846.372253,2.810916826,1.697470445,2.411214238,1.033297525,0.049906347,0.75,8,-2.573352051,H08
GT,17,2113.28832,4845.696128,2.626042168,1.537975539,2.348682679,1.06580198,0.030572796,0.25,18,-2.622771731,H18
GT,17,2113.28832,4845.696128,2.801332642,1.570638693,2.359610864,1.01843863,0.030572796,0.5,18,-2.622771731,H18
GT,17,2113.28832,4845.696128,2.777607609,1.505622211,2.323883617,1.014440192,0.047037891,0.75,18,-2.622771731,H18
GT,17,2112.211378,4845.190046,2.307391262,1.155682642,2.190050904,1.061347682,0.057037906,0.25,41,-2.57310308,H41
GT,17,2112.211378,4845.190046,2.501766017,1.192722709,2.331609359,1.05005911,0.057037906,0.5,41,-2.57310308,H41
GT,17,2112.211378,4845.190046,2.599259767,1.192722709,2.330452191,1.022337433,0.057037906,0.75,41,-2.57310308,H41
GT,17,2111.99275,4844.432947,2.205098325,1.28764573,2.161563736,1.207528512,0.122217633,0.25,12,-2.89760421,H12
GT,17,2111.99275,4844.432947,2.353265054,1.625500417,2.324515037,1.5142515,0.208518496,0.5,12,-2.89760421,H12
GT,17,2111.99275,4844.432947,2.408252824,1.612009316,2.393141966,1.552341959,0.245507386,0.75,12,-2.89760421,H12
GT,17,2114.482674,4844.558455,2.407215065,1.258416789,2.233955308,1.066825826,0.049660801,0.25,11,-2.821944307,H11
GT,17,2114.482674,4844.558455,2.575461699,1.356232023,2.324704784,1.050838795,0.059166123,0.5,11,-2.821944307,H11
GT,17,2114.482674,4844.558455,2.598782616,1.519781804,2.300906668,1.053536075,0.100614158,0.75,11,-2.821944307,H11
GT,17,2114.021127,4843.91067,2.426554747,1.345404361,2.348575406,1.193106289,0.05398749,0.25,15,-2.771743787,H15
GT,17,2114.021127,4843.91067,2.569226971,1.447999476,2.438987433,1.170985694,0.069406966,0.5,15,-2.771743787,H15
GT,17,2114.021127,4843.91067,2.649911752,1.502847607,2.459506094,1.121721857,0.079735931,0.75,15,-2.771743787,H15
GT,17,2115.806585,4844.218368,2.513810159,1.206319848,2.323149173,1.045567947,0.028153094,0.25,24,-2.957915773,H24
GT,17,2115.806585,4844.218368,2.57370507,1.211432389,2.303057689,1.024315944,0.044482889,0.5,24,-2.957915773,H24
GT,17,2115.806585,4844.218368,2.700963205,1.266466037,2.352090388,1.016449381,0.044668986,0.75,24,-2.957915773,H24
GT,17,2112.405713,4843.222399,2.223846421,1.69391335,2.197991118,1.583544804,0.190542788,0.25,48,-2.863924223,H48
GT,17,2112.405713,4843.222399,2.346177686,1.546292277,2.333610704,1.500986001,0.197648014,0.5,48,-2.863924223,H48
GT,17,2112.405713,4843.222399,2.426906803,1.578123935,2.416678885,1.539129372,0.219365393,0.75,48,-2.863924223,H48
GT,17,2116.69324,4843.720383,2.293907481,2.088698028,2.242409384,1.786352352,0.190961863,0.25,3,-3.510851741,H03
GT,17,2116.69324,4843.720383,2.309098282,2.247288657,2.313197039,2.278326621,0.393497348,0.5,3,-3.510851741,H03
GT,17,2116.69324,4843.720383,2.336605935,2.051107796,2.333975039,2.034115341,0.468444093,0.75,3,-3.510851741,H03
GT,17,2114.786323,4842.785144,2.550560033,1.441963617,2.344958872,1.093239798,0.037205518,0.25,32,-2.818464646,H32
GT,17,2114.786323,4842.785144,2.716464989,1.439598134,2.365002915,1.02841901,0.037205518,0.5,32,-2.818464646,H32
GT,17,2114.786323,4842.785144,2.751667605,1.394500047,2.419558268,1.029389889,0.045243922,0.75,32,-2.818464646,H32
GT,17,2112.83892,4842.28311,2.469009635,1.359855129,2.287377316,1.089703038,0.046328231,0.25,53,-2.685821092,H53
GT,17,2112.83892,4842.28311,2.500384192,1.559708505,2.353769208,1.192971567,0.105627574,0.5,53,-2.685821092,H53
GT,17,2112.83892,4842.28311,2.588298702,1.524128021,2.417542203,1.148773051,0.105627574,0.75,53,-2.685821092,H53
GT,17,2117.239809,4842.351938,2.288183771,1.648185961,2.232196622,1.441340694,0.139722806,0.25,7,-3.339145445,H07
GT,17,2117.239809,4842.351938,2.408742612,1.887135031,2.377830697,1.726434938,0.206752464,0.5,7,-3.339145445,H07
GT,17,2117.239809,4842.351938,2.43975335,1.748395635,2.42311175,1.670627962,0.244291196,0.75,7,-3.339145445,H07
GT,17,2116.353153,4841.789174,2.216074596,1.764709645,2.155522672,1.509187403,0.209294804,0.25,19,-3.255280008,H19
GT,17,2116.353153,4841.789174,2.364420183,1.680674298,2.309458824,1.468047271,0.209830331,0.5,19,-3.255280008,H19
GT,17,2116.353153,4841.789174,2.431405741,1.621365752,2.386377398,1.456020498,0.225069848,0.75,19,-3.255280008,H19
GT,17,2114.049468,4841.392406,2.334167138,1.049328521,2.239810354,1.022798506,0.028005534,0.25,9,-3.152313751,H09
GT,17,2114.049468,4841.392406,2.228569985,1.338196044,2.162266226,1.206461922,0.243036328,0.5,9,-3.152313751,H09
GT,17,2114.049468,4841.392406,2.322972558,1.473927393,2.284821939,1.361491871,0.299763723,0.75,9,-3.152313751,H09
GT,17,2113.770111,4840.647453,2.427014877,1.314750165,2.391278597,1.241460801,0.051100404,0.25,49,-2.805453013,H49
GT,17,2113.770111,4840.647453,2.599051217,1.352624817,2.462472217,1.125333168,0.053324091,0.5,49,-2.805453013,H49
GT,17,2113.770111,4840.647453,2.534642608,1.346137598,2.38178699,1.10803274,0.103446694,0.75,49,-2.805453013,H49
GT,17,2117.138593,4840.530042,2.330097953,1.506532319,2.281809189,1.360021268,0.100943633,0.25,25,-3.29372955,H25
GT,17,2117.138593,4840.530042,2.520025672,1.593945857,2.423436509,1.29996569,0.100943633,0.5,25,-3.29372955,H25
GT,17,2117.138593,4840.530042,2.62611676,1.629377835,2.469437654,1.20397479,0.100943633,0.75,25,-3.29372955,H25
GT,17,2112.482638,4839.606949,2.250796305,1.867295865,2.248948556,1.857112316,0.196467914,0.25,10,-2.941025752,H10
GT,17,2112.482638,4839.606949,2.367449885,1.826566053,2.343460784,1.706963559,0.234462143,0.5,10,-2.941025752,H10
GT,17,2112.482638,4839.606949,2.462268439,1.864750891,2.425120545,1.678929937,0.244132278,0.75,10,-2.941025752,H10
GT,17,2114.413847,4839.81343,2.266999011,1.967196615,2.251767407,1.878393153,0.197304634,0.25,6,-3.225791388,H06
GT,17,2114.413847,4839.81343,2.342181952,1.933363748,2.333151721,1.881430783,0.281936457,0.5,6,-3.225791388,H06
GT,17,2114.413847,4839.81343,2.383393645,1.736886734,2.379637005,1.718933396,0.305792704,0.75,6,-3.225791388,H06
GT,17,2115.438157,4838.724342,2.226118348,1.241214894,2.137121224,1.121547284,0.101505222,0.25,26,-3.395628156,H26
GT,17,2115.438157,4838.724342,2.305656872,1.477592562,2.253086472,1.328216808,0.215753278,0.5,26,-3.395628156,H26
GT,17,2115.438157,4838.724342,2.32420798,1.553770511,2.295061826,1.452497973,0.327532309,0.75,26,-3.395628156,H26
GT,17,2112.494784,4837.942951,2.272975942,1.876417531,2.215484388,1.600851599,0.180381842,0.25,1,-3.021374423,H01
GT,17,2112.494784,4837.942951,2.358969569,1.72443394,2.296608935,1.474758903,0.223233254,0.5,1,-3.021374423,H01
GT,17,2112.494784,4837.942951,2.449205593,1.70100711,2.401147933,1.506499441,0.22534825,0.75,1,-3.021374423,H01
GT,17,2114.417896,4838.165627,2.297887465,1.586060429,2.21244458,1.32083799,0.1260977,0.25,17,-3.244736426,H17
GT,17,2114.417896,4838.165627,2.349717126,1.651460427,2.245677383,1.314159949,0.217029879,0.5,17,-3.244736426,H17
GT,17,2114.417896,4838.165627,2.453082047,1.697596724,2.332222188,1.299476758,0.221064635,0.75,17,-3.244736426,H17
GT,17,2111.442133,4838.598833,2.325192769,1.737989243,2.269172401,1.505984927,0.129968834,0.25,33,-2.745009013,H33
GT,17,2111.442133,4838.598833,2.453251722,1.57022437,2.370319073,1.317288366,0.129968834,0.5,33,-2.745009013,H33
GT,17,2111.442133,4838.598833,2.549663668,1.566038293,2.428238053,1.236537367,0.129968834,0.75,33,-2.745009013,H33
GT,17,2109.940082,4837.785053,2.37386257,1.576269403,2.254268771,1.244602831,0.090991398,0.25,14,-2.728916879,H14
GT,17,2109.940082,4837.785053,2.503369188,1.641351105,2.339140235,1.196738571,0.113441157,0.5,14,-2.728916879,H14
GT,17,2109.940082,4837.785053,2.574466785,1.536260407,2.427277903,1.183142161,0.113441157,0.75,14,-2.728916879,H14
GT,17,2109.838865,4838.615028,2.302612665,2.939753399,2.088278344,1.511680095,0.277644997,0.25,35,-2.935186362,H35
GT,17,2109.838865,4838.615028,2.41557293,2.467738122,2.320680597,1.819775699,0.2832911,0.5,35,-2.935186362,H35
GT,17,2109.838865,4838.615028,2.454858817,2.03380646,2.384218656,1.656142359,0.2832911,0.75,35,-2.935186362,H35
GT,17,2108.296327,4838.890336,2.452922839,1.732829543,2.236038369,1.153136652,0.076068106,0.25,16,-2.696139365,H16
GT,17,2108.296327,4838.890336,2.507444349,1.337148025,2.338904779,1.092678446,0.076068106,0.5,16,-2.696139365,H16
GT,17,2108.296327,4838.890336,2.463337274,1.313219381,2.309012041,1.095772964,0.131443308,0.75,16,-2.696139365,H16
GT,17,2111.15063,4840.218296,2.264130698,1.546180425,2.202868469,1.354790376,0.138995289,0.25,44,-2.948731388,H44
GT,17,2111.15063,4840.218296,2.382403803,1.683264384,2.325020084,1.462028284,0.195173584,0.5,44,-2.948731388,H44
GT,17,2111.15063,4840.218296,2.414387541,1.593403149,2.373407536,1.44721227,0.23481602,0.75,44,-2.948731388,H44
GT,17,2109.563557,4840.331658,2.329992643,1.293151277,2.209714192,1.116777768,0.073483723,0.25,27,-2.852965167,H27
GT,17,2109.563557,4840.331658,2.415878591,2.329217502,2.290846809,1.601296374,0.26381685,0.5,27,-2.852965167,H27
GT,17,2109.563557,4840.331658,2.385220527,1.99193136,2.299706563,1.5675532,0.368141928,0.75,27,-2.852965167,H27
GT,17,2111.676955,4840.521945,2.253125538,1.784029805,2.150551631,1.389236407,0.182292145,0.25,42,-2.804849135,H42
GT,17,2111.676955,4840.521945,2.35741512,1.783593474,2.264233093,1.415917746,0.236198578,0.5,42,-2.804849135,H42
GT,17,2111.676955,4840.521945,2.445709136,1.740096373,2.346184583,1.373392834,0.236631416,0.75,42,-2.804849135,H42
GT,17,2108.154624,4840.623161,2.316138204,1.231967372,2.216398316,1.1071807,0.068314027,0.25,20,-2.783777964,H20
GT,17,2108.154624,4840.623161,2.39816625,1.380571272,2.263701296,1.138446801,0.128494249,0.5,20,-2.783777964,H20
GT,17,2108.154624,4840.623161,2.429024406,1.422087747,2.299438095,1.160999852,0.180084891,0.75,20,-2.783777964,H20
GT,17,2109.288248,4841.088757,2.3324315,2.548872083,2.256871174,1.982911529,0.208006467,0.25,28,-2.727223695,H28
GT,17,2109.288248,4841.088757,2.375631265,2.132441239,2.337547653,1.893199563,0.279239363,0.5,28,-2.727223695,H28
GT,17,2109.288248,4841.088757,2.411997325,1.931613123,2.367289798,1.697930041,0.31594106,0.75,28,-2.727223695,H28
GT,17,2106.911687,4841.287141,2.293019776,3.194756834,2.254842155,2.775185091,0.317143018,0.25,50,-2.685222936,H50
GT,17,2106.911687,4841.287141,2.342633374,2.196622149,2.335344474,2.144791421,0.332622508,0.5,50,-2.685222936,H50
GT,17,2106.911687,4841.287141,2.360587015,1.861479769,2.356674071,1.840154016,0.371714153,0.75,50,-2.685222936,H50
GT,17,2106.142442,4841.841807,2.184841265,1.793995405,2.091138362,1.420404297,0.244129495,0.25,47,-2.585230636,H47
GT,17,2106.142442,4841.841807,2.331460509,1.928562679,2.250360744,1.544400727,0.293792391,0.5,47,-2.585230636,H47
GT,17,2106.142442,4841.841807,2.415368242,1.944454779,2.353296263,1.630776812,0.314368838,0.75,47,-2.585230636,H47
GT,17,2111.207311,4842.141407,2.341954407,2.048311032,2.276012352,1.687149411,0.152439853,0.25,40,-2.69230353,H40
GT,17,2111.207311,4842.141407,2.483087509,1.893177742,2.325418577,1.302396005,0.152439853,0.5,40,-2.69230353,H40
GT,17,2111.207311,4842.141407,2.579573439,1.887471934,2.318750555,1.136988489,0.152439853,0.75,40,-2.69230353,H40
GT,17,2108.365154,4842.513884,2.343519438,1.777666941,2.268451425,1.468643633,0.124518529,0.25,22,-2.624947586,H22
GT,17,2108.365154,4842.513884,2.462051254,1.989109711,2.371432727,1.54640235,0.177963296,0.5,22,-2.624947586,H22
GT,17,2108.365154,4842.513884,2.479527375,1.775850036,2.37853342,1.389139841,0.211860704,0.75,22,-2.624947586,H22
GT,17,2110.632402,4843.380296,2.235087718,1.990275621,2.192366015,1.753735426,0.228864236,0.25,21,-2.846607928,H21
GT,17,2110.632402,4843.380296,2.290402383,1.484421089,2.277073763,1.441253011,0.231840955,0.5,21,-2.846607928,H21
GT,17,2110.632402,4843.380296,2.300382642,1.457416553,2.29465057,1.439349659,0.322423344,0.75,21,-2.846607928,H21
GT,17,2110.948197,4843.773016,2.417458123,1.183465485,2.333901805,1.095410483,0.039427647,0.25,46,-2.695975116,H46
GT,17,2110.948197,4843.773016,2.322374918,1.328410351,2.229701858,1.163511638,0.161791633,0.5,46,-2.695975116,H46
GT,17,2110.948197,4843.773016,2.439334232,1.548461127,2.338696051,1.266955864,0.201730471,0.75,46,-2.695975116,H46
GT,17,2107.636396,4843.635362,2.224247914,1.138182436,2.191585205,1.106873417,0.075626102,0.25,36,-2.655735566,H36
GT,17,2107.636396,4843.635362,2.152523145,1.279553229,2.135540675,1.246318036,0.29933526,0.5,36,-2.655735566,H36
GT,17,2107.636396,4843.635362,2.263664914,1.41356398,2.255994234,1.39156981,0.353957186,0.75,36,-2.655735566,H36
GT,17,2109.344929,4844.185979,2.265463493,1.646804941,2.23151285,1.51353337,0.153365543,0.25,5,-2.554916393,H05
GT,17,2109.344929,4844.185979,2.376752105,1.684528725,2.34828886,1.565324638,0.200047331,0.5,5,-2.554916393,H05
GT,17,2109.344929,4844.185979,2.45988571,1.82641722,2.393182657,1.530084562,0.239418506,0.75,5,-2.554916393,H05
GT,17,2106.705205,4844.45319,2.488620387,1.323569179,2.223636802,1.040657121,0.040177233,0.25,23,-2.334017675,H23
GT,17,2106.705205,4844.45319,2.60085654,1.572897231,2.348941495,1.086894224,0.07054716,0.5,23,-2.334017675,H23
GT,17,2106.705205,4844.45319,2.690104312,1.541523791,2.363994564,1.044674706,0.07054716,0.75,23,-2.334017675,H23
GT,17,2109.563557,4844.78518,2.212038645,2.077048346,2.168154587,1.816760293,0.266477049,0.25,34,-2.694552106,H34
GT,17,2109.563557,4844.78518,2.336329278,1.927215956,2.322853102,1.851042384,0.287628307,0.5,34,-2.694552106,H34
GT,17,2109.563557,4844.78518,2.411165128,1.802207728,2.405449259,1.773013962,0.287628307,0.75,34,-2.694552106,H34
GT,17,2107.38538,4845.663738,2.216084206,1.072192394,2.177120592,1.05270412,0.055670972,0.25,43,-2.628008567,H43
GT,17,2107.38538,4845.663738,2.257042747,1.392738717,2.221654491,1.303881176,0.23535262,0.5,43,-2.628008567,H43
GT,17,2107.38538,4845.663738,2.340684416,1.577263443,2.324234172,1.515751919,0.31369336,0.75,43,-2.628008567,H43
GT,17,2109.616189,4846.356059,2.355083133,1.401386171,2.280566991,1.232321083,0.079272612,0.25,39,-2.503689384,H39
GT,17,2109.616189,4846.356059,2.423006488,1.592414602,2.332477827,1.312738643,0.150877424,0.5,39,-2.503689384,H39
GT,17,2109.616189,4846.356059,2.518659873,1.630226041,2.414815828,1.303389142,0.157953006,0.75,39,-2.503689384,H39
GT,17,2111.058776,4846.424127,2.313270872,1.862051168,2.277080893,1.681044115,0.150916474,0.25,29,-2.635996605,H29
GT,17,2111.058776,4846.424127,2.405112486,2.219991759,2.358269482,1.913298721,0.259946977,0.5,29,-2.635996605,H29
GT,17,2111.058776,4846.424127,2.465226948,1.995557252,2.417767348,1.734810651,0.26458462,0.75,29,-2.635996605,H29
GT,17,2108.63768,4847.46868,2.26341941,1.258695837,2.242619793,1.221264256,0.090364061,0.25,30,-2.623693753,H30
GT,17,2108.63768,4847.46868,2.321020133,1.587304167,2.306422226,1.531597587,0.229361305,0.5,30,-2.623693753,H30
GT,17,2108.63768,4847.46868,2.38417093,1.618539592,2.366194102,1.547489168,0.273154114,0.75,30,-2.623693753,H30
GT,17,2111.022338,4847.95047,2.295215492,1.463763626,2.211104165,1.252045095,0.110710945,0.25,2,-2.783729887,H02
GT,17,2111.022338,4847.95047,2.252738848,1.397623517,2.206749046,1.284644445,0.241334651,0.5,2,-2.783729887,H02
GT,17,2111.022338,4847.95047,2.334706492,1.431708383,2.292765826,1.31932672,0.270138874,0.75,2,-2.783729887,H02
GT,19,2108.540839,4845.583584,2.293033087,3.056674344,2.28424479,2.9589072,0.301892519,0.25,H68,-2.688536167,H68
GT,19,2108.540839,4845.583584,2.337715593,2.390481083,2.328600644,2.317366203,0.376897335,0.5,H68,-2.688536167,H68
GT,19,2108.540839,4845.583584,2.400653296,2.265576184,2.391044702,2.194398646,0.407425642,0.75,H68,-2.688536167,H68
GT,19,2109.154715,4846.655968,2.318431129,2.427348643,2.295670509,2.246834162,0.20799613,0.25,H11,-2.557795763,H11
GT,19,2109.154715,4846.655968,2.414810457,1.930381428,2.409430563,1.899226229,0.20799613,0.5,H11,-2.557795763,H11
GT,19,2109.154715,4846.655968,2.448724252,1.862938708,2.43670968,1.798772986,0.257926226,0.75,H11,-2.557795763,H11
GT,19,2109.798787,4845.850568,2.423231975,1.749323481,2.282397365,1.280032732,0.087291002,0.25,H54,-2.508778095,H54
GT,19,2109.798787,4845.850568,2.582439989,1.802014748,2.357180534,1.159780893,0.094041586,0.5,H54,-2.508778095,H54
GT,19,2109.798787,4845.850568,2.674885002,1.77618677,2.433413049,1.135409793,0.094041586,0.75,H54,-2.508778095,H54
GT,19,2111.129367,4846.49039,2.410118592,1.429784602,2.271754356,1.153415543,0.065632105,0.25,H70,-2.528801918,H70
GT,19,2111.129367,4846.49039,2.616361844,1.565690871,2.419807009,1.132687342,0.065632105,0.5,H70,-2.528801918,H70
GT,19,2111.129367,4846.49039,2.563799273,1.838323523,2.396221017,1.261096727,0.156852007,0.75,H70,-2.528801918,H70
GT,19,2111.821018,4846.381866,2.544040526,2.551682473,2.405076847,1.653723971,0.086385012,0.25,H18,-2.618594646,H18
GT,19,2111.821018,4846.381866,2.703835779,2.490969865,2.417975999,1.217711559,0.086385012,0.5,H18,-2.618594646,H18
GT,19,2111.821018,4846.381866,2.791477136,2.407363098,2.412298097,1.097583018,0.086385012,0.75,H18,-2.618594646,H18
GT,19,2112.209167,4847.29293,2.718774722,1.184547623,2.33986432,1.008586549,0.011296749,0.25,H20,-2.689234495,H20
GT,19,2112.209167,4847.29293,2.913767213,1.228927087,2.382433236,1.0030671,0.011296749,0.5,H20,-2.689234495,H20
GT,19,2112.209167,4847.29293,3.011260963,1.228927087,2.382496065,1.001365028,0.011296749,0.75,H20,-2.689234495,H20
GT,19,2113.375956,4846.612217,2.338502975,1.820010174,2.302227596,1.64624852,0.13155055,0.25,H03,-3.040751934,H03
GT,19,2113.375956,4846.612217,2.346534418,1.727614165,2.331926493,1.660596153,0.235734701,0.5,H03,-3.040751934,H03
GT,19,2113.375956,4846.612217,2.442004576,1.718000318,2.432734519,1.675322492,0.235734701,0.75,H03,-3.040751934,H03
GT,19,2115.638271,4845.424341,2.284760018,2.31345342,2.228446345,1.929869516,0.225670576,0.25,H27,-3.051735401,H27
GT,19,2115.638271,4845.424341,2.379188023,1.840217761,2.349569582,1.692722669,0.225670576,0.5,H27,-3.051735401,H27
GT,19,2115.638271,4845.424341,2.471433641,1.812310527,2.442771211,1.673287653,0.225670576,0.75,H27,-3.051735401,H27
GT,19,2115.902183,4844.486105,2.596118721,1.22120859,2.310495978,1.022579462,0.020770788,0.25,H38,-3.05918932,H38
GT,19,2115.902183,4844.486105,2.66044479,1.248685429,2.408290876,1.033760474,0.033915043,0.5,H38,-3.05918932,H38
GT,19,2115.902183,4844.486105,2.48193125,1.44830257,2.323024189,1.136964942,0.149740696,0.75,H38,-3.05918932,H38
GT,19,2114.788179,4845.014963,2.364029997,2.133554713,2.306380703,1.788581277,0.14661932,0.25,H35,-3.000099897,H35
GT,19,2114.788179,4845.014963,2.451640159,2.01739993,2.40941875,1.777851405,0.189366817,0.5,H35,-3.000099897,H35
GT,19,2114.788179,4845.014963,2.520468615,1.871772411,2.486985243,1.701457042,0.19266057,0.75,H35,-3.000099897,H35
GT,19,2113.961792,4843.979204,2.398692633,1.589656678,2.373583365,1.496392134,0.083227158,0.25,H07,-2.834567308,H07
GT,19,2113.961792,4843.979204,2.52653996,1.640628124,2.457482653,1.397309766,0.102947474,0.5,H07,-2.834567308,H07
GT,19,2113.961792,4843.979204,2.631707795,1.693683688,2.482254352,1.240584237,0.10479784,0.75,H07,-2.834567308,H07
GT,19,2113.705821,4845.164195,2.275038136,1.812738782,2.236927631,1.632479584,0.170304775,0.25,H23,-3.094240904,H23
GT,19,2113.705821,4845.164195,2.300172392,1.814108328,2.264501804,1.644024671,0.307136297,0.5,H23,-3.094240904,H23
GT,19,2113.705821,4845.164195,2.306953252,1.773979144,2.285857887,1.673760933,0.433590412,0.75,H23,-3.094240904,H23
GT,19,2112.586507,4845.332411,2.308129004,1.799346208,2.287690859,1.699359997,0.146829844,0.25,H25,-2.76608181,H25
GT,19,2112.586507,4845.332411,2.41123077,2.047832429,2.372323844,1.819523454,0.228491306,0.5,H25,-2.76608181,H25
GT,19,2112.586507,4845.332411,2.510237075,2.05768088,2.428480071,1.624304958,0.228491306,0.75,H25,-2.76608181,H25
GT,19,2112.562588,4843.491238,2.852078416,1.185359024,2.276381255,1.001684673,0.006504536,0.25,H02,-2.709514618,H02
GT,19,2112.562588,4843.491238,3.018745083,1.185359024,2.275809468,1.000419435,0.006504536,0.5,H02,-2.709514618,H02
GT,19,2112.562588,4843.491238,2.752116584,1.844812451,2.319943578,1.032480529,0.072031975,0.75,H02,-2.709514618,H02
GT,19,2111.702127,4845.291814,2.357898039,2.582743323,2.267352046,1.915772873,0.190037727,0.25,H05,-2.763413191,H05
GT,19,2111.702127,4845.291814,2.439213976,2.202386066,2.387384459,1.871368442,0.22332859,0.5,H05,-2.763413191,H05
GT,19,2111.702127,4845.291814,2.52620899,2.128031621,2.47035369,1.793681228,0.22332859,0.75,H05,-2.763413191,H05
GT,19,2111.313889,4843.339496,2.270585143,1.437063326,2.197309181,1.25660042,0.118422747,0.25,H39,-2.888007164,H39
GT,19,2111.313889,4843.339496,2.438046063,1.827219763,2.380514986,1.565023126,0.174898148,0.5,H39,-2.888007164,H39
GT,19,2111.313889,4843.339496,2.456525326,1.793650349,2.423079634,1.636685611,0.23654294,0.75,H39,-2.888007164,H39
GT,19,2110.654059,4845.096669,2.267041758,1.475958127,2.246488837,1.411832284,0.1264112,0.25,H67,-2.731154919,H67
GT,19,2110.654059,4845.096669,2.387933971,1.58314509,2.366906099,1.504870412,0.172889709,0.5,H67,-2.731154919,H67
GT,19,2110.654059,4845.096669,2.469008497,1.681825586,2.439805797,1.56019594,0.203945637,0.75,H67,-2.731154919,H67
GT,19,2109.526691,4843.724698,2.397145067,2.315009727,2.229179339,1.441563423,0.141529322,0.25,H31,-2.690696478,H31
GT,19,2109.526691,4843.724698,2.452380635,2.043290102,2.327779806,1.458176079,0.191989899,0.5,H31,-2.690696478,H31
GT,19,2109.526691,4843.724698,2.487874423,2.111525523,2.36693188,1.504908751,0.25931859,0.75,H31,-2.690696478,H31
GT,19,2108.67931,4844.142357,2.429323804,3.328384962,2.212988275,1.633052053,0.188238859,0.25,H40,-2.511733294,H40
GT,19,2108.67931,4844.142357,2.487192732,2.565772306,2.342217444,1.634558239,0.220276594,0.5,H40,-2.511733294,H40
GT,19,2108.67931,4844.142357,2.525830916,2.157442433,2.400807491,1.51387899,0.227639914,0.75,H40,-2.511733294,H40
GT,19,2108.159196,4843.57839,2.321520862,1.5275551,2.193806938,1.208682708,0.107204914,0.25,H52,-2.61958003,H52
GT,19,2108.159196,4843.57839,2.421411867,1.467042874,2.322766705,1.227686623,0.131554604,0.5,H52,-2.61958003,H52
GT,19,2108.159196,4843.57839,2.31601133,1.378322906,2.221428773,1.187308376,0.270314693,0.75,H52,-2.61958003,H52
GT,19,2114.667893,4843.059911,2.361386142,2.985235,2.268545759,2.157555814,0.221237898,0.25,H01,-3.011979818,H01
GT,19,2114.667893,4843.059911,2.496390637,3.025126022,2.394309729,2.118304423,0.256170988,0.5,H01,-3.011979818,H01
GT,19,2114.667893,4843.059911,2.5327854,2.429744039,2.425016635,1.732304011,0.256170988,0.75,H01,-3.011979818,H01
GT,19,2115.84522,4842.127019,2.336436164,1.743707475,2.276997902,1.498196777,0.124640942,0.25,H44,-3.191568136,H44
GT,19,2115.84522,4842.127019,2.433864618,1.553055909,2.397268592,1.428787255,0.138280869,0.5,H44,-3.191568136,H44
GT,19,2115.84522,4842.127019,2.481934651,1.586254197,2.424171676,1.392038215,0.175992489,0.75,H44,-3.191568136,H44
GT,19,2113.823021,4841.964498,2.638595305,1.570882143,2.400668197,1.096739917,0.030085087,0.25,H15,-2.880456924,H15
GT,19,2113.823021,4841.964498,2.553558005,1.652387346,2.286846661,1.090058888,0.093053102,0.5,H15,-2.880456924,H15
GT,19,2113.823021,4841.964498,2.655782746,1.673270532,2.36049253,1.074411996,0.093053102,0.75,H15,-2.880456924,H15
GT,19,2113.970765,4840.906962,2.328351732,1.877915402,2.191964235,1.346309678,0.143435955,0.25,H41,-3.102710009,H41
GT,19,2113.970765,4840.906962,2.387359757,2.029836757,2.282985776,1.519749285,0.249423504,0.5,H41,-3.102710009,H41
GT,19,2113.970765,4840.906962,2.459396446,2.026905039,2.367292105,1.563593407,0.276750326,0.75,H41,-3.102710009,H41
GT,19,2111.948683,4842.083971,2.285278864,1.874710219,2.239981718,1.650805021,0.171166658,0.25,H57,-2.863942385,H57
GT,19,2111.948683,4842.083971,2.41306658,2.021658328,2.347613713,1.670648538,0.222939968,0.5,H57,-2.863942385,H57
GT,19,2111.948683,4842.083971,2.527394107,2.1333265,2.401974615,1.500374611,0.222939968,0.75,H57,-2.863942385,H57
GT,19,2111.821869,4840.96138,2.302909676,1.84558028,2.27035136,1.683842774,0.155599594,0.25,H65,-2.857134342,H65
GT,19,2111.821869,4840.96138,2.422972311,1.99986306,2.343778023,1.597578539,0.210883141,0.5,H65,-2.857134342,H65
GT,19,2111.821869,4840.96138,2.544710875,2.160933975,2.423215193,1.528327766,0.210883141,0.75,H65,-2.857134342,H65
GT,19,2110.559986,4840.988606,2.524495602,1.466120738,2.333377084,1.111075946,0.042793512,0.25,H47,-2.876560211,H47
GT,19,2110.559986,4840.988606,2.490521448,1.846785588,2.337239129,1.293686058,0.142750978,0.5,H47,-2.876560211,H47
GT,19,2110.559986,4840.988606,2.5557719,1.796854065,2.447835457,1.381347225,0.156955481,0.75,H47,-2.876560211,H47
GT,19,2109.065761,4840.690459,2.487780163,1.695965195,2.334372382,1.234409353,0.063692331,0.25,H14,-2.591879606,H14
GT,19,2109.065761,4840.690459,2.52235528,1.518242969,2.351164901,1.146393071,0.092009544,0.5,H14,-2.591879606,H14
GT,19,2109.065761,4840.690459,2.617496904,1.582300074,2.402749535,1.118930189,0.099733829,0.75,H14,-2.591879606,H14
GT,19,2108.585426,4842.208996,2.3231121,2.412742045,2.234870412,1.820501325,0.202506781,0.25,H36,-2.67758441,H36
GT,19,2108.585426,4842.208996,2.413288963,1.884639123,2.349924106,1.583184018,0.202506781,0.5,H36,-2.67758441,H36
GT,19,2108.585426,4842.208996,2.500298641,1.82722701,2.44591339,1.577256295,0.202506781,0.75,H36,-2.67758441,H36
GT,19,2107.592762,4841.61253,2.917926259,1.035863785,2.397359622,1.000480614,0.002099991,0.25,H17,-2.611970901,H17
GT,19,2107.592762,4841.61253,2.509558825,3.323108601,2.182309055,1.288514727,0.269192457,0.5,H17,-2.611970901,H17
GT,19,2107.592762,4841.61253,2.529136272,2.658366573,2.327143783,1.459647861,0.289297581,0.75,H17,-2.611970901,H17
GT,19,2115.710439,4840.459398,2.39781874,1.502116848,2.275357284,1.20568128,0.075766802,0.25,H42,-3.20987463,H42
GT,19,2115.710439,4840.459398,2.568322882,1.515619933,2.370166151,1.117833678,0.075766802,0.5,H42,-3.20987463,H42
GT,19,2115.710439,4840.459398,2.674358234,1.546806961,2.400686854,1.069095536,0.075766802,0.75,H42,-3.20987463,H42
GT,19,2114.74947,4840.058164,2.494390367,1.814462685,2.431685385,1.53644813,0.068490505,0.25,H28,-3.158590078,H28
GT,19,2114.74947,4840.058164,2.626703486,1.679047176,2.516523243,1.314367278,0.070385933,0.5,H28,-3.158590078,H28
GT,19,2114.74947,4840.058164,2.504741175,1.900832612,2.401421256,1.451366904,0.210138798,0.75,H28,-3.158590078,H28
GT,19,2113.2051,4839.906449,2.343478721,1.145236903,2.198272146,1.045520804,0.047298431,0.25,J12,-3.197798014,J12
GT,19,2113.2051,4839.906449,2.338247171,1.385669576,2.210025308,1.147473612,0.16613555,0.5,J12,-3.197798014,J12
GT,19,2113.2051,4839.906449,2.384004664,1.910678159,2.30639946,1.545969082,0.349682808,0.75,J12,-3.197798014,J12
GT,19,2112.840676,4838.594066,2.299261586,1.794523317,2.261975616,1.621191249,0.151754618,0.25,H34,-3.044290781,H34
GT,19,2112.840676,4838.594066,2.365130372,1.586513763,2.324099058,1.441659887,0.190761328,0.5,H34,-3.044290781,H34
GT,19,2112.840676,4838.594066,2.454063847,1.658662611,2.387353933,1.416127299,0.212382317,0.75,H34,-3.044290781,H34
GT,19,2112.225593,4838.830029,2.825867616,1.11819138,2.425880692,1.004483856,0.005702496,0.25,H43,-2.779923201,H43
GT,19,2112.225593,4838.830029,2.584020378,1.787062671,2.258919923,1.070895394,0.092303276,0.5,H43,-2.779923201,H43
GT,19,2112.225593,4838.830029,2.663783856,1.848318045,2.383146763,1.110896551,0.104288578,0.75,H43,-2.779923201,H43
GT,19,2111.710878,4839.646265,2.255050412,1.438887504,2.131758222,1.176374421,0.126636982,0.25,H50,-3.103889227,H50
GT,19,2111.710878,4839.646265,2.274842644,1.641524799,2.212398347,1.417068921,0.293497086,0.5,H50,-3.103889227,H50
GT,19,2111.710878,4839.646265,2.357955943,1.82071621,2.327581639,1.672771586,0.364182949,0.75,H50,-3.103889227,H50
GT,19,2111.00857,4838.632187,2.288542696,3.062254124,2.274897957,2.911801365,0.308212042,0.25,H33,-2.965103865,H33
GT,19,2111.00857,4838.632187,2.33902907,2.298830094,2.332880365,2.251887797,0.357349873,0.5,H33,-2.965103865,H33
GT,19,2111.00857,4838.632187,2.400284764,2.052448934,2.393742393,2.010571584,0.359761477,0.75,H33,-2.965103865,H33
GT,19,2110.023976,4839.779279,2.335360403,2.559691405,2.282021863,2.136035791,0.20651865,0.25,H46,-2.947504997,H46
GT,19,2110.023976,4839.779279,2.4249846,1.981195317,2.355330765,1.624444427,0.20651865,0.5,H46,-2.947504997,H46
GT,19,2110.023976,4839.779279,2.474399692,1.847961202,2.402080038,1.524244627,0.229181767,0.75,H46,-2.947504997,H46
GT,19,2109.369126,4838.068317,2.233052014,1.431283978,2.207513562,1.359375067,0.13734746,0.25,H37,-2.842963696,H37
GT,19,2109.369126,4838.068317,2.348517098,1.614397864,2.304046094,1.452454705,0.210334778,0.5,H37,-2.842963696,H37
GT,19,2109.369126,4838.068317,2.450305038,1.68221626,2.385486957,1.437796401,0.220522165,0.75,H37,-2.842963696,H37
GT,19,2108.743573,4839.329264,2.698540413,1.231791999,2.323013556,1.011317055,0.013920069,0.25,H51,-2.584178686,H51
GT,19,2108.743573,4839.329264,2.598332829,1.566183735,2.326427679,1.07301684,0.070780039,0.5,H51,-2.584178686,H51
GT,19,2108.743573,4839.329264,2.65134844,1.446535613,2.399576291,1.065157271,0.073846102,0.75,H51,-2.584178686,H51
HS,17,-467.5321883,1272.836368,2.369988762,3.021595448,2.226676148,1.862334097,0.216388925,0.25,26,-3.442979617,H26
HS,17,-467.5321883,1272.836368,2.366342989,2.227817341,2.301508553,1.819670102,0.306778548,0.5,26,-3.442979617,H26
HS,17,-467.5321883,1272.836368,2.455486253,2.16731191,2.419820973,1.936016378,0.306778548,0.75,26,-3.442979617,H26
HS,17,-469.329683,1273.200725,2.306949118,2.241390738,2.278801862,2.045462773,0.197865283,0.25,29,-3.491885046,H29
HS,17,-469.329683,1273.200725,2.298991865,1.87286184,2.292689126,1.838351744,0.322910381,0.5,29,-3.491885046,H29
HS,17,-469.329683,1273.200725,2.388203735,1.827754299,2.384496701,1.808207359,0.322910381,0.75,29,-3.491885046,H29
HS,17,-468.8641157,1272.407236,2.655549791,1.133855261,2.331114825,1.009565822,0.012368422,0.25,10,-3.143007996,H10
HS,17,-468.8641157,1272.407236,2.822216457,1.133855261,2.33117118,1.002401137,0.012368422,0.5,10,-3.143007996,H10
HS,17,-468.8641157,1272.407236,2.849997046,1.216663523,2.424310197,1.006937733,0.02143243,0.75,10,-3.143007996,H10
HS,17,-471.1352745,1272.544882,2.274061017,1.482688849,2.210137235,1.305436345,0.123807304,0.25,23,-3.646529476,H23
HS,17,-471.1352745,1272.544882,2.42195037,1.797373727,2.356383411,1.514228567,0.182630328,0.5,23,-3.646529476,H23
HS,17,-471.1352745,1272.544882,2.468997817,2.052427459,2.386278655,1.616927861,0.270333929,0.75,23,-3.646529476,H23
HS,17,-470.3822699,1271.921427,2.29360188,1.241979967,2.221172409,1.138863093,0.076800269,0.25,21,-3.336674448,H21
HS,17,-470.3822699,1271.921427,2.451441819,1.259121533,2.324270442,1.096932595,0.082760171,0.5,21,-3.336674448,H21
HS,17,-470.3822699,1271.921427,2.565177941,1.292309625,2.343864711,1.051821941,0.082760171,0.75,21,-3.336674448,H21
HS,17,-468.6374046,1271.241294,2.331090787,1.695061672,2.284715958,1.507881568,0.122107259,0.25,27,-3.551605904,H27
HS,17,-468.6374046,1271.241294,2.388748041,1.654705355,2.375289978,1.598119237,0.185083279,0.5,27,-3.551605904,H27
HS,17,-468.6374046,1271.241294,2.407527498,1.62933312,2.401742214,1.605299163,0.250536702,0.75,27,-3.551605904,H27
HS,17,-469.5321036,1270.686661,2.334861884,1.638655976,2.2608239,1.382146156,0.114014228,0.25,1,-3.463777471,H01
HS,17,-469.5321036,1270.686661,2.45443,1.617113953,2.359023025,1.31543576,0.135767755,0.5,1,-3.463777471,H01
HS,17,-469.5321036,1270.686661,2.56558384,1.676124712,2.40760418,1.219115847,0.135767755,0.75,1,-3.463777471,H01
HS,17,-471.7911171,1271.018631,2.334260299,2.488438106,2.311796945,2.303781393,0.200632668,0.25,14,-3.619696287,H14
HS,17,-471.7911171,1271.018631,2.404084767,1.899976041,2.388651333,1.815346756,0.21278836,0.5,14,-3.619696287,H14
HS,17,-471.7911171,1271.018631,2.48639614,1.816667928,2.43741628,1.590771078,0.21278836,0.75,14,-3.619696287,H14
HS,17,-470.4753834,1270.431611,2.311625607,1.838974294,2.201581534,1.397732109,0.149299424,0.25,17,-3.62001463,H17
HS,17,-470.4753834,1270.431611,2.479095092,1.915895749,2.368237268,1.43599651,0.157565837,0.5,17,-3.62001463,H17
HS,17,-470.4753834,1270.431611,2.466485266,1.823686241,2.387142403,1.483968584,0.232439023,0.75,17,-3.62001463,H17
HS,17,-467.8580854,1269.636098,2.236390887,1.117525008,2.157134635,1.062413842,0.065988756,0.25,19,-3.503804654,H19
HS,17,-467.8580854,1269.636098,2.298167099,1.287490681,2.19434837,1.130177716,0.165933132,0.5,19,-3.503804654,H19
HS,17,-467.8580854,1269.636098,2.362211485,1.474255605,2.252049041,1.212173638,0.254733257,0.75,19,-3.503804654,H19
HS,17,-469.3924334,1269.470114,2.252465778,3.183884174,2.212345414,2.74673516,0.373990871,0.25,16,-3.486101335,H16
HS,17,-469.3924334,1269.470114,2.321324636,2.368483593,2.271837118,2.013521575,0.398980706,0.5,16,-3.486101335,H16
HS,17,-469.3924334,1269.470114,2.39261749,2.318800396,2.315439441,1.817519876,0.43352936,0.75,16,-3.486101335,H16
HS,17,-473.5096677,1269.449872,2.538963193,1.40700786,2.342433509,1.091351828,0.037198946,0.25,2,-3.550572489,H02
HS,17,-473.5096677,1269.449872,2.582448574,1.519154176,2.385166542,1.11957714,0.071738716,0.5,2,-3.550572489,H02
HS,17,-473.5096677,1269.449872,2.528710219,1.741195043,2.332378518,1.181893865,0.167712979,0.75,2,-3.550572489,H02
HS,17,-468.335798,1268.654359,2.352751882,1.177264676,2.267357489,1.090731858,0.050651036,0.25,13,-3.297978371,H13
HS,17,-468.335798,1268.654359,2.559491639,1.24041591,2.332872437,1.040087858,0.050651036,0.5,13,-3.297978371,H13
HS,17,-468.335798,1268.654359,2.547859599,2.136495534,2.303957173,1.211923424,0.205139564,0.75,13,-3.297978371,H13
HS,17,-470.264866,1268.089605,2.367211657,2.053330594,2.302211504,1.694988554,0.137680974,0.25,8,-3.573722531,H08
HS,17,-470.264866,1268.089605,2.458021599,2.336008719,2.402807992,1.953379467,0.222194752,0.5,8,-3.573722531,H08
HS,17,-470.264866,1268.089605,2.449512409,2.345473504,2.3964119,1.973349194,0.347010265,0.75,8,-3.573722531,H08
HS,17,-472.7424938,1268.955965,2.285715542,3.429841713,2.229936228,2.78714362,0.353495925,0.25,28,-3.585305624,H28
HS,17,-472.7424938,1268.955965,2.312913646,2.63087607,2.283556808,2.374569144,0.468298573,0.5,28,-3.585305624,H28
HS,17,-472.7424938,1268.955965,2.364012332,2.556431077,2.344662086,2.390067503,0.549131834,0.75,28,-3.585305624,H28
HS,17,-469.4754258,1267.668571,2.282562567,1.941190363,2.162832048,1.422169078,0.181633712,0.25,7,-3.560334322,H07
HS,17,-469.4754258,1267.668571,2.413380609,3.75402293,2.280818103,2.312305504,0.458521428,0.5,7,-3.560334322,H07
HS,17,-469.4754258,1267.668571,2.437181093,3.985119092,2.353290436,2.899340389,0.664151452,0.75,7,-3.560334322,H07
HS,17,-467.8682065,1267.458053,2.378217248,1.174335565,2.355207533,1.145877484,0.045152611,0.25,53,-2.871760082,H53
HS,17,-467.8682065,1267.458053,2.497576082,1.141433613,2.478143172,1.121457476,0.049136212,0.5,53,-2.871760082,H53
HS,17,-467.8682065,1267.458053,2.552675567,1.129716942,2.526822607,1.105805939,0.055976277,0.75,53,-2.871760082,H53
HS,17,-470.5927873,1267.381133,2.371524639,1.442240974,2.209116334,1.131260399,0.078367933,0.25,9,-3.005526492,H09
HS,17,-470.5927873,1267.381133,2.560403421,1.540301109,2.353308612,1.115859902,0.080548247,0.5,9,-3.005526492,H09
HS,17,-470.5927873,1267.381133,2.657679288,1.539494179,2.34955118,1.051475204,0.080548247,0.75,9,-3.005526492,H09
HS,17,-469.9369447,1266.409515,2.375309485,1.333908976,2.311661127,1.207881337,0.06552915,0.25,3,-3.612220939,H03
HS,17,-469.9369447,1266.409515,2.366079635,1.644406804,2.280551801,1.355221545,0.201383317,0.5,3,-3.612220939,H03
HS,17,-469.9369447,1266.409515,2.244646266,1.939903515,2.155060083,1.520392107,0.637395879,0.75,3,-3.612220939,H03
HS,17,-473.4590626,1266.972244,2.451625659,1.042178313,2.286292402,1.010828408,0.015860951,0.25,4,-2.939930326,H04
HS,17,-473.4590626,1266.972244,2.466566656,1.073386111,2.25521034,1.013030128,0.039621296,0.5,4,-2.939930326,H04
HS,17,-473.4590626,1266.972244,2.5743216,1.106186539,2.38675182,1.023224832,0.046028968,0.75,4,-2.939930326,H04
HS,17,-468.325677,1265.522913,2.260425539,1.25710549,2.152413598,1.111895537,0.091182441,0.25,35,-3.059687045,H35
HS,17,-468.325677,1265.522913,2.538449819,1.60689639,2.381507518,1.195345481,0.094747309,0.5,35,-3.059687045,H35
HS,17,-468.325677,1265.522913,2.636038953,1.60728707,2.449893085,1.15612856,0.094747309,0.75,35,-3.059687045,H35
HS,17,-469.8559765,1265.73343,2.278726639,2.0302157,2.253422519,1.878633477,0.195986152,0.25,24,-3.571937495,H24
HS,17,-469.8559765,1265.73343,2.404755458,1.865578786,2.364779762,1.666955167,0.206863219,0.5,24,-3.571937495,H24
HS,17,-469.8559765,1265.73343,2.371471965,1.764982111,2.338577902,1.61519676,0.329081024,0.75,24,-3.571937495,H24
HS,17,-472.4024272,1264.972329,2.369183938,1.434224549,2.338894732,1.349665971,0.078285238,0.25,12,-3.41846171,H12
HS,17,-472.4024272,1264.972329,2.477014083,1.710425563,2.355648718,1.304485552,0.134955239,0.5,12,-3.41846171,H12
HS,17,-472.4024272,1264.972329,2.483258806,1.80582184,2.364732638,1.357794738,0.213733918,0.75,12,-3.41846171,H12
HS,17,-470.6332714,1264.441987,2.254681135,2.382875296,2.210078919,2.056239425,0.265148726,0.25,6,-3.255066119,H06
HS,17,-470.6332714,1264.441987,2.347192239,2.030826654,2.321430925,1.876610299,0.29496243,0.5,6,-3.255066119,H06
HS,17,-470.6332714,1264.441987,2.424870636,2.161313254,2.397962704,1.983696513,0.347209728,0.75,6,-3.255066119,H06
HS,17,-468.9744349,1263.819543,2.171498865,2.372688217,2.167142741,2.337713607,0.372795999,0.25,18,-3.433232076,H18
HS,17,-468.9744349,1263.819543,2.264417382,2.450938705,2.261786527,2.428728297,0.526857029,0.5,18,-3.433232076,H18
HS,17,-468.9744349,1263.819543,2.341191341,2.349969682,2.315509551,2.156970913,0.545765074,0.75,18,-3.433232076,H18
HS,17,-470.5634364,1262.38843,2.438929942,1.150284402,2.309050815,1.053426952,0.032387203,0.25,51,-2.823691206,H51
HS,17,-470.5634364,1262.38843,2.547806707,1.232119772,2.261352299,1.023633139,0.052150961,0.5,51,-2.823691206,H51
HS,17,-470.5634364,1262.38843,2.643566308,1.373596214,2.331602059,1.032571393,0.068720188,0.75,51,-2.823691206,H51
HS,17,-469.6161081,1262.752787,2.352301519,2.049243507,2.132009417,1.229645632,0.146106406,0.25,46,-3.569525348,H46
HS,17,-469.6161081,1262.752787,2.366050469,4.582092267,2.309324756,3.670750878,0.689920205,0.5,46,-3.569525348,H46
HS,17,-469.6161081,1262.752787,2.384161005,3.711480897,2.358817184,3.368525636,0.767174817,0.75,46,-3.569525348,H46
HS,17,-466.9077209,1262.967353,2.33517276,1.372784082,2.283966861,1.256085975,0.08249554,0.25,47,-3.844074654,H47
HS,17,-466.9077209,1262.967353,2.423018601,1.676674683,2.33104454,1.357503117,0.163841923,0.5,47,-3.844074654,H47
HS,17,-466.9077209,1262.967353,2.402409974,1.855818153,2.314713781,1.47596712,0.3110337,0.75,47,-3.844074654,H47
HS,17,-464.6487073,1263.777035,2.536950801,5.642250095,2.302444742,2.320459918,0.210449114,0.25,22,-3.795456545,H22
HS,17,-464.6487073,1263.777035,2.582340205,3.917565244,2.347306024,1.741020686,0.237716397,0.5,22,-3.795456545,H22
HS,17,-464.6487073,1263.777035,2.495101597,2.757432577,2.29436116,1.497810134,0.347711141,0.75,22,-3.795456545,H22
HS,17,-466.7295908,1264.983462,2.580114973,2.913707921,2.269780556,1.251716006,0.086675228,0.25,50,-3.633771218,H50
HS,17,-466.7295908,1264.983462,2.668916037,2.21790266,2.364454489,1.145176947,0.086675228,0.5,50,-3.633771218,H50
HS,17,-466.7295908,1264.983462,2.704891648,1.844896925,2.461251975,1.147509813,0.08766984,0.75,50,-3.633771218,H50
HS,17,-467.7174031,1265.493562,2.150844592,2.208944654,2.124536589,2.029035404,0.371866321,0.25,48,-3.693579849,H48
HS,17,-467.7174031,1265.493562,2.244859432,2.847280691,2.209150851,2.506139811,0.680876244,0.5,48,-3.693579849,H48
HS,17,-467.7174031,1265.493562,2.371729783,3.272730228,2.336979091,2.876304935,0.70435573,0.75,48,-3.693579849,H48
HS,17,-463.0698269,1265.590723,2.303926311,1.769450621,2.241840027,1.507130212,0.145813112,0.25,41,-3.970392012,H41
HS,17,-463.0698269,1265.590723,2.361547317,1.363937068,2.337554536,1.305633757,0.145813112,0.5,41,-3.970392012,H41
HS,17,-463.0698269,1265.590723,2.296773307,1.408060545,2.285476836,1.376411918,0.306017499,0.75,41,-3.970392012,H41
HS,17,-464.8511279,1265.841725,2.54839902,1.112565347,2.368349308,1.026249294,0.017621997,0.25,34,-2.869250641,H34
HS,17,-464.8511279,1265.841725,2.355692704,1.218621618,2.14013575,1.039588092,0.112183281,0.5,34,-2.869250641,H34
HS,17,-464.8511279,1265.841725,2.475695826,1.666648097,2.309599242,1.202722485,0.195575821,0.75,34,-2.869250641,H34
HS,17,-467.1911097,1266.189888,2.260040513,1.157787142,2.173927899,1.079974661,0.069954417,0.25,36,-3.27399068,H36
HS,17,-467.1911097,1266.189888,2.334357964,1.577272867,2.225599806,1.26574051,0.214706463,0.5,36,-3.27399068,H36
HS,17,-467.1911097,1266.189888,2.446814533,1.710139441,2.340136284,1.33882627,0.229464991,0.75,36,-3.27399068,H36
HS,17,-462.835019,1266.315389,2.42609401,1.337223844,2.300796648,1.130473772,0.053353367,0.25,5,-3.932934899,H05
HS,17,-462.835019,1266.315389,2.458549609,1.344585505,2.351573351,1.154052929,0.09439379,0.5,5,-3.932934899,H05
HS,17,-462.835019,1266.315389,2.355706889,1.545745914,2.289191383,1.341254902,0.284779272,0.75,5,-3.932934899,H05
HS,17,-467.2315938,1267.0522,2.162851996,5.150646748,2.149460573,4.882438152,0.907472078,0.25,30,-3.754611145,H30
HS,17,-467.2315938,1267.0522,2.205734516,3.274173792,2.204851951,3.263298867,0.936977913,0.5,30,-3.754611145,H30
HS,17,-467.2315938,1267.0522,2.292117116,3.148035528,2.292975692,3.158161891,0.939511587,0.75,30,-3.754611145,H30
HS,17,-463.887606,1267.036006,2.220084877,1.951632425,2.171548697,1.695837261,0.237250896,0.25,25,-3.208326289,H25
HS,17,-463.887606,1267.036006,2.31195057,1.947929732,2.236896838,1.580135738,0.322992744,0.5,25,-3.208326289,H25
HS,17,-463.887606,1267.036006,2.41336986,2.009649206,2.311399862,1.516960785,0.331359244,0.75,25,-3.208326289,H25
HS,17,-462.972665,1267.975238,2.133502249,2.375808154,2.095489596,2.094153761,0.437314357,0.25,37,-3.551750802,H37
HS,17,-462.972665,1267.975238,2.219395883,2.549499468,2.157947976,2.073410831,0.665879778,0.5,37,-3.551750802,H37
HS,17,-462.972665,1267.975238,2.280829713,2.37052541,2.215772717,1.920652158,0.708989178,0.75,37,-3.551750802,H37
HS,17,-465.9522958,1268.679661,2.274453513,1.597128097,2.244401084,1.485872046,0.140612201,0.25,31,-3.007385139,H31
HS,17,-465.9522958,1268.679661,2.397982738,1.465740366,2.367611466,1.375510663,0.144777863,0.5,31,-3.007385139,H31
HS,17,-465.9522958,1268.679661,2.468759514,1.405651042,2.402309797,1.249597438,0.149143671,0.75,31,-3.007385139,H31
HS,17,-464.5677391,1268.805162,2.231629107,1.374189053,2.188205333,1.272429232,0.127172831,0.25,43,-3.014245836,H43
HS,17,-464.5677391,1268.805162,2.383685361,1.422497978,2.291560768,1.214769376,0.145052165,0.5,43,-3.014245836,H43
HS,17,-464.5677391,1268.805162,2.468701505,1.386579289,2.331459261,1.137808876,0.145052165,0.75,43,-3.014245836,H43
HS,17,-467.2477874,1268.975195,2.260154022,3.137064977,2.235147705,2.86022545,0.356307575,0.25,20,-3.223539963,H20
HS,17,-467.2477874,1268.975195,2.336146866,2.69200088,2.305801193,2.419372697,0.436691214,0.5,20,-3.223539963,H20
HS,17,-467.2477874,1268.975195,2.412210012,2.685018703,2.38459358,2.436178014,0.475962792,0.75,20,-3.223539963,H20
HS,17,-466.6870824,1270.30105,2.229568464,2.214047425,2.186010547,1.92771124,0.268817174,0.25,44,-3.427930944,H44
HS,17,-466.6870824,1270.30105,2.247374242,2.178748055,2.227721558,2.04496586,0.489239089,0.5,44,-3.427930944,H44
HS,17,-466.6870824,1270.30105,2.309268968,2.204441642,2.285520059,2.041502545,0.575771161,0.75,44,-3.427930944,H44
HS,17,-463.4321597,1270.47918,2.268691077,6.229925956,2.230666076,5.344097401,0.711156622,0.25,32,-3.622249961,H32
HS,17,-463.4321597,1270.47918,2.344054511,4.5874118,2.325106048,4.256942156,0.756931522,0.5,32,-3.622249961,H32
HS,17,-463.4321597,1270.47918,2.393236848,3.854711907,2.375367815,3.597878656,0.769453918,0.75,32,-3.622249961,H32
HS,17,-467.5048615,1271.588445,2.300204126,1.41725388,2.207370147,1.210779102,0.101881106,0.25,42,-3.379196633,H42
HS,17,-467.5048615,1271.588445,2.468774648,1.42292229,2.353633384,1.180359975,0.101881106,0.5,42,-3.379196633,H42
HS,17,-467.5048615,1271.588445,2.467217798,1.556239844,2.34069021,1.223259687,0.181187686,0.75,42,-3.379196633,H42
HS,17,-463.8612913,1271.151216,2.361889265,1.388105575,2.329966842,1.307938437,0.075564805,0.25,11,-2.974463291,H11
HS,17,-463.8612913,1271.151216,2.469113678,1.340601877,2.353391184,1.142133591,0.089736384,0.5,11,-2.974463291,H11
HS,17,-463.8612913,1271.151216,2.572642132,1.355821173,2.429673994,1.120367855,0.089736384,0.75,11,-2.974463291,H11
HS,17,-464.0475182,1271.977092,2.349766821,3.849016669,2.153491664,1.92348732,0.306822717,0.25,49,-3.510116665,H49
HS,17,-464.0475182,1271.977092,2.321081273,2.848981494,2.253491565,2.248600957,0.496242128,0.5,49,-3.510116665,H49
HS,17,-464.0475182,1271.977092,2.311114038,2.347797711,2.266465948,2.027911586,0.617789151,0.75,49,-3.510116665,H49
HS,17,-465.0110401,1272.438611,2.282937556,3.692838202,2.19126064,2.625812555,0.387473298,0.25,40,-3.381671111,H40
HS,17,-465.0110401,1272.438611,2.363893616,2.68231506,2.279365624,2.016626107,0.387473298,0.5,40,-3.381671111,H40
HS,17,-465.0110401,1272.438611,2.439667076,2.484131142,2.375401218,2.007438604,0.387473298,0.75,40,-3.381671111,H40
HS,17,-466.5494365,1273.304971,2.317196353,1.487680208,2.224451222,1.249367819,0.104113284,0.25,39,-3.196511882,H39
HS,17,-466.5494365,1273.304971,2.309394258,1.941101988,2.154138975,1.326976679,0.32489025,0.5,39,-3.196511882,H39
HS,17,-466.5494365,1273.304971,2.348927366,1.759988561,2.188570299,1.246052095,0.359921516,0.75,39,-3.196511882,H39
HS,17,-462.3309918,1269.127011,2.517526552,1.253511475,2.303913967,1.047211642,0.031055435,0.25,33,-3.52442637,H33
HS,17,-462.3309918,1269.127011,2.704139685,1.300349567,2.416220321,1.031019752,0.031433477,0.5,33,-3.52442637,H33
HS,17,-462.3309918,1269.127011,2.628498269,1.513003072,2.299717468,1.041001067,0.088216895,0.75,33,-3.52442637,H33
HS,17,-465.0231854,1269.86787,2.310535657,2.874669019,2.276684343,2.545821177,0.261909546,0.25,15,-3.133068986,H15
HS,17,-465.0231854,1269.86787,2.456524305,2.678903529,2.398975234,2.197038895,0.263203716,0.5,15,-3.133068986,H15
HS,17,-465.0231854,1269.86787,2.440130428,2.708332162,2.396040824,2.321678509,0.428052432,0.75,15,-3.133068986,H15
HS,19,-464.0972654,1271.027005,2.370053567,2.492800291,2.061778823,1.183806932,0.173244476,0.25,H33,-3.068028688,H33
HS,19,-464.0972654,1271.027005,2.398296604,1.948463523,2.3288827,1.6030867,0.225630522,0.5,H33,-3.068028688,H33
HS,19,-464.0972654,1271.027005,2.409543792,1.909267843,2.353917115,1.632621012,0.314126253,0.75,H33,-3.068028688,H33
HS,19,-464.6793436,1270.504757,2.263926461,1.980732164,2.260275837,1.958537194,0.201694012,0.25,H11,-2.963854551,H11
HS,19,-464.6793436,1270.504757,2.321871544,1.868538804,2.316993826,1.84184105,0.292652369,0.5,H11,-2.963854551,H11
HS,19,-464.6793436,1270.504757,2.418087403,1.868498941,2.39608975,1.753489387,0.294203043,0.75,H11,-2.963854551,H11
HS,19,-465.5136731,1270.672176,2.470511016,1.171097409,2.259871543,1.031707066,0.030450106,0.25,H35,-2.838647604,H35
HS,19,-465.5136731,1270.672176,2.534047774,1.309491109,2.296164181,1.048245987,0.064860582,0.5,H35,-2.838647604,H35
HS,19,-465.5136731,1270.672176,2.639698502,1.393777002,2.358207602,1.044353869,0.072000027,0.75,H35,-2.838647604,H35
HS,19,-467.3569646,1271.313973,2.288459059,1.891575578,2.237231188,1.63817005,0.171037912,0.25,H46,-3.37204814,H46
HS,19,-467.3569646,1271.313973,2.428935742,1.753114205,2.372583609,1.515763954,0.171037912,0.5,H46,-3.37204814,H46
HS,19,-467.3569646,1271.313973,2.500585501,1.634732502,2.436706047,1.408204928,0.171037912,0.75,H46,-3.37204814,H46
HS,19,-470.1005509,1271.864062,2.333806648,1.655999736,2.250784667,1.368731748,0.116441011,0.25,H03,-3.319103479,H03
HS,19,-470.1005509,1271.864062,2.467779183,1.525608811,2.325200881,1.185535377,0.116441011,0.5,H03,-3.319103479,H03
HS,19,-470.1005509,1271.864062,2.548862402,1.469049046,2.345841046,1.101805052,0.116441011,0.75,H03,-3.319103479,H03
HS,19,-471.2375513,1271.2541,2.229437009,1.468509868,2.208358505,1.403756871,0.146429062,0.25,H47,-3.652281523,H47
HS,19,-471.2375513,1271.2541,2.383122969,1.427640014,2.360031062,1.362620517,0.146429062,0.5,H47,-3.652281523,H47
HS,19,-471.2375513,1271.2541,2.446693639,1.462391767,2.409886892,1.355845314,0.176583767,0.75,H47,-3.652281523,H47
HS,19,-470.6011227,1270.620253,2.222088226,1.993393059,2.17869174,1.752891022,0.242084026,0.25,H31,-3.671449661,H31
HS,19,-470.6011227,1270.620253,2.241742661,1.578132533,2.229560598,1.531950723,0.315878868,0.5,H31,-3.671449661,H31
HS,19,-470.6011227,1270.620253,2.312069213,1.502893835,2.29968218,1.46132175,0.324999332,0.75,H31,-3.671449661,H31
HS,19,-471.5518558,1270.058133,2.238746316,1.886808477,2.20768321,1.725438109,0.209584951,0.25,H08,-3.707380295,H08
HS,19,-471.5518558,1270.058133,2.361952723,1.681513121,2.320840338,1.515981342,0.212158442,0.5,H08,-3.707380295,H08
HS,19,-471.5518558,1270.058133,2.440096834,1.637298975,2.384117417,1.433554506,0.220512629,0.75,H08,-3.707380295,H08
HS,19,-470.8184012,1268.842253,2.306088367,2.10604862,2.196943445,1.544615043,0.183482885,0.25,H57,-3.587866783,H57
HS,19,-470.8184012,1268.842253,2.315233181,1.878891564,2.231158807,1.50244561,0.303177834,0.5,H57,-3.587866783,H57
HS,19,-470.8184012,1268.842253,2.414693564,1.920408298,2.307805353,1.45081195,0.309939623,0.75,H57,-3.587866783,H57
HS,19,-470.2712498,1269.436258,2.381475857,1.551761484,2.262974962,1.235087257,0.085849285,0.25,H50,-3.644381762,H50
HS,19,-470.2712498,1269.436258,2.288845964,1.769570129,2.221076927,1.487609545,0.310532808,0.5,H50,-3.644381762,H50
HS,19,-470.2712498,1269.436258,2.343577785,1.795355441,2.290215671,1.557684063,0.378889084,0.75,H50,-3.644381762,H50
HS,19,-469.4213805,1268.363896,2.328307796,2.808053931,2.133660031,1.537491995,0.236825943,0.25,H38,-3.378248692,H38
HS,19,-469.4213805,1268.363896,2.427284825,2.319133003,2.259713799,1.444434682,0.250258207,0.5,H38,-3.378248692,H38
HS,19,-469.4213805,1268.363896,2.545259999,2.488288486,2.357559102,1.445535525,0.250258207,0.75,H38,-3.378248692,H38
HS,19,-469.2428944,1269.452224,2.307481783,4.507747012,2.117173316,2.228835283,0.432602167,0.25,H39,-3.570362806,H39
HS,19,-469.2428944,1269.452224,2.34381424,3.271768479,2.205192624,2.015817242,0.527206182,0.5,H39,-3.570362806,H39
HS,19,-469.2428944,1269.452224,2.34840839,2.438015387,2.258625934,1.828346714,0.553762674,0.75,H39,-3.570362806,H39
HS,19,-469.1653045,1270.584402,2.583198362,1.089259543,2.277987103,1.007336585,0.013502598,0.25,H51,-3.308997869,H51
HS,19,-469.1653045,1270.584402,2.735978178,1.113041164,2.343668424,1.004559965,0.016190052,0.5,H51,-3.308997869,H51
HS,19,-469.1653045,1270.584402,2.658357439,2.00489593,2.251282616,1.049857003,0.119244814,0.75,H51,-3.308997869,H51
HS,19,-468.3154095,1268.180537,2.246826574,1.305398209,2.155563536,1.153066466,0.106279135,0.25,H36,-2.929167271,H36
HS,19,-468.3154095,1268.180537,2.340750591,1.238674768,2.245863343,1.114754735,0.125293016,0.5,H36,-2.929167271,H36
HS,19,-468.3154095,1268.180537,2.415696749,1.232895859,2.315200409,1.106988973,0.135758877,0.75,H36,-2.929167271,H36
HS,19,-467.8575309,1269.77516,2.351340136,1.145692343,2.261440154,1.071446246,0.045853615,0.25,H42,-3.442375183,H42
HS,19,-467.8575309,1269.77516,2.325376728,1.297284209,2.232736571,1.147186255,0.151004314,0.5,H42,-3.442375183,H42
HS,19,-467.8575309,1269.77516,2.334988164,1.445190315,2.220130784,1.191111854,0.274761915,0.75,H42,-3.442375183,H42
HS,19,-466.6467911,1269.958564,2.510349466,1.167866363,2.34651674,1.04553717,0.025537014,0.25,H01,-2.861953735,H01
HS,19,-466.6467911,1269.958564,2.557869263,1.240151788,2.352272684,1.047516775,0.050962925,0.5,H01,-2.861953735,H01
HS,19,-466.6467911,1269.958564,2.594342428,1.255640689,2.398573517,1.055066348,0.06800437,0.75,H01,-2.861953735,H01
HS,19,-466.6389986,1268.328071,2.411704767,1.572016509,2.296419354,1.250574314,0.077389717,0.25,H40,-2.786978006,H40
HS,19,-466.6389986,1268.328071,2.509271932,1.771284439,2.349738985,1.251810275,0.124335766,0.5,H40,-2.786978006,H40
HS,19,-466.6389986,1268.328071,2.622892644,1.875016419,2.404106659,1.186458252,0.126138687,0.75,H40,-2.786978006,H40
HS,19,-465.5524546,1269.396483,2.266066882,4.444289549,2.240720991,4.023352271,0.50630331,0.25,H23,-3.317310095,H23
HS,19,-465.5524546,1269.396483,2.30588203,2.835852266,2.2982126,2.758052993,0.525843859,0.5,H23,-3.317310095,H23
HS,19,-465.5524546,1269.396483,2.347450667,2.663223501,2.344208927,2.632616406,0.617198467,0.75,H23,-3.317310095,H23
HS,19,-464.5900717,1269.544003,2.334242868,3.126896526,2.162473937,1.761587666,0.260877848,0.25,H52,-3.077943325,H52
HS,19,-464.5900717,1269.544003,2.410785328,2.268857557,2.307616916,1.660855045,0.260877848,0.5,H52,-3.077943325,H52
HS,19,-464.5900717,1269.544003,2.466449444,1.982146373,2.385781516,1.580279065,0.260877848,0.75,H52,-3.077943325,H52
HS,19,-464.4619973,1268.758658,2.309813047,1.369149012,2.190974485,1.151289103,0.091153622,0.25,H15,-2.953314304,H15
HS,19,-464.4619973,1268.758658,2.393733693,1.490800586,2.245539391,1.164637124,0.152038336,0.5,H15,-2.953314304,H15
HS,19,-464.4619973,1268.758658,2.494061558,1.500548913,2.335729763,1.155584186,0.152038336,0.75,H15,-2.953314304,H15
HS,19,-468.4744912,1267.016465,2.3034251,1.219524619,2.241077436,1.13581783,0.06986928,0.25,H02,-2.841312885,H02
HS,19,-468.4744912,1267.016465,2.449951262,1.194121095,2.402975673,1.13497338,0.071032763,0.5,H02,-2.841312885,H02
HS,19,-468.4744912,1267.016465,2.425068269,1.169466745,2.385048809,1.124080037,0.109785557,0.75,H02,-2.841312885,H02
HS,19,-468.4046202,1265.956047,2.197838505,4.026927346,2.169476712,3.60812096,0.605724812,0.25,H65,-3.621956348,H65
HS,19,-468.4046202,1265.956047,2.262795865,3.169337874,2.244661092,2.962820426,0.712894917,0.5,H65,-3.621956348,H65
HS,19,-468.4046202,1265.956047,2.341899276,2.966097574,2.325285334,2.791290052,0.714543819,0.75,H65,-3.621956348,H65
HS,19,-469.5067106,1266.14738,2.338958388,1.695647584,2.23653147,1.341612992,0.118239164,0.25,H44,-3.529745579,H44
HS,19,-469.5067106,1266.14738,2.455553015,1.728606656,2.34849881,1.347608281,0.149930954,0.5,H44,-3.529745579,H44
HS,19,-469.5067106,1266.14738,2.534043133,1.645618116,2.42293433,1.295321066,0.150400639,0.75,H44,-3.529745579,H44
HS,19,-469.8792588,1266.761299,2.362360497,3.687485613,2.104727149,1.574109454,0.278041601,0.25,H28,-3.566036224,H28
HS,19,-469.8792588,1266.761299,2.444900654,4.752830742,2.230940046,2.154526028,0.516457558,0.5,H28,-3.566036224,H28
HS,19,-469.8792588,1266.761299,2.42734806,3.627546958,2.254946176,1.974378049,0.625402212,0.75,H28,-3.566036224,H28
HS,19,-468.5598208,1264.768056,2.104364279,2.814345726,2.041059734,2.255556088,0.602593422,0.25,H17,-3.730601311,H17
HS,19,-468.5598208,1264.768056,2.289688693,3.86528067,2.215712947,2.921367674,0.791393757,0.5,H17,-3.730601311,H17
HS,19,-468.5598208,1264.768056,2.359727266,3.620299138,2.299545466,2.887690999,0.826712608,0.75,H17,-3.730601311,H17
HS,19,-468.9711532,1264.257772,2.42168702,3.114445017,2.413213636,3.017899949,0.180536985,0.25,H48,-3.094008207,H48
HS,19,-468.9711532,1264.257772,2.590005744,3.174474339,2.503052612,2.324656531,0.183149815,0.5,H48,-3.094008207,H48
HS,19,-468.9711532,1264.257772,2.660269794,2.870116212,2.511976692,1.762998786,0.183149815,0.75,H48,-3.094008207,H48
HS,19,-470.0189076,1264.050452,2.192644655,6.580220606,2.187400325,6.441570101,1.031978607,0.25,H60,-3.713581085,H60
HS,19,-470.0189076,1264.050452,2.269588905,4.649088054,2.269070525,4.639539671,1.046261549,0.5,H60,-3.713581085,H60
HS,19,-470.0189076,1264.050452,2.298453312,3.556393014,2.298731538,3.560185152,1.046261549,0.75,H60,-3.713581085,H60
HS,19,-469.9180227,1264.58465,2.212058469,2.931391361,2.203451346,2.840502705,0.403317928,0.25,H05,-3.259408474,H05
HS,19,-469.9180227,1264.58465,2.294641389,2.842086102,2.266748777,2.571383971,0.55239296,0.5,H05,-3.259408474,H05
HS,19,-469.9180227,1264.58465,2.367609096,2.762367662,2.330754985,2.424888765,0.592088938,0.75,H05,-3.259408474,H05
HS,19,-470.585538,1267.399132,2.354577565,1.331048766,2.198601956,1.100392844,0.071079731,0.25,H41,-2.976083755,H41
HS,19,-470.585538,1267.399132,2.561895449,1.442968024,2.33886965,1.081338828,0.071079731,0.5,H41,-2.976083755,H41
HS,19,-470.585538,1267.399132,2.659018369,1.441812739,2.335731524,1.03600341,0.071079731,0.75,H41,-2.976083755,H41
HS,19,-471.3771258,1264.712191,2.153027339,2.128354996,2.090395517,1.759712484,0.351512671,0.25,H25,-3.288606167,H25
HS,19,-471.3771258,1264.712191,2.327290927,2.34824631,2.201132293,1.606463418,0.385151863,0.5,H25,-3.288606167,H25
HS,19,-471.3771258,1264.712191,2.475210535,2.804749472,2.317447278,1.687782592,0.385151863,0.75,H25,-3.288606167,H25
HS,19,-471.3538666,1265.971937,2.203707663,5.655456935,2.19199078,5.395090955,0.843514204,0.25,H27,-3.531508207,H27
HS,19,-471.3538666,1265.971937,2.243945417,3.438769867,2.241609001,3.408342119,0.843514204,0.5,H27,-3.531508207,H27
HS,19,-471.3538666,1265.971937,2.256888806,2.671256891,2.256033573,2.663103788,0.90264678,0.75,H27,-3.531508207,H27
HS,19,-466.5380765,1266.928798,2.236727299,1.411209688,2.194814692,1.30371494,0.131532192,0.25,H18,-3.097880363,H18
HS,19,-466.5380765,1266.928798,2.269397182,1.92648844,2.245287035,1.794064612,0.379750729,0.5,H18,-3.097880363,H18
HS,19,-466.5380765,1266.928798,2.368764631,2.076552885,2.341903162,1.910210847,0.416457653,0.75,H18,-3.097880363,H18
HS,19,-466.6079009,1265.561415,2.373355537,1.502854766,2.250666527,1.205656948,0.08395505,0.25,H37,-3.262513399,H37
HS,19,-466.6079009,1265.561415,2.418026482,1.813985355,2.209008647,1.1843208,0.188114882,0.5,H37,-3.262513399,H37
HS,19,-466.6079009,1265.561415,2.509955333,1.871901121,2.284123222,1.175879419,0.201290607,0.75,H37,-3.262513399,H37
HS,19,-464.5511963,1265.90031,2.326361601,1.423686841,2.252467496,1.247148306,0.092203617,0.25,H70,-2.79817009,H70
HS,19,-464.5511963,1265.90031,2.481052242,1.418559574,2.357058638,1.166582478,0.096222162,0.5,H70,-2.79817009,H70
HS,19,-464.5511963,1265.90031,2.514881831,1.447627005,2.357638666,1.138525034,0.130448103,0.75,H70,-2.79817009,H70
HS,19,-464.8965463,1264.736234,2.157460589,5.4287631,2.146629753,5.197948068,0.980071545,0.25,H54,-3.709348679,H54
HS,19,-464.8965463,1264.736234,2.260071442,4.208511448,2.258010565,4.17463076,0.980071545,0.5,H54,-3.709348679,H54
HS,19,-464.8965463,1264.736234,2.28067123,3.470126864,2.279889725,3.459803099,1.0968647,0.75,H54,-3.709348679,H54
HS,19,-465.1682184,1266.35875,2.277628289,3.789498513,2.149520717,2.367075859,0.407301903,0.25,H20,-3.198188543,H20
HS,19,-465.1682184,1266.35875,2.387365126,3.140837093,2.255462631,1.989804945,0.420406818,0.5,H20,-3.198188543,H20
HS,19,-465.1682184,1266.35875,2.427471125,2.552416722,2.31739127,1.79092598,0.420971394,0.75,H20,-3.198188543,H20
HS,19,-466.1616099,1264.33357,2.725670441,1.251783661,2.43575764,1.0251094,0.013017893,0.25,H67,-3.191871643,H67
HS,19,-466.1616099,1264.33357,2.892337107,1.251783661,2.433502015,1.006218683,0.013017893,0.5,H67,-3.191871643,H67
HS,19,-466.1616099,1264.33357,2.582520773,3.08000753,2.152103287,1.111997807,0.274032354,0.75,H67,-3.191871643,H67
HS,19,-466.8639879,1263.906997,2.477621416,1.230121664,2.398160386,1.124721739,0.034747839,0.25,H16,-3.522555828,H16
HS,19,-466.8639879,1263.906997,2.642873392,1.227679049,2.405918081,1.034729705,0.034747839,0.5,H16,-3.522555828,H16
HS,19,-466.8639879,1263.906997,2.739520061,1.226227872,2.405928594,1.01558341,0.034747839,0.75,H16,-3.522555828,H16
HS,19,-467.5741598,1265.182675,2.337689527,1.618711502,2.249248161,1.332822114,0.110487938,0.25,H14,-3.65392375,H14
HS,19,-467.5741598,1265.182675,2.288457709,2.399248713,2.188165203,1.750802644,0.464640856,0.5,H14,-3.65392375,H14
HS,19,-467.5741598,1265.182675,2.392702539,2.625921123,2.268323044,1.759302741,0.502971888,0.75,H14,-3.65392375,H14
L1,17,710.5068893,1339.697847,2.302491844,2.32581375,2.244841965,1.931264944,0.211003917,0.25,23,-2.542982294,H23
L1,17,710.5068893,1339.697847,2.377729195,1.811653409,2.339301586,1.630259556,0.222026236,0.5,23,-2.542982294,H23
L1,17,710.5068893,1339.697847,2.453466062,1.778665371,2.383803273,1.487314507,0.236661982,0.75,23,-2.542982294,H23
L1,17,712.7826529,1339.374053,2.411892047,1.337038911,2.346049152,1.206445118,0.056581809,0.25,41,-2.579327583,H41
L1,17,712.7826529,1339.374053,2.527221554,1.391441633,2.40920331,1.162219356,0.076364479,0.5,41,-2.579327583,H41
L1,17,712.7826529,1339.374053,2.565610391,1.420278393,2.436032241,1.160255982,0.101784885,0.75,41,-2.579327583,H41
L1,17,711.0824602,1337.448534,2.582281536,1.03637803,2.363179171,1.005968934,0.008542767,0.25,4,-2.370031113,H04
L1,17,711.0824602,1337.448534,2.682913421,1.083728073,2.399771805,1.008243022,0.017253473,0.5,4,-2.370031113,H04
L1,17,711.0824602,1337.448534,2.814994605,1.110235983,2.446011234,1.00538958,0.017253473,0.75,4,-2.370031113,H04
L1,17,711.6396318,1338.620233,2.444082312,1.359646351,2.313209338,1.133902219,0.051371674,0.25,51,-2.574455849,H51
L1,17,711.6396318,1338.620233,2.550624614,1.44148342,2.368865941,1.11251013,0.074343318,0.5,51,-2.574455849,H51
L1,17,711.6396318,1338.620233,2.545933374,1.470326775,2.412192582,1.175574062,0.118059078,0.75,51,-2.574455849,H51
L1,17,713.8396401,1338.84556,2.410963185,1.411478855,2.329514049,1.226365823,0.063752471,0.25,37,-2.570017949,H37
L1,17,713.8396401,1338.84556,2.517193737,1.536612901,2.361711465,1.17195197,0.096005847,0.5,37,-2.570017949,H37
L1,17,713.8396401,1338.84556,2.594047476,1.465077726,2.410225533,1.117362644,0.096005847,0.75,37,-2.570017949,H37
L1,17,713.0120765,1336.506259,2.321082637,1.156548881,2.235263914,1.079513243,0.054041403,0.25,22,-2.439418478,H22
L1,17,713.0120765,1336.506259,2.484137971,1.153698471,2.334735853,1.046677838,0.05432152,0.5,22,-2.439418478,H22
L1,17,713.0120765,1336.506259,2.621811204,1.209288236,2.403922298,1.037059565,0.05432152,0.75,22,-2.439418478,H22
L1,17,712.1025758,1337.325629,2.28113296,1.72951306,2.220710733,1.484797541,0.154966352,0.25,24,-2.616667091,H24
L1,17,712.1025758,1337.325629,2.280133593,1.594475107,2.231498109,1.424495362,0.27390812,0.5,24,-2.616667091,H24
L1,17,712.1025758,1337.325629,2.394299753,1.664866524,2.339004236,1.455530343,0.27390812,0.75,24,-2.616667091,H24
L1,17,714.6139447,1337.538665,2.433705561,2.482094631,2.145768141,1.212652141,0.132270489,0.25,49,-2.771214472,H49
L1,17,714.6139447,1337.538665,2.382427395,1.717729992,2.291609834,1.384353651,0.201296397,0.5,49,-2.771214472,H49
L1,17,714.6139447,1337.538665,2.392050243,1.586116615,2.335357316,1.394948679,0.255728442,0.75,49,-2.771214472,H49
L1,17,714.7778187,1336.534937,2.416638789,1.314735978,2.329333377,1.162938987,0.053352441,0.25,44,-2.86825818,H44
L1,17,714.7778187,1336.534937,2.485327457,1.29318034,2.404118223,1.158511815,0.077034061,0.5,44,-2.86825818,H44
L1,17,714.7778187,1336.534937,2.478682738,1.416596704,2.419117827,1.270200358,0.145361398,0.75,44,-2.86825818,H44
L1,17,715.5971887,1335.580371,2.385355014,1.36608321,2.269380902,1.153307544,0.066258166,0.25,28,-2.90407738,H28
L1,17,715.5971887,1335.580371,2.447060391,1.356544654,2.340768258,1.160635887,0.100973702,0.5,28,-2.90407738,H28
L1,17,715.5971887,1335.580371,2.528852834,1.318083893,2.450476245,1.176516165,0.100973702,0.75,28,-2.90407738,H28
L1,17,714.5279109,1334.59303,2.39518323,1.295381871,2.290853751,1.133439042,0.056273297,0.25,53,-2.779895965,H53
L1,17,714.5279109,1334.59303,2.467412321,1.403645333,2.326051977,1.13990444,0.099698676,0.5,53,-2.779895965,H53
L1,17,714.5279109,1334.59303,2.50729849,1.410733832,2.353363672,1.129245668,0.127984907,0.75,53,-2.779895965,H53
L1,17,713.7781874,1334.978134,2.314886699,1.265468967,2.273289055,1.193945777,0.074011447,0.25,16,-2.794063561,H16
L1,17,713.7781874,1334.978134,2.38720807,1.811407808,2.310709152,1.48570429,0.21340228,0.5,16,-2.794063561,H16
L1,17,713.7781874,1334.978134,2.415604444,1.835156489,2.335837135,1.489812649,0.289795933,0.75,16,-2.794063561,H16
L1,17,712.0370262,1335.625436,2.221272642,1.716908049,2.207932466,1.656262862,0.196592067,0.25,42,-2.673924694,H42
L1,17,712.0370262,1335.625436,2.285197686,1.558872813,2.268748718,1.499072114,0.258254261,0.5,42,-2.673924694,H42
L1,17,712.0370262,1335.625436,2.369069097,1.539516157,2.354696139,1.488530961,0.267515388,0.75,42,-2.673924694,H42
L1,17,711.4470798,1334.601223,2.368485204,1.460606226,2.330600909,1.351675997,0.081299968,0.25,46,-2.712934486,H46
L1,17,711.4470798,1334.601223,2.261643283,1.550646696,2.230886906,1.444810507,0.282274611,0.5,46,-2.712934486,H46
L1,17,711.4470798,1334.601223,2.363148197,1.565935971,2.323176578,1.428778776,0.282274611,0.75,46,-2.712934486,H46
L1,17,712.2254813,1333.544236,2.243148922,2.156736006,2.185322842,1.80479141,0.245765293,0.25,20,-2.785112133,H20
L1,17,712.2254813,1333.544236,2.271580932,1.906261295,2.238866441,1.733889422,0.37089844,0.5,20,-2.785112133,H20
L1,17,712.2254813,1333.544236,2.333048746,1.820221532,2.311653746,1.713505392,0.403773192,0.75,20,-2.785112133,H20
L1,17,710.6031288,1335.50253,2.156483613,1.955190232,2.100798801,1.666229924,0.309852566,0.25,34,-2.678993083,H34
L1,17,710.6031288,1335.50253,2.338078824,2.453794509,2.318746341,2.296795776,0.388377051,0.5,34,-2.678993083,H34
L1,17,710.6031288,1335.50253,2.393888321,2.335136431,2.384435855,2.261895726,0.434973391,0.75,34,-2.678993083,H34
L1,17,711.0046201,1333.556527,2.339312537,1.366225432,2.311258376,1.298545049,0.080259751,0.25,19,-2.76444968,H19
L1,17,711.0046201,1333.556527,2.439201321,1.437122858,2.402904926,1.337052008,0.117475917,0.5,19,-2.76444968,H19
L1,17,711.0046201,1333.556527,2.46901697,1.456564772,2.434632163,1.35742322,0.15972118,0.75,19,-2.76444968,H19
L1,17,711.9960577,1332.778125,2.239387924,2.394241365,2.217203042,2.221478184,0.284195813,0.25,14,-2.714197812,H14
L1,17,711.9960577,1332.778125,2.323404782,1.911676532,2.31385203,1.857888193,0.300157855,0.5,14,-2.714197812,H14
L1,17,711.9960577,1332.778125,2.4067751,1.836704109,2.396111955,1.781020778,0.300995631,0.75,14,-2.714197812,H14
L1,17,716.1871351,1333.8515,2.294647672,1.275682049,2.267048637,1.224206087,0.082229626,0.25,35,-2.912009642,H35
L1,17,716.1871351,1333.8515,2.476934766,1.310851047,2.438821882,1.234169688,0.082455024,0.5,35,-2.912009642,H35
L1,17,716.1871351,1333.8515,2.322621976,1.512534405,2.289787217,1.407123123,0.314615728,0.75,35,-2.912009642,H35
L1,17,714.9703707,1332.905128,2.403943699,1.356330236,2.32892575,1.204109763,0.06038157,0.25,31,-2.474247421,H31
L1,17,714.9703707,1332.905128,2.46932557,1.338701699,2.317919567,1.106721541,0.089370597,0.5,31,-2.474247421,H31
L1,17,714.9703707,1332.905128,2.539350008,1.343009324,2.356749463,1.084425692,0.100914378,0.75,31,-2.474247421,H31
L1,17,713.5938291,1331.704751,2.240428894,3.456230261,2.205282296,3.0283638,0.430343753,0.25,10,-2.867992226,H10
L1,17,713.5938291,1331.704751,2.318480235,2.497504083,2.291152179,2.274336588,0.430343753,0.5,10,-2.867992226,H10
L1,17,713.5938291,1331.704751,2.383206158,2.249566652,2.365570372,2.122859887,0.434239584,0.75,10,-2.867992226,H10
L1,17,711.7133751,1331.594136,2.377370526,1.179439816,2.289461551,1.090062811,0.046024361,0.25,36,-2.445410671,H36
L1,17,711.7133751,1331.594136,2.525494002,1.155500199,2.333383683,1.033349956,0.046024361,0.5,36,-2.445410671,H36
L1,17,711.7133751,1331.594136,2.622987752,1.155500199,2.331961728,1.014782913,0.046024361,0.75,36,-2.445410671,H36
L1,17,713.4709236,1330.8608,2.285358488,4.033625115,2.254253317,3.576181525,0.421665054,0.25,18,-3.003154006,H18
L1,17,713.4709236,1330.8608,2.31552641,2.928787987,2.297654007,2.744271825,0.524033514,0.5,18,-3.003154006,H18
L1,17,713.4709236,1330.8608,2.351144353,2.351433753,2.338565078,2.25372792,0.524033514,0.75,18,-3.003154006,H18
L1,17,712.8318151,1330.090592,2.364150114,1.471226451,2.354380629,1.440007558,0.083908405,0.25,33,-2.747491438,H33
L1,17,712.8318151,1330.090592,2.50230871,1.572115968,2.441054518,1.372625989,0.106197031,0.5,33,-2.747491438,H33
L1,17,712.8318151,1330.090592,2.578005874,1.492496305,2.479249624,1.240917581,0.106197031,0.75,33,-2.747491438,H33
L1,17,713.6839598,1329.066379,2.462734109,4.214333085,2.134223045,1.445824688,0.211260717,0.25,30,-2.848101142,H30
L1,17,713.6839598,1329.066379,2.509970273,2.813360819,2.288406607,1.447420448,0.222988759,0.5,30,-2.848101142,H30
L1,17,713.6839598,1329.066379,2.515827204,2.214642643,2.396854618,1.565718536,0.245295798,0.75,30,-2.848101142,H30
L1,17,710.025473,1331.99153,2.423465436,1.102487047,2.335653367,1.050618427,0.028203394,0.25,12,-2.400538249,H12
L1,17,710.025473,1331.99153,2.587884204,1.10067535,2.348192821,1.01429903,0.028203394,0.5,12,-2.400538249,H12
L1,17,710.025473,1331.99153,2.685377954,1.10067535,2.347397628,1.006338279,0.028203394,0.75,12,-2.400538249,H12
L1,17,709.3412991,1331.270485,2.358431121,1.244218335,2.296915942,1.152636272,0.05895024,0.25,47,-2.467228086,H47
L1,17,709.3412991,1331.270485,2.562569057,1.322315938,2.373898248,1.075096203,0.05895024,0.5,47,-2.467228086,H47
L1,17,709.3412991,1331.270485,2.66479545,1.333631344,2.380142788,1.035833478,0.05895024,0.75,47,-2.467228086,H47
L1,17,710.9718453,1330.590408,2.376004642,1.252979349,2.227988144,1.080000016,0.055878417,0.25,43,-2.580534721,H43
L1,17,710.9718453,1330.590408,2.554076781,1.275412028,2.300419945,1.037298258,0.055878417,0.5,43,-2.580534721,H43
L1,17,710.9718453,1330.590408,2.65118932,1.274634029,2.360035807,1.027351773,0.055878417,0.75,43,-2.580534721,H43
L1,17,710.8284555,1330.623182,2.278485025,1.565981663,2.183315895,1.287659885,0.133810097,0.25,25,-2.658725492,H25
L1,17,710.8284555,1330.623182,2.436581776,1.535454578,2.328750417,1.246463915,0.134069187,0.5,25,-2.658725492,H25
L1,17,710.8284555,1330.623182,2.511262751,1.457043618,2.388462829,1.185058849,0.134069187,0.75,25,-2.658725492,H25
L1,17,711.5945664,1329.127832,2.326407254,2.562451851,2.266552251,2.093628229,0.214626125,0.25,29,-2.628953738,H29
L1,17,711.5945664,1329.127832,2.425986758,2.202870226,2.408858711,2.083523225,0.236023535,0.5,29,-2.628953738,H29
L1,17,711.5945664,1329.127832,2.488575914,2.118312913,2.454783938,1.905984803,0.259634109,0.75,29,-2.628953738,H29
L1,17,710.9021988,1329.852975,2.318585691,1.131269215,2.246610929,1.074125465,0.049708712,0.25,7,-2.651052518,H07
L1,17,710.9021988,1329.852975,2.382612258,1.312665627,2.332761798,1.215588721,0.122465821,0.5,7,-2.651052518,H07
L1,17,710.9021988,1329.852975,2.467905021,1.392495073,2.43235113,1.303317831,0.146824393,0.75,7,-2.651052518,H07
L1,17,709.7632746,1329.258931,2.440629394,1.673896155,2.320661396,1.29008088,0.075939508,0.25,48,-2.65474073,H48
L1,17,709.7632746,1329.258931,2.483377408,1.40894855,2.382535725,1.194074458,0.094008367,0.5,48,-2.65474073,H48
L1,17,709.7632746,1329.258931,2.485274821,1.485644737,2.40630348,1.275096469,0.154867922,0.75,48,-2.65474073,H48
L1,17,707.325649,1331.102514,2.525569771,1.363963573,2.379715764,1.120604063,0.036857915,0.25,5,-2.588114452,H05
L1,17,707.325649,1331.102514,2.507953225,1.655205376,2.365309884,1.237386228,0.112789285,0.5,5,-2.588114452,H05
L1,17,707.325649,1331.102514,2.439426,1.717111343,2.334140719,1.345973333,0.238089824,0.75,5,-2.588114452,H05
L1,17,708.4072173,1332.585573,2.318203032,2.09831764,2.18693005,1.46354162,0.173640094,0.25,13,-2.635694798,H13
L1,17,708.4072173,1332.585573,2.369305839,1.58542976,2.302261072,1.366234992,0.187264718,0.5,13,-2.635694798,H13
L1,17,708.4072173,1332.585573,2.435293674,1.640323151,2.393106573,1.479970714,0.225624205,0.75,13,-2.635694798,H13
L1,17,707.6574938,1332.106242,2.466700984,1.366526572,2.318540835,1.119345826,0.047273468,0.25,40,-2.58675254,H40
L1,17,707.6574938,1332.106242,2.464237335,1.425258161,2.403970431,1.274656037,0.104158362,0.5,40,-2.58675254,H40
L1,17,707.6574938,1332.106242,2.561086278,1.478493029,2.501019353,1.311328127,0.111991515,0.75,40,-2.58675254,H40
L1,17,706.3403566,1333.568817,2.336032202,1.542547694,2.280856702,1.368120104,0.10265353,0.25,9,-2.550810789,H09
L1,17,706.3403566,1333.568817,2.370217752,1.659345234,2.335798667,1.522137324,0.200793157,0.5,9,-2.550810789,H09
L1,17,706.3403566,1333.568817,2.480845809,1.7192558,2.451107127,1.589728786,0.200793157,0.75,9,-2.550810789,H09
L1,17,706.5861676,1334.482415,2.419261973,1.631135275,2.324814489,1.325513142,0.079675582,0.25,11,-2.493630923,H11
L1,17,706.5861676,1334.482415,2.519449982,1.554287321,2.405216453,1.243969288,0.096998986,0.5,11,-2.493630923,H11
L1,17,706.5861676,1334.482415,2.543343461,1.461074206,2.441183887,1.218659213,0.117936423,0.75,11,-2.493630923,H11
L1,17,707.3768596,1335.469756,2.368932129,1.129315264,2.277631352,1.0624727,0.039998349,0.25,17,-2.409411135,H17
L1,17,707.3768596,1335.469756,2.555912157,1.151537464,2.351051831,1.029235282,0.039998349,0.5,17,-2.409411135,H17
L1,17,707.3768596,1335.469756,2.653405907,1.151537464,2.349764525,1.012959016,0.039998349,0.75,17,-2.409411135,H17
L1,17,705.2956599,1334.588933,2.966641936,1.026523743,2.316541643,1.000120485,0.00147136,0.25,3,-2.55405259,H03
L1,17,705.2956599,1334.588933,2.742417955,1.220866462,2.347782465,1.009163713,0.02258763,0.5,3,-2.55405259,H03
L1,17,705.2956599,1334.588933,2.688759503,1.316036901,2.373622881,1.026266356,0.05173617,0.75,3,-2.55405259,H03
L1,17,707.5120556,1336.948718,2.282363043,2.404181632,2.176359808,1.726068252,0.238877112,0.25,1,-2.559873047,H01
L1,17,707.5120556,1336.948718,2.377802793,1.943485602,2.317920716,1.639404424,0.244852058,0.5,1,-2.559873047,H01
L1,17,707.5120556,1336.948718,2.422615616,1.764199348,2.393934638,1.632196043,0.265854741,0.75,1,-2.559873047,H01
L1,17,706.3075818,1337.157658,2.400122133,1.224884688,2.328309953,1.129305774,0.047358302,0.25,39,-2.571830651,H39
L1,17,706.3075818,1337.157658,2.491113011,1.370285751,2.377170948,1.15767131,0.085924175,0.5,39,-2.571830651,H39
L1,17,706.3075818,1337.157658,2.622973062,1.498238058,2.507877321,1.215673918,0.088697249,0.75,39,-2.571830651,H39
L1,17,708.3109413,1338.153192,2.323504451,1.396642387,2.231093251,1.200307183,0.089773659,0.25,27,-2.490821125,H27
L1,17,708.3109413,1338.153192,2.453216446,1.337360334,2.371493102,1.183039165,0.095346417,0.5,27,-2.490821125,H27
L1,17,708.3109413,1338.153192,2.440750404,1.473862759,2.346042532,1.238234015,0.183660516,0.75,27,-2.490821125,H27
L1,17,710.4372064,1337.067527,2.243650324,2.186238243,2.22904196,2.084990009,0.249519077,0.25,6,-2.582780618,H06
L1,17,710.4372064,1337.067527,2.337805354,1.923064908,2.308336794,1.763983815,0.285025087,0.5,6,-2.582780618,H06
L1,17,710.4372064,1337.067527,2.409745232,1.793177345,2.371652265,1.616740704,0.287234786,0.75,6,-2.582780618,H06
L1,17,708.7984665,1338.882431,2.294376259,1.841161138,2.220575468,1.51444397,0.160674159,0.25,8,-2.503227428,H08
L1,17,708.7984665,1338.882431,2.37275529,1.79315993,2.318827037,1.553913686,0.223331585,0.5,8,-2.503227428,H08
L1,17,708.7984665,1338.882431,2.450793752,1.74053285,2.394033455,1.505233855,0.231766831,0.75,8,-2.503227428,H08
L1,17,709.6506112,1338.001609,2.584073631,1.169015315,2.300824683,1.017228066,0.018862847,0.25,21,-2.410215139,H21
L1,17,709.6506112,1338.001609,2.482834871,1.386991702,2.223696127,1.052148446,0.091237759,0.5,21,-2.410215139,H21
L1,17,709.6506112,1338.001609,2.580503024,1.387475037,2.290789816,1.040723952,0.091237759,0.75,21,-2.410215139,H21
L1,17,709.0606648,1332.946096,2.340173644,1.693552398,2.231288065,1.324845401,0.117420124,0.25,2,-2.586718416,H02
L1,17,709.0606648,1332.946096,2.492037135,1.740936033,2.387988902,1.361878219,0.13020186,0.5,2,-2.586718416,H02
L1,17,709.0606648,1332.946096,2.502511833,1.677100327,2.388534187,1.304763543,0.176647822,0.75,2,-2.586718416,H02
L1,17,709.3105727,1335.010908,2.192568949,2.278865218,2.191171437,2.268207671,0.325023675,0.25,15,-2.600259113,H15
L1,17,709.3105727,1335.010908,2.332507801,2.087428927,2.300841699,1.892071193,0.325023675,0.5,15,-2.600259113,H15
L1,17,709.3105727,1335.010908,2.394098212,1.868311809,2.3529988,1.66416389,0.325023675,0.75,15,-2.600259113,H15
L1,17,716.1441181,1331.155773,2.36435691,1.466003705,2.259487677,1.216696294,0.08328224,0.25,32,-2.662693449,H32
L1,17,716.1441181,1331.155773,2.516116212,1.44987119,2.395586813,1.185083546,0.086776464,0.5,32,-2.662693449,H32
L1,17,716.1441181,1331.155773,2.587326458,1.414108988,2.458452113,1.1585509,0.092192319,0.75,32,-2.662693449,H32
L1,17,714.8044483,1331.061545,2.409386323,2.583545215,2.261831471,1.631905136,0.15346216,0.25,50,-2.66044743,H50
L1,17,714.8044483,1331.061545,2.462209055,2.726661604,2.271130682,1.52087351,0.262371016,0.5,50,-2.66044743,H50
L1,17,714.8044483,1331.061545,2.573649747,2.868131183,2.337234425,1.418212379,0.262371016,0.75,50,-2.66044743,H50
L1,19,714.5167879,1332.894507,2.233123181,1.615988823,2.227572578,1.593334281,0.170214653,0.25,H05,-2.518599749,H05
L1,19,714.5167879,1332.894507,2.385764918,1.575095269,2.376483875,1.539773585,0.172977924,0.5,H05,-2.518599749,H05
L1,19,714.5167879,1332.894507,2.478130395,1.555340296,2.411569992,1.347505147,0.172977924,0.75,H05,-2.518599749,H05
L1,19,713.662791,1333.325955,2.448652721,1.283273562,2.306583445,1.094718113,0.044003725,0.25,H14,-2.350213289,H14
L1,19,713.662791,1333.325955,2.608211557,1.268723905,2.395288469,1.050588818,0.044003725,0.5,H14,-2.350213289,H14
L1,19,713.662791,1333.325955,2.714188016,1.286168782,2.450374569,1.035809988,0.044003725,0.75,H14,-2.350213289,H14
L1,19,712.7383115,1333.079868,2.278313824,4.067902215,2.212613889,3.162590326,0.438132048,0.25,H34,-2.719194412,H34
L1,19,712.7383115,1333.079868,2.339885586,2.736197945,2.322860273,2.574926877,0.438132048,0.5,H34,-2.719194412,H34
L1,19,712.7383115,1333.079868,2.367926471,2.154141769,2.361267968,2.108125431,0.438132048,0.75,H34,-2.719194412,H34
L1,19,712.4987014,1331.834828,2.452168611,1.536375635,2.195249175,1.077286002,0.062892437,0.25,H51,-2.663492918,H51
L1,19,712.4987014,1331.834828,2.575073078,1.85012384,2.36496667,1.192498215,0.100686789,0.5,H51,-2.663492918,H51
L1,19,712.4987014,1331.834828,2.666417681,1.817180977,2.448012903,1.17228943,0.100686789,0.75,H51,-2.663492918,H51
L1,19,711.3826202,1333.543181,2.358485592,1.608391433,2.286998593,1.369535277,0.100286722,0.25,H44,-2.71955657,H44
L1,19,711.3826202,1333.543181,2.478033048,1.469737156,2.408713472,1.285214393,0.104309559,0.5,H44,-2.71955657,H44
L1,19,711.3826202,1333.543181,2.471400135,1.595504794,2.37630168,1.30413681,0.185650587,0.75,H44,-2.71955657,H44
L1,19,711.024641,1332.584795,2.363505949,1.116636048,2.332346235,1.091105167,0.038738012,0.25,H17,-2.559814453,H17
L1,19,711.024641,1332.584795,2.52749397,1.212829876,2.418538902,1.091000055,0.054103613,0.5,H17,-2.559814453,H17
L1,19,711.024641,1332.584795,2.633163269,1.226416103,2.451193154,1.054021557,0.054103613,0.75,H17,-2.559814453,H17
L1,19,710.3312625,1331.753819,2.419511612,1.277787933,2.369685449,1.190822441,0.049130917,0.25,H11,-2.607402563,H11
L1,19,710.3312625,1331.753819,2.342308944,1.646687396,2.290053823,1.451977011,0.222798347,0.5,H11,-2.607402563,H11
L1,19,710.3312625,1331.753819,2.440035375,1.725237312,2.367313811,1.442017297,0.23918581,0.75,H11,-2.607402563,H11
L1,19,709.4829442,1333.609832,2.26733064,1.450063079,2.21403249,1.306833204,0.122133017,0.25,H20,-2.646959305,H20
L1,19,709.4829442,1333.609832,2.402778003,1.730336279,2.34707288,1.501539066,0.18701005,0.5,H20,-2.646959305,H20
L1,19,709.4829442,1333.609832,2.487894456,1.709449212,2.431390237,1.483712608,0.193309069,0.75,H20,-2.646959305,H20
L1,19,709.1616226,1333.227641,2.243163043,1.773848781,2.193740558,1.55660115,0.188420534,0.25,H35,-2.65429306,H35
L1,19,709.1616226,1333.227641,2.350968068,1.578532371,2.308372816,1.430636515,0.200642824,0.5,H35,-2.65429306,H35
L1,19,709.1616226,1333.227641,2.47523589,1.692300069,2.424359176,1.490223858,0.200642824,0.75,H35,-2.65429306,H35
L1,19,708.8008133,1331.866786,2.392021012,1.277784372,2.295113592,1.132514655,0.055081367,0.25,H18,-2.650138855,H18
L1,19,708.8008133,1331.866786,2.448965927,1.411845637,2.373590242,1.23719031,0.108921528,0.5,H18,-2.650138855,H18
L1,19,708.8008133,1331.866786,2.539418869,1.444776252,2.486713889,1.304393088,0.117348909,0.75,H18,-2.650138855,H18
L1,19,708.6063141,1331.119764,2.280961375,2.264989727,2.251603725,2.057991435,0.223343134,0.25,H37,-2.620793104,H37
L1,19,708.6063141,1331.119764,2.374928526,1.822363548,2.354403559,1.719517525,0.226534843,0.5,H37,-2.620793104,H37
L1,19,708.6063141,1331.119764,2.449603832,1.708732378,2.405628877,1.526979065,0.226534843,0.75,H37,-2.620793104,H37
L1,19,709.437763,1330.694108,2.336280941,1.238322713,2.300008219,1.180893727,0.063769817,0.25,H23,-2.643627644,H23
L1,19,709.437763,1330.694108,2.441831834,1.358834332,2.413454584,1.291693085,0.103574514,0.5,H23,-2.643627644,H23
L1,19,709.437763,1330.694108,2.382018162,1.508250555,2.342715332,1.385399912,0.244515896,0.75,H23,-2.643627644,H23
L1,19,709.5251167,1329.999195,2.266856193,1.335453899,2.222239135,1.241186638,0.103149414,0.25,H47,-2.625444412,H47
L1,19,709.5251167,1329.999195,2.462953368,1.54112668,2.405691779,1.361629625,0.120912313,0.5,H47,-2.625444412,H47
L1,19,709.5251167,1329.999195,2.502894458,1.490609448,2.45801915,1.356934309,0.144803524,0.75,H47,-2.625444412,H47
L1,19,709.6942741,1331.600378,2.147312684,1.523208257,2.142582507,1.50639661,0.220138311,0.25,H03,-2.668632984,H03
L1,19,709.6942741,1331.600378,2.329063049,1.758604513,2.327115931,1.749019811,0.260309696,0.5,H03,-2.668632984,H03
L1,19,709.6942741,1331.600378,2.384515225,1.691195008,2.380361774,1.672415877,0.292311192,0.75,H03,-2.668632984,H03
L1,19,710.218472,1330.039711,2.45610355,1.236728265,2.3031139,1.071598523,0.038599491,0.25,H48,-2.565217018,H48
L1,19,710.218472,1330.039711,2.432469993,1.322517808,2.303635419,1.120944624,0.101303101,0.5,H48,-2.565217018,H48
L1,19,710.218472,1330.039711,2.514014192,1.294230523,2.37838663,1.103842693,0.102762938,0.75,H48,-2.565217018,H48
L1,19,711.4276321,1330.659304,2.4415251,1.303592043,2.371103649,1.178694805,0.047133446,0.25,H16,-2.547720909,H16
L1,19,711.4276321,1330.659304,2.622747029,1.337669403,2.433409949,1.078622263,0.047133446,0.5,H16,-2.547720909,H16
L1,19,711.4276321,1330.659304,2.7102069,1.313831854,2.449790997,1.040786392,0.047133446,0.75,H16,-2.547720909,H16
L1,19,711.2303563,1331.348429,2.279119172,2.170155923,2.25785975,2.026902553,0.213293552,0.25,H68,-2.677700281,H68
L1,19,711.2303563,1331.348429,2.362448646,1.902102643,2.350354438,1.835060231,0.253408909,0.5,H68,-2.677700281,H68
L1,19,711.2303563,1331.348429,2.447707935,1.834307994,2.430614798,1.746793965,0.253408909,0.75,H68,-2.677700281,H68
L1,19,713.8769591,1331.999829,2.404981279,1.3895782,2.280412032,1.153392373,0.063305855,0.25,H15,-2.623965025,H15
L1,19,713.8769591,1331.999829,2.589499252,1.442201098,2.333087038,1.062064849,0.063305855,0.5,H15,-2.623965025,H15
L1,19,713.8769591,1331.999829,2.592380377,2.130254095,2.270667197,1.1151517,0.1698277,0.75,H15,-2.623965025,H15
L1,19,713.0905556,1330.691105,2.308811969,1.960665537,2.193894762,1.446911021,0.165069103,0.25,H54,-2.583888292,H54
L1,19,713.0905556,1330.691105,2.374819928,1.728529392,2.247068147,1.298805185,0.209739685,0.5,H54,-2.583888292,H54
L1,19,713.0905556,1330.691105,2.504351466,1.896001844,2.352238369,1.316124769,0.209739685,0.75,H54,-2.583888292,H54
L1,19,714.6549481,1334.701268,2.287597471,1.461706644,2.229619258,1.304500147,0.113973379,0.25,H31,-2.797664165,H31
L1,19,714.6549481,1334.701268,2.363654045,1.482412244,2.310592588,1.330496385,0.170532227,0.5,H31,-2.797664165,H31
L1,19,714.6549481,1334.701268,2.439126578,1.495555862,2.394150858,1.360415144,0.189917326,0.75,H31,-2.797664165,H31
L1,19,713.2401465,1337.845776,2.347551036,2.286537814,2.305117416,1.992690519,0.171315193,0.25,H41,-2.645098209,H41
L1,19,713.2401465,1337.845776,2.408071519,1.711967195,2.391660565,1.638433883,0.180014133,0.5,H41,-2.645098209,H41
L1,19,713.2401465,1337.845776,2.445960962,1.818183621,2.434314321,1.758663898,0.252058029,0.75,H41,-2.645098209,H41
L1,19,714.0321121,1336.59202,2.325332907,1.590428691,2.247205027,1.341107806,0.113009453,0.25,H42,-2.562645912,H42
L1,19,714.0321121,1336.59202,2.452267329,1.50283268,2.354607799,1.24842512,0.120930672,0.5,H42,-2.562645912,H42
L1,19,714.0321121,1336.59202,2.546606876,1.491950857,2.440148941,1.227071511,0.120930672,0.75,H42,-2.562645912,H42
L1,19,712.8652524,1336.759991,2.491899968,1.085185927,2.25079039,1.011883251,0.019264221,0.25,H52,-2.395954132,H52
L1,19,712.8652524,1336.759991,2.549327644,1.146632587,2.310226501,1.021312547,0.040391922,0.5,H52,-2.395954132,H52
L1,19,712.8652524,1336.759991,2.609707771,1.152441537,2.343488926,1.017761781,0.048122883,0.75,H52,-2.395954132,H52
L1,19,713.3556064,1334.463879,2.514531394,1.226280866,2.393449376,1.088121171,0.029527903,0.25,H01,-2.632033348,H01
L1,19,713.3556064,1334.463879,2.574068665,1.353946745,2.391055107,1.087111994,0.059289932,0.5,H01,-2.632033348,H01
L1,19,713.3556064,1334.463879,2.573627328,1.386475366,2.397260905,1.101229319,0.093743563,0.75,H01,-2.632033348,H01
L1,19,712.6087164,1335.011142,2.394707447,1.206163861,2.352324066,1.148783131,0.04618144,0.25,H02,-2.531789303,H02
L1,19,712.6087164,1335.011142,2.564922703,1.21179879,2.4469582,1.084253566,0.04618144,0.5,H02,-2.531789303,H02
L1,19,712.6087164,1335.011142,2.640312863,1.325358239,2.488510867,1.101833332,0.064340115,0.75,H02,-2.531789303,H02
L1,19,711.8421263,1336.568921,2.393205977,1.559905809,2.35997176,1.444693334,0.082494259,0.25,H36,-2.594219923,H36
L1,19,711.8421263,1336.568921,2.271041744,1.907583486,2.21968574,1.649691388,0.372086763,0.5,H36,-2.594219923,H36
L1,19,711.8421263,1336.568921,2.370704472,3.102352882,2.268278319,2.163116682,0.666632652,0.75,H36,-2.594219923,H36
L1,19,711.4616709,1338.068779,2.427951125,1.347045842,2.341605081,1.182026805,0.053821087,0.25,H40,-2.50300622,H40
L1,19,711.4616709,1338.068779,2.54648367,1.359970145,2.422084482,1.140988598,0.06714654,0.5,H40,-2.50300622,H40
L1,19,711.4616709,1338.068779,2.613913947,1.344494815,2.500541163,1.146537944,0.074191332,0.75,H40,-2.50300622,H40
L1,19,710.8923221,1337.761877,2.421908916,1.612014796,2.26725291,1.200681441,0.077317953,0.25,H50,-2.423472404,H50
L1,19,710.8923221,1337.761877,2.492836116,1.31184161,2.349468186,1.103980947,0.077317953,0.5,H50,-2.423472404,H50
L1,19,710.8923221,1337.761877,2.563907738,1.25645927,2.406489286,1.075286269,0.077317953,0.75,H50,-2.423472404,H50
L1,19,710.9817108,1334.367674,2.375437873,1.366550513,2.344957381,1.293521721,0.069098949,0.25,H65,-2.707315207,H65
L1,19,710.9817108,1334.367674,2.459209512,1.346240734,2.43263034,1.285003575,0.094394207,0.5,H65,-2.707315207,H65
L1,19,710.9817108,1334.367674,2.410361352,1.489281297,2.375718804,1.383127981,0.212425232,0.75,H65,-2.707315207,H65
L1,19,710.5167207,1336.582713,2.338051555,1.242578004,2.31208338,1.19930034,0.063925266,0.25,H70,-2.493834257,H70
L1,19,710.5167207,1336.582713,2.365344967,1.579106426,2.283527095,1.3252402,0.189112425,0.5,H70,-2.493834257,H70
L1,19,710.5167207,1336.582713,2.489729525,1.71553994,2.366067538,1.301794866,0.192877531,0.75,H70,-2.493834257,H70
L1,19,710.5822176,1335.433938,2.252960574,2.792989642,2.227219426,2.547549824,0.321990013,0.25,H46,-2.663923264,H46
L1,19,710.5822176,1335.433938,2.313969603,2.18168523,2.306827976,2.131411814,0.371517181,0.5,H46,-2.663923264,H46
L1,19,710.5822176,1335.433938,2.409994514,2.353093258,2.394780569,2.23556375,0.41061902,0.75,H46,-2.663923264,H46
L1,19,710.1172283,1337.675036,2.262684604,1.625058811,2.247136881,1.562616356,0.151890039,0.25,H67,-2.615011692,H67
L1,19,710.1172283,1337.675036,2.403637524,1.524751784,2.394207152,1.491615616,0.151890039,0.5,H67,-2.615011692,H67
L1,19,710.1172283,1337.675036,2.42369307,1.610590029,2.417442993,1.585323497,0.229908228,0.75,H67,-2.615011692,H67
L1,19,709.7746955,1334.817229,2.30955569,1.598470148,2.254156168,1.407454502,0.121680737,0.25,H33,-2.529387712,H33
L1,19,709.7746955,1334.817229,2.391853831,1.51229784,2.315843389,1.297666269,0.157225609,0.5,H33,-2.529387712,H33
L1,19,709.7746955,1334.817229,2.453417242,1.714254966,2.344808716,1.336242701,0.224065542,0.75,H33,-2.529387712,H33
L1,19,709.0940583,1335.97688,2.308563316,1.646920923,2.257367586,1.455523391,0.128212452,0.25,H57,-2.559364319,H57
L1,19,709.0940583,1335.97688,2.357018458,1.659874617,2.315100158,1.496164223,0.212229967,0.5,H57,-2.559364319,H57
L1,19,709.0940583,1335.97688,2.442505359,1.734078914,2.409852935,1.59049777,0.23856616,0.75,H57,-2.559364319,H57
L1,19,709.2293796,1337.097418,2.498871411,1.555447096,2.257540877,1.091189222,0.052900314,0.25,H25,-2.468442678,H25
L1,19,709.2293796,1337.097418,2.401766981,1.912723873,2.308019624,1.489617466,0.216840744,0.5,H25,-2.468442678,H25
L1,19,709.2293796,1337.097418,2.476931539,1.895513477,2.400562729,1.540716764,0.234990835,0.75,H25,-2.468442678,H25
L1,19,708.9693008,1334.660898,2.504048722,1.24460077,2.324651344,1.059937011,0.032199621,0.25,H60,-2.617372036,H60
L1,19,708.9693008,1334.660898,2.585937837,1.39439422,2.371204706,1.076235325,0.060081244,0.5,H60,-2.617372036,H60
L1,19,708.9693008,1334.660898,2.408532801,1.824441001,2.208042181,1.199744809,0.295963764,0.75,H60,-2.617372036,H60
L1,19,708.1998728,1335.55996,2.463743101,1.574920634,2.251414149,1.119437974,0.06252265,0.25,H38,-2.376042366,H38
L1,19,708.1998728,1335.55996,2.56898901,1.450540436,2.387734167,1.11556127,0.069708586,0.5,H38,-2.376042366,H38
L1,19,708.1998728,1335.55996,2.664401683,1.477178402,2.480481523,1.120717288,0.072755575,0.75,H38,-2.376042366,H38
L1,19,707.7221684,1336.715261,2.512754437,1.131328206,2.308923636,1.02536269,0.022173405,0.25,H39,-2.521773577,H39
L1,19,707.7221684,1336.715261,2.490270196,1.692384152,2.292811931,1.166507435,0.125663996,0.5,H39,-2.521773577,H39
L1,19,707.7221684,1336.715261,2.497666913,1.746607586,2.345787243,1.256883301,0.191709995,0.75,H39,-2.521773577,H39
L1,19,707.6206369,1334.480695,2.29802853,1.675974582,2.206857288,1.359176974,0.1376791,0.25,H28,-2.581348896,H28
L1,19,707.6206369,1334.480695,2.43129743,1.795012653,2.27198242,1.261169004,0.175332785,0.5,H28,-2.581348896,H28
L1,19,707.6206369,1334.480695,2.521574653,1.813299345,2.333422471,1.215895542,0.183337688,0.75,H28,-2.581348896,H28
N3,17,612.1880934,5871.461963,2.266197731,1.420925785,2.245992229,1.364325955,0.117963459,0.25,26,-2.791687588,H26
N3,17,612.1880934,5871.461963,2.411360663,1.360931215,2.35615355,1.240309927,0.117963459,0.5,26,-2.791687588,H26
N3,17,612.1880934,5871.461963,2.520680646,1.392916948,2.42941989,1.200046023,0.117963459,0.75,26,-2.791687588,H26
N3,17,612.9050836,5870.810526,2.279869698,3.776805157,2.197693839,2.774218523,0.402069777,0.25,12,-3.097363054,H12
N3,17,612.9050836,5870.810526,2.303882575,2.474461923,2.245032818,2.034707815,0.452250379,0.5,12,-3.097363054,H12
N3,17,612.9050836,5870.810526,2.346233268,2.058726716,2.291836747,1.749227967,0.452250379,0.75,12,-3.097363054,H12
N3,17,613.351666,5872.035555,2.30222405,1.331057158,2.243286265,1.213533182,0.08837144,0.25,21,-3.138207446,H21
N3,17,613.351666,5872.035555,2.399857159,1.211862119,2.350388219,1.144786377,0.09176492,0.5,21,-3.138207446,H21
N3,17,613.351666,5872.035555,2.371729922,1.140753495,2.336952351,1.107081727,0.124073218,0.75,21,-3.138207446,H21
N3,17,613.5114524,5870.048468,2.265233038,1.332326866,2.15731937,1.147121212,0.103293701,0.25,25,-2.594454775,H25
N3,17,613.5114524,5870.048468,2.489695593,1.501175908,2.386608255,1.237657852,0.103293701,0.5,25,-2.594454775,H25
N3,17,613.5114524,5870.048468,2.600250118,1.548347629,2.431011299,1.158425826,0.103293701,0.75,25,-2.594454775,H25
N3,17,610.7664044,5869.954235,2.255316382,1.033974407,2.20856185,1.02315127,0.032140776,0.25,29,-3.119032103,H29
N3,17,610.7664044,5869.954235,2.381929165,1.111782761,2.326483966,1.071842162,0.070172061,0.5,29,-3.119032103,H29
N3,17,610.7664044,5869.954235,2.358205895,1.160606196,2.311122414,1.111107915,0.140851314,0.75,29,-3.119032103,H29
N3,17,611.2293752,5868.24575,2.285183445,3.496162508,2.174599966,2.339551423,0.361759385,0.25,13,-3.022188873,H13
N3,17,611.2293752,5868.24575,2.313225661,2.364562518,2.241787233,1.879977596,0.411816844,0.5,13,-3.022188873,H13
N3,17,611.2293752,5868.24575,2.372945827,2.117231685,2.317725019,1.788871669,0.419686636,0.75,13,-3.022188873,H13
N3,17,609.3488125,5868.446507,2.318644836,3.748987105,2.23321898,2.723017464,0.339478232,0.25,16,-2.893441864,H16
N3,17,609.3488125,5868.446507,2.349306071,2.367939922,2.291832819,1.963768973,0.355051256,0.5,16,-2.893441864,H16
N3,17,609.3488125,5868.446507,2.40662095,2.073235399,2.369415795,1.849440271,0.355051256,0.75,16,-2.893441864,H16
N3,17,613.1099379,5867.422235,2.330192589,1.037343729,2.278270795,1.024401978,0.024700671,0.25,7,-3.063283915,H07
N3,17,613.1099379,5867.422235,2.329087315,1.212176135,2.239282407,1.10561593,0.123268526,0.5,7,-3.063283915,H07
N3,17,613.1099379,5867.422235,2.391655248,1.278006375,2.310617977,1.15011116,0.165569844,0.75,7,-3.063283915,H07
N3,17,614.1219182,5869.069264,2.618845672,1.02885978,2.42408522,1.005777201,0.006523503,0.25,24,-2.979009683,H24
N3,17,614.1219182,5869.069264,2.45243904,2.144005094,2.281246966,1.366005825,0.204293368,0.5,24,-2.979009683,H24
N3,17,614.1219182,5869.069264,2.443415198,1.92262212,2.319826596,1.401644077,0.275477971,0.75,24,-2.979009683,H24
N3,17,614.4988502,5867.954857,2.311779199,1.579668259,2.250331089,1.37729992,0.118221741,0.25,5,-3.026801688,H05
N3,17,614.4988502,5867.954857,2.413644325,1.60086182,2.322461812,1.316052628,0.158239481,0.5,5,-3.026801688,H05
N3,17,614.4988502,5867.954857,2.485642978,1.504705221,2.355039134,1.194397644,0.158239481,0.75,5,-3.026801688,H05
N3,17,615.6788111,5867.590216,2.41565738,1.035607985,2.364191239,1.023348375,0.01689755,0.25,40,-3.039767373,H40
N3,17,615.6788111,5867.590216,2.416337122,1.04844659,2.366264883,1.032199021,0.039432032,0.5,40,-3.039767373,H40
N3,17,615.6788111,5867.590216,2.359093994,1.084871741,2.299100939,1.052345043,0.100209549,0.75,40,-3.039767373,H40
N3,17,614.0563649,5866.615109,2.195666675,2.673100913,2.145233879,2.244978312,0.3884394,0.25,10,-3.139435748,H10
N3,17,614.0563649,5866.615109,2.282811943,2.735315011,2.24287205,2.376917312,0.555301073,0.5,10,-3.139435748,H10
N3,17,614.0563649,5866.615109,2.319307861,2.214192502,2.27215291,1.906946606,0.555301073,0.75,10,-3.139435748,H10
N3,17,612.6305788,5865.902216,2.467193825,1.132085392,2.374851852,1.063317092,0.026881195,0.25,11,-2.568687065,H11
N3,17,612.6305788,5865.902216,2.578526625,1.450053285,2.404793663,1.122465253,0.066954771,0.5,11,-2.568687065,H11
N3,17,612.6305788,5865.902216,2.676020375,1.450053285,2.400541138,1.054281197,0.066954771,0.75,11,-2.568687065,H11
N3,17,612.9378603,5866.197207,2.338356286,1.345490445,2.302121525,1.264706597,0.077921538,0.25,41,-2.720930155,H41
N3,17,612.9378603,5866.197207,2.332416986,1.347281303,2.267771286,1.214959757,0.160215072,0.5,41,-2.720930155,H41
N3,17,612.9378603,5866.197207,2.466276059,1.529870338,2.392285172,1.313169016,0.17661668,0.75,41,-2.720930155,H41
N3,17,612.1225401,5866.328313,2.343438046,1.348107284,2.243128222,1.163991137,0.076623081,0.25,19,-2.873178881,H19
N3,17,612.1225401,5866.328313,2.386323311,1.681532454,2.252592331,1.265257452,0.191712475,0.5,19,-2.873178881,H19
N3,17,612.1225401,5866.328313,2.38258197,1.895279876,2.248682347,1.360533462,0.347847635,0.75,19,-2.873178881,H19
N3,17,613.3393747,5865.476119,2.511725464,1.305211309,2.287656982,1.053146589,0.035305503,0.25,6,-2.672899792,H06
N3,17,613.3393747,5865.476119,2.449514941,1.231831962,2.278678944,1.06063354,0.078432764,0.5,6,-2.672899792,H06
N3,17,613.3393747,5865.476119,2.586327794,1.31056428,2.43107676,1.094195409,0.078432764,0.75,6,-2.672899792,H06
N3,17,615.1134132,5865.299945,2.29916646,1.638925795,2.250615189,1.458040516,0.132295581,0.25,49,-2.821631123,H49
N3,17,615.1134132,5865.299945,2.447815296,1.597088422,2.370487289,1.347241077,0.136745384,0.5,49,-2.821631123,H49
N3,17,615.1134132,5865.299945,2.473883438,1.684796376,2.392664686,1.391251631,0.200398234,0.75,49,-2.821631123,H49
N3,17,615.9000538,5865.148352,2.523889347,1.306174641,2.311235328,1.058496308,0.033623836,0.25,37,-2.817712964,H37
N3,17,615.9000538,5865.148352,2.650240587,1.226754179,2.377902785,1.0258722,0.033623836,0.5,37,-2.817712964,H37
N3,17,615.9000538,5865.148352,2.764078441,1.256365145,2.415123231,1.015749975,0.033623836,0.75,37,-2.817712964,H37
N3,17,616.2769857,5865.308139,2.317205335,1.14476696,2.203551273,1.058602703,0.052668369,0.25,34,-3.002123945,H34
N3,17,616.2769857,5865.308139,2.353714975,1.341215275,2.240609272,1.145343139,0.145160015,0.5,34,-3.002123945,H34
N3,17,616.2769857,5865.308139,2.360853509,1.360156418,2.270364481,1.183407934,0.218034818,0.75,34,-3.002123945,H34
N3,17,616.2155294,5866.647886,2.23033579,1.396733136,2.132069013,1.191594479,0.132277566,0.25,27,-3.018094514,H27
N3,17,616.2155294,5866.647886,2.312804989,1.352396031,2.197458126,1.147863309,0.175296651,0.5,27,-3.018094514,H27
N3,17,616.2155294,5866.647886,2.376254938,1.373461531,2.261835706,1.158541926,0.208836383,0.75,27,-3.018094514,H27
N3,17,615.8385975,5869.724798,2.221146809,1.144135096,2.176629217,1.101547472,0.07834928,0.25,2,-3.044718122,H02
N3,17,615.8385975,5869.724798,2.402291067,1.211860925,2.349131602,1.140678008,0.090840449,0.5,2,-3.044718122,H02
N3,17,615.8385975,5869.724798,2.355761438,1.17079403,2.287096239,1.099742852,0.147079698,0.75,2,-3.044718122,H02
N3,17,617.3381311,5869.065167,2.354918038,1.202233298,2.27984583,1.112888962,0.053922144,0.25,23,-2.850733946,H23
N3,17,617.3381311,5869.065167,2.569162116,1.289023097,2.399107853,1.077404197,0.053922144,0.5,23,-2.850733946,H23
N3,17,617.3381311,5869.065167,2.669514453,1.295183186,2.43404513,1.046693477,0.053922144,0.75,23,-2.850733946,H23
N3,17,617.379102,5866.930585,2.362064146,1.385183826,2.265326561,1.187814224,0.075179069,0.25,43,-2.928578417,H43
N3,17,617.379102,5866.930585,2.536944657,1.408437718,2.356874876,1.104527323,0.075179069,0.5,43,-2.928578417,H43
N3,17,617.379102,5866.930585,2.662918274,1.498879326,2.42540775,1.082999986,0.075179069,0.75,43,-2.928578417,H43
N3,17,618.9851599,5868.036798,2.218536399,1.563762497,2.215703153,1.552961614,0.1712876,0.25,36,-3.062947842,H36
N3,17,618.9851599,5868.036798,2.278215284,1.409323953,2.27729963,1.406666803,0.220779786,0.5,36,-3.062947842,H36
N3,17,618.9851599,5868.036798,2.352397947,1.367511581,2.349713936,1.360469939,0.228488169,0.75,36,-3.062947842,H36
N3,17,618.1534513,5870.027982,2.268115453,1.206630426,2.253168843,1.18433668,0.078280246,0.25,44,-3.037034896,H44
N3,17,618.1534513,5870.027982,2.281341423,1.118113077,2.272916952,1.110516265,0.109762836,0.5,44,-3.037034896,H44
N3,17,618.1534513,5870.027982,2.295033459,1.133304803,2.287272302,1.125433923,0.165821977,0.75,44,-3.037034896,H44
N3,17,616.4244808,5870.900662,2.287720405,2.450428208,2.20118847,1.853807644,0.239036813,0.25,33,-2.902163978,H33
N3,17,616.4244808,5870.900662,2.375866674,1.898553551,2.275657509,1.460036393,0.239036813,0.5,33,-2.902163978,H33
N3,17,616.4244808,5870.900662,2.427124509,1.665227557,2.320702798,1.315901005,0.239036813,0.75,33,-2.902163978,H33
N3,17,615.0396656,5872.121594,2.340230635,1.974434753,2.215724624,1.424414168,0.146223055,0.25,34,-2.969844131,H34
N3,17,615.0396656,5872.121594,2.381418832,1.597297466,2.313243983,1.371099589,0.180272768,0.5,34,-2.969844131,H34
N3,17,615.0396656,5872.121594,2.378983815,1.74728712,2.314638817,1.483960175,0.314238257,0.75,34,-2.969844131,H34
N3,17,615.1912578,5871.73237,2.298659468,1.121078397,2.164769579,1.04131007,0.051740896,0.25,42,-2.852563089,H42
N3,17,615.1912578,5871.73237,2.431800501,1.987214726,2.305398344,1.424972776,0.201564765,0.5,42,-2.852563089,H42
N3,17,615.1912578,5871.73237,2.517268385,1.915283311,2.409079611,1.443944064,0.201564765,0.75,42,-2.852563089,H42
N3,17,617.4692379,5864.988566,2.252672416,1.694980815,2.192889065,1.462573105,0.169179367,0.25,20,-3.100103954,H20
N3,17,617.4692379,5864.988566,2.243335036,1.533139526,2.190661464,1.36799602,0.298695121,0.5,20,-3.100103954,H20
N3,17,617.4692379,5864.988566,2.311292316,1.45477161,2.262621617,1.320875467,0.307063738,0.75,20,-3.100103954,H20
N3,17,617.7806164,5864.521498,2.331317727,1.620443653,2.236787384,1.319328243,0.113651232,0.25,30,-3.463592776,H30
N3,17,617.7806164,5864.521498,2.268072549,2.119659745,2.212660914,1.78970975,0.433405461,0.5,30,-3.463592776,H30
N3,17,617.7806164,5864.521498,2.34936871,2.059985292,2.312753425,1.841723978,0.446748479,0.75,30,-3.463592776,H30
N3,17,616.9734904,5864.267479,2.175346634,1.643703458,2.17488323,1.641710774,0.222431719,0.25,32,-3.083717463,H32
N3,17,616.9734904,5864.267479,2.235818247,1.496608033,2.23566683,1.496086586,0.295281922,0.5,32,-3.083717463,H32
N3,17,616.9734904,5864.267479,2.279549874,1.381903373,2.279475265,1.381699171,0.316298909,0.75,32,-3.083717463,H32
N3,17,617.2234127,5863.144877,2.324654189,3.541343912,2.188665792,2.173474747,0.311311403,0.25,22,-3.003496168,H22
N3,17,617.2234127,5863.144877,2.354635146,2.257639062,2.234751569,1.584758317,0.327476088,0.5,22,-3.003496168,H22
N3,17,617.2234127,5863.144877,2.408840277,1.964217213,2.310615693,1.504190821,0.327476088,0.75,22,-3.003496168,H22
N3,17,618.4197619,5863.767634,2.161037598,1.464151865,2.154986389,1.444852263,0.193533391,0.25,47,-3.483085969,H47
N3,17,618.4197619,5863.767634,2.190722441,1.695098122,2.188807548,1.686343931,0.437840868,0.5,47,-3.483085969,H47
N3,17,618.4197619,5863.767634,2.300214749,1.764486857,2.299324815,1.760064652,0.442411767,0.75,47,-3.483085969,H47
N3,17,619.2023054,5863.43577,2.280564892,1.093722245,2.230842446,1.062902468,0.048762414,0.25,28,-3.058255349,H28
N3,17,619.2023054,5863.43577,2.388929734,1.075938454,2.34259103,1.052246197,0.055698823,0.5,28,-3.058255349,H28
N3,17,619.2023054,5863.43577,2.254877007,1.193503363,2.211597597,1.138478134,0.239406494,0.75,28,-3.058255349,H28
N3,17,618.7188492,5862.952314,2.245195426,3.592859213,2.163581852,2.653319561,0.440067173,0.25,35,-3.42029217,H35
N3,17,618.7188492,5862.952314,2.249022625,2.165295832,2.191691553,1.813711518,0.482092721,0.5,35,-3.42029217,H35
N3,17,618.7188492,5862.952314,2.248524758,1.800926433,2.203326896,1.593851963,0.565123002,0.75,35,-3.42029217,H35
N3,17,617.096403,5861.571596,2.285977261,1.007493038,2.255894849,1.005839119,0.013200324,0.25,46,-3.031677248,H46
N3,17,617.096403,5861.571596,2.293142824,1.008166038,2.249567883,1.005690347,0.026756039,0.5,46,-3.031677248,H46
N3,17,617.096403,5861.571596,2.392354668,1.011005294,2.329072932,1.006515921,0.03086175,0.75,46,-3.031677248,H46
N3,17,615.5518014,5861.067654,2.446123618,1.262035617,2.339677079,1.11558616,0.042570166,0.25,31,-2.599055516,H31
N3,17,615.5518014,5861.067654,2.608978594,1.297055412,2.453764002,1.089787492,0.046404974,0.5,31,-2.599055516,H31
N3,17,615.5518014,5861.067654,2.709278904,1.303253304,2.458585818,1.042500248,0.046404974,0.75,31,-2.599055516,H31
N3,17,616.0024809,5862.026373,2.473799983,1.193211488,2.405980516,1.114028719,0.032080689,0.25,51,-2.984708983,H51
N3,17,616.0024809,5862.026373,2.3502783,1.490152677,2.141772076,1.102477038,0.182011165,0.5,51,-2.984708983,H51
N3,17,616.0024809,5862.026373,2.436040504,1.69462406,2.236031912,1.163875037,0.236664239,0.75,51,-2.984708983,H51
N3,17,615.0355685,5861.854295,2.239499971,1.739332756,2.170328074,1.462610264,0.185830641,0.25,9,-2.970006977,H09
N3,17,615.0355685,5861.854295,2.307625926,1.615973247,2.251291104,1.417229995,0.249720842,0.5,9,-2.970006977,H09
N3,17,615.0355685,5861.854295,2.339416071,1.782070537,2.270358507,1.491659647,0.381361442,0.75,9,-2.970006977,H09
N3,17,614.1260153,5863.034256,2.156916415,1.956754246,2.143486349,1.878799774,0.309630358,0.25,3,-3.04279586,H03
N3,17,614.1260153,5863.034256,2.270367361,1.750515562,2.266040596,1.729547167,0.330019646,0.5,3,-3.04279586,H03
N3,17,614.1260153,5863.034256,2.325739658,1.566579908,2.323810933,1.559176036,0.330019646,0.75,3,-3.04279586,H03
N3,17,611.7538023,5862.985091,2.377169469,1.35068432,2.330995508,1.249581276,0.066876632,0.25,4,-2.840881855,H04
N3,17,611.7538023,5862.985091,2.258231664,1.816879339,2.164746014,1.434349571,0.366467293,0.5,4,-2.840881855,H04
N3,17,611.7538023,5862.985091,2.401347297,2.28217493,2.232616078,1.426242625,0.409944735,0.75,4,-2.840881855,H04
N3,17,612.3028119,5861.854295,2.215953158,2.240986413,2.174603346,1.962524651,0.288819729,0.25,18,-2.972611875,H18
N3,17,612.3028119,5861.854295,2.312670095,2.346960704,2.279124323,2.100134157,0.409024487,0.5,18,-2.972611875,H18
N3,17,612.3028119,5861.854295,2.378426535,2.141522533,2.344363798,1.92388435,0.416276761,0.75,18,-2.972611875,H18
N3,17,613.732695,5862.370528,2.275108662,1.103781037,2.22990456,1.072337672,0.052616084,0.25,53,-2.989552665,H53
N3,17,613.732695,5862.370528,2.321007392,1.197805091,2.260523904,1.123774211,0.122687749,0.5,53,-2.989552665,H53
N3,17,613.732695,5862.370528,2.415969057,1.244715062,2.318609248,1.115532342,0.139370944,0.75,53,-2.989552665,H53
N3,17,612.5199574,5863.157168,2.389518439,1.014598208,2.314455972,1.00784522,0.011999374,0.25,1,-3.038692431,H01
N3,17,612.5199574,5863.157168,2.418503412,1.021310803,2.350568761,1.01216647,0.025745953,0.5,1,-3.038692431,H01
N3,17,612.5199574,5863.157168,2.355166837,1.02549253,2.293604353,1.015353469,0.055024084,0.75,1,-3.038692431,H01
N3,17,615.8345004,5863.722566,2.359118366,1.559562893,2.328060784,1.45126643,0.095023268,0.25,48,-2.635912788,H48
N3,17,615.8345004,5863.722566,2.492500391,1.471574759,2.443465484,1.332352119,0.098447074,0.5,48,-2.635912788,H48
N3,17,615.8345004,5863.722566,2.517721397,1.498907605,2.440256827,1.28629171,0.137519221,0.75,48,-2.635912788,H48
N3,17,615.1175103,5863.870062,2.446447053,1.356747487,2.332992991,1.152049439,0.050632371,0.25,14,-2.538519526,H14
N3,17,615.1175103,5863.870062,2.625457728,1.389847527,2.353552949,1.047407041,0.050632371,0.5,14,-2.538519526,H14
N3,17,615.1175103,5863.870062,2.701354842,1.333598452,2.370950946,1.024624525,0.050632371,0.75,14,-2.538519526,H14
N3,17,614.2858017,5864.923013,2.200206832,2.675352688,2.198688372,2.660870247,0.381547023,0.25,15,-3.013479786,H15
N3,17,614.2858017,5864.923013,2.267657462,2.212405444,2.267188919,2.208979106,0.458444292,0.5,15,-3.013479786,H15
N3,17,614.2858017,5864.923013,2.284476493,1.959972172,2.278692195,1.925621066,0.547688539,0.75,15,-3.013479786,H15
N3,17,609.8691425,5865.082799,2.369846336,1.219036979,2.310963907,1.139226131,0.052940367,0.25,17,-3.094463686,H17
N3,17,609.8691425,5865.082799,2.314715662,1.28305632,2.250398576,1.174090621,0.153548867,0.5,17,-3.094463686,H17
N3,17,609.8691425,5865.082799,2.27965651,1.421588616,2.232523182,1.299925216,0.334935279,0.75,17,-3.094463686,H17
N3,17,611.2785403,5865.201615,2.496217431,1.395238307,2.339687002,1.121379446,0.043681838,0.25,8,-2.61543637,H08
N3,17,611.2785403,5865.201615,2.667512825,1.408491698,2.414696935,1.058363891,0.043681838,0.5,8,-2.61543637,H08
N3,17,611.2785403,5865.201615,2.677543162,1.332457722,2.415259027,1.042840163,0.055793868,0.75,8,-2.61543637,H08
N3,17,619.253519,5864.953741,2.386616891,1.657704641,2.262650315,1.274104017,0.093631963,0.25,50,-2.953323237,H50
N3,17,619.253519,5864.953741,2.384253831,1.557356053,2.281405689,1.267240249,0.170771498,0.5,50,-2.953323237,H50
N3,17,619.253519,5864.953741,2.416785785,1.687460767,2.301407687,1.306761054,0.254730617,0.75,50,-2.953323237,H50
N3,18,613.1507899,5867.914794,2.220294684,1.407091344,2.183291581,1.311603651,0.140008815,0.25,U25,-3.082301714,H15
N3,18,613.1507899,5867.914794,2.308041169,1.352904944,2.28171089,1.291136535,0.178952708,0.5,U25,-3.082301714,H15
N3,18,613.1507899,5867.914794,2.394796748,1.326424682,2.354651201,1.242503843,0.178952708,0.75,U25,-3.082301714,H15
N3,18,614.3309966,5867.478214,2.39660783,1.131691521,2.266605144,1.046521045,0.035995729,0.25,U29,-3.114189431,H44
N3,18,614.3309966,5867.478214,2.33988786,1.528680191,2.201675242,1.193088767,0.198897731,0.5,U29,-3.114189431,H44
N3,18,614.3309966,5867.478214,2.35622606,1.393265934,2.259613288,1.19221775,0.23388724,0.75,U29,-3.114189431,H44
N3,18,614.6574281,5870.222238,2.284547549,1.574682369,2.189961325,1.293718874,0.131700277,0.25,U23,-3.104083281,H05
N3,18,614.6574281,5870.222238,2.33285362,1.46382234,2.254700211,1.263544399,0.189352911,0.5,U23,-3.104083281,H05
N3,18,614.6574281,5870.222238,2.35605698,1.396149316,2.279808229,1.226142361,0.235049682,0.75,U23,-3.104083281,H05
N3,18,615.4695008,5868.69429,2.284914223,1.565322362,2.188982926,1.285682613,0.130187024,0.25,U19,-3.083025286,H29
N3,18,615.4695008,5868.69429,2.303429884,1.461077691,2.222006044,1.255570546,0.213248379,0.5,U19,-3.083025286,H29
N3,18,615.4695008,5868.69429,2.32449498,1.298415258,2.270052695,1.198373188,0.227826736,0.75,U19,-3.083025286,H29
N3,18,615.5491698,5867.735436,2.354433768,1.094294726,2.292549839,1.057367548,0.03597878,0.25,U20,-3.046934537,H27
N3,18,615.5491698,5867.735436,2.392878866,1.191090273,2.313165866,1.102609637,0.089294454,0.5,U20,-3.046934537,H27
N3,18,615.5491698,5867.735436,2.471747957,1.165593378,2.364196018,1.070789305,0.089294454,0.75,U20,-3.046934537,H27
N3,18,615.8566061,5869.657031,2.280020413,1.350072083,2.259805933,1.302064198,0.100070732,0.25,U12,-3.120747883,H31
N3,18,615.8566061,5869.657031,2.328363085,1.273814003,2.322632275,1.262386801,0.142399174,0.5,U12,-3.120747883,H31
N3,18,615.8566061,5869.657031,2.264993808,1.191779225,2.262583401,1.188273624,0.228427788,0.75,U12,-3.120747883,H31
N3,18,617.6402083,5869.395835,2.522278893,1.132564533,2.298016411,1.02165241,0.021418551,0.25,U16,-2.995266616,H34
N3,18,617.6402083,5869.395835,2.48562298,1.331095318,2.29272858,1.074771949,0.082436404,0.5,U16,-2.995266616,H34
N3,18,617.6402083,5869.395835,2.437030527,1.361173283,2.259055134,1.092729762,0.159089755,0.75,U16,-2.995266616,H34
N3,18,617.8488887,5867.825027,2.25206105,1.495456793,2.218863755,1.392145837,0.137805105,0.25,U15,-3.070969078,H11
N3,18,617.8488887,5867.825027,2.29403282,1.307351606,2.271623843,1.260385857,0.175300616,0.5,U15,-3.070969078,H11
N3,18,617.8488887,5867.825027,2.307094613,1.325521058,2.292245048,1.291916476,0.257310675,0.75,U15,-3.070969078,H11
N3,18,617.8682005,5866.153727,2.487688812,1.009123654,2.373234344,1.003531251,0.006297802,0.25,U30,-3.030826379,H03
N3,18,617.8682005,5866.153727,2.555173349,1.009593241,2.397733947,1.002598674,0.009756157,0.5,U30,-3.030826379,H03
N3,18,617.8682005,5866.153727,2.320926319,1.201000657,2.158429472,1.055700701,0.185709618,0.75,U30,-3.030826379,H03
N3,18,617.9426629,5864.401676,2.476313938,1.548025808,2.341827979,1.206747602,0.057630014,0.25,U10,-3.441536296,H47
N3,18,617.9426629,5864.401676,2.319626782,2.340904873,2.200613731,1.632400419,0.396107029,0.5,U10,-3.441536296,H47
N3,18,617.9426629,5864.401676,2.35050397,2.091985275,2.268624785,1.645826367,0.453659605,0.75,U10,-3.441536296,H47
N3,18,617.2598709,5863.167651,2.302044599,3.273592594,2.164974067,2.026602433,0.313805812,0.25,U08,-3.017419531,H45
N3,18,617.2598709,5863.167651,2.334708772,2.128541169,2.223637171,1.549714428,0.330270939,0.5,U08,-3.017419531,H45
N3,18,617.2598709,5863.167651,2.396696199,1.904686951,2.302073088,1.481940625,0.330270939,0.75,U08,-3.017419531,H45
N3,18,616.9775586,5864.318685,2.342382176,1.142927337,2.264601591,1.077209541,0.04710994,0.25,U05,-3.054825813,H18
N3,18,616.9775586,5864.318685,2.267787043,1.469608605,2.234867716,1.371844606,0.250031943,0.5,U05,-3.054825813,H18
N3,18,616.9775586,5864.318685,2.309458815,1.385152947,2.287035727,1.327531863,0.28068078,0.75,U05,-3.054825813,H18
N3,18,615.1005139,5864.431508,2.140972977,1.577037203,2.123917537,1.513396698,0.239880358,0.25,U18,-3.004692153,H40
N3,18,615.1005139,5864.431508,2.194880788,1.578052666,2.1902053,1.559938274,0.383817544,0.5,U18,-3.004692153,H40
N3,18,615.1005139,5864.431508,2.258808691,1.624895174,2.254548208,1.607225662,0.462999748,0.75,U18,-3.004692153,H40
N3,18,614.6142363,5863.52126,2.23708847,1.466984593,2.157474165,1.262584267,0.141567987,0.25,U09,-2.783685108,H33
N3,18,614.6142363,5863.52126,2.330579956,1.610670772,2.238083523,1.318572416,0.225775975,0.5,U09,-2.783685108,H33
N3,18,614.6142363,5863.52126,2.406646542,1.527744221,2.320651445,1.285455608,0.225775975,0.75,U09,-2.783685108,H33
N3,18,614.3319309,5864.949758,2.324909836,1.662278749,2.237158854,1.360065962,0.121550441,0.25,U13,-2.757707229,H37
N3,18,614.3319309,5864.949758,2.404156665,1.929553582,2.280321982,1.404338276,0.217291763,0.5,U13,-2.757707229,H37
N3,18,614.3319309,5864.949758,2.473885903,2.149851167,2.302826084,1.36856693,0.281267055,0.75,U13,-2.757707229,H37
N3,18,614.4888036,5865.602241,2.28707131,2.358185757,2.239868174,2.019898276,0.228815004,0.25,U04,-2.773347748,H17
N3,18,614.4888036,5865.602241,2.363045684,2.201924484,2.325230637,1.951889621,0.306480814,0.5,U04,-2.773347748,H17
N3,18,614.4888036,5865.602241,2.443935793,2.086155741,2.402179814,1.835345784,0.306480814,0.75,U04,-2.773347748,H17
N3,18,614.2168904,5864.453011,2.237852396,1.097172651,2.188377359,1.065381709,0.059352619,0.25,U07,-3.030198544,H39
N3,18,614.2168904,5864.453011,2.215793552,1.310672016,2.191622636,1.259809251,0.244198634,0.5,U07,-3.030198544,H39
N3,18,614.2168904,5864.453011,2.204638004,1.368666902,2.177709348,1.303077434,0.42318695,0.75,U07,-3.030198544,H39
N3,18,613.3097387,5864.485256,2.44738959,1.060452687,2.28764773,1.01635932,0.019412346,0.25,U06,-2.993097031,H16
N3,18,613.3097387,5864.485256,2.466432728,1.301632328,2.309775,1.090242887,0.084679926,0.5,U06,-2.993097031,H16
N3,18,613.3097387,5864.485256,2.511787839,1.339496293,2.370461243,1.115863645,0.112505568,0.75,U06,-2.993097031,H16
N3,18,611.2392188,5863.840876,2.419724622,1.023836116,2.367089081,1.015449004,0.013553836,0.25,U17,-3.107165236,H49
N3,18,611.2392188,5863.840876,2.368635403,1.063351682,2.343264407,1.051593028,0.055185988,0.5,U17,-3.107165236,H49
N3,18,611.2392188,5863.840876,2.415144988,1.058542093,2.394293013,1.049438831,0.065503378,0.75,U17,-3.107165236,H49
N3,18,613.1894969,5865.070617,2.303375345,3.581577425,2.274796042,3.213295953,0.344313956,0.25,U03,-3.001664265,H42
N3,18,613.1894969,5865.070617,2.291975819,2.145990238,2.27240433,2.015849484,0.398651378,0.5,U03,-3.001664265,H42
N3,18,613.1894969,5865.070617,2.374407796,2.044688615,2.344570363,1.865926678,0.398651378,0.75,U03,-3.001664265,H42
N3,18,611.8771351,5865.188796,2.410408256,1.164201382,2.338996349,1.093711343,0.038240281,0.25,U27,-2.541224851,H61
N3,18,611.8771351,5865.188796,2.477573641,1.329559001,2.37416625,1.151014561,0.085016751,0.5,U27,-2.541224851,H61
N3,18,611.8771351,5865.188796,2.610633386,1.42704,2.4390982,1.117509579,0.085199141,0.75,U27,-2.541224851,H61
N3,18,612.6169785,5865.360626,2.351403936,1.3023369,2.226294762,1.116189303,0.068404752,0.25,U11,-2.743495529,H54
N3,18,612.6169785,5865.360626,2.422534352,1.562541333,2.322105803,1.274845902,0.14646187,0.5,U11,-2.743495529,H54
N3,18,612.6169785,5865.360626,2.373879491,1.600638705,2.316393851,1.402980686,0.279981463,0.75,U11,-2.743495529,H54
N3,18,613.0986932,5866.754198,2.240311859,2.503345951,2.14112726,1.818813715,0.29866169,0.25,U21,-3.109217007,H20
N3,18,613.0986932,5866.754198,2.315299866,2.667749197,2.215730711,1.916269267,0.471261415,0.5,U21,-3.109217007,H20
N3,18,613.0986932,5866.754198,2.365394904,2.387494093,2.273536525,1.785831335,0.503109072,0.75,U21,-3.109217007,H20
N3,18,611.7075796,5867.001936,2.272554466,1.835974554,2.217093079,1.579456334,0.17523477,0.25,U14,-2.994977047,H48
N3,18,611.7075796,5867.001936,2.367658875,1.519154036,2.324202572,1.382429278,0.1752679,0.5,U14,-2.994977047,H48
N3,18,611.7075796,5867.001936,2.417499713,1.486422193,2.380185298,1.373585697,0.205490036,0.75,U14,-2.994977047,H48
N3,18,611.3046867,5868.276713,2.336085527,3.975803282,2.183919919,2.275145773,0.336246497,0.25,U22,-3.05700104,H14
N3,18,611.3046867,5868.276713,2.358870487,2.776323647,2.269812711,2.048909516,0.411714315,0.5,U22,-3.05700104,H14
N3,18,611.3046867,5868.276713,2.384865642,2.278310694,2.323288071,1.873765437,0.438109743,0.75,U22,-3.05700104,H14
N3,18,611.8664177,5867.841707,2.414657394,1.298451484,2.328881964,1.155894185,0.052199178,0.25,U02,-3.167670882,H46
N3,18,611.8664177,5867.841707,2.385312415,1.44512352,2.318804304,1.275122057,0.148570337,0.5,U02,-3.167670882,H46
N3,18,611.8664177,5867.841707,2.345481232,1.387329097,2.306849103,1.292502416,0.242421529,0.75,U02,-3.167670882,H46
N3,18,612.5075969,5868.989585,2.325582553,1.065701975,2.30490472,1.055592137,0.033629264,0.25,U24,-3.08910831,H38
N3,18,612.5075969,5868.989585,2.197748717,1.068096193,2.17676308,1.057484315,0.116590191,0.5,U24,-3.08910831,H38
N3,18,612.5075969,5868.989585,2.188474251,1.112968975,2.165767127,1.094357242,0.236637734,0.75,U24,-3.08910831,H38
N3,18,615.3529963,5866.087305,2.521587535,1.190968229,2.387528392,1.066391831,0.026132,0.25,U28,-2.675755027,H19
N3,18,615.3529963,5866.087305,2.625030422,1.20817946,2.458409318,1.055920435,0.035629005,0.5,U28,-2.675755027,H19
N3,18,615.3529963,5866.087305,2.718811723,1.210738546,2.484074005,1.032530236,0.036426178,0.75,U28,-2.675755027,H19
N3,18,613.0369169,5866.193846,2.524942228,1.328557737,2.315756115,1.065030443,0.034846906,0.25,U01,-2.727181399,H35
N3,18,613.0369169,5866.193846,2.542748777,1.551836207,2.385592952,1.175172481,0.087804045,0.5,U01,-2.727181399,H35
N3,18,613.0369169,5866.193846,2.541535718,1.66007696,2.408871529,1.257954327,0.147811995,0.75,U01,-2.727181399,H35
N3,19,611.6003822,5870.096319,2.461444814,2.099900762,2.353825289,1.546921785,0.0957973,0.25,H60,-2.857838869,H60
N3,19,611.6003822,5870.096319,2.490529897,1.947318447,2.309998405,1.273570857,0.153624773,0.5,H60,-2.857838869,H60
N3,19,611.6003822,5870.096319,2.568893146,1.838835162,2.357752298,1.187958104,0.153624773,0.75,H60,-2.857838869,H60
N3,19,612.398272,5869.34476,2.275699149,3.170233147,2.15605472,2.084599136,0.337929487,0.25,H48,-3.039104462,H48
N3,19,612.398272,5869.34476,2.399706461,2.710527688,2.276935008,1.812725307,0.337929487,0.5,H48,-3.039104462,H48
N3,19,612.398272,5869.34476,2.44034755,2.405831967,2.326677262,1.691185984,0.371798515,0.75,H48,-3.039104462,H48
N3,19,612.6031591,5869.713367,2.480504741,1.575989225,2.368695817,1.259132892,0.058378935,0.25,H47,-2.813632727,H47
N3,19,612.6031591,5869.713367,2.400743009,1.678429672,2.311651409,1.366042573,0.180037737,0.5,H47,-2.813632727,H47
N3,19,612.6031591,5869.713367,2.518691984,1.775993761,2.425808498,1.412383908,0.180037737,0.75,H47,-2.813632727,H47
N3,19,613.6881801,5869.897646,2.247633223,2.110693855,2.245330527,2.095109335,0.234644651,0.25,H42,-2.760073185,H42
N3,19,613.6881801,5869.897646,2.388440474,1.976196537,2.362643161,1.828737575,0.239602327,0.5,H42,-2.760073185,H42
N3,19,613.6881801,5869.897646,2.463557159,1.847141271,2.422857292,1.649018766,0.239602327,0.75,H42,-2.760073185,H42
N3,19,614.4822466,5869.522214,2.302493609,2.127381422,2.233210005,1.726676078,0.188678741,0.25,H18,-2.989071131,H18
N3,19,614.4822466,5869.522214,2.422912978,2.062161578,2.345499162,1.645700881,0.21965313,0.5,H18,-2.989071131,H18
N3,19,614.4822466,5869.522214,2.489763484,1.95011229,2.377990596,1.451289276,0.231623173,0.75,H18,-2.989071131,H18
N3,19,615.1557711,5869.761974,2.306941967,1.043763944,2.267185381,1.03162916,0.029500961,0.25,H34,-3.10053277,H34
N3,19,615.1557711,5869.761974,2.344480857,1.059066425,2.334744296,1.0545901,0.058856726,0.5,H34,-3.10053277,H34
N3,19,615.1557711,5869.761974,2.200987918,1.117428348,2.196282255,1.113149564,0.229269743,0.75,H34,-3.10053277,H34
N3,19,616.5390429,5869.673186,2.358032562,1.052613967,2.332593509,1.042784915,0.026211262,0.25,H05,-3.077544689,H05
N3,19,616.5390429,5869.673186,2.378402643,1.047882804,2.355134291,1.039617072,0.045894861,0.5,H05,-3.077544689,H05
N3,19,616.5390429,5869.673186,2.338024066,1.049209209,2.317426184,1.041615185,0.082577229,0.75,H05,-3.077544689,H05
N3,19,617.6289233,5869.119166,2.218755124,1.6502983,2.200216706,1.573913013,0.186873436,0.25,H68,-3.106874704,H68
N3,19,617.6289233,5869.119166,2.215941088,1.398017208,2.211775251,1.386342791,0.281406164,0.5,H68,-3.106874704,H68
N3,19,617.6289233,5869.119166,2.266254294,1.282437375,2.264492338,1.278775542,0.281406164,0.75,H68,-3.106874704,H68
N3,19,617.5633819,5867.687664,2.311145642,1.125907608,2.216821545,1.059311874,0.050149679,0.25,H03,-3.079313517,H03
N3,19,617.5633819,5867.687664,2.363918479,1.207059211,2.310634255,1.13726754,0.105229378,0.5,H03,-3.079313517,H03
N3,19,617.5633819,5867.687664,2.324720273,1.190349997,2.294955787,1.151302099,0.177462339,0.75,H03,-3.079313517,H03
N3,19,617.0755571,5866.880309,2.370292434,1.359799986,2.22084991,1.115778002,0.06984067,0.25,H17,-2.947673559,H17
N3,19,617.0755571,5866.880309,2.566128972,1.549816243,2.371064956,1.129932888,0.0794909,0.5,H17,-2.947673559,H17
N3,19,617.0755571,5866.880309,2.650868619,1.503603257,2.432184887,1.097496374,0.0794909,0.75,H17,-2.947673559,H17
N3,19,615.9661914,5868.496504,2.295547016,1.498455902,2.274479259,1.430100439,0.115423203,0.25,H57,-3.085217476,H57
N3,19,615.9661914,5868.496504,2.25764333,1.372823252,2.246025196,1.34281616,0.227781773,0.5,H57,-3.085217476,H57
N3,19,615.9661914,5868.496504,2.313787401,1.329698463,2.308823044,1.317963326,0.252074003,0.75,H57,-3.085217476,H57
N3,19,615.6595354,5867.064293,2.404951258,1.112331369,2.327353241,1.060394954,0.031964779,0.25,H14,-3.039661884,H14
N3,19,615.6595354,5867.064293,2.578940109,1.119009223,2.387506538,1.025333198,0.031964779,0.5,H14,-3.039661884,H14
N3,19,615.6595354,5867.064293,2.637416243,1.117640435,2.404270852,1.017755594,0.037367344,0.75,H14,-3.039661884,H14
N3,19,614.1389656,5866.513202,2.257252414,4.497950178,2.235340295,4.12641308,0.531885386,0.25,H01,-3.157059908,H01
N3,19,614.1389656,5866.513202,2.287416599,2.679365927,2.269570334,2.515276035,0.531885386,0.5,H01,-3.157059908,H01
N3,19,614.1389656,5866.513202,2.350498609,2.375077061,2.314437358,2.10672872,0.531885386,0.75,H01,-3.157059908,H01
N3,19,613.7529528,5868.481529,2.222162768,1.49712872,2.188504005,1.3922133,0.156366587,0.25,H31,-3.077422857,H31
N3,19,613.7529528,5868.481529,2.281541572,1.526418441,2.265368083,1.470561366,0.252864838,0.5,H31,-3.077422857,H31
N3,19,613.7529528,5868.481529,2.353676263,1.443109721,2.346778615,1.422042099,0.253513098,0.75,H31,-3.077422857,H31
N3,19,613.1592057,5867.705669,2.269784841,1.291112363,2.251927659,1.254954501,0.094021797,0.25,H11,-3.107557297,H11
N3,19,613.1592057,5867.705669,2.28235554,1.302805962,2.263498416,1.263359782,0.182478189,0.5,H11,-3.107557297,H11
N3,19,613.1592057,5867.705669,2.363765163,1.311821605,2.344432798,1.270353266,0.198372364,0.75,H11,-3.107557297,H11
N3,19,612.6992532,5866.803834,2.399552433,1.377608793,2.306157425,1.188639196,0.063589096,0.25,H16,-3.124174118,H16
N3,19,612.6992532,5866.803834,2.278080907,1.701379952,2.207172606,1.431953878,0.306189537,0.5,H16,-3.124174118,H16
N3,19,612.6992532,5866.803834,2.274821482,1.693775982,2.204047797,1.427353849,0.462369919,0.75,H16,-3.124174118,H16
N3,19,612.2184327,5867.410803,2.339542141,2.961042377,2.242900644,2.115869357,0.240065098,0.25,H39,-3.125605822,H39
N3,19,612.2184327,5867.410803,2.369389294,1.904459266,2.281695362,1.505554905,0.246620178,0.5,H39,-3.125605822,H39
N3,19,612.2184327,5867.410803,2.406187654,1.607988123,2.320276506,1.332664485,0.246620178,0.75,H39,-3.125605822,H39
N3,19,612.1208926,5868.239646,2.163887544,1.133887897,1.980638453,1.030642053,0.095587492,0.25,H33,-3.076398611,H33
N3,19,612.1208926,5868.239646,2.358793674,1.975532501,2.195565059,1.321640651,0.270920753,0.5,H33,-3.076398611,H33
N3,19,612.1208926,5868.239646,2.393447574,1.668641617,2.272358165,1.285194973,0.275855064,0.75,H33,-3.076398611,H33
N3,19,618.0121153,5865.844592,2.242270467,2.18542366,2.180686926,1.80622518,0.250836849,0.25,H70,-3.075832367,H70
N3,19,618.0121153,5865.844592,2.306572334,2.382061381,2.271506987,2.119369254,0.427183628,0.5,H70,-3.075832367,H70
N3,19,618.0121153,5865.844592,2.345894994,2.012508909,2.32177078,1.869662937,0.439532757,0.75,H70,-3.075832367,H70
N3,19,617.5772524,5865.048687,2.37868925,4.743435586,2.242961246,2.820025435,0.33938694,0.25,H37,-3.316198111,H37
N3,19,617.5772524,5865.048687,2.322831475,2.781950735,2.240682913,2.098331613,0.479401112,0.5,H37,-3.316198111,H37
N3,19,617.5772524,5865.048687,2.300150194,2.303438027,2.233753732,1.86510388,0.631654024,0.75,H37,-3.316198111,H37
N3,19,616.7201326,5865.920495,2.310444341,2.09058595,2.269127803,1.841273899,0.178478956,0.25,H41,-3.14393425,H41
N3,19,616.7201326,5865.920495,2.355479344,1.587270847,2.32379775,1.472223217,0.198730946,0.5,H41,-3.14393425,H41
N3,19,616.7201326,5865.920495,2.412483377,1.448558584,2.385468045,1.370140404,0.199950218,0.75,H41,-3.14393425,H41
N3,19,616.138928,5865.105984,2.224452069,1.982556241,2.203746237,1.861957667,0.237972736,0.25,H35,-3.08300209,H35
N3,19,616.138928,5865.105984,2.237023907,1.481853452,2.232546742,1.467028886,0.288551092,0.5,H35,-3.08300209,H35
N3,19,616.138928,5865.105984,2.30803645,1.417304615,2.305970392,1.411228216,0.295868874,0.75,H35,-3.08300209,H35
N3,19,615.199573,5865.771657,2.286281036,2.008551745,2.286374189,2.009137142,0.187243938,0.25,H27,-2.850912094,H27
N3,19,615.199573,5865.771657,2.438173762,2.017466965,2.415649759,1.882988621,0.200283766,0.5,H27,-2.850912094,H27
N3,19,615.199573,5865.771657,2.516372295,1.901299308,2.471180587,1.672008813,0.200283766,0.75,H27,-2.850912094,H27
N3,19,614.5570434,5864.912771,2.350183632,3.15257928,2.215488328,1.978755658,0.246376276,0.25,H50,-2.934159756,H50
N3,19,614.5570434,5864.912771,2.418620138,2.709878099,2.313559118,1.909796005,0.31227994,0.5,H50,-2.934159756,H50
N3,19,614.5570434,5864.912771,2.392551547,2.277398238,2.299967366,1.714130284,0.424116611,0.75,H50,-2.934159756,H50
N3,19,613.9954039,5866.199706,2.296296322,1.502281635,2.204382755,1.259022796,0.115593195,0.25,H15,-2.78117013,H15
N3,19,613.9954039,5866.199706,2.461089625,1.803773236,2.386019431,1.485586855,0.155995607,0.5,H15,-2.78117013,H15
N3,19,613.9954039,5866.199706,2.552840343,1.774394577,2.46726974,1.433329103,0.155995607,0.75,H15,-2.78117013,H15
N3,19,613.92848,5865.204813,2.240333442,3.029435468,2.202910238,2.643877891,0.372116804,0.25,H28,-2.997732401,H28
N3,19,613.92848,5865.204813,2.335887628,3.202332157,2.322821067,3.049884646,0.532105923,0.5,H28,-2.997732401,H28
N3,19,613.92848,5865.204813,2.371502878,2.6266059,2.357388311,2.499121397,0.549498558,0.75,H28,-2.997732401,H28
N3,19,612.812093,5864.72815,2.256695639,2.393459922,2.223016186,2.138537957,0.264353514,0.25,H40,-3.02083087,H40
N3,19,612.812093,5864.72815,2.261269292,1.895070925,2.234442997,1.753012576,0.384011269,0.5,H40,-3.02083087,H40
N3,19,612.812093,5864.72815,2.302001465,1.694981189,2.285441542,1.622330353,0.413401127,0.75,H40,-3.02083087,H40
N3,19,611.8964274,5865.23922,2.425242627,1.268956745,2.358340444,1.161813816,0.047113419,0.25,H65,-2.556236029,H65
N3,19,611.8964274,5865.23922,2.470974139,1.367753474,2.360183732,1.160379339,0.09306097,0.5,H65,-2.556236029,H65
N3,19,611.8964274,5865.23922,2.598328895,1.476131952,2.436350172,1.143005387,0.095639467,0.75,H65,-2.556236029,H65
N3,19,611.2803615,5863.69178,2.289481352,1.324539642,2.234726888,1.215904111,0.092130184,0.25,H38,-3.084618568,H38
N3,19,611.2803615,5863.69178,2.343023743,1.137723357,2.290331422,1.090843518,0.092130184,0.5,H38,-3.084618568,H38
N3,19,611.2803615,5863.69178,2.376458949,1.08296127,2.334135142,1.059021056,0.092130184,0.75,H38,-3.084618568,H38
N3,19,612.157011,5863.51282,2.232555024,1.273232217,2.203582724,1.21988097,0.105926991,0.25,H02,-3.070221186,H02
N3,19,612.157011,5863.51282,2.329353147,1.194715122,2.298682338,1.153741218,0.11749053,0.5,H02,-3.070221186,H02
N3,19,612.157011,5863.51282,2.194465949,1.172956079,2.17646106,1.150458126,0.289620399,0.75,H02,-3.070221186,H02
N3,19,612.9346845,5862.479255,2.348235603,1.124688168,2.188375564,1.034450951,0.042760134,0.25,H25,-3.023801565,H25
N3,19,612.9346845,5862.479255,2.53034432,1.140716045,2.318514166,1.025536179,0.042760134,0.5,H25,-3.023801565,H25
N3,19,612.9346845,5862.479255,2.56519331,1.105830291,2.386709642,1.024938723,0.047725677,0.75,H25,-3.023801565,H25
N3,19,613.9270469,5863.638748,2.312774889,2.394970009,2.293674956,2.245043358,0.209521055,0.25,H36,-2.90427351,H36
N3,19,613.9270469,5863.638748,2.417878115,1.959079944,2.397380364,1.842045003,0.209521055,0.5,H36,-2.90427351,H36
N3,19,613.9270469,5863.638748,2.505831156,1.919461385,2.462537302,1.694872368,0.212017775,0.75,H36,-2.90427351,H36
N3,19,613.7918731,5864.343051,2.496318685,1.062924548,2.296050326,1.012195284,0.016168356,0.25,H44,-3.030886412,H44
N3,19,613.7918731,5864.343051,2.219123161,1.292188365,2.090756268,1.109167825,0.232630014,0.5,H44,-3.030886412,H44
N3,19,613.7918731,5864.343051,2.330162634,1.608857876,2.245293808,1.335714327,0.338630676,0.75,H44,-3.030886412,H44
N3,19,615.0838605,5864.454676,2.195174578,1.434235919,2.146104462,1.304912387,0.161427975,0.25,H23,-3.013378382,H23
N3,19,615.0838605,5864.454676,2.212508947,1.609594821,2.194041088,1.537619787,0.368521452,0.5,H23,-3.013378382,H23
N3,19,615.0838605,5864.454676,2.275545848,1.664704314,2.262087441,1.607375568,0.448776007,0.75,H23,-3.013378382,H23
N3,19,615.7347004,5863.249334,2.585491229,1.296622946,2.364848565,1.052951116,0.025562286,0.25,H54,-2.624525309,H54
N3,19,615.7347004,5863.249334,2.578885352,1.642646159,2.305767865,1.084043752,0.082969666,0.5,H54,-2.624525309,H54
N3,19,615.7347004,5863.249334,2.680568743,1.660876987,2.369799034,1.06423536,0.082969666,0.75,H54,-2.624525309,H54
N3,19,616.4817451,5863.538479,2.244993014,1.758232768,2.180039541,1.489437189,0.184573889,0.25,H52,-2.94328928,H52
N3,19,616.4817451,5863.538479,2.373525794,1.77109122,2.340004636,1.617663889,0.21862936,0.5,H52,-2.94328928,H52
N3,19,616.4817451,5863.538479,2.457942824,1.926613963,2.400919187,1.63939589,0.260064602,0.75,H52,-2.94328928,H52
N3,19,617.7974326,5863.917794,2.304313805,1.489298733,2.2807865,1.414752809,0.110061407,0.25,H51,-3.177220345,H51
N3,19,617.7974326,5863.917794,2.295721195,1.361974261,2.251430453,1.261548828,0.191133022,0.5,H51,-3.177220345,H51
N3,19,617.7974326,5863.917794,2.359878558,1.295801003,2.30160606,1.190901683,0.195676088,0.75,H51,-3.177220345,H51
RS,17,-84.08251026,3860.68329,2.311701202,1.201480573,2.220370639,1.098865454,0.06440811,0.25,37,-2.351246974,H37
RS,17,-84.08251026,3860.68329,2.446901372,1.169959568,2.338533942,1.072258858,0.066942099,0.5,37,-2.351246974,H37
RS,17,-84.08251026,3860.68329,2.547254672,1.173747249,2.413112679,1.060072447,0.066942099,0.75,37,-2.351246974,H37
RS,17,-85.18455013,3860.822581,2.30005455,5.635966221,2.166319644,3.333846492,0.563021141,0.25,38,-3.241702898,H38
RS,17,-85.18455013,3860.822581,2.280802358,3.395790262,2.169765947,2.276396953,0.713753557,0.5,38,-3.241702898,H38
RS,17,-85.18455013,3860.822581,2.292288037,2.570150597,2.218316985,2.007442812,0.744672619,0.75,38,-3.241702898,H38
RS,17,-83.35737621,3862.076203,2.362436473,1.268139385,2.23166364,1.097698681,0.061072357,0.25,44,-3.564817057,H44
RS,17,-83.35737621,3862.076203,2.416823117,1.378167706,2.351727494,1.234233757,0.118465228,0.5,44,-3.564817057,H44
RS,17,-83.35737621,3862.076203,2.226403059,2.70780842,2.167080506,2.20590152,1.040949852,0.75,44,-3.564817057,H44
RS,17,-83.32869859,3859.548476,2.317786711,2.052418546,2.110101568,1.253375971,0.169001789,0.25,41,-3.136278593,H41
RS,17,-83.32869859,3859.548476,2.426259681,2.20666956,2.223212373,1.309489934,0.236267826,0.5,41,-3.136278593,H41
RS,17,-83.32869859,3859.548476,2.434391972,1.781663235,2.272217902,1.250711,0.256831506,0.75,41,-3.136278593,H41
RS,17,-81.91229782,3861.206055,2.236628172,1.573834354,2.189692197,1.414065015,0.160599988,0.25,50,-3.291874647,H50
RS,17,-81.91229782,3861.206055,2.285449512,1.912459295,2.239104158,1.675533476,0.351680665,0.5,50,-3.291874647,H50
RS,17,-81.91229782,3861.206055,2.284531278,1.997283758,2.232143207,1.712691567,0.561610046,0.75,50,-3.291874647,H50
RS,17,-81.74298839,3862.769677,2.54598862,1.56715925,2.342035752,1.125582382,0.044043336,0.25,7,-2.56765844,H07
RS,17,-81.74298839,3862.769677,2.717353717,1.585564649,2.396327079,1.051106745,0.044043336,0.5,7,-2.56765844,H07
RS,17,-81.74298839,3862.769677,2.814847468,1.585564649,2.394892212,1.022759176,0.044043336,0.75,7,-2.56765844,H07
RS,17,-80.04989411,3862.535632,2.318540628,4.448033765,2.164801654,2.495874011,0.407398057,0.25,6,-3.757057781,H06
RS,17,-80.04989411,3862.535632,2.410131394,3.813812413,2.352920678,3.068590804,0.472722249,0.5,6,-3.757057781,H06
RS,17,-80.04989411,3862.535632,2.416958235,3.132998798,2.379139846,2.726974256,0.556035592,0.75,6,-3.757057781,H06
RS,17,-81.20020228,3859.597615,2.340007369,1.308402425,2.213292182,1.11719973,0.07253626,0.25,18,-3.170550106,H18
RS,17,-81.20020228,3859.597615,2.444514616,1.337351377,2.294034901,1.107040168,0.09885869,0.5,18,-3.170550106,H18
RS,17,-81.20020228,3859.597615,2.531810141,1.313156744,2.330732416,1.065842234,0.09885869,0.75,18,-3.170550106,H18
RS,17,-80.323777,3858.990093,2.324501338,2.429172823,2.322301734,2.410815302,0.20299449,0.25,14,-3.372364315,H14
RS,17,-80.323777,3858.990093,2.497310393,2.783524635,2.470940352,2.533570731,0.232188534,0.5,14,-3.372364315,H14
RS,17,-80.323777,3858.990093,2.59781639,2.814110474,2.535554391,2.263259631,0.232188534,0.75,14,-3.372364315,H14
RS,17,-80.4183911,3861.669166,2.475100538,1.263683741,2.334507748,1.088744612,0.037869318,0.25,17,-3.142731916,H17
RS,17,-80.4183911,3861.669166,2.538207448,2.053901136,2.297514414,1.19778768,0.135273557,0.5,17,-3.142731916,H17
RS,17,-80.4183911,3861.669166,2.628300557,2.016320152,2.343322495,1.134222389,0.136146463,0.75,17,-3.142731916,H17
RS,17,-79.67641742,3860.628411,2.234085303,1.315844767,2.187368072,1.223083711,0.114221112,0.25,40,-3.30969139,H40
RS,17,-79.67641742,3860.628411,2.332739773,1.267019402,2.259441291,1.152829739,0.137878362,0.5,40,-3.30969139,H40
RS,17,-79.67641742,3860.628411,2.43329732,1.273170378,2.327594813,1.121502852,0.137878362,0.75,40,-3.30969139,H40
RS,17,-79.38261577,3861.694065,2.195870141,2.73954977,2.15615237,2.38222512,0.39930649,0.25,2,-3.615850349,H02
RS,17,-79.38261577,3861.694065,2.281140734,2.875426241,2.248019919,2.553021136,0.592112146,0.5,2,-3.615850349,H02
RS,17,-79.38261577,3861.694065,2.329793277,2.490540706,2.304960101,2.287323571,0.613802315,0.75,2,-3.615850349,H02
RS,17,-78.65060148,3861.171197,2.341035129,1.42850329,2.204892279,1.155572638,0.087323396,0.25,44,-4.110647355,H44
RS,17,-78.65060148,3861.171197,2.241418052,1.945330397,2.159686204,1.552682787,0.432314073,0.5,44,-4.110647355,H44
RS,17,-78.65060148,3861.171197,2.323080072,2.572218859,2.266226986,2.121337829,0.655784331,0.75,44,-4.110647355,H44
RS,17,-78.73525619,3860.558695,2.212560777,2.635146422,2.214536882,2.653771695,0.35609942,0.25,8,-4.056049555,H08
RS,17,-78.73525619,3860.558695,2.2990764,2.208722098,2.29918499,2.209515332,0.401447244,0.5,8,-4.056049555,H08
RS,17,-78.73525619,3860.558695,2.361382523,2.519400005,2.350124777,2.422680465,0.545663321,0.75,8,-4.056049555,H08
RS,17,-82.46006361,3858.815804,2.346044193,4.715482577,2.327557719,4.382818038,0.386341162,0.25,25,-3.602349607,H25
RS,17,-82.46006361,3858.815804,2.371193832,3.286452529,2.317800316,2.699283909,0.472794309,0.5,25,-3.602349607,H25
RS,17,-82.46006361,3858.815804,2.4785896,3.412061232,2.376112677,2.353255235,0.472794309,0.75,25,-3.602349607,H25
RS,17,-84.75072059,3858.492124,2.332323575,2.453681474,2.231196606,1.779025945,0.198881592,0.25,15,-2.997436399,H15
RS,17,-84.75072059,3858.492124,2.409325231,2.192625788,2.339143032,1.767448582,0.251475728,0.5,15,-2.997436399,H15
RS,17,-84.75072059,3858.492124,2.464953127,2.386121737,2.384469244,1.844742317,0.332306782,0.75,15,-2.997436399,H15
RS,17,-83.6053921,3857.780029,2.567961881,1.155944923,2.321087125,1.021338767,0.019316039,0.25,9,-3.543362761,H09
RS,17,-83.6053921,3857.780029,2.376692782,1.582068334,2.215135685,1.179850868,0.180959295,0.5,9,-3.543362761,H09
RS,17,-83.6053921,3857.780029,2.476741777,3.523085284,2.346378244,2.204257362,0.493376164,0.75,9,-3.543362761,H09
RS,17,-82.80864185,3856.221386,2.319857915,1.57678603,2.290187115,1.470106089,0.113967387,0.25,31,-3.284331066,H31
RS,17,-82.80864185,3856.221386,2.319724013,2.684343835,2.29732644,2.480100058,0.466016554,0.5,31,-3.284331066,H31
RS,17,-82.80864185,3856.221386,2.299628465,2.511378002,2.284636417,2.38428854,0.702778825,0.75,31,-3.284331066,H31
RS,17,-81.2350601,3856.888665,2.279203973,3.445281734,2.249151347,3.07665177,0.36498623,0.25,34,-3.698415383,H34
RS,17,-81.2350601,3856.888665,2.365515089,3.60737715,2.347634724,3.369425171,0.535954322,0.5,34,-3.698415383,H34
RS,17,-81.2350601,3856.888665,2.32872253,2.899979172,2.324131687,2.851712291,0.735783042,0.75,34,-3.698415383,H34
RS,17,-83.13979117,3855.407207,2.35588247,4.690136916,2.226483492,2.856041881,0.368765102,0.25,5,-2.88420377,H05
RS,17,-83.13979117,3855.407207,2.407953583,3.573018971,2.31356551,2.523170791,0.444600971,0.5,5,-2.88420377,H05
RS,17,-83.13979117,3855.407207,2.438723043,3.000592991,2.362367735,2.289305953,0.48395507,0.75,5,-2.88420377,H05
RS,17,-84.11581023,3855.292674,2.270095034,4.303190928,2.187660317,3.134396,0.481227277,0.25,30,-2.846390297,H30
RS,17,-84.11581023,3855.292674,2.426186285,4.554067082,2.319291351,3.018812604,0.533806968,0.5,30,-2.846390297,H30
RS,17,-84.11581023,3855.292674,2.433975072,3.899933207,2.34278879,2.766856855,0.657700625,0.75,30,-2.846390297,H30
RS,17,-84.73827136,3855.003852,2.279527149,1.557450113,2.163835902,1.24282801,0.132003442,0.25,47,-2.459593929,H47
RS,17,-84.73827136,3855.003852,2.449446945,2.057889062,2.325882192,1.468825379,0.196170571,0.5,47,-2.459593929,H47
RS,17,-84.73827136,3855.003852,2.484803808,2.266978382,2.358643234,1.56504504,0.287336677,0.75,47,-2.459593929,H47
RS,17,-86.88451735,3856.821439,2.440254142,1.107063507,2.302617648,1.035277907,0.026911403,0.25,48,-2.301204384,H48
RS,17,-86.88451735,3856.821439,2.51690129,1.113640091,2.35712031,1.031304102,0.040378441,0.5,48,-2.301204384,H48
RS,17,-86.88451735,3856.821439,2.619113272,1.117948177,2.398021179,1.019663612,0.040378441,0.75,48,-2.301204384,H48
RS,17,-85.2723212,3857.603187,2.419900579,7.702017456,2.431293734,8.069588158,0.470924995,0.25,21,-2.801156021,H21
RS,17,-85.2723212,3857.603187,2.474776944,5.18241529,2.462175385,4.927914515,0.49916607,0.5,21,-2.801156021,H21
RS,17,-85.2723212,3857.603187,2.527759843,4.759146151,2.496078894,4.199320422,0.549630289,0.75,21,-2.801156021,H21
RS,17,-87.5244074,3856.216407,2.157173842,1.863176636,2.121413009,1.683909892,0.289097722,0.25,49,-2.847094585,H49
RS,17,-87.5244074,3856.216407,2.256659898,2.089121829,2.214125426,1.833548721,0.446032786,0.5,49,-2.847094585,H49
RS,17,-87.5244074,3856.216407,2.343072893,2.371407029,2.31241005,2.140727822,0.547537227,0.75,49,-2.847094585,H49
RS,17,-90.72136778,3859.582676,2.342774323,1.965868124,2.228326172,1.451106926,0.143839354,0.25,32,-2.177211012,H32
RS,17,-90.72136778,3859.582676,2.340153201,1.757945379,2.237380734,1.37446159,0.248438494,0.5,32,-2.177211012,H32
RS,17,-90.72136778,3859.582676,NA,NA,NA,NA,0.327182897,0.75,32,-2.177211012,H32
RS,17,-89.69555183,3859.662351,2.20371929,3.236753699,2.142502861,2.587525242,0.466473519,0.25,27,-2.611126952,H27
RS,17,-89.69555183,3859.662351,2.292367555,2.792848155,2.241306642,2.333862101,0.546601804,0.5,27,-2.611126952,H27
RS,17,-89.69555183,3859.662351,2.368528225,2.606876702,2.32185954,2.220639967,0.551448407,0.75,27,-2.611126952,H27
RS,17,-87.76343247,3859.408387,2.476826291,1.118949871,2.338036886,1.038968778,0.024432237,0.25,4,-2.725597462,H04
RS,17,-87.76343247,3859.408387,2.636228159,1.166946959,2.402066838,1.02546983,0.030168647,0.5,4,-2.725597462,H04
RS,17,-87.76343247,3859.408387,2.44105682,1.419670227,2.215798444,1.075145245,0.170718441,0.75,4,-2.725597462,H04
RS,17,-87.59412304,3861.574552,2.312971653,1.271952095,2.190687682,1.106091508,0.07561669,0.25,43,-2.535034174,H43
RS,17,-87.59412304,3861.574552,2.41651726,1.285889084,2.27545635,1.096429451,0.101112822,0.5,43,-2.535034174,H43
RS,17,-87.59412304,3861.574552,2.453875113,1.218055954,2.326787138,1.0807662,0.111703388,0.75,43,-2.535034174,H43
RS,17,-87.14595103,3861.096502,2.214755012,3.829098649,2.17040406,3.232211029,0.534965639,0.25,33,-3.126458797,H33
RS,17,-87.14595103,3861.096502,2.306819931,3.229461588,2.259032674,2.70862669,0.606115691,0.5,33,-3.126458797,H33
RS,17,-87.14595103,3861.096502,2.38154976,3.192992164,2.355039923,2.894064939,0.657974845,0.75,33,-3.126458797,H33
RS,17,-87.8879247,3862.231871,2.279463917,2.86104733,2.176879217,2.015238386,0.296431361,0.25,16,-3.214859538,H16
RS,17,-87.8879247,3862.231871,2.235883219,2.49354938,2.154274116,1.909602035,0.605592784,0.5,16,-3.214859538,H16
RS,17,-87.8879247,3862.231871,2.306913913,2.69034374,2.223579102,2.029516292,0.739188875,0.75,16,-3.214859538,H16
RS,17,-89.91303649,3862.376972,2.484558367,11.06773934,2.324328192,5.748404505,0.519438731,0.25,42,-2.885686199,H42
RS,17,-89.91303649,3862.376972,2.513085876,9.779696045,2.412009473,6.467482715,0.814333995,0.5,42,-2.885686199,H42
RS,17,-89.91303649,3862.376972,2.522453395,7.395121493,2.451842433,5.553406783,0.884849266,0.75,42,-2.885686199,H42
RS,17,-87.00154004,3862.550571,2.292408649,1.458673065,2.267779951,1.385219257,0.111279296,0.25,36,-3.171764144,H36
RS,17,-87.00154004,3862.550571,2.326806268,1.655547242,2.28370099,1.488729497,0.239658633,0.5,36,-3.171764144,H36
RS,17,-87.00154004,3862.550571,2.416192633,1.620898985,2.311052439,1.295640018,0.239658633,0.75,36,-3.171764144,H36
RS,17,-87.15591041,3863.675981,2.160763331,1.470014378,2.091578194,1.28567634,0.195205842,0.25,1,-3.061027212,H01
RS,17,-87.15591041,3863.675981,2.29293672,1.386663559,2.224629965,1.234037475,0.200886516,0.5,1,-3.061027212,H01
RS,17,-87.15591041,3863.675981,2.320093909,1.423617639,2.240480364,1.236719402,0.283888711,0.75,1,-3.061027212,H01
RS,17,-87.60408242,3863.078418,2.262394117,1.617569702,2.168160408,1.318410787,0.150944094,0.25,20,-3.370269917,H20
RS,17,-87.60408242,3863.078418,2.402309436,1.599736242,2.300980516,1.292749669,0.16568628,0.5,20,-3.370269917,H20
RS,17,-87.60408242,3863.078418,2.417110995,1.675298852,2.343590471,1.407172552,0.251554964,0.75,20,-3.370269917,H20
RS,17,-86.00062254,3865.359116,2.253255992,4.293633721,2.179019206,3.225343896,0.514924671,0.25,26,-3.38076102,H26
RS,17,-86.00062254,3865.359116,2.331304714,3.262319325,2.288839124,2.788059876,0.553590982,0.5,26,-3.38076102,H26
RS,17,-86.00062254,3865.359116,2.380764214,2.794317527,2.358777249,2.582697711,0.568020552,0.75,26,-3.38076102,H26
RS,17,-84.59635022,3865.911861,2.34595759,4.001060486,2.304718413,3.413268893,0.324909016,0.25,35,-3.732333506,H35
RS,17,-84.59635022,3865.911861,2.355219738,3.209698785,2.326767132,2.888218895,0.492250623,0.5,35,-3.732333506,H35
RS,17,-84.59635022,3865.911861,2.371698978,2.612090981,2.359030839,2.49813219,0.545500466,0.75,35,-3.732333506,H35
RS,17,-83.09746382,3866.25546,2.397418963,1.824445367,2.282356137,1.376308399,0.103321895,0.25,3,-3.718592717,H03
RS,17,-83.09746382,3866.25546,2.337706713,3.316889187,2.132058203,1.675710418,0.548989429,0.5,3,-3.718592717,H03
RS,17,-83.09746382,3866.25546,2.428892141,3.648927807,2.221278136,1.786060349,0.625361769,0.75,3,-3.718592717,H03
RS,17,-82.26087605,3864.263584,2.300012227,1.077424921,2.238112279,1.04695617,0.040717582,0.25,19,-3.475031148,H19
RS,17,-82.26087605,3864.263584,2.429988745,1.093803923,2.346076616,1.047727,0.052411483,0.5,19,-3.475031148,H19
RS,17,-82.26087605,3864.263584,2.363324717,1.968639211,2.25208675,1.462858667,0.39692291,0.75,19,-3.475031148,H19
RS,17,-80.49308643,3863.123235,2.485619442,1.355411637,2.373220788,1.152684083,0.04292775,0.25,10,-3.287952047,H10
RS,17,-80.49308643,3863.123235,2.367642377,2.18008454,2.239857859,1.515396692,0.296915313,0.5,10,-3.287952047,H10
RS,17,-80.49308643,3863.123235,2.39652181,2.178929255,2.265906636,1.504845646,0.39470335,0.75,10,-3.287952047,H10
RS,17,-79.40751422,3863.651082,2.331899237,2.545762021,2.222043513,1.788275623,0.208166749,0.25,22,-3.429026713,H22
RS,17,-79.40751422,3863.651082,2.426215612,2.098058134,2.354433968,1.694834866,0.22157479,0.5,22,-3.429026713,H22
RS,17,-79.40751422,3863.651082,NA,NA,NA,NA,0.244824328,0.75,22,-3.429026713,H22
RS,17,-80.74705057,3864.676898,2.365222435,1.847962754,2.350077085,1.768932556,0.12029653,0.25,24,-3.615677226,H24
RS,17,-80.74705057,3864.676898,2.425080604,2.126222311,2.349906247,1.698242362,0.226482641,0.5,24,-3.615677226,H24
RS,17,-80.74705057,3864.676898,2.390029824,2.011230601,2.286419488,1.512026241,0.365518459,0.75,24,-3.615677226,H24
RS,18,-88.68526387,3864.107214,2.188380197,2.958728521,2.156968273,2.640295657,0.449750289,0.25,U26,-3.172585141,H19
RS,18,-88.68526387,3864.107214,2.234077042,2.166650632,2.220638492,2.074527817,0.513416973,0.5,U26,-3.172585141,H19
RS,18,-88.68526387,3864.107214,2.310260647,2.257003341,2.301648528,2.193410418,0.590564059,0.75,U26,-3.172585141,H19
RS,18,-88.14247237,3862.930974,2.222288271,2.956508021,2.144781357,2.250036249,0.390264659,0.25,U30,-3.150646608,H03
RS,18,-88.14247237,3862.930974,2.247122315,2.017007244,2.187807109,1.695113172,0.443187829,0.5,U30,-3.150646608,H03
RS,18,-88.14247237,3862.930974,2.286596098,1.7363888,2.252875492,1.588146101,0.45716673,0.75,U30,-3.150646608,H03
RS,18,-86.50360066,3861.672005,2.241480915,1.387643974,2.187139232,1.260547682,0.124594341,0.25,U22,-2.938206594,H14
RS,18,-86.50360066,3861.672005,2.29782437,1.3299777,2.261597667,1.252524197,0.179671324,0.5,U22,-2.938206594,H14
RS,18,-86.50360066,3861.672005,2.383733968,1.303156434,2.341792269,1.221714206,0.179671324,0.75,U22,-2.938206594,H14
RS,18,-86.29698632,3860.254759,2.195892532,1.020434913,2.141615066,1.013058447,0.031808755,0.25,U24,-3.106727717,H38
RS,18,-86.29698632,3860.254759,2.265293161,1.399788538,2.21021533,1.267594382,0.22978383,0.5,U24,-3.106727717,H38
RS,18,-86.29698632,3860.254759,2.343699804,1.380403631,2.298476445,1.273432506,0.241679708,0.75,U24,-3.106727717,H38
RS,18,-88.76054433,3861.528114,2.180531581,1.684438024,2.177443459,1.670550275,0.226191477,0.25,U25,-2.568322488,H15
RS,18,-88.76054433,3861.528114,2.3310641,1.86920947,2.31369191,1.777189029,0.281816883,0.5,U25,-2.568322488,H15
RS,18,-88.76054433,3861.528114,2.360683754,1.644191047,2.337919131,1.552265226,0.308866101,0.75,U25,-2.568322488,H15
RS,18,-88.58194215,3859.418432,2.421544116,3.863001776,2.208107348,1.832739215,0.228524879,0.25,U17,-2.889261856,H49
RS,18,-88.58194215,3859.418432,2.23138483,3.017314326,2.142414678,2.206012811,0.768983551,0.5,U17,-2.889261856,H49
RS,18,-88.58194215,3859.418432,2.298141761,2.851078065,2.243744488,2.352496596,0.819562564,0.75,U17,-2.889261856,H49
RS,18,-87.84304726,3858.305141,2.194532872,1.348247346,2.193069237,1.344572639,0.142367041,0.25,U23,-2.578341874,H05
RS,18,-87.84304726,3858.305141,2.353739398,1.451736211,2.353389299,1.450626596,0.170902064,0.5,U23,-2.578341874,H05
RS,18,-87.84304726,3858.305141,2.384813232,1.6870922,2.371065945,1.626894904,0.290859398,0.75,U23,-2.578341874,H05
RS,18,-87.23021958,3857.324941,2.20337886,1.383185447,2.137160339,1.235498101,0.145010552,0.25,U03,-2.450752879,H42
RS,18,-87.23021958,3857.324941,2.254743978,1.25803947,2.177194965,1.142668389,0.187102834,0.5,U03,-2.450752879,H42
RS,18,-87.23021958,3857.324941,2.343969184,1.277308771,2.260639003,1.147068929,0.201603827,0.75,U03,-2.450752879,H42
RS,18,-86.82575606,3857.441847,2.283084336,3.430905326,2.268041297,3.24103213,0.357506552,0.25,U18,-2.851178139,H40
RS,18,-86.82575606,3857.441847,2.269636311,2.568627956,2.253540406,2.428250703,0.545109699,0.5,U18,-2.851178139,H40
RS,18,-86.82575606,3857.441847,2.317856,2.308437819,2.304191782,2.205405184,0.588381693,0.75,U18,-2.851178139,H40
RS,18,-85.06082351,3857.729619,2.228400683,4.9319923,2.135106498,3.425635062,0.660433182,0.25,U05,-3.005369351,H18
RS,18,-85.06082351,3857.729619,2.309661949,3.812810548,2.267363902,3.243814955,0.717710691,0.5,U05,-3.005369351,H18
RS,18,-85.06082351,3857.729619,2.332889348,2.959467008,2.304613528,2.670660035,0.739955377,0.75,U05,-3.005369351,H18
RS,18,-83.99800928,3857.134308,2.163407144,1.435540867,2.105190244,1.28593075,0.184554424,0.25,U16,-3.086201741,H34
RS,18,-83.99800928,3857.134308,2.241038435,1.457583987,2.187692363,1.31208328,0.275179325,0.5,U16,-3.086201741,H34
RS,18,-83.99800928,3857.134308,2.333057778,1.721593178,2.273473345,1.482024527,0.372024709,0.75,U16,-3.086201741,H34
RS,18,-81.81110268,3857.168487,2.276459478,1.532321614,2.225578511,1.372174018,0.130006754,0.25,U14,-3.060614739,H48
RS,18,-81.81110268,3857.168487,2.260652006,2.59347555,2.16311397,1.882552231,0.572309055,0.5,U14,-3.060614739,H48
RS,18,-81.81110268,3857.168487,2.339423402,2.55759077,2.225183733,1.772728883,0.608584922,0.75,U14,-3.060614739,H48
RS,18,-81.16238701,3857.907688,2.35254428,1.604440369,2.250656648,1.294043406,0.102383631,0.25,U04,-2.731972102,H17
RS,18,-81.16238701,3857.907688,2.416546312,1.562275949,2.32484976,1.293037559,0.150111892,0.5,U04,-2.731972102,H17
RS,18,-81.16238701,3857.907688,2.411140753,1.621164508,2.309767002,1.304090531,0.244811899,0.75,U04,-2.731972102,H17
RS,18,-81.39438783,3858.835731,2.160245066,1.305359729,2.157232789,1.298670492,0.152334689,0.25,U12,-3.346457013,H31
RS,18,-81.39438783,3858.835731,2.259628503,1.334173427,2.258774629,1.332103004,0.212129816,0.5,U12,-3.346457013,H31
RS,18,-81.39438783,3858.835731,2.363789708,1.482232531,2.36108877,1.473234968,0.255597181,0.75,U12,-3.346457013,H31
RS,18,-81.37162981,3860.04075,2.253619448,1.550266728,2.221720511,1.440932959,0.145865326,0.25,U07,-3.026983276,H39
RS,18,-81.37162981,3860.04075,2.304497724,1.371958966,2.263694901,1.276071638,0.187201107,0.5,U07,-3.026983276,H39
RS,18,-81.37162981,3860.04075,2.409102622,1.433159261,2.367808018,1.321953825,0.19864259,0.75,U07,-3.026983276,H39
RS,18,-83.0717797,3860.164844,2.467708734,1.042148518,2.203229901,1.004757896,0.014829403,0.25,U09,-2.657127824,H33
RS,18,-83.0717797,3860.164844,2.554804465,1.069574806,2.361846745,1.014360291,0.02670391,0.5,U09,-2.657127824,H33
RS,18,-83.0717797,3860.164844,2.404102576,1.079432428,2.196052937,1.014528443,0.080290767,0.75,U09,-2.657127824,H33
RS,18,-81.36638548,3862.574887,2.378471789,1.071492433,2.338077467,1.05158635,0.028192822,0.25,U27,-2.591841672,H61
RS,18,-81.36638548,3862.574887,2.358791386,1.17120329,2.272443124,1.086855863,0.096950373,0.5,U27,-2.591841672,H61
RS,18,-81.36638548,3862.574887,2.439091808,1.185089462,2.330570817,1.0788866,0.108623274,0.75,U27,-2.591841672,H61
RS,18,-80.92865079,3861.650441,2.335580232,2.492731835,2.274571816,2.034402373,0.199944854,0.25,U29,-3.059163729,H44
RS,18,-80.92865079,3861.650441,2.395703431,2.066682119,2.368965018,1.902334459,0.246675079,0.5,U29,-3.059163729,H44
RS,18,-80.92865079,3861.650441,2.367980299,1.848590431,2.331689601,1.669564794,0.356945314,0.75,U29,-3.059163729,H44
RS,18,-84.04880346,3862.157618,2.309073247,1.536057511,2.251229033,1.356563733,0.11399829,0.25,U13,-3.268276383,H37
RS,18,-84.04880346,3862.157618,2.272884688,2.1258504,2.217167579,1.792764665,0.426413143,0.5,U13,-3.268276383,H37
RS,18,-84.04880346,3862.157618,2.334178952,2.834262807,2.287221014,2.399788817,0.700746033,0.75,U13,-3.268276383,H37
RS,18,-82.14030031,3864.150402,2.460620736,1.018210448,2.270462977,1.003771556,0.009980093,0.25,U02,-3.212258507,H46
RS,18,-82.14030031,3864.150402,2.393942862,1.834764227,2.196138272,1.206898366,0.211345828,0.5,U02,-3.212258507,H46
RS,18,-82.14030031,3864.150402,2.364290317,1.93855016,2.197652128,1.29986827,0.387166421,0.75,U02,-3.212258507,H46
RS,18,-83.32743081,3864.808662,2.270954043,1.195412199,2.196578656,1.10954877,0.075040741,0.25,U19,-3.135665093,H29
RS,18,-83.32743081,3864.808662,2.26590027,1.142126159,2.232498648,1.109324377,0.129116217,0.5,U19,-3.135665093,H29
RS,18,-83.32743081,3864.808662,2.279276407,1.181098126,2.234623667,1.128029416,0.208663933,0.75,U19,-3.135665093,H29
RS,18,-84.3954939,3864.179171,2.21771322,3.251781329,2.088163668,2.063794765,0.442358437,0.25,U11,-3.391819586,H41
RS,18,-84.3954939,3864.179171,2.271156562,2.733160528,2.185550097,2.043157094,0.582351471,0.5,U11,-3.391819586,H41
RS,18,-84.3954939,3864.179171,2.300108458,2.235099646,2.258079564,1.953680084,0.608584945,0.75,U11,-3.391819586,H41
RS,18,-85.56160574,3862.670195,2.267458685,1.197758876,2.235923767,1.155140426,0.076636295,0.25,U10,-2.741526632,H47
RS,18,-85.56160574,3862.670195,2.402727273,1.204504381,2.326960286,1.113578858,0.088939331,0.5,U10,-2.741526632,H47
RS,18,-85.56160574,3862.670195,2.50824532,1.217352888,2.376909603,1.077797411,0.088939331,0.75,U10,-2.741526632,H47
RS,18,-85.84000634,3863.603634,2.288959571,1.541401351,2.258602502,1.438362727,0.12469192,0.25,U20,-3.304163993,H27
RS,18,-85.84000634,3863.603634,2.304465403,2.522452379,2.284766463,2.356328133,0.461593954,0.5,U20,-3.304163993,H27
RS,18,-85.84000634,3863.603634,2.343540278,2.198264729,2.331950571,2.116642213,0.497524284,0.75,U20,-3.304163993,H27
RS,18,-85.79623767,3864.882394,2.326188144,1.580193704,2.303306221,1.495848842,0.111407178,0.25,U08,-3.022272639,H45
RS,18,-85.79623767,3864.882394,2.379091189,1.724069102,2.33015275,1.520805477,0.20524716,0.5,U08,-3.022272639,H45
RS,18,-85.79623767,3864.882394,2.420140961,1.664308354,2.350951814,1.41260288,0.245868659,0.75,U08,-3.022272639,H45
RS,18,-82.65855509,3858.398683,2.310341478,1.841640417,2.252737578,1.575178175,0.150407778,0.25,U06,-3.102539664,H16
RS,18,-82.65855509,3858.398683,2.46531683,2.194916491,2.368301312,1.644232291,0.199497563,0.5,U06,-3.102539664,H16
RS,18,-82.65855509,3858.398683,2.491159116,2.033988263,2.349740407,1.402694477,0.243623542,0.75,U06,-3.102539664,H16
RS,18,-83.15582839,3861.405833,2.108280876,1.737797025,1.801130373,1.075622596,0.320294389,0.25,U01,-3.132187961,H51
RS,18,-83.15582839,3861.405833,2.40453076,4.781912801,2.153701334,1.927315216,0.614782037,0.5,U01,-3.132187961,H51
RS,18,-83.15582839,3861.405833,2.384945075,3.549398549,2.230782473,2.053623446,0.728604811,0.75,U01,-3.132187961,H51
RS,18,-80.73605665,3863.995733,2.182201691,2.948939842,2.137620792,2.512317389,0.459732745,0.25,U21,-3.566407156,H20
RS,18,-80.73605665,3863.995733,2.269489699,2.454419309,2.250268706,2.298227769,0.516738056,0.5,U21,-3.566407156,H20
RS,18,-80.73605665,3863.995733,2.283911885,2.410996565,2.275070196,2.339155993,0.714469871,0.75,U21,-3.566407156,H20
RS,18,-85.25518105,3859.081218,2.234736763,3.039256712,2.225965618,2.942368439,0.382265271,0.25,U15,-3.093986449,H11
RS,18,-85.25518105,3859.081218,2.237945132,2.250263753,2.236202796,2.23723474,0.529874954,0.5,U15,-3.093986449,H11
RS,18,-85.25518105,3859.081218,2.266160113,2.131462911,2.265598957,2.127588978,0.659989449,0.75,U15,-3.093986449,H11
RS,18,-84.19412116,3859.491288,2.510073245,1.107958897,2.319056008,1.022967235,0.020217675,0.25,U28,-3.21394446,H36
RS,18,-84.19412116,3859.491288,2.444353597,3.608690646,2.229930556,1.737915849,0.386280249,0.5,U28,-3.21394446,H36
RS,18,-84.19412116,3859.491288,2.395621434,2.655195553,2.280711852,1.823813854,0.503376241,0.75,U28,-3.21394446,H36
RS,19,-82.18658388,3860.105157,2.380101498,2.258721952,2.22189207,1.449203243,0.147370938,0.25,H05,-3.251573176,H05
RS,19,-82.18658388,3860.105157,2.426613032,1.877576694,2.354346432,1.544147598,0.190590427,0.5,H05,-3.251573176,H05
RS,19,-82.18658388,3860.105157,2.503538789,1.811805432,2.421824274,1.468601786,0.197384567,0.75,H05,-3.251573176,H05
RS,19,-82.16481219,3858.641684,2.480074424,1.274576687,2.276742424,1.055980514,0.037943406,0.25,H42,-3.200009381,H42
RS,19,-82.16481219,3858.641684,2.269977547,1.369582176,2.008430535,1.048543998,0.215302147,0.5,H42,-3.200009381,H42
RS,19,-82.16481219,3858.641684,2.675329969,6.351188358,2.302813886,1.665768423,0.401063085,0.75,H42,-3.200009381,H42
RS,19,-82.59519845,3858.04613,2.370685231,1.558380715,2.223855093,1.192142522,0.090443749,0.25,H14,-3.346880395,H14
RS,19,-82.59519845,3858.04613,2.458294957,1.52345796,2.308158208,1.174267696,0.120826103,0.5,H14,-3.346880395,H14
RS,19,-82.59519845,3858.04613,2.424144395,1.580561157,2.271814496,1.192467963,0.222472438,0.75,H14,-3.346880395,H14
RS,19,-83.48368072,3858.796157,2.260259186,2.201205799,2.14657524,1.579145666,0.234879755,0.25,H65,-3.352047064,H65
RS,19,-83.48368072,3858.796157,2.347906814,2.147177117,2.235833537,1.556070457,0.316139318,0.5,H65,-3.352047064,H65
RS,19,-83.48368072,3858.796157,2.415032931,1.950508439,2.295465314,1.427362932,0.316139318,0.75,H65,-3.352047064,H65
RS,19,-83.48070776,3857.403824,2.431128654,1.631032695,2.245138522,1.163374089,0.075831233,0.25,H20,-3.317513686,H20
RS,19,-83.48070776,3857.403824,2.529212404,2.590835728,2.260245667,1.268794868,0.187086561,0.5,H20,-3.317513686,H20
RS,19,-83.48070776,3857.403824,2.543183803,2.21523472,2.351332395,1.338731882,0.218990351,0.75,H20,-3.317513686,H20
RS,19,-83.75972038,3858.074582,2.239906365,1.060500489,2.178827365,1.03682465,0.046026371,0.25,H68,-3.567191482,H68
RS,19,-83.75972038,3858.074582,2.233200144,1.505211914,2.165400464,1.311531134,0.30160782,0.5,H68,-3.567191482,H68
RS,19,-83.75972038,3858.074582,2.261213083,1.662617357,2.207625197,1.459375646,0.475405503,0.75,H68,-3.567191482,H68
RS,19,-83.9447395,3858.55021,2.55957897,1.110232501,2.370428332,1.023833347,0.016636986,0.25,H38,-3.079281156,H38
RS,19,-83.9447395,3858.55021,2.510993003,1.748063629,2.29157092,1.153856885,0.12106604,0.5,H38,-3.079281156,H38
RS,19,-83.9447395,3858.55021,2.452008941,2.028984212,2.216634894,1.199998844,0.285771967,0.75,H38,-3.079281156,H38
RS,19,-84.50671412,3857.500369,2.25422235,2.267771953,2.190994448,1.856999816,0.249994313,0.25,H11,-3.353139069,H11
RS,19,-84.50671412,3857.500369,2.151260403,2.525534007,2.086081894,2.031627177,0.874188105,0.5,H11,-3.353139069,H11
RS,19,-84.50671412,3857.500369,2.310524054,3.594490226,2.226429727,2.631078224,1.006603924,0.75,H11,-3.353139069,H11
RS,19,-84.77880435,3859.136613,2.357065899,1.583432862,2.317144925,1.442699554,0.098315901,0.25,H33,-3.015547145,H33
RS,19,-84.77880435,3859.136613,2.400660275,1.661810436,2.354478634,1.483151012,0.177327383,0.5,H33,-3.015547145,H33
RS,19,-84.77880435,3859.136613,2.503396649,1.743584124,2.419669007,1.420106607,0.18671341,0.75,H33,-3.015547145,H33
RS,19,-85.01526633,3857.924165,2.339943157,1.787112698,2.214039941,1.330342173,0.127365618,0.25,H17,-2.98592747,H17
RS,19,-85.01526633,3857.924165,2.327402897,2.951151728,2.230879462,2.110478502,0.503087841,0.5,H17,-2.98592747,H17
RS,19,-85.01526633,3857.924165,2.385715025,3.237816906,2.309828624,2.458602832,0.656733058,0.75,H17,-2.98592747,H17
RS,19,-85.02812374,3856.55724,2.564171564,1.538765713,2.357827317,1.116167044,0.039579556,0.25,H35,-2.391175459,H35
RS,19,-85.02812374,3856.55724,2.676319729,1.500015692,2.463571061,1.10136769,0.047467137,0.5,H35,-2.391175459,H35
RS,19,-85.02812374,3856.55724,2.625540817,1.50512128,2.408514433,1.099130558,0.088480827,0.75,H35,-2.391175459,H35
RS,19,-85.50105701,3856.814363,2.369153383,1.961915391,2.284215109,1.551020707,0.128544151,0.25,H54,-2.685859124,H54
RS,19,-85.50105701,3856.814363,2.437247582,1.966939616,2.385441646,1.69248844,0.194352981,0.5,H54,-2.685859124,H54
RS,19,-85.50105701,3856.814363,2.414903256,2.032701669,2.365290605,1.752979074,0.334263221,0.75,H54,-2.685859124,H54
RS,19,-86.11251273,3858.960789,2.103380734,2.115606184,2.048321865,1.788483961,0.428802718,0.25,H28,-3.029155513,H28
RS,19,-86.11251273,3858.960789,2.21574546,2.070803201,2.173286013,1.819297946,0.522745973,0.5,H28,-3.029155513,H28
RS,19,-86.11251273,3858.960789,2.283431452,1.945714513,2.240766582,1.718596487,0.544657393,0.75,H28,-3.029155513,H28
RS,19,-86.11448821,3858.02071,2.228582632,1.392061935,2.135174394,1.196337744,0.132329656,0.25,H15,-2.804918793,H15
RS,19,-86.11448821,3858.02071,2.377017863,2.854737611,2.206926465,1.654443863,0.394150006,0.5,H15,-2.804918793,H15
RS,19,-86.11448821,3858.02071,2.425448274,2.794802817,2.262895493,1.661927689,0.471783869,0.75,H15,-2.804918793,H15
RS,19,-86.46473832,3858.895744,2.34884303,1.517097474,2.273960781,1.303144459,0.094540509,0.25,H03,-3.03744909,H03
RS,19,-86.46473832,3858.895744,2.378431432,1.348922052,2.288814666,1.178527817,0.132668629,0.5,H03,-3.03744909,H03
RS,19,-86.46473832,3858.895744,2.425034645,1.395646598,2.322023328,1.184213379,0.176299992,0.75,H03,-3.03744909,H03
RS,19,-87.15632495,3858.104043,2.339772985,1.961444396,2.247389039,1.523284097,0.145203713,0.25,H18,-2.581827876,H18
RS,19,-87.15632495,3858.104043,2.490905129,1.959954483,2.378034614,1.453009682,0.154735451,0.5,H18,-2.581827876,H18
RS,19,-87.15632495,3858.104043,2.587516818,1.954648556,2.44346656,1.360556673,0.154735451,0.75,H18,-2.581827876,H18
RS,19,-87.24636304,3858.89879,2.640298437,1.054792271,2.299694644,1.003306407,0.008273788,0.25,H48,-2.678034678,H48
RS,19,-87.24636304,3858.89879,2.69335687,1.170595941,2.261995286,1.005107129,0.024067531,0.5,H48,-2.678034678,H48
RS,19,-87.24636304,3858.89879,2.644210385,1.668618989,2.283311995,1.043392884,0.09721852,0.75,H48,-2.678034678,H48
RS,19,-88.037883,3859.253476,2.177461069,3.286304189,2.142825311,2.889088633,0.529098923,0.25,H50,-2.884063419,H50
RS,19,-88.037883,3859.253476,2.14157269,2.409823131,2.115395436,2.206048419,0.86045366,0.5,H50,-2.884063419,H50
RS,19,-88.037883,3859.253476,2.219932508,2.404048762,2.19340752,2.198451348,0.929025321,0.75,H50,-2.884063419,H50
RS,19,-88.33866858,3861.588935,2.398923463,1.126438341,2.263097127,1.042531356,0.034889378,0.25,H27,-2.425454036,H27
RS,19,-88.33866858,3861.588935,2.318796416,1.582851272,2.153789068,1.17540841,0.230414536,0.5,H27,-2.425454036,H27
RS,19,-88.33866858,3861.588935,2.425719216,1.708201361,2.255101543,1.209953061,0.250074606,0.75,H27,-2.425454036,H27
RS,19,-87.44227141,3860.989321,2.206797906,1.989570193,2.161787201,1.741985393,0.257316982,0.25,H52,-2.721671459,H52
RS,19,-87.44227141,3860.989321,2.288504724,1.759599957,2.260902378,1.632843598,0.308396242,0.5,H52,-2.721671459,H52
RS,19,-87.44227141,3860.989321,2.354983423,1.636738263,2.32518542,1.519983099,0.313997577,0.75,H52,-2.721671459,H52
RS,19,-87.44424781,3860.320595,2.429684726,1.496282705,2.401674883,1.407618272,0.065898953,0.25,H23,-2.55446524,H23
RS,19,-87.44424781,3860.320595,2.589643217,1.473645213,2.44907946,1.167876225,0.065898953,0.5,H23,-2.55446524,H23
RS,19,-87.44424781,3860.320595,2.685440099,1.468063282,2.446193316,1.076063235,0.065898953,0.75,H23,-2.55446524,H23
RS,19,-87.0445335,3861.062496,2.270238494,2.315551756,2.191240593,1.805815744,0.239986894,0.25,H51,-3.005537777,H51
RS,19,-87.0445335,3861.062496,2.298921398,2.528676832,2.220584302,1.952319086,0.473743152,0.5,H51,-3.005537777,H51
RS,19,-87.0445335,3861.062496,2.413820083,2.896574948,2.350156124,2.313410887,0.515785627,0.75,H51,-3.005537777,H51
RS,19,-87.12369111,3862.668252,2.567023982,1.033189733,2.343079158,1.005224555,0.008687573,0.25,H44,-3.060976962,H44
RS,19,-87.12369111,3862.668252,2.536045236,1.646942273,2.148910465,1.033640746,0.099562509,0.5,H44,-3.060976962,H44
RS,19,-87.12369111,3862.668252,2.634852423,1.761756594,2.269627878,1.049214346,0.109753743,0.75,H44,-3.060976962,H44
RS,19,-86.60821376,3862.464993,2.159021466,1.801906065,2.088897949,1.501302114,0.273540826,0.25,H60,-3.335450398,H60
RS,19,-86.60821376,3862.464993,2.257810472,1.876336173,2.16930268,1.485673399,0.384227179,0.5,H60,-3.335450398,H60
RS,19,-86.60821376,3862.464993,2.360506674,2.108232934,2.275235264,1.641578812,0.439550352,0.75,H60,-3.335450398,H60
RS,19,-85.9245316,3860.254541,2.364575441,1.037864883,2.266508893,1.016922755,0.021561161,0.25,H41,-3.420390701,H41
RS,19,-85.9245316,3860.254541,2.249866188,1.171832705,2.171759963,1.093109182,0.1528086,0.5,H41,-3.420390701,H41
RS,19,-85.9245316,3860.254541,2.345167386,1.814390229,2.298931308,1.600079607,0.382164442,0.75,H41,-3.420390701,H41
RS,19,-85.4140065,3861.537115,2.368138749,1.274474311,2.26329629,1.122946184,0.060425679,0.25,H40,-3.087733987,H40
RS,19,-85.4140065,3861.537115,2.255027099,1.419918079,2.159561002,1.208019666,0.246798651,0.5,H40,-3.087733987,H40
RS,19,-85.4140065,3861.537115,2.308377421,1.902580683,2.196704487,1.426473415,0.476130834,0.75,H40,-3.087733987,H40
RS,19,-85.47139478,3862.43959,2.311760472,1.145518879,2.233482043,1.078336811,0.054023824,0.25,H39,-2.77725597,H39
RS,19,-85.47139478,3862.43959,2.49357081,1.163668587,2.371189574,1.062054164,0.054023824,0.5,H39,-2.77725597,H39
RS,19,-85.47139478,3862.43959,2.591998455,1.164854541,2.375906828,1.029148424,0.054023824,0.75,H39,-2.77725597,H39
RS,19,-84.61456996,3860.795217,2.322118037,1.086219292,2.219075861,1.037466956,0.039276616,0.25,H01,-2.364383381,H01
RS,19,-84.61456996,3860.795217,2.52480784,1.141088461,2.390135418,1.048115651,0.043817808,0.5,H01,-2.364383381,H01
RS,19,-84.61456996,3860.795217,2.554942811,1.133709978,2.408970108,1.041499605,0.056350694,0.75,H01,-2.364383381,H01
RS,19,-84.26432436,3861.211902,2.276867744,1.622919295,2.214354647,1.404064571,0.142886233,0.25,H67,-2.501248567,H67
RS,19,-84.26432436,3861.211902,2.360874737,1.349638442,2.322335249,1.263413382,0.142886233,0.5,H67,-2.501248567,H67
RS,19,-84.26432436,3861.211902,2.413293466,1.325648998,2.371969752,1.239779734,0.165478219,0.75,H67,-2.501248567,H67
RS,19,-84.32962738,3862.000552,2.233929219,4.745465628,2.155077761,3.488324254,0.619943712,0.25,H31,-3.388453218,H31
RS,19,-84.32962738,3862.000552,2.336980115,4.727207932,2.255505878,3.440868517,0.804454624,0.5,H31,-3.388453218,H31
RS,19,-84.32962738,3862.000552,2.399837229,4.561644556,2.332765352,3.512658891,0.895004395,0.75,H31,-3.388453218,H31
RS,19,-83.70630123,3860.512689,2.275281741,2.239637087,2.169772383,1.633938954,0.225497692,0.25,H02,-2.672233911,H02
RS,19,-83.70630123,3860.512689,2.304760623,1.796507279,2.21379974,1.430124119,0.297122349,0.5,H02,-2.672233911,H02
RS,19,-83.70630123,3860.512689,2.368769831,1.721650756,2.27997256,1.392267262,0.320694351,0.75,H02,-2.672233911,H02
RS,19,-83.29471236,3860.770831,2.274132316,2.081989256,2.152873186,1.488707109,0.20646657,0.25,H16,-2.66825142,H16
RS,19,-83.29471236,3860.770831,2.341343676,1.981777994,2.208639014,1.403837374,0.292550732,0.5,H16,-2.66825142,H16
RS,19,-83.29471236,3860.770831,2.413501027,1.847902107,2.26393263,1.302285126,0.295225844,0.75,H16,-2.66825142,H16
RS,19,-83.22743941,3862.571717,2.01117634,1.630426615,1.970094275,1.475908013,0.434609174,0.25,H47,-3.633856089,H47
RS,19,-83.22743941,3862.571717,2.269054379,3.56871024,2.245352132,3.261257117,0.791186262,0.5,H47,-3.633856089,H47
RS,19,-83.22743941,3862.571717,2.344006302,3.28767491,2.328782765,3.105185843,0.79441429,0.75,H47,-3.633856089,H47
RS,19,-82.20835666,3861.892831,2.17581433,1.401258,2.142221863,1.314778464,0.16704518,0.25,H34,-3.322996788,H34
RS,19,-82.20835666,3861.892831,2.245087043,1.924486348,2.143179955,1.469118976,0.419554847,0.5,H34,-3.322996788,H34
RS,19,-82.20835666,3861.892831,2.278920775,1.915503707,2.160047129,1.411744666,0.54322781,0.75,H34,-3.322996788,H34
RS,19,-82.37457933,3862.994501,2.249870928,1.291686383,2.159510459,1.146844034,0.102253648,0.25,H46,-2.873069543,H46
RS,19,-82.37457933,3862.994501,2.277282706,1.308158753,2.187751382,1.156619989,0.188227305,0.5,H46,-2.873069543,H46
RS,19,-82.37457933,3862.994501,2.32607237,1.26371068,2.231619964,1.127880775,0.211156861,0.75,H46,-2.873069543,H46
RS,19,-82.9147923,3863.398987,2.31803246,5.866365816,2.237811366,4.259726028,0.544498882,0.25,H25,-3.648985665,H25
RS,19,-82.9147923,3863.398987,2.398894834,5.209272744,2.339906888,4.123293846,0.688070667,0.5,H25,-3.648985665,H25
RS,19,-82.9147923,3863.398987,2.396137531,4.011677261,2.364708836,3.552665931,0.793371049,0.75,H25,-3.648985665,H25
RS,19,-84.24256417,3863.114418,2.295323669,2.840415684,2.186751826,1.965908241,0.275229125,0.25,H37,-3.124825596,H37
RS,19,-84.24256417,3863.114418,2.428657696,3.069146244,2.365312151,2.443618746,0.345063719,0.5,H37,-3.124825596,H37
RS,19,-84.24256417,3863.114418,2.489620928,2.685787456,2.433640715,2.213691363,0.345063719,0.75,H37,-3.124825596,H37
SE,17,1628.553729,339.8552357,2.267243733,1.166759488,2.255729157,1.152530651,0.069938346,0.25,19,-1.911679216,H19
SE,17,1628.553729,339.8552357,2.37152515,1.114876803,2.344660029,1.092839953,0.074336554,0.5,19,-1.911679216,H19
SE,17,1628.553729,339.8552357,NA,NA,NA,NA,0.09671841,0.75,19,-1.911679216,H19
SE,17,1630.464529,339.9098878,NA,NA,NA,NA,0.057847776,0.25,22,-1.695576298,H22
SE,17,1630.464529,339.9098878,NA,NA,NA,NA,0.060252079,0.5,22,-1.695576298,H22
SE,17,1630.464529,339.9098878,NA,NA,NA,NA,0.060252079,0.75,22,-1.695576298,H22
SE,17,1631.055582,338.9909224,2.467074349,1.093398165,2.327691902,1.030209926,0.022409376,0.25,21,-2.009465875,H21
SE,17,1631.055582,338.9909224,2.373624438,1.197234702,2.295301067,1.107206349,0.098419672,0.5,21,-2.009465875,H21
SE,17,1631.055582,338.9909224,NA,NA,NA,NA,0.129083001,0.75,21,-2.009465875,H21
SE,17,1629.432212,338.0476671,2.318495208,1.223659609,2.257844032,1.140308994,0.066301488,0.25,53,-1.965109294,H53
SE,17,1629.432212,338.0476671,2.454078485,1.180831723,2.38780119,1.10780736,0.067187104,0.5,53,-1.965109294,H53
SE,17,1629.432212,338.0476671,2.34084116,1.326684142,2.285814836,1.216938644,0.224072483,0.75,53,-1.965109294,H53
SE,17,1631.213466,337.3270687,2.234564791,1.228815565,2.227404097,1.216757668,0.095185024,0.25,11,-2.133737713,H11
SE,17,1631.213466,337.3270687,2.237740848,1.244688889,2.235980369,1.241477433,0.194969845,0.5,11,-2.133737713,H11
SE,17,1631.213466,337.3270687,2.246893806,1.32319331,2.246089508,1.321300194,0.329166378,0.75,11,-2.133737713,H11
SE,17,1632.104093,338.4646426,NA,NA,NA,NA,0.028829364,0.25,47,-1.852757428,H47
SE,17,1632.104093,338.4646426,NA,NA,NA,NA,0.028829364,0.5,47,-1.852757428,H47
SE,17,1632.104093,338.4646426,NA,NA,NA,NA,0.028829364,0.75,47,-1.852757428,H47
SE,17,1632.942093,337.2096678,2.344167578,1.75364853,2.145461854,1.182137222,0.121720885,0.25,49,-1.90043383,H49
SE,17,1632.942093,337.2096678,2.442865181,1.577002169,2.354313123,1.308390534,0.136690048,0.5,49,-1.90043383,H49
SE,17,1632.942093,337.2096678,2.551037311,1.766283853,2.408320656,1.283261085,0.15611582,0.75,49,-1.90043383,H49
SE,17,1630.772201,336.100432,2.355782998,2.10717444,2.300689012,1.781997892,0.149326788,0.25,27,-1.874661151,H27
SE,17,1630.772201,336.100432,2.487183463,1.955393854,2.395600994,1.522551328,0.156654506,0.5,27,-1.874661151,H27
SE,17,1630.772201,336.100432,NA,NA,NA,NA,0.156654506,0.75,27,-1.874661151,H27
SE,17,1629.38768,335.4324616,2.299795386,1.6823765,2.258314821,1.515350357,0.137480937,0.25,48,-1.985220769,H48
SE,17,1629.38768,335.4324616,2.419565528,1.546508568,2.392599988,1.453296918,0.145695187,0.5,48,-1.985220769,H48
SE,17,1629.38768,335.4324616,2.420239434,1.412720393,2.405009234,1.370144377,0.184344283,0.75,48,-1.985220769,H48
SE,17,1633.099977,335.3555438,2.307645546,1.736582168,2.254814745,1.516222355,0.139638968,0.25,32,-2.115276183,H32
SE,17,1633.099977,335.3555438,2.480940071,1.769169931,2.353390187,1.318048464,0.139638968,0.5,32,-2.115276183,H32
SE,17,1633.099977,335.3555438,2.584814191,1.801680746,2.40984523,1.234522492,0.139638968,0.75,32,-2.115276183,H32
SE,17,1633.763899,335.5943938,2.492885418,1.298422375,2.353615482,1.102434356,0.03770039,0.25,12,-2.295019536,H12
SE,17,1633.763899,335.5943938,2.446886211,1.378787801,2.322527572,1.149032355,0.104641491,0.5,12,-2.295019536,H12
SE,17,1633.763899,335.5943938,2.375553019,1.531659025,2.269490837,1.247822951,0.25809472,0.75,12,-2.295019536,H12
SE,17,1634.614043,336.4404897,2.290408547,1.153563338,2.232676343,1.097540577,0.06076416,0.25,10,-2.523669943,H10
SE,17,1634.614043,336.4404897,2.239057733,1.435097364,2.178554623,1.280834236,0.269311627,0.5,10,-2.523669943,H10
SE,17,1634.614043,336.4404897,2.324469999,1.565606437,2.275718807,1.402633574,0.331418873,0.75,10,-2.523669943,H10
SE,17,1629.990878,334.1370037,2.399292192,1.417738461,2.233398551,1.119876925,0.067517808,0.25,1,-2.001275517,H01
SE,17,1629.990878,334.1370037,2.412842175,1.450190963,2.268421795,1.154043653,0.133387793,0.5,1,-2.001275517,H01
SE,17,1629.990878,334.1370037,2.527642726,1.576089129,2.420075659,1.267504692,0.143973916,0.75,1,-2.001275517,H01
SE,17,1632.66276,334.4770614,2.427916031,1.283123965,2.360502167,1.170026983,0.047952881,0.25,41,-2.070642379,H41
SE,17,1632.66276,334.4770614,2.547728,1.26782921,2.39639094,1.08281952,0.056483786,0.5,41,-2.070642379,H41
SE,17,1632.66276,334.4770614,2.61798093,1.255721941,2.420113193,1.054156494,0.061647896,0.75,41,-2.070642379,H41
SE,17,1630.618365,333.3637773,2.240524471,1.452539453,2.167672176,1.267077537,0.136981131,0.25,24,-2.118305961,H24
SE,17,1630.618365,333.3637773,2.405704139,1.46070773,2.301148253,1.214540105,0.139300629,0.5,24,-2.118305961,H24
SE,17,1630.618365,333.3637773,2.454809405,1.491251426,2.328233793,1.194594445,0.176998389,0.75,24,-2.118305961,H24
SE,17,1632.346992,333.3678256,2.544258773,1.154053351,2.378932318,1.041100263,0.021178223,0.25,31,-2.183512803,H31
SE,17,1632.346992,333.3678256,2.717894539,1.162602006,2.393481833,1.01176602,0.021178223,0.5,31,-2.183512803,H31
SE,17,1632.346992,333.3678256,2.815388289,1.162602006,2.393271412,1.005237194,0.021178223,0.75,31,-2.183512803,H31
SE,17,1634.856941,333.5945307,2.381046837,1.145743256,2.301151319,1.077450491,0.040532086,0.25,51,-2.798567053,H51
SE,17,1634.856941,333.5945307,2.446126761,1.204062216,2.395890819,1.138487157,0.074163976,0.5,51,-2.798567053,H51
SE,17,1634.856941,333.5945307,2.404389286,1.294858539,2.356205927,1.205497882,0.162315968,0.75,51,-2.798567053,H51
SE,17,1630.071844,332.8739323,2.287497793,1.792809833,2.265210308,1.685081828,0.159142965,0.25,4,-2.194842302,H04
SE,17,1630.071844,332.8739323,2.385839716,1.572379206,2.371298395,1.51810375,0.172424293,0.5,4,-2.194842302,H04
SE,17,1630.071844,332.8739323,2.343656566,1.531986973,2.319267737,1.449022809,0.294816567,0.75,4,-2.194842302,H04
SE,17,1633.658643,331.784938,2.354869056,1.242028567,2.304878479,1.165346997,0.059532142,0.25,8,-2.564733037,H08
SE,17,1633.658643,331.784938,2.320726437,1.62830736,2.218717356,1.306481836,0.23939743,0.5,8,-2.564733037,H08
SE,17,1633.658643,331.784938,2.462535865,1.897400251,2.31425721,1.325691681,0.249833449,0.75,8,-2.564733037,H08
SE,17,1629.764173,330.9671802,2.344619499,1.308645386,2.319521798,1.256305109,0.071189948,0.25,13,-2.189892224,H13
SE,17,1629.764173,330.9671802,2.406126058,1.271439324,2.358811981,1.189943935,0.102549891,0.5,13,-2.189892224,H13
SE,17,1629.764173,330.9671802,2.507115531,1.278572855,2.414171192,1.137097333,0.102549891,0.75,13,-2.189892224,H13
SE,17,1632.213398,330.8821658,2.315389302,1.07989422,2.263028668,1.052378576,0.038822498,0.25,25,-2.41979474,H25
SE,17,1632.213398,330.8821658,2.341491221,2.095835044,2.234916985,1.548580266,0.314739968,0.5,25,-2.41979474,H25
SE,17,1632.213398,330.8821658,2.477911131,2.456206435,2.367855869,1.736359968,0.326057397,0.75,25,-2.41979474,H25
SE,17,1633.707222,330.5704463,2.612922917,1.787136415,2.326281986,1.0964439,0.04092701,0.25,15,-2.098994547,H15
SE,17,1633.707222,330.5704463,2.753766014,2.031051323,2.423642718,1.095722835,0.054385698,0.5,15,-2.098994547,H15
SE,17,1633.707222,330.5704463,2.829879783,1.901584066,2.459187719,1.058220551,0.054385698,0.75,15,-2.098994547,H15
SE,17,1631.136548,330.3396928,2.270417097,1.323256996,2.20013201,1.191030102,0.099507463,0.25,18,-2.630993343,H18
SE,17,1631.136548,330.3396928,2.239875338,1.730533596,2.185906816,1.507749827,0.368273806,0.5,18,-2.630993343,H18
SE,17,1631.136548,330.3396928,2.299134041,1.825627126,2.259057408,1.63449735,0.466912766,0.75,18,-2.630993343,H18
SE,17,1631.885485,329.0037519,2.332342784,1.161927188,2.225671793,1.069651364,0.052512724,0.25,9,-2.771966523,H09
SE,17,1631.885485,329.0037519,2.340197715,1.556632978,2.248815931,1.290533832,0.204948791,0.5,9,-2.771966523,H09
SE,17,1631.885485,329.0037519,2.381104683,1.52422351,2.308748173,1.31334714,0.250066068,0.75,9,-2.771966523,H09
SE,17,1633.071638,329.6676741,2.231312795,1.899696294,2.194117031,1.707227584,0.218216051,0.25,26,-2.610087529,H26
SE,17,1633.071638,329.6676741,2.275858963,1.864309116,2.216071695,1.582915548,0.353247061,0.5,26,-2.610087529,H26
SE,17,1633.071638,329.6676741,2.325319797,2.024910057,2.251160395,1.634945122,0.482713304,0.75,26,-2.610087529,H26
SE,17,1633.278102,328.9875587,2.401542356,1.551149606,2.182698839,1.108040106,0.078922341,0.25,7,-2.76870256,H07
SE,17,1633.278102,328.9875587,NA,NA,NA,NA,0.147103164,0.5,7,-2.76870256,H07
SE,17,1633.278102,328.9875587,NA,NA,NA,NA,0.181475554,0.75,7,-2.76870256,H07
SE,17,1629.796559,328.064545,2.376755161,1.102301977,2.307847071,1.058887838,0.034218183,0.25,37,-1.92380573,H37
SE,17,1629.796559,328.064545,2.55177398,1.109297988,2.420412499,1.037934549,0.034218183,0.5,37,-1.92380573,H37
SE,17,1629.796559,328.064545,2.638155264,1.100085442,2.429215338,1.018316914,0.034218183,0.75,37,-1.92380573,H37
SE,17,1629.448405,328.3843611,2.344052708,3.570392551,2.270507424,2.715156642,0.28974128,0.25,20,-2.24139398,H20
SE,17,1629.448405,328.3843611,2.371646534,2.320452381,2.300812973,1.852686871,0.315634506,0.5,20,-2.24139398,H20
SE,17,1629.448405,328.3843611,2.41128044,2.089560437,2.320672925,1.607579944,0.351806434,0.75,20,-2.24139398,H20
SE,17,1628.225816,327.7771152,2.359559206,1.347223138,2.340604727,1.302356964,0.071549712,0.25,36,-2.563781389,H36
SE,17,1628.225816,327.7771152,2.481298105,1.295183121,2.439041695,1.215203743,0.078637271,0.5,36,-2.563781389,H36
SE,17,1628.225816,327.7771152,NA,NA,NA,NA,0.086097453,0.75,36,-2.563781389,H36
SE,17,1628.367507,329.3478579,2.39498469,1.348946864,2.276561163,1.142841388,0.061923831,0.25,30,-2.466552194,H30
SE,17,1628.367507,329.3478579,2.323984953,1.931735749,2.228041934,1.493253739,0.30375166,0.5,30,-2.466552194,H30
SE,17,1628.367507,329.3478579,2.40309375,1.828729937,2.345336171,1.565242624,0.30375166,0.75,30,-2.466552194,H30
SE,17,1627.254223,330.3923208,2.432974573,1.302676021,2.326787648,1.134968958,0.048756265,0.25,43,-2.171013119,H43
SE,17,1627.254223,330.3923208,2.387432474,1.597281651,2.33714106,1.421620274,0.175817191,0.5,43,-2.171013119,H43
SE,17,1627.254223,330.3923208,2.426615777,1.57220182,2.374133301,1.39685113,0.218252148,0.75,43,-2.171013119,H43
SE,17,1625.460823,329.4207274,2.349420151,1.46717427,2.320167371,1.37973345,0.088752112,0.25,23,-1.904262535,H23
SE,17,1625.460823,329.4207274,2.467254106,1.50453049,2.3509237,1.216618474,0.113853625,0.5,23,-1.904262535,H23
SE,17,1625.460823,329.4207274,2.568755118,1.518696753,2.393589184,1.142067229,0.113853625,0.75,23,-1.904262535,H23
SE,17,1628.69542,331.4570252,2.350873296,1.20675688,2.253178177,1.096559994,0.055503697,0.25,16,-2.012326009,H16
SE,17,1628.69542,331.4570252,2.475016634,1.275120373,2.392376417,1.146636602,0.077585942,0.5,16,-2.012326009,H16
SE,17,1628.69542,331.4570252,2.617787189,1.382818017,2.473637102,1.129166985,0.077585942,0.75,16,-2.012326009,H16
SE,17,1627.035614,331.3963007,2.360442234,1.403444536,2.300041772,1.259650123,0.077757168,0.25,40,-1.986181195,H40
SE,17,1627.035614,331.3963007,2.473858174,1.273840204,2.352509412,1.107671042,0.077757168,0.5,40,-1.986181195,H40
SE,17,1627.035614,331.3963007,2.544756381,1.224375941,2.352831493,1.049347715,0.077757168,0.75,40,-1.986181195,H40
SE,17,1627.339237,331.7970829,2.364199095,1.398893832,2.286411287,1.225168617,0.076046647,0.25,28,-2.138513933,H28
SE,17,1627.339237,331.7970829,2.480068361,1.337800733,2.377585872,1.156164578,0.085335391,0.5,28,-2.138513933,H28
SE,17,1627.339237,331.7970829,2.410249629,1.491049945,2.327722865,1.271114472,0.212983347,0.75,28,-2.138513933,H28
SE,17,1625.68348,332.2262033,2.340832784,2.930586318,2.336220606,2.881447201,0.236005943,0.25,33,-1.763183124,H33
SE,17,1625.68348,332.2262033,2.539071315,3.296549057,2.434896978,2.269007908,0.236005943,0.5,33,-1.763183124,H33
SE,17,1625.68348,332.2262033,2.604613761,2.926503792,2.44072402,1.713270237,0.236005943,0.75,33,-1.763183124,H33
SE,17,1628.586116,332.8415458,2.292884965,1.742673113,2.260660152,1.59937115,0.149258105,0.25,42,-1.976865901,H42
SE,17,1628.586116,332.8415458,2.398659442,1.751191684,2.379003911,1.659809096,0.19367346,0.5,42,-1.976865901,H42
SE,17,1628.586116,332.8415458,2.464151509,1.633388954,2.445655406,1.558882562,0.198759478,0.75,42,-1.976865901,H42
SE,17,1623.716004,331.8456626,2.29240756,1.416201446,2.162298213,1.157907279,0.105083055,0.25,6,-1.819879502,H06
SE,17,1623.716004,331.8456626,2.40262068,1.589963911,2.275654879,1.237522904,0.163809533,0.5,6,-1.819879502,H06
SE,17,1623.716004,331.8456626,2.460929094,1.450165492,2.33887353,1.183059945,0.163809533,0.75,6,-1.819879502,H06
SE,17,1628.565874,334.1046173,2.336111974,2.039124727,2.239550993,1.553866389,0.15526887,0.25,35,-1.920452561,H35
SE,17,1628.565874,334.1046173,2.412868922,1.69030407,2.32754205,1.383218577,0.17305746,0.5,35,-1.920452561,H35
SE,17,1628.565874,334.1046173,2.419475383,1.577768567,2.337957895,1.325145135,0.226165909,0.75,35,-1.920452561,H35
SE,17,1625.675384,333.545951,2.377267786,2.124417567,2.155208532,1.246610187,0.138003415,0.25,46,-1.658478127,H46
SE,17,1625.675384,333.545951,2.513304172,2.011770122,2.301743911,1.234670432,0.145987987,0.5,46,-1.658478127,H46
SE,17,1625.675384,333.545951,2.574431952,1.803284693,2.323100715,1.130654613,0.145987987,0.75,46,-1.658478127,H46
SE,17,1623.351656,333.651207,2.350701609,1.119210982,2.27329124,1.064281704,0.041330439,0.25,39,-1.840281126,H39
SE,17,1623.351656,333.651207,2.509649897,1.112170812,2.421530803,1.055385704,0.041330439,0.5,39,-1.840281126,H39
SE,17,1623.351656,333.651207,2.300690384,1.220121095,2.210786631,1.109663096,0.212321745,0.75,39,-1.840281126,H39
SE,17,1625.262457,334.683525,2.335626982,2.113788475,2.291413574,1.844157432,0.163041509,0.25,50,-1.710315542,H50
SE,17,1625.262457,334.683525,2.454123322,1.863343245,2.389440024,1.563149408,0.168184128,0.5,50,-1.710315542,H50
SE,17,1625.262457,334.683525,2.515755228,1.683588936,2.420132212,1.352074937,0.168184128,0.75,50,-1.710315542,H50
SE,17,1627.768358,334.7442496,2.488763182,1.15894351,2.384489294,1.06964864,0.027127063,0.25,2,-1.760684694,H02
SE,17,1627.768358,334.7442496,2.45285433,1.329082231,2.34424456,1.144798847,0.094144121,0.5,2,-1.760684694,H02
SE,17,1627.768358,334.7442496,2.569929847,1.379144548,2.442760595,1.145956555,0.094144121,0.75,2,-1.760684694,H02
SE,17,1628.254155,336.3554753,2.511660954,1.056623173,2.40205786,1.023131247,0.014367384,0.25,3,-1.935823111,H03
SE,17,1628.254155,336.3554753,2.30882898,1.099181973,2.226117369,1.051018667,0.089315267,0.5,3,-1.935823111,H03
SE,17,1628.254155,336.3554753,2.395781599,1.165965363,2.320305447,1.091730996,0.12261905,0.75,3,-1.935823111,H03
SE,17,1623.958902,335.8332438,2.370201261,1.358984869,2.213773688,1.109292842,0.069775917,0.25,5,-1.628455069,H05
SE,17,1623.958902,335.8332438,2.515295948,1.325635858,2.374037025,1.110802186,0.072177984,0.5,5,-1.628455069,H05
SE,17,1623.958902,335.8332438,2.54044438,1.363366757,2.412003598,1.138004534,0.103842372,0.75,5,-1.628455069,H05
SE,17,1626.509335,336.6631465,2.356712495,1.555029006,2.208745428,1.18919785,0.095504492,0.25,44,-1.740846172,H44
SE,17,1626.509335,336.6631465,2.439102826,1.711746421,2.276592164,1.224536912,0.158187971,0.5,44,-1.740846172,H44
SE,17,1626.509335,336.6631465,2.47751492,1.760037869,2.325038931,1.261005952,0.210849954,0.75,44,-1.740846172,H44
SE,17,1625.533693,337.4728077,2.518536031,1.139581154,2.439419058,1.074547517,0.022359567,0.25,14,-1.560736139,H14
SE,17,1625.533693,337.4728077,2.573756655,1.201478628,2.441019242,1.071001533,0.043316061,0.5,14,-1.560736139,H14
SE,17,1625.533693,337.4728077,2.684190777,1.22227515,2.465274934,1.039212403,0.043316061,0.75,14,-1.560736139,H14
SE,17,1627.513315,337.6468849,2.501388797,1.152288511,2.341938557,1.042598371,0.025155932,0.25,17,-1.786492647,H17
SE,17,1627.513315,337.6468849,2.548936031,1.412332418,2.328058207,1.076296575,0.071920062,0.5,17,-1.786492647,H17
SE,17,1627.513315,337.6468849,2.538901344,1.64762305,2.359254329,1.176772885,0.147676935,0.75,17,-1.786492647,H17
SE,17,1626.841296,338.6913478,2.560080733,1.058581478,2.370355181,1.012366996,0.011953982,0.25,29,-1.639181974,H29
SE,17,1626.841296,338.6913478,2.72543786,1.057964226,2.392339062,1.003728089,0.011953982,0.5,29,-1.639181974,H29
SE,17,1626.841296,338.6913478,2.822931611,1.057964226,2.391852033,1.001651942,0.011953982,0.75,29,-1.639181974,H29
SE,17,1626.165229,339.051647,2.318467213,1.211570499,2.277959123,1.15501569,0.064316715,0.25,34,-1.893039694,H34
SE,17,1626.165229,339.051647,NA,NA,NA,NA,0.089687,0.5,34,-1.893039694,H34
SE,17,1626.165229,339.051647,NA,NA,NA,NA,0.217091237,0.75,34,-1.893039694,H34
SE,18,1625.983912,337.5181812,2.283805926,1.148271563,2.205701051,1.079973539,0.061294845,0.25,U17,-1.750488118,H49
SE,18,1625.983912,337.5181812,2.321484177,1.262617816,2.295618948,1.216216434,0.143151009,0.5,U17,-1.750488118,H49
SE,18,1625.983912,337.5181812,2.342960676,1.572326381,2.319482106,1.486955033,0.309109587,0.75,U17,-1.750488118,H49
SE,18,1626.877397,337.2844663,2.185827984,1.127995335,2.173642189,1.116297053,0.085191964,0.25,U07,-1.854222907,H39
SE,18,1626.877397,337.2844663,2.216079868,1.156317226,2.206173116,1.144730484,0.167134312,0.5,U07,-1.854222907,H39
SE,18,1626.877397,337.2844663,2.301315532,1.142101551,2.286478673,1.126523889,0.167134312,0.75,U07,-1.854222907,H39
SE,18,1628.940504,336.2912937,2.313552501,1.707705675,2.230857411,1.401152859,0.132846411,0.25,U20,-1.863209305,H27
SE,18,1628.940504,336.2912937,2.415839645,1.605703471,2.279159827,1.227333341,0.157578256,0.5,U20,-1.863209305,H27
SE,18,1628.940504,336.2912937,2.49047206,1.518213908,2.332129508,1.161736706,0.157578256,0.75,U20,-1.863209305,H27
SE,18,1629.951834,337.0339156,2.368184403,1.506382918,2.269497256,1.248404019,0.086141206,0.25,U25,-1.88929572,H15
SE,18,1629.951834,337.0339156,2.521513432,1.46147725,2.400980266,1.190297803,0.086141206,0.5,U25,-1.88929572,H15
SE,18,1629.951834,337.0339156,2.560682236,1.557664601,2.392454277,1.162746309,0.123024489,0.75,U25,-1.88929572,H15
SE,18,1631.365237,337.7347864,2.511142493,1.339376409,2.177131414,1.024373776,0.03759504,0.25,U05,-1.841566226,H18
SE,18,1631.365237,337.7347864,2.577545989,1.610903243,2.397173397,1.164383517,0.080856438,0.5,U05,-1.841566226,H18
SE,18,1631.365237,337.7347864,2.659717569,1.64021042,2.461227133,1.150780861,0.088713199,0.75,U05,-1.841566226,H18
SE,18,1633.050702,337.7179836,2.260703566,2.964082444,2.138541305,1.954082142,0.333601998,0.25,U13,-2.264551289,H37
SE,18,1633.050702,337.7179836,2.332333458,2.244507775,2.260860906,1.796730199,0.356700882,0.5,U13,-2.264551289,H37
SE,18,1633.050702,337.7179836,2.347708507,1.905864615,2.291991865,1.629735335,0.405248536,0.75,U13,-2.264551289,H37
SE,18,1633.192802,337.0003189,2.414093368,1.500056325,2.279607846,1.18678917,0.070633742,0.25,U10,-1.817139472,H47
SE,18,1633.192802,337.0003189,2.534632882,1.614250125,2.36973655,1.18634146,0.096981298,0.5,U10,-1.817139472,H47
SE,18,1633.192802,337.0003189,2.621038497,1.569817488,2.385264813,1.098195739,0.096981298,0.75,U10,-1.817139472,H47
SE,18,1632.490129,336.1533661,2.285103928,2.61636559,2.209851395,2.031226921,0.26116319,0.25,U09,-2.145995662,H33
SE,18,1632.490129,336.1533661,2.360502209,2.073978798,2.315626809,1.809130486,0.286880758,0.5,U09,-2.145995662,H33
SE,18,1632.490129,336.1533661,2.380039423,1.902597163,2.334598859,1.671910153,0.353424808,0.75,U09,-2.145995662,H33
SE,18,1632.351953,334.8265477,2.274818489,1.568577379,2.131550428,1.20147989,0.136246223,0.25,U22,-2.164200912,H14
SE,18,1632.351953,334.8265477,2.4178225,1.550321537,2.264135586,1.179354057,0.147376451,0.5,U22,-2.164200912,H14
SE,18,1632.351953,334.8265477,2.526056719,1.59205902,2.387487252,1.21847079,0.147376451,0.75,U22,-2.164200912,H14
SE,18,1633.005752,333.608159,2.197740342,1.454476985,2.159792918,1.346685873,0.164072498,0.25,U16,-2.568561382,H34
SE,18,1633.005752,333.608159,2.310500685,1.582573246,2.263327407,1.419943692,0.238433061,0.5,U16,-2.568561382,H34
SE,18,1633.005752,333.608159,2.365682412,1.584297737,2.331945873,1.463056383,0.284823873,0.75,U16,-2.568561382,H34
SE,18,1631.133503,334.2132846,2.284946895,1.33991771,2.256679917,1.276216893,0.096399952,0.25,U21,-2.115774791,H20
SE,18,1631.133503,334.2132846,2.440111575,1.37006864,2.393065626,1.262163547,0.106190555,0.5,U21,-2.115774791,H20
SE,18,1631.133503,334.2132846,2.394180577,1.351395395,2.329907898,1.218241277,0.187144066,0.75,U21,-2.115774791,H20
SE,18,1631.888816,332.7195098,2.212188833,1.864286506,2.1807426,1.704642984,0.230165847,0.25,U23,-2.442254671,H05
SE,18,1631.888816,332.7195098,2.302169194,1.649775152,2.292579626,1.609272656,0.26405787,0.5,U23,-2.442254671,H05
SE,18,1631.888816,332.7195098,2.410347579,1.735395207,2.39908519,1.682768997,0.273014127,0.75,U23,-2.442254671,H05
SE,18,1631.039987,332.6569805,2.487020036,1.076932981,2.335693565,1.022439533,0.018645614,0.25,U14,-2.252187211,H48
SE,18,1631.039987,332.6569805,2.357709652,1.212478414,2.11356004,1.030384996,0.109520123,0.5,U14,-2.252187211,H48
SE,18,1631.039987,332.6569805,2.499377485,1.444632969,2.335374661,1.130411134,0.138585666,0.75,U14,-2.252187211,H48
SE,18,1630.373856,331.6598183,2.347934366,1.308943467,2.297107111,1.211361654,0.07025368,0.25,U28,-2.302662019,H19
SE,18,1630.373856,331.6598183,2.392903367,1.293768928,2.347826403,1.209607214,0.113268349,0.5,U28,-2.302662019,H19
SE,18,1630.373856,331.6598183,2.433649416,1.346334307,2.377368206,1.228346659,0.157496197,0.75,U28,-2.302662019,H19
SE,18,1631.835932,331.4344099,2.358452348,1.369679972,2.252295,1.167164906,0.074521805,0.25,U11,-2.278513339,H54
SE,18,1631.835932,331.4344099,2.546646341,1.436452154,2.366117053,1.112158269,0.075074179,0.5,U11,-2.278513339,H54
SE,18,1631.835932,331.4344099,2.649572364,1.453459901,2.372575548,1.054086263,0.075074179,0.75,U11,-2.278513339,H54
SE,18,1631.600369,331.3676671,2.258541028,2.675893619,2.200261188,2.189489167,0.299425008,0.25,U06,-2.528738494,H16
SE,18,1631.600369,331.3676671,2.335403246,2.004285356,2.305726014,1.832261966,0.304428657,0.5,U06,-2.528738494,H16
SE,18,1631.600369,331.3676671,2.383343194,1.915529976,2.358626528,1.781354668,0.35187183,0.75,U06,-2.528738494,H16
SE,18,1630.934277,330.9504704,2.328783877,1.385499328,2.155344665,1.10331735,0.086380083,0.25,U08,-2.238882601,H45
SE,18,1630.934277,330.9504704,2.468699574,1.439829876,2.364408553,1.204458701,0.104292086,0.5,U08,-2.238882601,H45
SE,18,1630.934277,330.9504704,2.596776524,1.544005975,2.443011488,1.176937986,0.104292086,0.75,U08,-2.238882601,H45
SE,18,1626.734827,330.975786,2.174579268,1.400445038,2.164777411,1.373312046,0.167706838,0.25,U24,-2.198748541,H38
SE,18,1626.734827,330.975786,2.232412958,1.43661795,2.230000491,1.429243122,0.27742774,0.5,U24,-2.198748541,H38
SE,18,1626.734827,330.975786,2.288902967,1.485362772,2.287817004,1.481706904,0.350343152,0.75,U24,-2.198748541,H38
SE,18,1627.912543,329.7823969,2.322459445,1.195032186,2.309221787,1.176208742,0.060507444,0.25,U12,-2.439813216,H31
SE,18,1627.912543,329.7823969,2.356737161,1.277027533,2.340187041,1.244859552,0.127379369,0.5,U12,-2.439813216,H31
SE,18,1627.912543,329.7823969,2.394731585,1.256469721,2.36605333,1.206606741,0.156261785,0.75,U12,-2.439813216,H31
SE,18,1625.678838,330.4668222,2.303156077,1.416326768,2.219879334,1.226061814,0.100506829,0.25,U19,-1.978894949,H29
SE,18,1625.678838,330.4668222,2.425754253,1.389189615,2.365253382,1.249864511,0.116065228,0.5,U19,-1.978894949,H29
SE,18,1625.678838,330.4668222,2.44281863,1.379013637,2.35750884,1.20145255,0.159695251,0.75,U19,-1.978894949,H29
SE,18,1630.308758,329.9240985,2.315085905,1.25834727,2.215023027,1.11974251,0.072836732,0.25,U02,-2.514745355,H46
SE,18,1630.308758,329.9240985,2.395643339,1.247437202,2.270218333,1.093579936,0.101732146,0.5,U02,-2.514745355,H46
SE,18,1630.308758,329.9240985,2.515938797,1.293148908,2.404299784,1.124992196,0.101732146,0.75,U02,-2.514745355,H46
SE,18,1626.101293,331.5516215,2.437028575,1.530884051,2.271951095,1.15774396,0.066563892,0.25,U01,-2.039884092,H35
SE,18,1626.101293,331.5516215,2.545494146,1.526756831,2.414122518,1.202615783,0.08439393,0.5,U01,-2.039884092,H35
SE,18,1626.101293,331.5516215,2.535514843,1.532293364,2.404071914,1.204863327,0.132792213,0.75,U01,-2.039884092,H35
SE,18,1627.896447,332.010467,2.207947528,2.000501299,2.154175969,1.708630039,0.257970523,0.25,U29,-2.192374693,H44
SE,18,1627.896447,332.010467,2.252187779,1.643546059,2.203868618,1.46226008,0.32312588,0.5,U29,-2.192374693,H44
SE,18,1627.896447,332.010467,2.285682408,1.53320648,2.251988803,1.421475637,0.375720959,0.75,U29,-2.192374693,H44
SE,18,1628.513833,332.8866326,2.300093086,2.082477622,2.250286759,1.790239869,0.185392565,0.25,U30,-1.989954677,H03
SE,18,1628.513833,332.8866326,2.362646713,1.834355733,2.335786325,1.700402541,0.240648177,0.5,U30,-1.989954677,H03
SE,18,1628.513833,332.8866326,2.419216071,1.643068678,2.403700498,1.579204791,0.241868601,0.75,U30,-1.989954677,H03
SE,18,1628.956594,333.9630857,2.567027075,1.176215329,2.273946783,1.016611612,0.020709749,0.25,U27,-1.967630907,H61
SE,18,1628.956594,333.9630857,2.325651245,1.568410124,2.146290405,1.152564696,0.220527794,0.5,U27,-1.967630907,H61
SE,18,1628.956594,333.9630857,2.453436226,1.777117024,2.34445299,1.368120592,0.236390017,0.75,U27,-1.967630907,H61
SE,18,1624.83836,333.8256715,2.162887636,1.790830692,2.156169116,1.757020036,0.266783597,0.25,U26,-1.916582761,H36
SE,18,1624.83836,333.8256715,2.323748875,1.84110562,2.306912608,1.75425079,0.284384043,0.5,U26,-1.916582761,H36
SE,18,1624.83836,333.8256715,2.386769507,1.671509153,2.372953606,1.612200966,0.284384043,0.75,U26,-1.916582761,H36
SE,18,1627.366634,334.9353645,2.283913228,1.425435596,2.272587822,1.392515931,0.110272801,0.25,U03,-1.789803998,H42
SE,18,1627.366634,334.9353645,2.368092256,1.593105425,2.36242163,1.570709092,0.189723084,0.5,U03,-1.789803998,H42
SE,18,1627.366634,334.9353645,2.467389274,1.600383469,2.444317698,1.51281701,0.189723084,0.75,U03,-1.789803998,H42
SE,18,1625.776633,335.279695,2.223909591,1.202333642,2.168250955,1.13158019,0.093005706,0.25,U15,-1.833248873,H11
SE,18,1625.776633,335.279695,2.322017147,1.259157379,2.290322914,1.204076253,0.141781351,0.5,U15,-1.833248873,H11
SE,18,1625.776633,335.279695,2.386286931,1.328319628,2.353822293,1.258385111,0.186012558,0.75,U15,-1.833248873,H11
SE,19,1628.28075,336.7904484,2.324706998,1.364124968,2.170870165,1.113303915,0.085003376,0.25,H51,-1.930481315,H51
SE,19,1628.28075,336.7904484,2.345837937,2.143509206,2.178571468,1.376294182,0.318175435,0.5,H51,-1.930481315,H51
SE,19,1628.28075,336.7904484,2.423590161,2.089589504,2.298666403,1.48018634,0.334255099,0.75,H51,-1.930481315,H51
SE,19,1629.608539,338.1857856,2.293316925,1.11701222,2.175050765,1.045287697,0.051957607,0.25,H65,-1.975359797,H65
SE,19,1629.608539,338.1857856,2.470492854,1.185480634,2.361488054,1.078754916,0.063622832,0.5,H65,-1.975359797,H65
SE,19,1629.608539,338.1857856,2.250943475,1.345675844,2.191001323,1.221678319,0.336353302,0.75,H65,-1.975359797,H65
SE,19,1631.890734,338.5942034,2.254216089,1.206445371,2.177997415,1.114289065,0.082898021,0.25,H18,-1.926688313,H18
SE,19,1631.890734,338.5942034,2.322658196,1.205302378,2.227456727,1.097769284,0.124347568,0.5,H18,-1.926688313,H18
SE,19,1631.890734,338.5942034,2.43198551,1.247959399,2.331778641,1.114543172,0.131346107,0.75,H18,-1.926688313,H18
SE,19,1632.985851,337.4312747,2.427263088,1.150064819,2.296765158,1.053078589,0.033970833,0.25,H38,-1.865518689,H38
SE,19,1632.985851,337.4312747,2.376831422,1.423578264,2.179655651,1.095044628,0.149470329,0.5,H38,-1.865518689,H38
SE,19,1632.985851,337.4312747,2.515758413,1.564921835,2.283655796,1.100089054,0.149470329,0.75,H38,-1.865518689,H38
SE,19,1633.658915,338.0032285,2.196993357,1.267192744,2.16268524,1.20639387,0.121284723,0.25,H39,-2.257194996,H39
SE,19,1633.658915,338.0032285,2.342483109,1.350004256,2.321649218,1.300632058,0.154336929,0.5,H39,-2.257194996,H39
SE,19,1633.658915,338.0032285,2.334975819,1.378327335,2.31116187,1.31836994,0.249815464,0.75,H39,-2.257194996,H39
SE,19,1633.973922,336.6454954,2.373939416,1.273331378,2.160665026,1.051390176,0.058847666,0.25,H48,-2.29381609,H48
SE,19,1633.973922,336.6454954,2.325745163,1.974342222,2.191084329,1.394809881,0.310585976,0.5,H48,-2.29381609,H48
SE,19,1633.973922,336.6454954,2.389062685,2.041794941,2.27134206,1.47997221,0.374382138,0.75,H48,-2.29381609,H48
SE,19,1633.514917,334.7975294,2.329367682,1.576629327,2.234581204,1.294363268,0.109529734,0.25,H50,-2.295674562,H50
SE,19,1633.514917,334.7975294,2.397982285,1.903641496,2.292094205,1.444821824,0.218840122,0.5,H50,-2.295674562,H50
SE,19,1633.514917,334.7975294,2.429375528,2.048985751,2.321259539,1.516997389,0.31806016,0.75,H50,-2.295674562,H50
SE,19,1631.379734,336.9159548,2.367203799,1.971302346,2.254716141,1.460234229,0.130427599,0.25,H25,-2.0273242,H25
SE,19,1631.379734,336.9159548,2.483809596,1.760858709,2.398708234,1.426526822,0.137028813,0.5,H25,-2.0273242,H25
SE,19,1631.379734,336.9159548,2.450689147,1.836424626,2.371512953,1.49263613,0.250697255,0.75,H25,-2.0273242,H25
SE,19,1631.710117,336.7587901,2.335316441,1.816048124,2.223628217,1.381161422,0.132889628,0.25,H37,-2.07624197,H37
SE,19,1631.710117,336.7587901,2.370906917,1.773496138,2.284716185,1.430891723,0.221464038,0.5,H37,-2.07624197,H37
SE,19,1631.710117,336.7587901,2.430547424,1.738563212,2.359641826,1.456514492,0.251701236,0.75,H37,-2.07624197,H37
SE,19,1629.562387,334.2509384,2.327545749,1.792897952,2.304489143,1.681675116,0.1347363,0.25,H27,-2.050488472,H27
SE,19,1629.562387,334.2509384,2.340758934,1.95446495,2.280675119,1.646445006,0.287827611,0.5,H27,-2.050488472,H27
SE,19,1629.562387,334.2509384,2.386298031,2.002619803,2.330620056,1.701339845,0.369122744,0.75,H27,-2.050488472,H27
SE,19,1628.871054,334.9549835,2.296826109,1.528494395,2.230506775,1.330308437,0.118928194,0.25,H70,-1.974321246,H70
SE,19,1628.871054,334.9549835,2.456089014,1.779216775,2.388145045,1.493543745,0.156133652,0.5,H70,-1.974321246,H70
SE,19,1628.871054,334.9549835,2.400863646,1.772144743,2.350554999,1.551960222,0.292955518,0.75,H70,-1.974321246,H70
SE,19,1628.540655,334.8795771,2.40921686,1.528026934,2.283754805,1.212491722,0.07448256,0.25,H44,-1.891499281,H44
SE,19,1628.540655,334.8795771,2.413129534,1.645426986,2.25312827,1.204654028,0.165756345,0.5,H44,-1.891499281,H44
SE,19,1628.540655,334.8795771,2.436665963,1.715773733,2.287652474,1.250132896,0.240554571,0.75,H44,-1.891499281,H44
SE,19,1627.408831,336.1053651,2.252939389,1.119725531,2.21334432,1.087461378,0.062206268,0.25,H31,-1.925397277,H31
SE,19,1627.408831,336.1053651,2.315163052,1.195289672,2.247024366,1.115005384,0.124832988,0.5,H31,-1.925397277,H31
SE,19,1627.408831,336.1053651,2.384929031,1.350532982,2.30947255,1.199943689,0.194210529,0.75,H31,-1.925397277,H31
SE,19,1626.931504,334.7413993,2.387092119,1.965171154,2.260718054,1.414332017,0.119570494,0.25,H14,-1.793724895,H14
SE,19,1626.931504,334.7413993,2.556880822,2.094490038,2.408215754,1.408363669,0.128398061,0.5,H14,-1.793724895,H14
SE,19,1626.931504,334.7413993,2.58919237,1.892177894,2.481637051,1.433438564,0.146969438,0.75,H14,-1.793724895,H14
SE,19,1625.756839,335.7974761,2.555530318,1.275972114,2.376522033,1.068506669,0.027802467,0.25,H01,-1.695509553,H01
SE,19,1625.756839,335.7974761,2.687835103,1.365390196,2.415611997,1.043936399,0.037623644,0.5,H01,-1.695509553,H01
SE,19,1625.756839,335.7974761,2.673240784,1.482124921,2.36212614,1.044019004,0.070562482,0.75,H01,-1.695509553,H01
SE,19,1625.010347,335.0998129,2.309978049,1.587639395,2.289438952,1.510562591,0.120111942,0.25,H03,-1.612843752,H03
SE,19,1625.010347,335.0998129,2.468903405,1.557489187,2.4265533,1.41508253,0.120111942,0.5,H03,-1.612843752,H03
SE,19,1625.010347,335.0998129,2.558842593,1.529358678,2.462281832,1.264800216,0.120111942,0.75,H03,-1.612843752,H03
SE,19,1625.371128,332.0386512,2.268532675,3.627905776,2.226632445,3.095630846,0.403583884,0.25,H33,-2.048431635,H33
SE,19,1625.371128,332.0386512,2.38671666,3.022757108,2.338627618,2.540565044,0.403867483,0.5,H33,-2.048431635,H33
SE,19,1625.371128,332.0386512,2.441444167,2.588703627,2.382853598,2.121818516,0.403867483,0.75,H33,-2.048431635,H33
SE,19,1625.481345,333.3209273,2.364064996,2.004844272,2.30573926,1.690791686,0.135160089,0.25,H67,-1.795645833,H67
SE,19,1625.481345,333.3209273,2.430631933,1.847831378,2.341717243,1.467131897,0.183272839,0.5,H67,-1.795645833,H67
SE,19,1625.481345,333.3209273,2.493328508,2.00682534,2.376659501,1.465308167,0.237174153,0.75,H67,-1.795645833,H67
SE,19,1628.736261,332.1515687,2.295143136,1.585399443,2.223136213,1.353331193,0.127456903,0.25,H20,-2.078949928,H20
SE,19,1628.736261,332.1515687,2.472244779,1.639350147,2.366159192,1.303172612,0.128867626,0.5,H20,-2.078949928,H20
SE,19,1628.736261,332.1515687,2.512497697,1.70123746,2.432733427,1.405575432,0.173231602,0.75,H20,-2.078949928,H20
SE,19,1630.229243,333.4903236,2.281961686,1.663942333,2.177811684,1.320511852,0.14554894,0.25,J12,-2.101793051,J12
SE,19,1630.229243,333.4903236,2.363058068,1.701321009,2.276787729,1.387222534,0.215022206,0.5,J12,-2.101793051,J12
SE,19,1630.229243,333.4903236,2.456120863,1.734140105,2.369615189,1.406230763,0.225444555,0.75,J12,-2.101793051,J12
SE,19,1630.388245,332.3400292,2.43042553,1.407694132,2.188638317,1.063661216,0.058478594,0.25,H05,-2.376195669,H05
SE,19,1630.388245,332.3400292,2.335437306,1.681407485,2.252379502,1.384074299,0.236869812,0.5,H05,-2.376195669,H05
SE,19,1630.388245,332.3400292,2.39322772,1.53256824,2.353506905,1.403311396,0.240051508,0.75,H05,-2.376195669,H05
SE,19,1630.247418,330.806327,2.309498549,1.389464921,2.297131373,1.356334145,0.094151974,0.25,H36,-2.426912308,H36
SE,19,1630.247418,330.806327,2.371644846,1.531686584,2.355257959,1.474634444,0.174888134,0.5,H36,-2.426912308,H36
SE,19,1630.247418,330.806327,2.416128793,1.598557441,2.376890063,1.456798082,0.23436451,0.75,H36,-2.426912308,H36
SE,19,1634.842432,332.1134449,2.909093848,1.010605222,2.324109626,1.000082153,0.001177311,0.25,H46,-2.629412889,H46
SE,19,1634.842432,332.1134449,3.075760514,1.010605222,2.324089442,1.000020536,0.001177311,0.5,H46,-2.629412889,H46
SE,19,1634.842432,332.1134449,2.618429487,1.646891814,2.219418276,1.030520272,0.10601449,0.75,H46,-2.629412889,H46
SE,19,1635.02585,330.1208645,2.427433966,1.265342076,2.260341106,1.072259704,0.046334267,0.25,H54,-2.838953257,H54
SE,19,1635.02585,330.1208645,2.366792785,1.953641471,2.275442634,1.522336381,0.258144379,0.5,H54,-2.838953257,H54
SE,19,1635.02585,330.1208645,2.355485505,2.079446298,2.298187251,1.750404171,0.440902233,0.75,H54,-2.838953257,H54
SE,19,1634.713676,328.1157461,2.243803328,1.680882072,2.19901919,1.502560737,0.173291445,0.25,H52,-2.975022554,H52
SE,19,1634.713676,328.1157461,2.295324023,1.610610223,2.239359089,1.414490939,0.261414528,0.5,H52,-2.975022554,H52
SE,19,1634.713676,328.1157461,2.367823994,1.547784968,2.30127599,1.342525706,0.271397829,0.75,H52,-2.975022554,H52
SE,19,1633.418983,331.105592,2.242631794,2.600694078,2.160483973,1.97746362,0.309432268,0.25,H02,-2.565332174,H02
SE,19,1633.418983,331.105592,2.33057223,2.821144411,2.302026325,2.547169291,0.471716404,0.5,H02,-2.565332174,H02
SE,19,1633.418983,331.105592,2.362053284,2.392782552,2.338950969,2.21343384,0.511519909,0.75,H02,-2.565332174,H02
SE,19,1632.908822,329.2535797,2.366191386,1.2893275,2.240309624,1.110166772,0.062747478,0.25,H41,-2.705150604,H41
SE,19,1632.908822,329.2535797,2.369813326,1.545596389,2.289456679,1.308373981,0.179005384,0.5,H41,-2.705150604,H41
SE,19,1632.908822,329.2535797,2.394496151,1.643271065,2.329839386,1.411755114,0.268110037,0.75,H41,-2.705150604,H41
SE,19,1632.602845,328.4050302,2.298665983,1.398569868,2.215039407,1.215250739,0.099824905,0.25,H35,-2.908959389,H35
SE,19,1632.602845,328.4050302,2.196294032,1.499908977,2.143175595,1.342907561,0.349421978,0.5,H35,-2.908959389,H35
SE,19,1632.602845,328.4050302,2.282256575,1.502692337,2.242780749,1.380564963,0.367811203,0.75,H35,-2.908959389,H35
SE,19,1631.130417,330.7038634,2.553508188,1.262880209,2.396570926,1.077614111,0.027285337,0.25,H34,-2.233091116,H34
SE,19,1631.130417,330.7038634,2.557754244,1.730945127,2.330507795,1.14083743,0.098215342,0.5,H34,-2.233091116,H34
SE,19,1631.130417,330.7038634,2.640207989,1.745238138,2.394288468,1.124526861,0.105848074,0.75,H34,-2.233091116,H34
SE,19,1629.757743,327.7766507,2.173829644,4.242767181,2.173176338,4.231895466,0.70749855,0.25,H47,-2.663074732,H47
SE,19,1629.757743,327.7766507,2.239399199,3.035551197,2.238659983,3.027245905,0.748823404,0.5,H47,-2.663074732,H47
SE,19,1629.757743,327.7766507,2.299482076,2.884453863,2.293249349,2.819619325,0.82587719,0.75,H47,-2.663074732,H47
SE,19,1629.806792,329.3040733,2.644216184,1.142657885,2.333685961,1.011481158,0.013412476,0.25,H23,-2.556542158,H23
SE,19,1629.806792,329.3040733,2.416706385,1.852992452,2.248432214,1.265035431,0.194967031,0.5,H23,-2.556542158,H23
SE,19,1629.806792,329.3040733,2.494209375,1.781989219,2.374707822,1.343556491,0.200319529,0.75,H23,-2.556542158,H23
SE,19,1627.51248,330.6745103,2.202394483,1.842109762,2.190290162,1.778801614,0.23572135,0.25,H42,-2.254210711,H42
SE,19,1627.51248,330.6745103,2.328954563,1.783073099,2.315029691,1.714934053,0.265764713,0.5,H42,-2.254210711,H42
SE,19,1627.51248,330.6745103,2.403744061,1.688465606,2.373730444,1.562691568,0.269175291,0.75,H42,-2.254210711,H42
SE,19,1627.43895,329.0339466,2.383007197,1.382384105,2.275215586,1.171172936,0.068616867,0.25,H17,-2.449900866,H17
SE,19,1627.43895,329.0339466,2.487552353,1.313726534,2.389843884,1.149798468,0.079306602,0.5,H17,-2.449900866,H17
SE,19,1627.43895,329.0339466,2.364034997,1.331340489,2.265084326,1.157230983,0.205117941,0.75,H17,-2.449900866,H17
SE,19,1624.789811,331.0141203,2.371108229,2.086309105,2.286148776,1.629055493,0.138313055,0.25,H11,-1.977143168,H11
SE,19,1624.789811,331.0141203,2.414465659,2.17007591,2.343821345,1.74958903,0.242955804,0.5,H11,-1.977143168,H11
SE,19,1624.789811,331.0141203,2.455400912,1.888316403,2.407667506,1.650749106,0.255650401,0.75,H11,-1.977143168,H11
SE,19,1624.269616,329.065587,2.211449355,2.809960062,2.189158087,2.593997307,0.385331154,0.25,H40,-2.155570984,H40
SE,19,1624.269616,329.065587,2.284954079,2.22200752,2.279697415,2.183774866,0.428950191,0.5,H40,-2.155570984,H40
SE,19,1624.269616,329.065587,2.352863562,2.054649879,2.350614583,2.040069056,0.438809514,0.75,H40,-2.155570984,H40
SE,19,1627.610899,338.5002046,2.216762794,1.126468614,2.198088424,1.109162422,0.074432611,0.25,H68,-1.859076262,H68
SE,19,1627.610899,338.5002046,2.247609112,1.206870565,2.219148631,1.166319637,0.170606732,0.5,H68,-1.859076262,H68
SE,19,1627.610899,338.5002046,2.362510126,1.495472138,2.334393688,1.406627219,0.261158228,0.75,H68,-1.859076262,H68
SE,19,1627.304921,337.6516551,2.544483187,1.425930759,2.185786421,1.025815215,0.037336111,0.25,H28,-1.75245595,H28
SE,19,1627.304921,337.6516551,2.591982292,1.624858196,2.365802605,1.118009501,0.077215075,0.5,H28,-1.75245595,H28
SE,19,1627.304921,337.6516551,2.670708217,1.550196196,2.396092032,1.069072159,0.077215075,0.75,H28,-1.75245595,H28
SE,19,1626.142361,336.7277344,2.637246901,1.23614921,2.329458529,1.020204567,0.018147469,0.25,H57,-1.537411571,H57
SE,19,1626.142361,336.7277344,2.563076522,1.701941095,2.232271917,1.058799967,0.093638778,0.5,H57,-1.537411571,H57
SE,19,1626.142361,336.7277344,2.706534622,1.944175334,2.357664637,1.073627756,0.093638778,0.75,H57,-1.537411571,H57
SE,19,1624.55159,336.954126,2.282465475,1.996230876,2.224615963,1.686669514,0.188685775,0.25,H15,-1.702617407,H15
SE,19,1624.55159,336.954126,2.389645554,1.870613751,2.350765586,1.675899403,0.221113443,0.5,H15,-1.702617407,H15
SE,19,1624.55159,336.954126,2.387179004,1.952936245,2.35917117,1.796989646,0.355566025,0.75,H15,-1.702617407,H15
TB,17,335.7716734,5127.660601,2.267977746,1.290919895,2.229877025,1.218792814,0.094695781,0.25,32,-2.913720471,H32
TB,17,335.7716734,5127.660601,2.333038094,1.527966471,2.284191849,1.374428081,0.204478237,0.5,32,-2.913720471,H32
TB,17,335.7716734,5127.660601,2.415962142,1.556595508,2.365466325,1.391028104,0.224323427,0.75,32,-2.913720471,H32
TB,17,334.9903688,5126.583777,2.276802829,2.359667942,2.091246088,1.405688008,0.238981282,0.25,31,-2.794572028,H31
TB,17,334.9903688,5126.583777,2.297346773,2.593744315,2.145552511,1.618774268,0.491367159,0.5,31,-2.794572028,H31
TB,17,334.9903688,5126.583777,2.365306363,2.776801555,2.225291841,1.75898186,0.601379709,0.75,31,-2.794572028,H31
TB,17,333.4318079,5126.425897,2.278169894,1.273461892,2.243984458,1.211543154,0.087664218,0.25,16,-2.924469101,H16
TB,17,333.4318079,5126.425897,2.236176077,1.843032636,2.187323589,1.611348246,0.409941247,0.5,16,-2.924469101,H16
TB,17,333.4318079,5126.425897,2.379001821,2.253507356,2.346868039,2.030212483,0.442863717,0.75,16,-2.924469101,H16
TB,17,335.706902,5125.413844,2.204107665,2.33768519,2.176633924,2.133697482,0.319668229,0.25,10,-2.576140935,H10
TB,17,335.706902,5125.413844,2.363332489,2.84038487,2.337779397,2.591230657,0.414842114,0.5,10,-2.576140935,H10
TB,17,335.706902,5125.413844,2.446597915,2.697949049,2.435473654,2.593070519,0.414842114,0.75,10,-2.576140935,H10
TB,17,333.338699,5124.895673,2.339806138,1.580520198,2.233253348,1.271798892,0.105309188,0.25,29,-2.947721983,H29
TB,17,333.338699,5124.895673,2.506273639,1.579735568,2.34744272,1.182823518,0.105309188,0.5,29,-2.947721983,H29
TB,17,333.338699,5124.895673,2.559429297,1.426283434,2.381183882,1.111229004,0.105309188,0.75,29,-2.947721983,H29
TB,17,334.6827048,5124.462515,2.384632083,3.168060325,2.2490053,1.981070726,0.214655944,0.25,13,-2.52443021,H13
TB,17,334.6827048,5124.462515,2.404660963,2.776844279,2.270451203,1.788205848,0.340395412,0.5,13,-2.52443021,H13
TB,17,334.6827048,5124.462515,2.472957831,2.59328106,2.325715398,1.637758058,0.354994062,0.75,13,-2.52443021,H13
TB,17,332.0392235,5124.130562,2.3059723,2.092331057,2.270242941,1.873343988,0.182026281,0.25,20,-2.769663124,H20
TB,17,332.0392235,5124.130562,2.330921693,2.58344641,2.318713524,2.475136281,0.42533685,0.5,20,-2.769663124,H20
TB,17,332.0392235,5124.130562,2.416289526,2.475844904,2.398588534,2.32969995,0.42533685,0.75,20,-2.769663124,H20
TB,17,336.3060371,5123.644776,2.36938672,2.123989566,2.283569227,1.649169896,0.142564711,0.25,50,-2.434315899,H50
TB,17,336.3060371,5123.644776,2.455551066,1.860159307,2.37218674,1.49324454,0.166787058,0.5,50,-2.434315899,H50
TB,17,336.3060371,5123.644776,2.464080506,2.115589269,2.3760291,1.634313196,0.287002453,0.75,50,-2.434315899,H50
TB,17,332.1647181,5123.114461,2.413937782,1.975681141,2.287876084,1.420370491,0.10771,0.25,41,-2.287958036,H41
TB,17,332.1647181,5123.114461,2.531434958,1.864739125,2.366907606,1.276883663,0.122068306,0.5,41,-2.287958036,H41
TB,17,332.1647181,5123.114461,2.622601968,1.830371275,2.415379809,1.191355869,0.122068306,0.75,41,-2.287958036,H41
TB,17,333.974268,5123.029449,2.217853621,1.727426454,2.193691907,1.619501865,0.201253401,0.25,30,-2.870846024,H30
TB,17,333.974268,5123.029449,2.261507725,1.664336334,2.258267004,1.650133624,0.317061502,0.5,30,-2.870846024,H30
TB,17,333.974268,5123.029449,2.237457913,1.623236489,2.233905937,1.608508951,0.505160859,0.75,30,-2.870846024,H30
TB,17,331.5655829,5121.899998,2.325034053,5.444786085,2.182203632,3.119585558,0.489682626,0.25,12,-2.648146467,H12
TB,17,331.5655829,5121.899998,2.319544394,2.873040605,2.210721065,1.983482628,0.50423146,0.5,12,-2.648146467,H12
TB,17,331.5655829,5121.899998,2.32489963,2.22737811,2.225779766,1.654353991,0.54659187,0.75,12,-2.648146467,H12
TB,17,335.4073345,5122.495085,2.367481296,2.913427006,2.295553867,2.26199594,0.209846735,0.25,53,-2.397988452,H53
TB,17,335.4073345,5122.495085,2.416438104,2.453514625,2.353184394,1.991506538,0.280325878,0.5,53,-2.397988452,H53
TB,17,335.4073345,5122.495085,2.461278088,2.09753396,2.399235315,1.740444085,0.287171963,0.75,53,-2.397988452,H53
TB,17,335.378997,5121.559948,2.399198984,1.451929054,2.343236667,1.30219054,0.070748767,0.25,36,-2.259968159,H36
TB,17,335.378997,5121.559948,2.472018309,1.768424721,2.403412523,1.48400774,0.144827825,0.5,36,-2.259968159,H36
TB,17,335.378997,5121.559948,2.554733445,1.711474069,2.474834157,1.411566731,0.146659462,0.75,36,-2.259968159,H36
TB,17,335.0146581,5121.090356,2.200271333,2.036711793,2.167596168,1.843633083,0.27274685,0.25,42,-2.516512317,H42
TB,17,335.0146581,5121.090356,2.329274205,2.10622482,2.31546446,2.015764608,0.333268809,0.5,42,-2.516512317,H42
TB,17,335.0146581,5121.090356,2.382771634,1.905740452,2.36622299,1.814774334,0.350228991,0.75,42,-2.516512317,H42
TB,17,331.7072703,5120.329292,2.237966331,1.488743493,2.197938031,1.368172366,0.144935758,0.25,35,-2.31102365,H35
TB,17,331.7072703,5120.329292,2.344724764,1.419495145,2.288795944,1.279611955,0.169854041,0.5,35,-2.31102365,H35
TB,17,331.7072703,5120.329292,2.363945906,1.416650443,2.292718191,1.247710884,0.234270333,0.75,35,-2.31102365,H35
TB,17,336.2898443,5120.159267,2.358835686,1.976085295,2.28704373,1.612080107,0.135487662,0.25,46,-2.432509583,H46
TB,17,336.2898443,5120.159267,2.400621557,1.619017045,2.344030869,1.418642501,0.170141726,0.5,46,-2.432509583,H46
TB,17,336.2898443,5120.159267,2.461182442,1.494978574,2.398623396,1.316795964,0.173150751,0.75,46,-2.432509583,H46
TB,17,333.2213009,5120.029725,2.335618044,1.641238812,2.275529735,1.423890659,0.113941558,0.25,40,-2.183022108,H40
TB,17,333.2213009,5120.029725,2.436901472,1.50561592,2.386114265,1.352913029,0.129339129,0.5,40,-2.183022108,H40
TB,17,333.2213009,5120.029725,2.50534617,1.463204372,2.452370306,1.316948583,0.138505391,0.75,40,-2.183022108,H40
TB,17,336.2615068,5119.301047,2.221979305,1.312979932,2.127115932,1.152760802,0.119499093,0.25,47,-2.595977365,H47
TB,17,336.2615068,5119.301047,2.272137861,1.368450006,2.203815048,1.222436863,0.21299845,0.5,47,-2.595977365,H47
TB,17,336.2615068,5119.301047,2.367814506,1.577567994,2.308534478,1.381747901,0.280313291,0.75,47,-2.595977365,H47
TB,17,334.5288728,5118.47926,2.436278407,2.324209182,2.135470851,1.166445481,0.120859323,0.25,5,-2.644479815,H05
TB,17,334.5288728,5118.47926,2.365777051,3.215501682,2.235507761,2.039705384,0.47204836,0.5,5,-2.644479815,H05
TB,17,334.5288728,5118.47926,2.419124358,3.183152486,2.32109541,2.245182061,0.560862137,0.75,5,-2.644479815,H05
TB,17,332.0392235,5118.701912,2.458981617,1.786932481,2.33079343,1.324800281,0.077621773,0.25,25,-2.365464283,H25
TB,17,332.0392235,5118.701912,2.430489917,2.116806244,2.29037533,1.444051173,0.220184404,0.5,25,-2.365464283,H25
TB,17,332.0392235,5118.701912,2.4630168,2.128852826,2.330761676,1.47500049,0.290600141,0.75,25,-2.365464283,H25
TB,17,335.783818,5118.106825,2.251056651,1.449067956,2.193090611,1.295791844,0.130514259,0.25,18,-2.313131227,H18
TB,17,335.783818,5118.106825,2.318334579,1.791372386,2.26678231,1.561637019,0.279649982,0.5,18,-2.313131227,H18
TB,17,335.783818,5118.106825,2.413732054,1.850005924,2.35784155,1.588032545,0.295417058,0.75,18,-2.313131227,H18
TB,17,336.476062,5117.499593,2.467369051,1.251224915,2.29554862,1.06557867,0.038066521,0.25,7,-2.315628653,H07
TB,17,336.476062,5117.499593,2.364417686,1.643333677,2.27414283,1.342598283,0.20257004,0.5,7,-2.315628653,H07
TB,17,336.476062,5117.499593,2.447846858,1.771089867,2.397116872,1.549581117,0.24074764,0.75,7,-2.315628653,H07
TB,17,334.7960547,5116.973326,2.380056854,1.808845522,2.371409226,1.764722061,0.10969849,0.25,37,-2.157910815,H37
TB,17,334.7960547,5116.973326,2.476887347,1.609606969,2.463393979,1.556259229,0.12273068,0.5,37,-2.157910815,H37
TB,17,334.7960547,5116.973326,2.572803463,1.66784549,2.52676736,1.488251343,0.130739991,0.75,37,-2.157910815,H37
TB,17,335.16849,5116.560409,2.279187939,2.012817994,2.227789789,1.72913861,0.193394222,0.25,28,-2.444339221,H28
TB,17,335.16849,5116.560409,2.33768218,2.062907951,2.288214701,1.776913837,0.313245623,0.5,28,-2.444339221,H28
TB,17,335.16849,5116.560409,2.407557127,2.186716087,2.370801958,1.945659448,0.378703956,0.75,28,-2.444339221,H28
TB,17,338.3746726,5117.038097,2.295494952,2.114014168,2.258693333,1.8852831,0.192683085,0.25,49,-2.400159256,H49
TB,17,338.3746726,5117.038097,2.361741859,1.683395149,2.354149583,1.649725129,0.212712182,0.5,49,-2.400159256,H49
TB,17,338.3746726,5117.038097,2.418641435,1.759344655,2.400169579,1.672386058,0.269188764,0.75,49,-2.400159256,H49
TB,17,336.9739918,5118.203982,2.358482126,3.647819607,2.336293824,3.351505468,0.279280491,0.25,4,-2.372614085,H04
TB,17,336.9739918,5118.203982,2.40877024,2.382123779,2.400750153,2.317941795,0.279280491,0.5,4,-2.372614085,H04
TB,17,336.9739918,5118.203982,2.4856255,2.221971517,2.482706695,2.200618631,0.279280491,0.75,4,-2.372614085,H04
TB,17,339.3219538,5117.625088,2.232138346,1.244328858,2.214032427,1.213132083,0.099701572,0.25,11,-2.244854979,H11
TB,17,339.3219538,5117.625088,2.393200709,1.479677502,2.358363275,1.3748541,0.15030244,0.5,11,-2.244854979,H11
TB,17,339.3219538,5117.625088,2.468381878,1.604671919,2.415546646,1.419463252,0.189771376,0.75,11,-2.244854979,H11
TB,17,338.3503833,5117.835595,2.244305418,1.561236453,2.218807078,1.470629134,0.153459305,0.25,14,-2.662285612,H14
TB,17,338.3503833,5117.835595,2.32254172,1.367617358,2.297321359,1.306013544,0.172492561,0.5,14,-2.662285612,H14
TB,17,338.3503833,5117.835595,2.281259477,1.500612385,2.257920609,1.425115676,0.368421538,0.75,14,-2.662285612,H14
TB,17,338.7268668,5119.191745,2.347818484,1.591216429,2.252154406,1.300506354,0.103004765,0.25,27,-2.274051165,H27
TB,17,338.7268668,5119.191745,2.520757097,1.616790589,2.361600954,1.195622895,0.103004765,0.5,27,-2.274051165,H27
TB,17,338.7268668,5119.191745,2.5507867,1.725190686,2.328346096,1.144849425,0.150897106,0.75,27,-2.274051165,H27
TB,17,341.0626841,5119.535843,2.257497115,1.287433812,2.185277652,1.166439759,0.098245365,0.25,44,-2.434047978,H44
TB,17,341.0626841,5119.535843,2.241352465,1.55071064,2.136828368,1.260496643,0.307150583,0.5,44,-2.434047978,H44
TB,17,341.0626841,5119.535843,2.402356425,1.899817491,2.310228062,1.487487404,0.321447974,0.75,44,-2.434047978,H44
TB,17,338.2370334,5120.058062,2.586189245,1.211281649,2.321488558,1.025513877,0.021107882,0.25,48,-2.076595146,H48
TB,17,338.2370334,5120.058062,2.551869206,1.191198024,2.274012717,1.020557775,0.046109712,0.5,48,-2.076595146,H48
TB,17,338.2370334,5120.058062,2.686349911,1.265940542,2.35457164,1.018898013,0.047415608,0.75,48,-2.076595146,H48
TB,17,340.2935242,5120.450739,2.170491459,1.388444206,2.107478116,1.244712498,0.167586342,0.25,22,-2.256058127,H22
TB,17,340.2935242,5120.450739,2.303782603,1.43181438,2.219168755,1.232673357,0.20483903,0.5,22,-2.256058127,H22
TB,17,340.2935242,5120.450739,2.40979249,1.458483381,2.31208253,1.224771816,0.20483903,0.75,22,-2.256058127,H22
TB,17,337.6419465,5120.564089,2.329927445,1.127385627,2.254721143,1.070035249,0.04666916,0.25,6,-2.448938675,H06
TB,17,337.6419465,5120.564089,2.349386655,1.683174745,2.282626307,1.432482575,0.223882528,0.5,6,-2.448938675,H06
TB,17,337.6419465,5120.564089,2.393390797,1.629894742,2.358578431,1.496691447,0.265855015,0.75,6,-2.448938675,H06
TB,17,341.5687104,5121.292766,2.282244485,1.450352078,2.24984772,1.357517251,0.11483149,0.25,24,-2.273866268,H24
TB,17,341.5687104,5121.292766,2.393958796,1.332951033,2.357526863,1.254469833,0.121078633,0.5,24,-2.273866268,H24
TB,17,341.5687104,5121.292766,2.277837799,1.454477578,2.237164143,1.33989671,0.352766193,0.75,24,-2.273866268,H24
TB,17,338.7592525,5121.685443,2.293462723,1.467295362,2.190824891,1.22104952,0.112024966,0.25,15,-2.155825135,H15
TB,17,338.7592525,5121.685443,2.467644269,1.495404877,2.361911131,1.23005879,0.112430965,0.5,15,-2.155825135,H15
TB,17,338.7592525,5121.685443,2.568329865,1.506484705,2.415539464,1.164561255,0.112430965,0.75,15,-2.155825135,H15
TB,17,340.3218617,5122.434362,2.297541916,1.117017793,2.194447942,1.051232895,0.051053905,0.25,51,-2.428089535,H51
TB,17,340.3218617,5122.434362,2.280302089,2.389173376,2.208074458,1.892588643,0.478227009,0.5,51,-2.428089535,H51
TB,17,340.3218617,5122.434362,2.392399413,2.741642893,2.33217566,2.224603001,0.52947203,0.75,51,-2.428089535,H51
TB,17,341.2286608,5122.592242,2.371593061,2.146200579,2.342876904,1.959584441,0.143157655,0.25,8,-2.057041176,H08
TB,17,341.2286608,5122.592242,2.497901678,2.197592531,2.478192189,2.061645507,0.174482173,0.5,8,-2.057041176,H08
TB,17,341.2286608,5122.592242,2.599004044,2.223982366,2.531120833,1.801005166,0.174482173,0.75,8,-2.057041176,H08
TB,17,337.2290291,5122.604386,2.305174685,1.710443915,2.21158694,1.372622413,0.137892204,0.25,17,-2.310528457,H17
TB,17,337.2290291,5122.604386,2.438756621,1.713939399,2.338024239,1.355825278,0.158723901,0.5,17,-2.310528457,H17
TB,17,337.2290291,5122.604386,2.508250546,1.801936349,2.423002558,1.451115696,0.192036325,0.75,17,-2.310528457,H17
TB,17,339.5486535,5123.373546,2.230380308,2.140657145,2.126619884,1.584713634,0.256705122,0.25,23,-2.398243268,H23
TB,17,339.5486535,5123.373546,2.324435805,1.943526912,2.245963793,1.563953192,0.305707927,0.5,23,-2.398243268,H23
TB,17,339.5486535,5123.373546,2.399796243,1.832329939,2.329592125,1.521423919,0.30881044,0.75,23,-2.398243268,H23
TB,17,337.8403088,5123.555716,2.416485219,1.185080888,2.342202969,1.103639101,0.039776108,0.25,9,-2.582304994,H09
TB,17,337.8403088,5123.555716,2.347646159,2.608429383,2.211656589,1.694915224,0.401267121,0.5,9,-2.582304994,H09
TB,17,337.8403088,5123.555716,2.502152452,3.329097463,2.380598462,2.160670678,0.417244932,0.75,9,-2.582304994,H09
TB,17,341.9978207,5124.166996,2.186367771,1.178414975,2.161783234,1.147512245,0.101537678,0.25,21,-2.295605563,H21
TB,17,341.9978207,5124.166996,2.39540367,1.549268018,2.330630782,1.347957772,0.161590088,0.5,21,-2.295605563,H21
TB,17,341.9978207,5124.166996,2.548162055,1.810226743,2.472249536,1.486924841,0.163746076,0.75,21,-2.295605563,H21
TB,17,338.4961189,5124.511093,2.380335566,2.77471771,2.145018536,1.395047889,0.188151379,0.25,19,-2.410009498,H19
TB,17,338.4961189,5124.511093,2.412415954,2.164624192,2.313299744,1.617431976,0.244253918,0.5,19,-2.410009498,H19
TB,17,338.4961189,5124.511093,2.449333572,1.930988243,2.388204354,1.625149041,0.2703822,0.75,19,-2.410009498,H19
TB,17,339.8360764,5125.033313,2.418665707,1.164869909,2.370069473,1.112765147,0.037030194,0.25,34,-2.23077746,H34
TB,17,339.8360764,5125.033313,2.494236093,1.232209912,2.42493734,1.136337074,0.065179881,0.5,34,-2.23077746,H34
TB,17,339.8360764,5125.033313,2.590409734,1.384910557,2.527543015,1.242646423,0.087217972,0.75,34,-2.23077746,H34
TB,17,339.2733752,5125.648641,2.312341679,3.865511755,2.307752638,3.797371318,0.360143085,0.25,43,-2.526005003,H43
TB,17,339.2733752,5125.648641,2.364819179,2.625967595,2.363929643,2.617679269,0.376551003,0.5,43,-2.526005003,H43
TB,17,339.2733752,5125.648641,2.425803164,2.353314424,2.425452992,2.350508488,0.384534764,0.75,43,-2.526005003,H43
TB,17,337.8969837,5125.555532,2.326741009,4.011153626,2.317770526,3.873557622,0.352888295,0.25,39,-2.501341579,H39
TB,17,337.8969837,5125.555532,2.41267687,2.968777414,2.409052848,2.929440445,0.355257278,0.5,39,-2.501341579,H39
TB,17,337.8969837,5125.555532,2.480387234,2.66441178,2.471223671,2.579048272,0.355257278,0.75,39,-2.501341579,H39
TB,17,336.9092205,5125.413844,2.415541422,1.839894651,2.366416208,1.607838718,0.096978605,0.25,1,-2.258562422,H01
TB,17,336.9092205,5125.413844,2.469739819,1.641607824,2.400276778,1.396807077,0.130502654,0.5,1,-2.258562422,H01
TB,17,336.9092205,5125.413844,2.527361794,1.641826321,2.462945769,1.411476376,0.154073108,0.75,1,-2.258562422,H01
TB,17,336.9294615,5126.733561,2.22659193,3.116757773,2.157513343,2.430138512,0.406726472,0.25,26,-2.760470864,H26
TB,17,336.9294615,5126.733561,2.320152031,3.174118656,2.281063035,2.748833214,0.562544434,0.5,26,-2.760470864,H26
TB,17,336.9294615,5126.733561,2.374670167,2.936602189,2.340127961,2.59226335,0.61650341,0.75,26,-2.760470864,H26
TB,17,339.6620034,5126.59997,2.268864921,2.029031844,2.266846314,2.016202435,0.204034166,0.25,33,-2.332990971,H33
TB,17,339.6620034,5126.59997,2.356719387,1.691368996,2.356271362,1.689321712,0.218789845,0.5,33,-2.332990971,H33
TB,17,339.6620034,5126.59997,2.418714178,1.544342821,2.418465014,1.543414183,0.218789845,0.75,33,-2.332990971,H33
TB,17,338.4637332,5127.223394,2.301417915,1.542159655,2.26002256,1.405978754,0.118496361,0.25,2,-2.226993205,H02
TB,17,338.4637332,5127.223394,2.391368014,1.384139412,2.377829482,1.348444883,0.132896698,0.5,2,-2.226993205,H02
TB,17,338.4637332,5127.223394,2.46058053,1.356572125,2.451268307,1.333288671,0.143185485,0.75,2,-2.226993205,H02
TB,17,337.0185221,5121.604479,2.289275928,2.578475397,2.218711016,2.034877292,0.252312372,0.25,3,-2.358827456,H03
TB,17,337.0185221,5121.604479,2.372807101,2.024335543,2.335298071,1.807664347,0.264036757,0.5,3,-2.358827456,H03
TB,17,337.0185221,5121.604479,2.464854283,1.990155627,2.447526682,1.887677219,0.264036757,0.75,3,-2.358827456,H03
TB,18,334.3640552,5125.189784,2.311477251,6.856467825,2.201102238,4.401326819,0.656602576,0.25,U15,-2.801531719,H11
TB,18,334.3640552,5125.189784,2.351136687,4.406335569,2.271977281,3.245487335,0.704472694,0.5,U15,-2.801531719,H11
TB,18,334.3640552,5125.189784,2.38159484,3.40273083,2.313583111,2.647300586,0.705603833,0.75,U15,-2.801531719,H11
TB,18,333.3446005,5124.655812,2.451764453,1.064135047,2.335510655,1.024859256,0.019651869,0.25,U22,-2.921716387,H14
TB,18,333.3446005,5124.655812,2.422765163,1.060984041,2.351111792,1.03404802,0.04320564,0.5,U22,-2.921716387,H14
TB,18,333.3446005,5124.655812,2.30961232,1.138138039,2.250839506,1.086807659,0.15905056,0.75,U22,-2.921716387,H14
TB,18,335.6028288,5125.398355,2.270021795,3.64167947,2.269106052,3.628882281,0.402739923,0.25,U12,-2.607169785,H31
TB,18,335.6028288,5125.398355,2.377591503,3.069433521,2.376637479,3.058571518,0.426755877,0.5,U12,-2.607169785,H31
TB,18,335.6028288,5125.398355,2.407188847,2.632180261,2.406811896,2.628652563,0.474884154,0.75,U12,-2.607169785,H31
TB,18,336.033344,5124.789272,2.593093005,1.122176661,2.351786166,1.017271035,0.015279431,0.25,U06,-2.129744356,H16
TB,18,336.033344,5124.789272,2.76067758,1.12306172,2.35309162,1.004392943,0.015279431,0.5,U06,-2.129744356,H16
TB,18,336.033344,5124.789272,2.856840209,1.121780209,2.36218586,1.00210824,0.015279431,0.75,U06,-2.129744356,H16
TB,18,335.7733903,5123.704618,2.150152692,2.720785089,1.9557293,1.506875384,0.479107348,0.25,U25,-2.828843513,H15
TB,18,335.7733903,5123.704618,2.346265912,3.341703093,2.233370131,2.230541839,0.534149003,0.5,U25,-2.828843513,H15
TB,18,335.7733903,5123.704618,2.430041227,3.391094816,2.32748785,2.339688743,0.574684144,0.75,U25,-2.828843513,H15
TB,18,334.3680953,5123.629545,2.234473651,2.270005304,2.20342117,2.05124541,0.271725495,0.25,U14,-2.914286187,H48
TB,18,334.3680953,5123.629545,2.287850627,2.003094888,2.243809433,1.757390906,0.370706755,0.5,U14,-2.914286187,H48
TB,18,334.3680953,5123.629545,2.322827696,1.760846905,2.287304893,1.601004076,0.401477436,0.75,U14,-2.914286187,H48
TB,18,332.9303036,5123.229076,2.143355824,1.887187449,2.128273946,1.805404004,0.311726535,0.25,U07,-2.800599363,H39
TB,18,332.9303036,5123.229076,2.246732284,1.949465335,2.221809962,1.81000387,0.424085375,0.5,U07,-2.800599363,H39
TB,18,332.9303036,5123.229076,2.30949117,2.018130828,2.283169501,1.862429355,0.513275262,0.75,U07,-2.800599363,H39
TB,18,332.6703421,5121.560375,2.286058817,1.104874715,2.253473957,1.08089804,0.050551008,0.25,U24,-2.72219061,H38
TB,18,332.6703421,5121.560375,2.238946551,1.303966774,2.213377471,1.251462322,0.219056271,0.5,U24,-2.72219061,H38
TB,18,332.6703421,5121.560375,2.268654416,1.566133555,2.245937665,1.484130705,0.418251119,0.75,U24,-2.72219061,H38
TB,18,337.446771,5125.506795,2.34408973,2.704624566,2.192245736,1.669102348,0.212399504,0.25,U29,-2.433797889,H44
TB,18,337.446771,5125.506795,2.420831622,2.331108661,2.315078063,1.685185417,0.258695283,0.5,U29,-2.433797889,H44
TB,18,337.446771,5125.506795,2.511438655,2.53921655,2.451471648,2.075606977,0.295072975,0.75,U29,-2.433797889,H44
TB,18,340.3629554,5125.239762,2.315025796,1.491258908,2.222352423,1.25147384,0.105517957,0.25,U19,-2.314073081,H29
TB,18,340.3629554,5125.239762,2.406425543,1.71013152,2.358742755,1.514740742,0.180955548,0.5,U19,-2.314073081,H29
TB,18,340.3629554,5125.239762,2.460286419,1.621038672,2.428879403,1.501179949,0.19953183,0.75,U19,-2.314073081,H29
TB,18,339.8430623,5124.121737,2.231362554,1.819725851,2.131143371,1.415720197,0.205357398,0.25,U13,-2.448600018,H37
TB,18,339.8430623,5124.121737,2.333939123,1.909569998,2.285190864,1.662613825,0.286855587,0.5,U13,-2.448600018,H37
TB,18,339.8430623,5124.121737,2.369054329,1.701217055,2.346397019,1.602745404,0.314560147,0.75,U13,-2.448600018,H37
TB,18,338.8520436,5123.971568,2.370414109,1.368140046,2.231172476,1.128626396,0.070734401,0.25,U21,-2.253367102,H20
TB,18,338.8520436,5123.971568,2.439587154,1.37089603,2.35806949,1.202650619,0.106559907,0.5,U21,-2.253367102,H20
TB,18,338.8520436,5123.971568,2.515243146,1.31805056,2.437517248,1.177382368,0.106847396,0.75,U21,-2.253367102,H20
TB,18,337.6335741,5123.496004,2.397790363,1.142328728,2.333793767,1.085845551,0.037330462,0.25,U20,-2.558512336,H27
TB,18,337.6335741,5123.496004,2.407726751,3.325365025,2.271692838,2.060150742,0.411447152,0.5,U20,-2.558512336,H27
TB,18,337.6335741,5123.496004,2.435368701,2.679458508,2.35949482,2.070634614,0.431219733,0.75,U20,-2.558512336,H27
TB,18,336.471966,5123.003752,2.642257768,1.03258965,2.361503918,1.003200523,0.006294867,0.25,U04,-2.277422161,H17
TB,18,336.471966,5123.003752,2.514066831,1.74114064,2.263343683,1.119117261,0.118823888,0.5,U04,-2.277422161,H17
TB,18,336.471966,5123.003752,2.537603,1.631133773,2.348486404,1.159497688,0.146116972,0.75,U04,-2.277422161,H17
TB,18,337.9503599,5122.444716,2.629452391,1.036035579,2.325755483,1.002929467,0.006987296,0.25,U23,-2.006065347,H05
TB,18,337.9503599,5122.444716,2.796119057,1.036035579,2.325623531,1.000732367,0.006987296,0.5,U23,-2.006065347,H05
TB,18,337.9503599,5122.444716,2.893612808,1.036035579,2.325599079,1.000325496,0.006987296,0.75,U23,-2.006065347,H05
TB,18,339.8024303,5122.936958,2.242181629,1.126574549,2.226936364,1.112255878,0.066995387,0.25,U03,-2.473551663,H42
TB,18,339.8024303,5122.936958,2.299189134,1.110909546,2.295169828,1.107439565,0.098585911,0.5,U03,-2.473551663,H42
TB,18,339.8024303,5122.936958,2.29433046,1.158396952,2.28516728,1.147516604,0.182348229,0.75,U03,-2.473551663,H42
TB,18,339.6724414,5121.535248,2.189357398,1.143973348,2.171426614,1.125125127,0.089370093,0.25,U02,-2.327423203,H46
TB,18,339.6724414,5121.535248,2.184248574,1.26691743,2.150348562,1.206817451,0.255626124,0.5,U02,-2.327423203,H46
TB,18,339.6724414,5121.535248,2.273549843,1.35995154,2.235067778,1.271529864,0.313378772,0.75,U02,-2.327423203,H46
TB,18,340.3872659,5121.026283,2.241524501,1.241814795,2.117683911,1.092483401,0.095336585,0.25,U11,-2.444039663,H41
TB,18,340.3872659,5121.026283,2.189884933,1.43542454,2.09003964,1.209206039,0.330569231,0.5,U11,-2.444039663,H41
TB,18,340.3872659,5121.026283,2.362956931,1.755084096,2.298409955,1.488651453,0.338123855,0.75,U11,-2.444039663,H41
TB,18,339.4693363,5119.524463,2.122507991,1.582136615,2.076971573,1.424508581,0.260426751,0.25,U08,-2.482197018,H45
TB,18,339.4693363,5119.524463,2.331030698,2.137365001,2.266841184,1.758446169,0.337144778,0.5,U08,-2.482197018,H45
TB,18,339.4693363,5119.524463,2.33541635,2.079212128,2.285039125,1.78481798,0.479211443,0.75,U08,-2.482197018,H45
TB,18,340.1110592,5119.466049,2.330680558,1.913539987,2.25274925,1.546602329,0.145801059,0.25,U28,-2.174540934,H36
TB,18,340.1110592,5119.466049,2.427582205,1.752983593,2.351933918,1.450825003,0.171984439,0.5,U28,-2.174540934,H36
TB,18,340.1110592,5119.466049,2.501451198,1.64412008,2.395262626,1.305425674,0.171984439,0.75,U28,-2.174540934,H36
TB,18,338.3564568,5118.306324,2.244179852,1.611500385,2.192967088,1.42933852,0.16183247,0.25,U05,-2.592040384,H18
TB,18,338.3564568,5118.306324,2.22583489,1.608057939,2.172041798,1.419075905,0.348110919,0.5,U05,-2.592040384,H18
TB,18,338.3564568,5118.306324,2.312115309,1.563530174,2.257777736,1.385396803,0.348110919,0.75,U05,-2.592040384,H18
TB,18,337.3492253,5120.542401,2.301056296,1.993201551,2.191892098,1.482915398,0.174292954,0.25,U27,-2.300453061,H61
TB,18,337.3492253,5120.542401,2.37354012,1.535630254,2.275356823,1.26498008,0.174292954,0.5,U27,-2.300453061,H61
TB,18,337.3492253,5120.542401,2.477572597,1.594288158,2.391107588,1.32327488,0.180718181,0.75,U27,-2.300453061,H61
TB,18,336.9267916,5118.13113,2.268841974,2.531285845,2.263845361,2.487424096,0.268764923,0.25,U26,-2.338687474,H19
TB,18,336.9267916,5118.13113,2.342214578,1.906303035,2.336501981,1.873969409,0.276497398,0.5,U26,-2.338687474,H19
TB,18,336.9267916,5118.13113,2.425815513,1.829355842,2.423330399,1.816187277,0.276497398,0.75,U26,-2.338687474,H19
TB,18,335.5946165,5118.915439,2.318337398,2.685648448,2.20481944,1.848417387,0.234488112,0.25,U10,-2.604997701,H47
TB,18,335.5946165,5118.915439,2.301255065,2.531494628,2.204977002,1.851537718,0.469787168,0.5,U10,-2.604997701,H47
TB,18,335.5946165,5118.915439,2.32793414,2.297577807,2.246630766,1.782094922,0.560960674,0.75,U10,-2.604997701,H47
TB,18,333.6613121,5118.164549,2.424284604,1.312359662,2.309540319,1.130534157,0.051460715,0.25,U30,-2.123602071,H03
TB,18,333.6613121,5118.164549,2.587601447,1.304776046,2.43689569,1.095692639,0.051460715,0.5,U30,-2.123602071,H03
TB,18,333.6613121,5118.164549,2.676950832,1.287024146,2.508558495,1.077853912,0.051460715,0.75,U30,-2.123602071,H03
TB,18,333.7669324,5119.64135,2.330801772,1.684628967,2.289580373,1.518047015,0.121098075,0.25,U01,-2.550557513,H51
TB,18,333.7669324,5119.64135,2.265592115,2.107401352,2.235823212,1.919993116,0.43463935,0.5,U01,-2.550557513,H51
TB,18,333.7669324,5119.64135,2.394595959,2.374090203,2.372592222,2.204740773,0.442538346,0.75,U01,-2.550557513,H51
TB,18,333.6613445,5120.534109,2.355786212,5.780772145,2.292833462,4.494775347,0.458384237,0.25,U17,-2.604130307,H49
TB,18,333.6613445,5120.534109,2.334894815,3.021307353,2.30316403,2.691237543,0.50073103,0.5,U17,-2.604130307,H49
TB,18,333.6613445,5120.534109,2.380330521,2.549826874,2.359420601,2.371359088,0.511535844,0.75,U17,-2.604130307,H49
TB,18,336.0820414,5121.802291,2.318470752,1.690564079,2.249682879,1.43125172,0.12816315,0.25,U09,-2.257532714,H33
TB,18,336.0820414,5121.802291,2.389624654,1.65871578,2.357035672,1.528237247,0.185113352,0.5,U09,-2.257532714,H33
TB,18,336.0820414,5121.802291,2.451967349,1.534949104,2.436404036,1.480341343,0.188530987,0.75,U09,-2.257532714,H33
TB,18,338.2915056,5120.717602,2.421316894,1.904092578,2.24469199,1.266575616,0.099332771,0.25,U18,-2.219953365,H40
TB,18,338.2915056,5120.717602,2.435402853,1.441052078,2.356611165,1.248615284,0.119978257,0.5,U18,-2.219953365,H40
TB,18,338.2915056,5120.717602,2.46492053,1.33342301,2.414165869,1.2288563,0.135313346,0.75,U18,-2.219953365,H40
TB,18,335.1844211,5120.398506,2.207545812,2.461873283,2.195479282,2.361681825,0.335506058,0.25,U16,-2.397566627,H34
TB,18,335.1844211,5120.398506,2.308494212,1.998188739,2.303310576,1.966332604,0.339097629,0.5,U16,-2.397566627,H34
TB,18,335.1844211,5120.398506,2.367003476,1.778747344,2.363899371,1.763174958,0.339097629,0.75,U16,-2.397566627,H34
TB,19,333.4884993,5124.979054,2.592633348,1.024213431,2.496062656,1.010916177,0.006655931,0.25,H15,-2.913650036,H15
TB,19,333.4884993,5124.979054,2.515989954,1.100756027,2.350833811,1.026442886,0.038048506,0.5,H15,-2.913650036,H15
TB,19,333.4884993,5124.979054,2.270054692,1.639627288,2.077153425,1.157300512,0.448274136,0.75,H15,-2.913650036,H15
TB,19,333.9156272,5126.209489,2.291359569,5.270492994,2.226771335,4.080217767,0.544624329,0.25,H37,-2.710011721,H37
TB,19,333.9156272,5126.209489,2.327122179,3.307180004,2.303128575,3.023170635,0.571848154,0.5,H37,-2.710011721,H37
TB,19,333.9156272,5126.209489,2.360975168,2.621874645,2.340735083,2.442140641,0.572882414,0.75,H37,-2.710011721,H37
TB,19,335.4446221,5125.321682,2.419932909,4.991797499,2.31199749,3.278101124,0.301538944,0.25,H35,-2.458183527,H35
TB,19,335.4446221,5125.321682,2.432667203,3.104121301,2.39075536,2.663424398,0.343681097,0.5,H35,-2.458183527,H35
TB,19,335.4446221,5125.321682,2.451911944,2.346124613,2.437670658,2.236320768,0.343681097,0.75,H35,-2.458183527,H35
TB,19,337.443705,5125.39953,2.230012688,2.576930569,2.227883753,2.557648755,0.322605848,0.25,H05,-2.457700729,H05
TB,19,337.443705,5125.39953,2.413710409,3.001202713,2.405537587,2.912212126,0.358088493,0.5,H05,-2.457700729,H05
TB,19,337.443705,5125.39953,2.452441237,2.431345232,2.446108121,2.378952331,0.358088493,0.75,H05,-2.457700729,H05
TB,19,338.2827504,5124.457219,2.296745449,2.880237376,2.259883697,2.52373592,0.277980804,0.25,H33,-2.408496618,H33
TB,19,338.2827504,5124.457219,2.341529534,2.124221494,2.309141158,1.919073427,0.320197582,0.5,H33,-2.408496618,H33
TB,19,338.2827504,5124.457219,2.409424722,1.935673576,2.386272749,1.80711968,0.320256233,0.75,H33,-2.408496618,H33
TB,19,340.0164721,5124.797253,2.30448417,1.124049034,2.275865363,1.098940993,0.051154137,0.25,J12,-2.194731236,J12
TB,19,340.0164721,5124.797253,2.52329115,1.219371985,2.449893119,1.124458052,0.055979967,0.5,J12,-2.194731236,J12
TB,19,340.0164721,5124.797253,2.536381463,1.272678997,2.440486465,1.130979481,0.089715958,0.75,J12,-2.194731236,J12
TB,19,338.7932727,5125.243759,2.373644848,1.450037643,2.332299613,1.334821977,0.078486681,0.25,H18,-2.193862677,H18
TB,19,338.7932727,5125.243759,2.505793371,1.500622503,2.456164296,1.352211865,0.096540689,0.5,H18,-2.193862677,H18
TB,19,338.7932727,5125.243759,2.616098765,1.578266381,2.542373973,1.344427929,0.099889278,0.75,H18,-2.193862677,H18
TB,19,339.8445912,5122.959382,2.236132821,1.216640842,2.215357377,1.184907382,0.09176445,0.25,H51,-2.4485116,H51
TB,19,339.8445912,5122.959382,2.336360023,1.129748989,2.329410782,1.122859299,0.09176445,0.5,H51,-2.4485116,H51
TB,19,339.8445912,5122.959382,2.199498753,1.112882135,2.186973947,1.102229504,0.22594142,0.75,H51,-2.4485116,H51
TB,19,337.8379387,5123.758937,2.174831772,2.225271339,2.117802733,1.859885261,0.339685202,0.25,H14,-2.586954832,H14
TB,19,337.8379387,5123.758937,2.336410376,2.806044521,2.316765774,2.614892346,0.45758152,0.5,H14,-2.586954832,H14
TB,19,337.8379387,5123.758937,2.404863053,2.683629661,2.393990425,2.581784291,0.4904356,0.75,H14,-2.586954832,H14
TB,19,336.2861908,5124.091229,2.52837487,1.983577568,2.42895338,1.511129187,0.067280293,0.25,H28,-2.203117132,H28
TB,19,336.2861908,5124.091229,2.505956781,1.558078218,2.428636394,1.323031401,0.103024483,0.5,H28,-2.203117132,H28
TB,19,336.2861908,5124.091229,2.59725228,1.534884895,2.532134249,1.337475156,0.103024483,0.75,H28,-2.203117132,H28
TB,19,336.286175,5122.949048,2.265755157,1.135610864,2.186466983,1.072269162,0.063003063,0.25,H02,-2.34236598,H02
TB,19,336.286175,5122.949048,2.314336445,1.399385493,2.276417485,1.303480531,0.187276363,0.5,H02,-2.34236598,H02
TB,19,336.286175,5122.949048,2.397692324,1.601257697,2.375014398,1.514978326,0.253743172,0.75,H02,-2.34236598,H02
TB,19,335.8514961,5123.95625,2.324310508,5.543900373,2.248804738,4.107019341,0.500408411,0.25,H31,-2.721822262,H31
TB,19,335.8514961,5123.95625,2.39683916,4.381190736,2.345274074,3.584530027,0.579023361,0.5,H31,-2.721822262,H31
TB,19,335.8514961,5123.95625,2.446822996,3.791123562,2.402289874,3.198919131,0.604841709,0.75,H31,-2.721822262,H31
TB,19,334.8152934,5122.782933,2.24064669,4.425027733,2.172036504,3.391279309,0.56019187,0.25,H50,-2.886746168,H50
TB,19,334.8152934,5122.782933,2.314815127,3.099763395,2.239420429,2.366025853,0.56019187,0.5,H50,-2.886746168,H50
TB,19,334.8152934,5122.782933,2.348859525,3.127783469,2.257002393,2.256311576,0.736707926,0.75,H50,-2.886746168,H50
TB,19,334.421062,5124.600045,2.367481744,2.232262139,2.192792299,1.389773095,0.153045893,0.25,H57,-2.374634266,H57
TB,19,334.421062,5124.600045,2.43813954,2.175680783,2.298595473,1.47296124,0.220896721,0.5,H57,-2.374634266,H57
TB,19,334.421062,5124.600045,2.526625542,2.245042309,2.367792232,1.441546449,0.2385602,0.75,H57,-2.374634266,H57
TB,19,333.7260461,5123.662947,2.533699683,1.053517682,2.3596318,1.012834878,0.01273489,0.25,H39,-2.542331696,H39
TB,19,333.7260461,5123.662947,2.664007901,1.078116417,2.378374509,1.007515238,0.018004179,0.5,H39,-2.542331696,H39
TB,19,333.7260461,5123.662947,2.761501651,1.078116417,2.378045988,1.003337937,0.018004179,0.75,H39,-2.542331696,H39
TB,19,332.6797522,5123.79535,2.307345763,2.046875458,2.222684674,1.605407427,0.175876617,0.25,H47,-2.787762403,H47
TB,19,332.6797522,5123.79535,2.284028744,2.014409523,2.188691157,1.543902888,0.379477262,0.5,H47,-2.787762403,H47
TB,19,332.6797522,5123.79535,2.368055711,2.033345492,2.262266859,1.51665075,0.406335831,0.75,H47,-2.787762403,H47
TB,19,332.6898532,5123.195705,2.31936707,1.810529778,2.218181553,1.407776735,0.141383648,0.25,H17,-2.529925346,H17
TB,19,332.6898532,5123.195705,2.389886943,1.828618154,2.290521116,1.423240415,0.213916063,0.5,H17,-2.529925346,H17
TB,19,332.6898532,5123.195705,2.407895379,1.88821081,2.298868959,1.426836668,0.311470032,0.75,H17,-2.529925346,H17
TB,19,332.7201681,5122.279363,2.26972432,1.271292425,2.245088096,1.2255668,0.09039402,0.25,H40,-2.161733866,H40
TB,19,332.7201681,5122.279363,2.451728694,1.303851607,2.392669232,1.19512493,0.09039402,0.5,H40,-2.161733866,H40
TB,19,332.7201681,5122.279363,2.522322285,1.248873139,2.409281628,1.103890607,0.09039402,0.75,H40,-2.161733866,H40
TB,19,333.6072071,5119.525137,2.29811062,3.666302929,2.238089826,2.924391348,0.36095643,0.25,H11,-2.480119228,H11
TB,19,333.6072071,5119.525137,2.346226599,2.537760785,2.328960501,2.390071249,0.39079237,0.5,H11,-2.480119228,H11
TB,19,333.6072071,5119.525137,2.412614601,2.430987111,2.394601593,2.286163482,0.422520161,0.75,H11,-2.480119228,H11
TB,19,334.188499,5120.737399,2.234429168,2.903607674,2.216112673,2.716770087,0.363542795,0.25,H16,-2.603974581,H16
TB,19,334.188499,5120.737399,2.29026618,2.285162551,2.286029869,2.252951494,0.434479713,0.5,H16,-2.603974581,H16
TB,19,334.188499,5120.737399,2.332935709,2.060820917,2.331280136,2.050018579,0.478601933,0.75,H16,-2.603974581,H16
TB,19,335.0098562,5120.005353,2.319806949,1.517916336,2.282894395,1.399753947,0.106776714,0.25,H67,-2.33925128,H67
TB,19,335.0098562,5120.005353,2.414135337,1.832200831,2.348430247,1.537721903,0.193935871,0.5,H67,-2.33925128,H67
TB,19,335.0098562,5120.005353,2.497024396,1.795136739,2.42823527,1.501386844,0.200116634,0.75,H67,-2.33925128,H67
TB,19,335.3055639,5121.137147,2.352191269,1.204147277,2.249833615,1.091813907,0.054818392,0.25,H65,-2.216025352,H65
TB,19,335.3055639,5121.137147,2.438966223,1.49591441,2.319404829,1.207420884,0.126750946,0.5,H65,-2.216025352,H65
TB,19,335.3055639,5121.137147,2.534637307,1.50607443,2.435700263,1.247775937,0.129279375,0.75,H65,-2.216025352,H65
TB,19,337.2541067,5121.638122,2.352777273,2.981275038,2.344985968,2.897071136,0.228959799,0.25,H01,-2.336226463,H01
TB,19,337.2541067,5121.638122,2.373157759,2.157609014,2.372630849,2.153901501,0.286388159,0.5,H01,-2.336226463,H01
TB,19,337.2541067,5121.638122,2.423460188,1.8775361,2.423805643,1.879470139,0.289650202,0.75,H01,-2.336226463,H01
TB,19,337.9440625,5122.162478,2.319229781,2.213955756,2.282957855,1.971157763,0.185135603,0.25,H70,-2.256568909,H70
TB,19,337.9440625,5122.162478,2.365982597,1.8914974,2.350939472,1.809580771,0.247785568,0.5,H70,-2.256568909,H70
TB,19,337.9440625,5122.162478,2.413084299,1.689471855,2.403152949,1.645385218,0.2591573,0.75,H70,-2.256568909,H70
TB,19,338.4292882,5121.238342,2.236347228,1.484856336,2.225057268,1.448036217,0.145220041,0.25,H41,-2.259577036,H41
TB,19,338.4292882,5121.238342,2.308949064,1.363670067,2.294353053,1.327148062,0.181390524,0.5,H41,-2.259577036,H41
TB,19,338.4292882,5121.238342,2.354483227,1.412022645,2.341796453,1.376328265,0.242084503,0.75,H41,-2.259577036,H41
TB,19,338.4191694,5120.540054,2.283747821,1.183580142,2.253623936,1.145432562,0.068778515,0.25,H54,-2.163832188,H54
TB,19,338.4191694,5120.540054,2.363495117,1.183050842,2.330962423,1.1423094,0.098574638,0.5,H54,-2.163832188,H54
TB,19,338.4191694,5120.540054,2.401434345,1.251407162,2.349896292,1.169908922,0.150289774,0.75,H54,-2.163832188,H54
TB,19,339.0332925,5120.044235,2.608996187,1.658045723,2.393499697,1.136361829,0.037145615,0.25,H42,-2.107126951,H42
TB,19,339.0332925,5120.044235,2.55270299,1.51206912,2.408246281,1.177641396,0.080516338,0.5,H42,-2.107126951,H42
TB,19,339.0332925,5120.044235,2.598487645,1.514387456,2.444661234,1.166099314,0.100106239,0.75,H42,-2.107126951,H42
TB,19,340.8377834,5120.781436,2.277953431,1.47146224,2.272966902,1.455287215,0.120121717,0.25,H48,-2.500316381,H48
TB,19,340.8377834,5120.781436,2.252104127,1.732457465,2.250778927,1.726113864,0.350596428,0.5,H48,-2.500316381,H48
TB,19,340.8377834,5120.781436,2.319610981,1.818708963,2.316437663,1.802106415,0.426472664,0.75,H48,-2.500316381,H48
TB,19,340.6558018,5119.550998,2.267453962,1.916479272,2.142759566,1.39549831,0.190053463,0.25,H34,-2.270845413,H34
TB,19,340.6558018,5119.550998,2.40988149,1.980675066,2.292652626,1.449989774,0.219829082,0.5,H34,-2.270845413,H34
TB,19,340.6558018,5119.550998,2.43622766,1.891599583,2.318131788,1.401924006,0.277539372,0.75,H34,-2.270845413,H34
TB,19,339.9228803,5118.891658,2.332134812,1.039933554,2.305685437,1.03216987,0.025353432,0.25,H27,-2.445162773,H27
TB,19,339.9228803,5118.891658,2.41564063,1.079988565,2.388125047,1.064114875,0.051204443,0.5,H27,-2.445162773,H27
TB,19,339.9228803,5118.891658,2.408954348,1.110625132,2.386396656,1.092494126,0.093554258,0.75,H27,-2.445162773,H27
TB,19,338.59352,5118.237518,2.226327204,1.69467485,2.203421678,1.595993294,0.188717127,0.25,H03,-2.568306684,H03
TB,19,338.59352,5118.237518,2.397425973,1.715289899,2.358646918,1.551367715,0.188717127,0.5,H03,-2.568306684,H03
TB,19,338.59352,5118.237518,2.342020803,1.690822295,2.300447482,1.521659498,0.348699093,0.75,H03,-2.568306684,H03
TB,19,337.7393212,5119.904077,2.305873475,1.817207031,2.284832593,1.71248571,0.150337696,0.25,H23,-2.337627649,H23
TB,19,337.7393212,5119.904077,2.401374811,1.851242087,2.376615444,1.724924743,0.207526445,0.5,H23,-2.337627649,H23
TB,19,337.7393212,5119.904077,2.425729264,1.884969819,2.394406829,1.722652632,0.288514376,0.75,H23,-2.337627649,H23
TB,19,337.4360339,5118.94361,2.313444479,1.334146929,2.282538528,1.266153905,0.084791183,0.25,H36,-2.577240229,H36
TB,19,337.4360339,5118.94361,2.230612085,2.082145558,2.189907747,1.837767186,0.494911432,0.5,H36,-2.577240229,H36
TB,19,337.4360339,5118.94361,2.316474491,2.066715915,2.280448797,1.850483684,0.514431477,0.75,H36,-2.577240229,H36
TB,19,336.7081854,5119.608162,2.328113633,3.190661872,2.209491873,2.102992856,0.273685455,0.25,H20,-2.520367622,H20
TB,19,336.7081854,5119.608162,2.34050679,2.047723974,2.272539584,1.677576844,0.306605339,0.5,H20,-2.520367622,H20
TB,19,336.7081854,5119.608162,2.394716372,1.796591236,2.349652469,1.591025028,0.306605339,0.75,H20,-2.520367622,H20
TB,19,335.8236329,5119.379738,2.394418024,1.053431792,2.348099099,1.036647431,0.02270937,0.25,H52,-2.587504148,H52
TB,19,335.8236329,5119.379738,2.252432998,1.199826323,2.210398176,1.144500713,0.164083958,0.5,H52,-2.587504148,H52
TB,19,335.8236329,5119.379738,2.257703293,1.269837088,2.209299189,1.187219433,0.284227371,0.75,H52,-2.587504148,H52
TB,19,335.3636587,5118.751545,2.271810083,1.674945751,2.169007505,1.329570329,0.153394222,0.25,H68,-2.171485662,H68
TB,19,335.3636587,5118.751545,2.370672691,1.440229413,2.247988642,1.177792816,0.156869411,0.5,H68,-2.171485662,H68
TB,19,335.3636587,5118.751545,2.472965372,1.4606626,2.324200233,1.152771998,0.157954931,0.75,H68,-2.171485662,H68
TB,19,333.9079391,5118.445252,2.439017871,1.776980476,2.394987999,1.579872968,0.083656788,0.25,H38,-2.131422997,H38
TB,19,333.9079391,5118.445252,2.609201296,1.824690791,2.501450757,1.396662739,0.085662127,0.5,H38,-2.131422997,H38
TB,19,333.9079391,5118.445252,2.604715729,1.637193916,2.499611426,1.30423696,0.111187935,0.75,H38,-2.131422997,H38
TB,19,336.2431424,5117.957197,2.511283119,1.350424022,2.399607109,1.151230436,0.038269758,0.25,H46,-2.075619221,H46
TB,19,336.2431424,5117.957197,2.584461167,1.356068198,2.419192098,1.100991625,0.05697751,0.5,H46,-2.075619221,H46
TB,19,336.2431424,5117.957197,2.706524751,1.424480242,2.462330658,1.065367493,0.05697751,0.75,H46,-2.075619221,H46
TM,17,-84.36987092,-28.37612657,2.387944149,1.698408827,2.27394604,1.315353694,0.096686711,0.25,28,-2.149786778,H28
TM,17,-84.36987092,-28.37612657,2.563574342,1.873596519,2.392008991,1.265911948,0.107506978,0.5,28,-2.149786778,H28
TM,17,-84.36987092,-28.37612657,2.630212564,1.715260064,2.409461187,1.144390339,0.107506978,0.75,28,-2.149786778,H28
TM,17,-82.3881766,-28.98136314,2.318800253,1.359997402,2.236789812,1.195615544,0.086546562,0.25,29,-2.21868856,H29
TM,17,-82.3881766,-28.98136314,2.441433454,1.288626455,2.304662464,1.100799947,0.091649956,0.5,29,-2.21868856,H29
TM,17,-82.3881766,-28.98136314,2.435564052,1.330736888,2.267221848,1.090893201,0.152179845,0.75,29,-2.21868856,H29
TM,17,-81.72423815,-28.6332003,2.252113087,1.699131307,2.206188853,1.512586218,0.170209885,0.25,30,-2.279468254,H30
TM,17,-81.72423815,-28.6332003,2.342792445,1.594310675,2.311365191,1.478904725,0.211036662,0.5,30,-2.279468254,H30
TM,17,-81.72423815,-28.6332003,2.431651498,1.570644387,2.405364404,1.476084134,0.213373139,0.75,30,-2.279468254,H30
TM,17,-81.12507419,-28.05832677,2.322105222,1.561688311,2.220292705,1.271586923,0.111092782,0.25,36,-2.343017629,H36
TM,17,-81.12507419,-28.05832677,2.445809334,2.159332694,2.335254854,1.568533043,0.211921409,0.5,36,-2.343017629,H36
TM,17,-81.12507419,-28.05832677,2.484209947,2.060056801,2.413171141,1.672290803,0.254997113,0.75,36,-2.343017629,H36
TM,17,-84.69576754,-27.31342022,2.2303587,2.366773645,2.125230839,1.708606233,0.290965162,0.25,33,-2.411525753,H33
TM,17,-84.69576754,-27.31342022,2.325228141,2.303656536,2.282448196,2.004325575,0.379440326,0.5,33,-2.411525753,H33
TM,17,-84.69576754,-27.31342022,2.350933527,1.989182167,2.318796883,1.806456894,0.423781002,0.75,33,-2.411525753,H33
TM,17,-82.64727453,-27.41058194,2.427881795,1.221126164,2.361258706,1.13233977,0.041805186,0.25,20,-2.124195568,H20
TM,17,-82.64727453,-27.41058194,2.608969101,1.311876496,2.460268084,1.099685376,0.047703566,0.5,20,-2.124195568,H20
TM,17,-82.64727453,-27.41058194,2.701934216,1.301678005,2.462787198,1.046420334,0.047703566,0.75,20,-2.124195568,H20
TM,17,-78.92274178,-27.44296918,2.229901267,1.961392065,2.162341201,1.619598587,0.229303225,0.25,51,-2.376257066,H51
TM,17,-78.92274178,-27.44296918,2.267501422,1.702026172,2.220974086,1.512666087,0.320147944,0.5,51,-2.376257066,H51
TM,17,-78.92274178,-27.44296918,2.3805114,1.80531738,2.310702864,1.504686938,0.327550848,0.75,51,-2.376257066,H51
TM,17,-81.44084979,-26.34989979,2.251348831,1.24160393,2.111990048,1.081629178,0.09147559,0.25,31,-2.411053945,H31
TM,17,-81.44084979,-26.34989979,2.364983465,1.449720157,2.247151744,1.188880125,0.16266293,0.5,31,-2.411053945,H31
TM,17,-81.44084979,-26.34989979,2.427847889,1.686955341,2.335437014,1.362274125,0.243164655,0.75,31,-2.411053945,H31
TM,17,-84.47715366,-26.39848065,2.302007527,1.541386281,2.196550949,1.253917584,0.118103841,0.25,46,-2.403493775,H46
TM,17,-84.47715366,-26.39848065,2.376037695,1.461300812,2.279438219,1.228165221,0.157713077,0.5,46,-2.403493775,H46
TM,17,-84.47715366,-26.39848065,2.433248543,1.512210495,2.332147255,1.246994993,0.198519726,0.75,46,-2.403493775,H46
TM,17,-84.05611953,-25.60499324,2.267172681,1.419516428,2.219007389,1.29613501,0.117255125,0.25,50,-2.395465301,H50
TM,17,-84.05611953,-25.60499324,2.276925294,1.415933469,2.24288174,1.325542035,0.224059056,0.5,50,-2.395465301,H50
TM,17,-84.05611953,-25.60499324,2.381732229,1.438016145,2.340792148,1.32653306,0.224059056,0.75,50,-2.395465301,H50
TM,17,-82.38007979,-25.4187666,2.319548809,1.308781781,2.271992897,1.216554435,0.079033211,0.25,44,-2.376777457,H44
TM,17,-82.38007979,-25.4187666,2.354525377,1.73911487,2.338497554,1.664883667,0.230308231,0.5,44,-2.376777457,H44
TM,17,-82.38007979,-25.4187666,2.439589235,1.738240474,2.429947677,1.692836391,0.242344801,0.75,44,-2.376777457,H44
TM,17,-82.91446927,-24.2366323,2.314682055,1.114776939,2.186110196,1.040819416,0.047058945,0.25,37,-2.395528871,H37
TM,17,-82.91446927,-24.2366323,2.435467381,1.118160607,2.308124436,1.042487736,0.057832017,0.5,37,-2.395528871,H37
TM,17,-82.91446927,-24.2366323,2.55038078,1.135476171,2.377913319,1.033885707,0.057832017,0.75,37,-2.395528871,H37
TM,17,-85.61070711,-24.15161579,2.295094615,1.362976085,2.193810581,1.170201321,0.095968718,0.25,22,-2.335262393,H22
TM,17,-85.61070711,-24.15161579,2.445139515,1.640906249,2.323579498,1.271135233,0.144463013,0.5,22,-2.335262393,H22
TM,17,-85.61070711,-24.15161579,2.519822649,1.549213415,2.394692685,1.222481875,0.144463013,0.75,22,-2.335262393,H22
TM,17,-85.81717577,-23.56054863,2.215826342,1.332758368,2.109546602,1.149210412,0.126950133,0.25,42,-2.367541901,H42
TM,17,-85.81717577,-23.56054863,2.436108618,1.551828808,2.315780532,1.231905835,0.136811405,0.5,42,-2.367541901,H42
TM,17,-85.81717577,-23.56054863,2.426359294,1.475885849,2.343085489,1.260718562,0.195484059,0.75,42,-2.367541901,H42
TM,17,-82.64727453,-23.44314488,2.312387524,2.805861534,2.186509121,1.847223164,0.252810805,0.25,49,-2.452424716,H49
TM,17,-82.64727453,-23.44314488,2.316961576,1.916397771,2.281178238,1.727593534,0.309357566,0.5,49,-2.452424716,H49
TM,17,-82.64727453,-23.44314488,2.357528403,1.63233719,2.341348983,1.566824037,0.309357566,0.75,49,-2.452424716,H49
TM,17,-83.0925991,-28.43078004,2.394964371,1.184921077,2.340107833,1.120719486,0.043479982,0.25,35,-2.354598188,H35
TM,17,-83.0925991,-28.43078004,2.534321375,1.245658432,2.383554383,1.075833014,0.056917016,0.5,35,-2.354598188,H35
TM,17,-83.0925991,-28.43078004,2.642044821,1.265171929,2.432773575,1.051359856,0.056917016,0.75,35,-2.354598188,H35
TM,17,-80.44089372,-28.83157215,2.488310624,1.613687264,2.271083465,1.123978918,0.058759556,0.25,24,-2.389413581,H24
TM,17,-80.44089372,-28.83157215,2.356490137,2.073092769,2.25441255,1.552681911,0.291545354,0.5,24,-2.389413581,H24
TM,17,-80.44089372,-28.83157215,2.472589565,2.20488767,2.415677443,1.845350077,0.291994143,0.75,24,-2.389413581,H24
TM,17,-82.60679048,-29.94893198,2.336263186,1.494240646,2.236353416,1.239754287,0.096948608,0.25,53,-2.444187451,H53
TM,17,-82.60679048,-29.94893198,2.308951964,1.410949617,2.277755794,1.328283503,0.194737912,0.5,53,-2.444187451,H53
TM,17,-82.60679048,-29.94893198,2.352515609,1.46654499,2.339088788,1.424483512,0.262640026,0.75,53,-2.444187451,H53
TM,17,-84.16542646,-30.68574172,2.412517869,1.254463916,2.327712231,1.13284975,0.048162413,0.25,34,-2.128892048,H34
TM,17,-84.16542646,-30.68574172,2.572883059,1.295171259,2.417460521,1.089023308,0.053727877,0.5,34,-2.128892048,H34
TM,17,-84.16542646,-30.68574172,2.682404278,1.361395526,2.447507781,1.058751227,0.057359727,0.75,34,-2.128892048,H34
TM,17,-79.78505208,-30.21207831,2.446617352,1.472468734,2.289156949,1.146857777,0.059639725,0.25,41,-2.328178276,H41
TM,17,-79.78505208,-30.21207831,2.609126111,1.45892235,2.358851901,1.068052173,0.059639725,0.5,41,-2.328178276,H41
TM,17,-79.78505208,-30.21207831,2.520759322,1.718497334,2.242670447,1.092375609,0.169968421,0.75,41,-2.328178276,H41
TM,17,-83.35169703,-31.79905313,2.286199339,1.289213097,2.174851395,1.123488203,0.087494264,0.25,39,-2.028310539,H39
TM,17,-83.35169703,-31.79905313,2.526233493,1.731246179,2.373717418,1.249668095,0.112001757,0.5,39,-2.028310539,H39
TM,17,-83.35169703,-31.79905313,2.601650367,1.631615056,2.417511189,1.165904633,0.112001757,0.75,39,-2.028310539,H39
TM,17,-80.08868247,-31.44279348,2.23420752,1.699899238,2.180742794,1.487041727,0.183495582,0.25,32,-2.442358569,H32
TM,17,-80.08868247,-31.44279348,2.278008909,1.583840756,2.237696079,1.441799915,0.27329454,0.5,32,-2.442358569,H32
TM,17,-80.08868247,-31.44279348,2.367808597,1.554037503,2.344266136,1.470844202,0.27329454,0.75,32,-2.442358569,H32
TM,17,-82.09669143,-32.98118744,2.246603414,1.265392515,2.186911024,1.16873142,0.098301677,0.25,40,-2.301142213,H40
TM,17,-82.09669143,-32.98118744,2.364660811,1.352642083,2.308290179,1.232521608,0.141347115,0.5,40,-2.301142213,H40
TM,17,-82.09669143,-32.98118744,2.426855852,1.409572677,2.364965072,1.260869732,0.178539072,0.75,40,-2.301142213,H40
TM,17,-82.76872668,-33.68560994,2.131932162,1.558888116,2.127347491,1.541629639,0.2442586,0.25,43,-2.500020759,H43
TM,17,-82.76872668,-33.68560994,2.306017121,1.595663063,2.3048618,1.59102289,0.246256385,0.5,43,-2.500020759,H43
TM,17,-82.76872668,-33.68560994,2.341977051,1.454255425,2.341486505,1.452693777,0.270093481,0.75,43,-2.500020759,H43
TM,17,-83.86989289,-33.42651201,2.50222185,1.233546694,2.331243796,1.061044579,0.031625423,0.25,48,-2.222198923,H48
TM,17,-83.86989289,-33.42651201,2.409811751,1.70378629,2.185102094,1.137343073,0.177418052,0.5,48,-2.222198923,H48
TM,17,-83.86989289,-33.42651201,2.471702445,1.986251452,2.23465408,1.187444604,0.255949194,0.75,48,-2.222198923,H48
TM,17,-84.37189513,-34.17951537,2.323657366,1.364069037,2.214313117,1.160439399,0.085367685,0.25,18,-2.329481406,H18
TM,17,-84.37189513,-34.17951537,2.419471952,1.404923742,2.311747415,1.182158119,0.12192154,0.5,18,-2.329481406,H18
TM,17,-84.37189513,-34.17951537,2.466710682,1.45038403,2.359272853,1.204805986,0.159963663,0.75,18,-2.329481406,H18
TM,17,-85.35160918,-34.55196864,2.238535312,1.653627659,2.118546541,1.280364778,0.172664282,0.25,6,-2.34891876,H06
TM,17,-85.35160918,-34.55196864,2.415821442,1.786480588,2.298244793,1.350617007,0.185698611,0.5,6,-2.34891876,H06
TM,17,-85.35160918,-34.55196864,2.444160544,1.786493854,2.36010561,1.445414426,0.247582015,0.75,6,-2.34891876,H06
TM,17,-84.17757168,-32.73018632,2.273661397,1.326338593,2.249582111,1.273334793,0.098706091,0.25,23,-2.442768881,H23
TM,17,-84.17757168,-32.73018632,2.268693185,1.245422147,2.258866362,1.227935094,0.171704876,0.5,23,-2.442768881,H23
TM,17,-84.17757168,-32.73018632,2.305203342,1.275372786,2.298515028,1.262010321,0.235945059,0.75,23,-2.442768881,H23
TM,17,-87.30294046,-33.61273865,2.233995611,2.106997056,2.198225311,1.885285447,0.247776705,0.25,3,-2.376547605,H03
TM,17,-87.30294046,-33.61273865,2.301871506,1.801369636,2.288820444,1.736085821,0.301892541,0.5,3,-2.376547605,H03
TM,17,-87.30294046,-33.61273865,2.359689915,1.616761832,2.346621869,1.564509112,0.301892541,0.75,3,-2.376547605,H03
TM,17,-85.56212625,-32.17960322,2.546909464,1.833950914,2.225106719,1.078229744,0.055899058,0.25,8,-2.361504792,H08
TM,17,-85.56212625,-32.17960322,2.377794228,1.347098162,2.305744222,1.203086674,0.132621036,0.5,8,-2.361504792,H08
TM,17,-85.56212625,-32.17960322,2.423134565,1.307944204,2.380527961,1.224189451,0.15387489,0.75,8,-2.361504792,H08
TM,17,-88.42030029,-32.46299158,2.334316932,1.376317442,2.235483591,1.180271329,0.083243026,0.25,16,-2.318628224,H16
TM,17,-88.42030029,-32.46299158,2.382223321,1.737971938,2.278930354,1.362252322,0.205047894,0.5,16,-2.318628224,H16
TM,17,-88.42030029,-32.46299158,2.467439141,1.707068564,2.378807694,1.384117763,0.210028116,0.75,16,-2.318628224,H16
TM,17,-85.93457952,-30.60072521,2.24126939,2.293186977,2.171551055,1.839749804,0.267496388,0.25,19,-2.395429517,H19
TM,17,-85.93457952,-30.60072521,2.33754956,2.030106576,2.252013789,1.59133159,0.306887909,0.5,19,-2.395429517,H19
TM,17,-85.93457952,-30.60072521,2.408639257,1.946058338,2.322408326,1.536354723,0.323653158,0.75,19,-2.395429517,H19
TM,17,-89.40001434,-31.75047227,2.468654207,1.269421877,2.311234488,1.079388178,0.039369075,0.25,10,-2.381093438,H10
TM,17,-89.40001434,-31.75047227,2.563346755,1.375134237,2.372414786,1.087215287,0.064108676,0.5,10,-2.381093438,H10
TM,17,-89.40001434,-31.75047227,2.611913666,1.391625349,2.434011005,1.10148218,0.080562331,0.75,10,-2.381093438,H10
TM,17,-85.06822081,-29.87201228,2.35576973,1.838692335,2.270497728,1.47355119,0.12423139,0.25,2,-2.261183779,H02
TM,17,-85.06822081,-29.87201228,2.375324914,1.647729875,2.307632896,1.405934424,0.194408147,0.5,2,-2.261183779,H02
TM,17,-85.06822081,-29.87201228,2.437367543,1.717425461,2.364858101,1.437569646,0.240203304,0.75,2,-2.261183779,H02
TM,17,-85.96696676,-29.45097814,2.304003242,2.183682562,2.229137025,1.738309899,0.193844259,0.25,11,-2.430490767,H11
TM,17,-85.96696676,-29.45097814,2.36994369,1.998771188,2.293614614,1.608533875,0.262727048,0.5,11,-2.430490767,H11
TM,17,-85.96696676,-29.45097814,2.421556845,1.744964234,2.361245378,1.496075394,0.262727048,0.75,11,-2.430490767,H11
TM,17,-89.18949726,-30.85982314,2.635170024,1.2009214,2.40594213,1.032328324,0.016750933,0.25,13,-2.086583636,H13
TM,17,-89.18949726,-30.85982314,2.805791627,1.207063065,2.411961539,1.008597426,0.016750933,0.5,13,-2.086583636,H13
TM,17,-89.18949726,-30.85982314,2.903285377,1.207063065,2.411837977,1.003826242,0.016750933,0.75,13,-2.086583636,H13
TM,17,-87.63490968,-29.45097814,2.33991115,3.905359761,2.255852611,2.843072754,0.324675626,0.25,15,-2.492900028,H15
TM,17,-87.63490968,-29.45097814,2.348698257,2.19843695,2.308620971,1.93558744,0.324675626,0.5,15,-2.492900028,H15
TM,17,-87.63490968,-29.45097814,2.386497402,1.952603428,2.362176881,1.81591256,0.356493014,0.75,15,-2.492900028,H15
TM,17,-86.65519564,-29.02184719,2.536428776,1.447506282,2.280929033,1.06338488,0.039749308,0.25,14,-2.193947053,H14
TM,17,-86.65519564,-29.02184719,2.548235551,1.751113837,2.254647115,1.086162651,0.103963308,0.5,14,-2.193947053,H14
TM,17,-86.65519564,-29.02184719,2.591973505,1.599972306,2.370949019,1.117197553,0.11295762,0.75,14,-2.193947053,H14
TM,17,-89.43240158,-29.12710573,2.349524093,3.31803461,2.232990222,2.190211752,0.261429508,0.25,9,-2.417406784,H09
TM,17,-89.43240158,-29.12710573,2.345110002,1.917590657,2.29482377,1.661945475,0.275417099,0.5,9,-2.417406784,H09
TM,17,-89.43240158,-29.12710573,2.425326205,1.821753484,2.374681684,1.587969976,0.275417099,0.75,9,-2.417406784,H09
TM,17,-86.00745081,-28.04213315,2.217008418,1.782963198,2.190224925,1.656442599,0.211652378,0.25,17,-2.413373957,H17
TM,17,-86.00745081,-28.04213315,2.331441632,1.768346849,2.303874604,1.640488703,0.259854757,0.5,17,-2.413373957,H17
TM,17,-86.00745081,-28.04213315,2.397645616,1.665404825,2.377607743,1.581547284,0.270259691,0.75,17,-2.413373957,H17
TM,17,-87.47297348,-27.54013091,2.262253276,1.596687313,2.106349339,1.193159104,0.147863717,0.25,1,-2.404461559,H01
TM,17,-87.47297348,-27.54013091,2.401679825,1.930513044,2.292828286,1.450067048,0.21969087,0.5,1,-2.404461559,H01
TM,17,-87.47297348,-27.54013091,2.450116909,1.787230763,2.378834201,1.487536113,0.241669368,0.75,1,-2.404461559,H01
TM,17,-86.69567969,-28.04213315,2.281085185,1.578985026,2.201669255,1.330911221,0.134221674,0.25,5,-2.227750977,H05
TM,17,-86.69567969,-28.04213315,2.395143135,1.588854623,2.32268861,1.354407069,0.168788658,0.5,5,-2.227750977,H05
TM,17,-86.69567969,-28.04213315,2.518916173,1.709041401,2.418279187,1.353391455,0.169849346,0.75,5,-2.227750977,H05
TM,17,-89.89391977,-27.58871177,2.351810561,1.957432002,2.269757813,1.559144268,0.137731466,0.25,12,-2.442427918,H12
TM,17,-89.89391977,-27.58871177,2.3678164,1.769804518,2.332466867,1.609048852,0.22364396,0.5,12,-2.442427918,H12
TM,17,-89.89391977,-27.58871177,2.453158573,1.895373393,2.404845872,1.653646363,0.259384907,0.75,12,-2.442427918,H12
TM,17,-86.76045417,-26.38228703,2.166515224,2.042500825,2.111713634,1.735132568,0.315030136,0.25,47,-2.529343148,H47
TM,17,-86.76045417,-26.38228703,2.289808214,2.250033506,2.270427617,2.11135015,0.427015811,0.5,47,-2.529343148,H47
TM,17,-86.76045417,-26.38228703,2.369060404,2.276028612,2.36070356,2.21350423,0.46729464,0.75,47,-2.529343148,H47
TM,17,-87.4891671,-25.89647841,2.420402715,1.349574081,2.326516374,1.173100123,0.055769433,0.25,7,-2.156929298,H07
TM,17,-87.4891671,-25.89647841,2.596505844,1.379996823,2.388934084,1.077446635,0.05626862,0.5,7,-2.156929298,H07
TM,17,-87.4891671,-25.89647841,2.693999594,1.379996823,2.385756248,1.03423492,0.05626862,0.75,7,-2.156929298,H07
TM,17,-86.25035512,-25.4187666,2.32776611,2.00953322,2.231603055,1.537969639,0.157674078,0.25,26,-2.398277697,H26
TM,17,-86.25035512,-25.4187666,2.398926368,1.84086924,2.336372525,1.555555441,0.207989802,0.5,26,-2.398277697,H26
TM,17,-86.25035512,-25.4187666,2.485330736,1.843647177,2.439050076,1.622499204,0.218272935,0.75,26,-2.398277697,H26
TM,17,-88.45268753,-25.96125289,2.306435287,1.161302162,2.20462359,1.072136781,0.058365413,0.25,21,-2.552230351,H21
TM,17,-88.45268753,-25.96125289,2.398710425,1.221334847,2.29888062,1.101957393,0.094443947,0.5,21,-2.552230351,H21
TM,17,-88.45268753,-25.96125289,2.371518994,1.586967876,2.285198404,1.319318406,0.278771761,0.75,21,-2.552230351,H21
TM,17,-87.75636184,-24.57669833,2.522573784,1.362509634,2.266461925,1.049641736,0.037233964,0.25,25,-2.243706931,H25
TM,17,-87.75636184,-24.57669833,2.681171122,1.34195247,2.265645102,1.012553558,0.037233964,0.5,25,-2.243706931,H25
TM,17,-87.75636184,-24.57669833,2.77995031,1.345156083,2.285048449,1.006576094,0.037233964,0.75,25,-2.243706931,H25
TM,17,-88.54984925,-24.19614824,2.246380117,1.091464006,2.164426507,1.047258719,0.055500702,0.25,27,-2.587695038,H27
TM,17,-88.54984925,-24.19614824,2.202736832,1.2207145,2.11816216,1.114699312,0.213043159,0.5,27,-2.587695038,H27
TM,17,-88.54984925,-24.19614824,NA,NA,NA,NA,0.261769765,0.75,27,-2.587695038,H27
TM,17,-88.10452468,-30.7545646,2.517142609,1.159475153,2.30755759,1.029683586,0.024150326,0.25,4,-2.199686671,H04
TM,17,-88.10452468,-30.7545646,2.67858227,1.153139506,2.326037245,1.008744103,0.024150326,0.5,4,-2.199686671,H04
TM,17,-88.10452468,-30.7545646,2.77607602,1.153139506,2.325094147,1.00386529,0.024150326,0.75,4,-2.199686671,H04
TM,18,-81.00949991,-26.49564881,2.31024438,1.094286319,2.27771908,1.07268719,0.04323547,0.25,U14,-2.50001581,H48
TM,18,-81.00949991,-26.49564881,2.112157431,1.16933952,2.10371411,1.158637489,0.268813715,0.5,U14,-2.50001581,H48
TM,18,-81.00949991,-26.49564881,2.280729643,1.438887318,2.276570371,1.426183252,0.341428984,0.75,U14,-2.50001581,H48
TM,18,-80.2886458,-25.68880613,2.38912583,1.459484027,2.248151495,1.161824387,0.074504231,0.25,U06,-2.357981747,H16
TM,18,-80.2886458,-25.68880613,2.532549102,1.38975951,2.328469194,1.081935763,0.074504231,0.5,U06,-2.357981747,H16
TM,18,-80.2886458,-25.68880613,2.524115784,1.345809024,2.318783709,1.070993229,0.1080173,0.75,U06,-2.357981747,H16
TM,18,-80.51249377,-24.79426654,2.430767466,1.078135991,2.3004316,1.027091415,0.023750567,0.25,U03,-2.375521624,H42
TM,18,-80.51249377,-24.79426654,2.478956901,1.112804832,2.340502603,1.036987248,0.047097319,0.5,U03,-2.375521624,H42
TM,18,-80.51249377,-24.79426654,2.502034704,1.140366831,2.333207047,1.036229285,0.072058893,0.75,U03,-2.375521624,H42
TM,18,-82.45879249,-29.12860353,2.276422328,1.576086731,2.191389872,1.315907096,0.136430261,0.25,U26,-2.32044867,H36
TM,18,-82.45879249,-29.12860353,2.370371351,1.659968887,2.278941698,1.349290294,0.200783349,0.5,U26,-2.32044867,H36
TM,18,-82.45879249,-29.12860353,2.469165547,1.667264993,2.362366519,1.316091144,0.201076399,0.75,U26,-2.32044867,H36
TM,18,-81.18401821,-27.96900993,2.16307877,2.253042909,2.126271555,2.000299787,0.362270746,0.25,U04,-2.440436437,H17
TM,18,-81.18401821,-27.96900993,2.298183267,2.067962219,2.268061074,1.884227756,0.370352521,0.5,U04,-2.440436437,H17
TM,18,-81.18401821,-27.96900993,2.371119599,1.916020337,2.349511197,1.797696574,0.370352521,0.75,U04,-2.440436437,H17
TM,18,-80.56939091,-28.59849923,2.361480079,1.334920045,2.252099807,1.146665468,0.069528603,0.25,U07,-2.20694916,H39
TM,18,-80.56939091,-28.59849923,2.516176629,1.40339933,2.404107017,1.175458542,0.081368754,0.5,U07,-2.20694916,H39
TM,18,-80.56939091,-28.59849923,2.56087591,1.361047707,2.428053472,1.132431647,0.095031613,0.75,U07,-2.20694916,H39
TM,18,-82.72246285,-32.4884901,2.376759483,1.308689558,2.30756094,1.183549962,0.062287846,0.25,U27,-2.050888804,H61
TM,18,-82.72246285,-32.4884901,2.526734482,1.272904097,2.372121056,1.082323463,0.062287846,0.5,U27,-2.050888804,H61
TM,18,-82.72246285,-32.4884901,2.648431429,1.326128086,2.411111506,1.05136807,0.062287846,0.75,U27,-2.050888804,H61
TM,18,-83.53437836,-31.51404808,2.75383912,1.098493436,2.360414175,1.003910606,0.006991065,0.25,U24,-2.083546457,H38
TM,18,-83.53437836,-31.51404808,2.635067882,1.526069231,2.271269706,1.031728714,0.05810081,0.5,U24,-2.083546457,H38
TM,18,-83.53437836,-31.51404808,2.613926823,1.32199597,2.339714543,1.037502506,0.071378904,0.75,U24,-2.083546457,H38
TM,18,-81.95987571,-31.52183828,2.289044864,1.575746318,2.244833818,1.423609257,0.129406201,0.25,U09,-2.224949252,H33
TM,18,-81.95987571,-31.52183828,2.30533292,1.443532587,2.257427904,1.314382505,0.206761956,0.5,U09,-2.224949252,H33
TM,18,-81.95987571,-31.52183828,2.436420583,1.612057599,2.365365863,1.373069216,0.218378393,0.75,U09,-2.224949252,H33
TM,18,-81.22004769,-31.96618263,2.324192475,1.140343546,2.323457882,1.139540961,0.050320276,0.25,U28,-2.363622269,H19
TM,18,-81.22004769,-31.96618263,2.266522483,1.294108097,2.205476947,1.18577882,0.19171578,0.5,U28,-2.363622269,H19
TM,18,-81.22004769,-31.96618263,2.401348057,1.454093926,2.31045567,1.234196055,0.210954054,0.75,U28,-2.363622269,H19
TM,18,-85.06904244,-32.01102025,2.246217056,1.175811429,2.225134695,1.149349649,0.078537463,0.25,U10,-2.369122804,H47
TM,18,-85.06904244,-32.01102025,2.33459827,1.302358035,2.315539303,1.262569674,0.146719384,0.5,U10,-2.369122804,H47
TM,18,-85.06904244,-32.01102025,2.433865902,1.30632458,2.406112978,1.249340859,0.146719384,0.75,U10,-2.369122804,H47
TM,18,-86.4804012,-32.74185883,2.349036264,2.035605312,2.230286996,1.473355962,0.146808934,0.25,U30,-2.258599672,H03
TM,18,-86.4804012,-32.74185883,2.481666036,1.874084063,2.328646157,1.305197919,0.151194428,0.5,U30,-2.258599672,H03
TM,18,-86.4804012,-32.74185883,2.564487511,1.79543077,2.343621346,1.163685043,0.151194428,0.75,U30,-2.258599672,H03
TM,18,-87.35302132,-31.55693706,2.19389394,1.925426909,2.084063515,1.444259771,0.259724754,0.25,U17,-2.384302798,H49
TM,18,-87.35302132,-31.55693706,2.32705425,1.996115084,2.286852431,1.770935648,0.313473021,0.5,U17,-2.384302798,H49
TM,18,-87.35302132,-31.55693706,2.389352165,1.796396344,2.372859602,1.715097787,0.313473021,0.75,U17,-2.384302798,H49
TM,18,-87.85003919,-29.841916,2.296821413,2.614116456,2.170975945,1.745862935,0.248490974,0.25,U16,-2.43787857,H34
TM,18,-87.85003919,-29.841916,2.294606211,1.816305908,2.244436512,1.585753215,0.31487599,0.5,U16,-2.43787857,H34
TM,18,-87.85003919,-29.841916,2.374462181,1.727792296,2.324860639,1.521228269,0.31487599,0.75,U16,-2.43787857,H34
TM,18,-86.45006001,-29.74056873,2.261064866,2.765358378,2.233138339,2.503870609,0.30778289,0.25,U22,-2.55889383,H14
TM,18,-86.45006001,-29.74056873,2.258832015,2.131094687,2.247144855,2.052678708,0.453508449,0.5,U22,-2.55889383,H14
TM,18,-86.45006001,-29.74056873,2.306794195,1.950068552,2.301860803,1.92095917,0.49572892,0.75,U22,-2.55889383,H14
TM,18,-87.08745223,-28.8596729,2.372123865,1.700122873,2.24610112,1.289458024,0.103421595,0.25,U21,-2.241770405,H20
TM,18,-87.08745223,-28.8596729,2.499759232,1.609550135,2.387730403,1.275323606,0.111587982,0.5,U21,-2.241770405,H20
TM,18,-87.08745223,-28.8596729,2.469107084,1.528747463,2.404761677,1.335258653,0.17432566,0.75,U21,-2.241770405,H20
TM,18,-87.67552141,-28.34127038,2.56051172,1.083568697,2.395034295,1.021745081,0.014338235,0.25,U02,-2.144461635,H46
TM,18,-87.67552141,-28.34127038,2.60363962,1.280323438,2.363196684,1.042360113,0.045923094,0.5,U02,-2.144461635,H46
TM,18,-87.67552141,-28.34127038,2.712289368,1.304370794,2.410913127,1.02819462,0.045923094,0.75,U02,-2.144461635,H46
TM,18,-87.30371416,-27.4876554,2.276330728,1.149211032,2.233843938,1.106895501,0.063444208,0.25,U15,-2.441785547,H11
TM,18,-87.30371416,-27.4876554,2.290574384,1.580946948,2.247914653,1.432309191,0.258590845,0.5,U15,-2.441785547,H11
TM,18,-87.30371416,-27.4876554,2.34269289,1.654588488,2.311261521,1.529019794,0.336197137,0.75,U15,-2.441785547,H11
TM,18,-87.08366874,-25.92854293,2.206114629,1.472216606,2.190969839,1.424516186,0.162102151,0.25,U11,-2.401341235,H54
TM,18,-87.08366874,-25.92854293,2.293351456,1.532267413,2.262859546,1.430350896,0.242359027,0.5,U11,-2.401341235,H54
TM,18,-87.08366874,-25.92854293,2.365297933,1.58622812,2.321078865,1.431620859,0.285857235,0.75,U11,-2.401341235,H54
TM,18,-87.66794569,-24.94240689,2.386348336,1.276506765,2.235715561,1.086194606,0.056250674,0.25,U13,-2.43104249,H37
TM,18,-87.66794569,-24.94240689,2.387261188,1.650705708,2.291512203,1.333340587,0.185521678,0.5,U13,-2.43104249,H37
TM,18,-87.66794569,-24.94240689,2.474182933,1.704297932,2.392428897,1.401751789,0.203714535,0.75,U13,-2.43104249,H37
TM,18,-85.97203714,-24.38891619,2.275175456,1.215079449,2.201186501,1.121366223,0.077702094,0.25,U12,-2.366221489,H31
TM,18,-85.97203714,-24.38891619,2.249226841,1.290231448,2.173380087,1.163487193,0.20447885,0.5,U12,-2.366221489,H31
TM,18,-85.97203714,-24.38891619,2.39723125,1.419904673,2.319728421,1.238269509,0.204917767,0.75,U12,-2.366221489,H31
TM,18,-85.15253115,-25.983105,2.470348098,1.319205515,2.367390249,1.146474833,0.043015651,0.25,U25,-2.181045042,H15
TM,18,-85.15253115,-25.983105,2.523914876,1.378584997,2.332453986,1.087736584,0.07593491,0.5,U25,-2.181045042,H15
TM,18,-85.15253115,-25.983105,2.618104609,1.369983054,2.419975378,1.08108188,0.075968164,0.75,U25,-2.181045042,H15
TM,18,-83.81325652,-25.57773131,2.29375766,1.149523311,2.132799599,1.041277237,0.059074674,0.25,U20,-2.298815987,H27
TM,18,-83.81325652,-25.57773131,2.388628132,1.388544793,2.195557234,1.089158256,0.135313116,0.5,U20,-2.298815987,H27
TM,18,-83.81325652,-25.57773131,2.510819007,1.493889473,2.333089012,1.131748675,0.140669093,0.75,U20,-2.298815987,H27
TM,18,-83.87775012,-26.77045197,2.09079742,1.18402883,2.01586433,1.102499791,0.153649319,0.25,U29,-2.461766056,H44
TM,18,-83.87775012,-26.77045197,2.312253528,1.57775299,2.246232983,1.363814595,0.235499876,0.5,U29,-2.461766056,H44
TM,18,-83.87775012,-26.77045197,2.281348673,1.599831019,2.2330987,1.429666174,0.411052167,0.75,U29,-2.461766056,H44
TM,18,-83.2100101,-26.48201401,2.650418988,1.052773918,2.335510132,1.003938329,0.007781467,0.25,U19,-1.996750875,H29
TM,18,-83.2100101,-26.48201401,2.817085655,1.052773918,2.334828459,1.000980463,0.007781467,0.5,U19,-1.996750875,H29
TM,18,-83.2100101,-26.48201401,2.914579405,1.052773918,2.33462813,1.000435154,0.007781467,0.75,U19,-1.996750875,H29
TM,18,-85.41810503,-27.39020422,2.308776241,1.66619186,2.213855516,1.344059992,0.130465266,0.25,U18,-2.17363408,H40
TM,18,-85.41810503,-27.39020422,2.388653698,1.404745538,2.30352466,1.216322419,0.13855815,0.5,U18,-2.17363408,H40
TM,18,-85.41810503,-27.39020422,2.392676799,1.430308239,2.305501957,1.227374078,0.211861382,0.75,U18,-2.17363408,H40
TM,18,-84.02191254,-29.35468007,2.301425406,1.568021897,2.234135626,1.354056104,0.121901311,0.25,U23,-2.267484165,H05
TM,18,-84.02191254,-29.35468007,2.429378185,1.685121338,2.33379801,1.353045789,0.16081125,0.5,U23,-2.267484165,H05
TM,18,-84.02191254,-29.35468007,2.524300351,1.75470888,2.410744648,1.344784795,0.172791769,0.75,U23,-2.267484165,H05
TM,18,-85.38774645,-29.30011592,2.279333752,1.682295492,2.212548109,1.431812536,0.149681297,0.25,U05,-2.373560246,H18
TM,18,-85.38774645,-29.30011592,2.417741171,1.731293652,2.35793147,1.488127615,0.175873078,0.5,U05,-2.373560246,H18
TM,18,-85.38774645,-29.30011592,2.429657958,1.727033614,2.377028618,1.509887734,0.250126181,0.75,U05,-2.373560246,H18
TM,18,-82.44362069,-27.90957303,2.257474936,2.133521009,2.204588577,1.813228529,0.228370512,0.25,U08,-2.375162682,H45
TM,18,-82.44362069,-27.90957303,2.369755081,1.844890313,2.334228748,1.669933274,0.235544902,0.5,U08,-2.375162682,H45
TM,18,-82.44362069,-27.90957303,2.396473599,1.808679622,2.362394719,1.646419957,0.307335648,0.75,U08,-2.375162682,H45
TM,18,-84.36432488,-27.79556958,2.228233895,1.208581062,2.185777069,1.150481519,0.09287902,0.25,U01,-2.286326433,H35
TM,18,-84.36432488,-27.79556958,2.413065246,1.351510634,2.362800354,1.242634238,0.115360608,0.5,U01,-2.286326433,H35
TM,18,-84.36432488,-27.79556958,2.524942855,1.437597578,2.454489542,1.262400526,0.1234393,0.75,U01,-2.286326433,H35
TM,19,-88.7417563,-27.89100544,2.518392529,1.238086454,2.421607931,1.112756428,0.029884815,0.25,H68,-2.420779943,H68
TM,19,-88.7417563,-27.89100544,2.5658996,1.3282786,2.35970885,1.066557176,0.058749914,0.5,H68,-2.420779943,H68
TM,19,-88.7417563,-27.89100544,2.506052213,1.51311929,2.309562339,1.118730831,0.146815062,0.75,H68,-2.420779943,H68
TM,19,-87.84638988,-27.62907511,2.355536147,1.672243104,2.325893433,1.55043695,0.108017445,0.25,H52,-2.371386051,H52
TM,19,-87.84638988,-27.62907511,2.387035729,1.615987033,2.352169538,1.48517737,0.179486752,0.5,H52,-2.371386051,H52
TM,19,-87.84638988,-27.62907511,2.461439729,1.644872065,2.397730768,1.415631005,0.203269482,0.75,H52,-2.371386051,H52
TM,19,-86.55342364,-26.23992148,2.265050144,3.430252404,2.246164916,3.193981961,0.385271311,0.25,H38,-2.521202087,H38
TM,19,-86.55342364,-26.23992148,2.290968546,2.28896553,2.287080845,2.259306921,0.434103966,0.5,H38,-2.521202087,H38
TM,19,-86.55342364,-26.23992148,2.34764387,2.00472125,2.346106054,1.995128515,0.434103966,0.75,H38,-2.521202087,H38
TM,19,-86.80838037,-24.93652333,2.394423886,1.391416881,2.300685883,1.195499683,0.066328764,0.25,H31,-2.298297167,H31
TM,19,-86.80838037,-24.93652333,2.490216283,1.360914197,2.38036058,1.158318035,0.084978342,0.5,H31,-2.298297167,H31
TM,19,-86.80838037,-24.93652333,2.505887464,1.496728629,2.340966369,1.14655295,0.144078016,0.75,H31,-2.298297167,H31
TM,19,-85.63681473,-24.95522826,2.208743757,2.108634198,2.202198527,2.064880035,0.275489569,0.25,H17,-2.453205824,H17
TM,19,-85.63681473,-24.95522826,2.313112517,1.821599981,2.304808351,1.778624923,0.292769194,0.5,H17,-2.453205824,H17
TM,19,-85.63681473,-24.95522826,2.366709396,1.615272629,2.363071464,1.600357551,0.292769194,0.75,H17,-2.453205824,H17
TM,19,-84.3377724,-25.16102357,2.3032486,1.486527115,2.279158146,1.410707261,0.110175133,0.25,H15,-2.317079782,H15
TM,19,-84.3377724,-25.16102357,2.338672904,1.548750596,2.317710082,1.474732372,0.204471111,0.5,H15,-2.317079782,H15
TM,19,-84.3377724,-25.16102357,2.400932512,1.57896308,2.383557478,1.514002677,0.244606495,0.75,H15,-2.317079782,H15
TM,19,-82.53186065,-25.48842623,2.378401426,1.282206228,2.281349985,1.134592763,0.058810472,0.25,H54,-2.177043438,H54
TM,19,-82.53186065,-25.48842623,2.4884632,1.476373424,2.387712057,1.228937232,0.10071969,0.5,H54,-2.177043438,H54
TM,19,-82.53186065,-25.48842623,2.617573001,1.592017212,2.497239189,1.250601968,0.10071969,0.75,H54,-2.177043438,H54
TM,19,-82.06444243,-27.28137789,2.264946906,1.996262656,2.225165647,1.773167244,0.202950478,0.25,H46,-2.382822752,H46
TM,19,-82.06444243,-27.28137789,2.31856294,1.704340127,2.308507029,1.658895938,0.259432793,0.5,H46,-2.382822752,H46
TM,19,-82.06444243,-27.28137789,2.369977116,1.726133175,2.365532537,1.705195162,0.32034111,0.75,H46,-2.382822752,H46
TM,19,-84.20422299,-26.04970428,2.212232252,1.137234357,2.199816057,1.12451006,0.07921052,0.25,H01,-2.391462088,H01
TM,19,-84.20422299,-26.04970428,2.325879746,1.193198306,2.319833049,1.184456893,0.118693829,0.5,H01,-2.391462088,H01
TM,19,-84.20422299,-26.04970428,2.368077231,1.335331744,2.354335554,1.303275594,0.203083277,0.75,H01,-2.391462088,H01
TM,19,-83.11764176,-25.97174605,2.377602278,1.66244441,2.27847321,1.331647829,0.097645521,0.25,H33,-2.308514595,H33
TM,19,-83.11764176,-25.97174605,2.296887585,1.773563065,2.270375297,1.64952254,0.301314116,0.5,H33,-2.308514595,H33
TM,19,-83.11764176,-25.97174605,2.370289861,1.712304387,2.355447293,1.64548009,0.316058993,0.75,H33,-2.308514595,H33
TM,19,-83.53952289,-27.09741032,2.244517888,1.568158714,2.208267912,1.441979008,0.154474735,0.25,H28,-2.320071459,H28
TM,19,-83.53952289,-27.09741032,2.304122562,1.680808615,2.283164645,1.591585777,0.269668579,0.5,H28,-2.320071459,H28
TM,19,-83.53952289,-27.09741032,2.406734323,1.726762657,2.372882019,1.579678998,0.275081158,0.75,H28,-2.320071459,H28
TM,19,-83.96140386,-28.25737457,2.320106872,1.524577441,2.290314389,1.426064036,0.107469082,0.25,H42,-2.314866066,H42
TM,19,-83.96140386,-28.25737457,2.415811981,1.515034071,2.357861895,1.341608712,0.142772198,0.5,H42,-2.314866066,H42
TM,19,-83.96140386,-28.25737457,2.452641317,1.522812222,2.371982364,1.293952445,0.185412884,0.75,H42,-2.314866066,H42
TM,19,-83.93712437,-27.77717483,2.434179787,1.376020786,2.344658865,1.193443378,0.054926157,0.25,H36,-2.274390459,H36
TM,19,-83.93712437,-27.77717483,2.483216452,1.368017379,2.374774094,1.16344601,0.088478088,0.5,H36,-2.274390459,H36
TM,19,-83.93712437,-27.77717483,2.505996622,1.440332781,2.40550073,1.210703717,0.134051085,0.75,H36,-2.274390459,H36
TM,19,-85.25740795,-28.89036953,2.26306033,1.385704273,2.205863003,1.253719509,0.113568068,0.25,H44,-2.399918556,H44
TM,19,-85.25740795,-28.89036953,2.366013091,1.837988175,2.324587294,1.638601317,0.237970829,0.5,H44,-2.399918556,H44
TM,19,-85.25740795,-28.89036953,2.457514511,1.887377834,2.415674983,1.676049649,0.253237963,0.75,H44,-2.399918556,H44
TM,19,-85.4410436,-26.19314485,2.371373909,1.628417144,2.197461834,1.178467149,0.096974611,0.25,H32,-2.197666883,H32
TM,19,-85.4410436,-26.19314485,2.514133277,1.560651028,2.374575163,1.204028859,0.099859476,0.5,H32,-2.197666883,H32
TM,19,-85.4410436,-26.19314485,2.553316878,1.508181438,2.442471402,1.227578377,0.119915485,0.75,H32,-2.197666883,H32
TM,19,-86.41835764,-26.83237512,2.248084262,1.536127941,2.197705217,1.376312618,0.146923065,0.25,H47,-2.166851997,H47
TM,19,-86.41835764,-26.83237512,2.379233079,1.540650846,2.331610398,1.387205715,0.171179891,0.5,H47,-2.166851997,H47
TM,19,-86.41835764,-26.83237512,2.493158933,1.60461284,2.408118888,1.332776172,0.171179891,0.75,H47,-2.166851997,H47
TM,19,-86.74917975,-29.23025638,2.339036768,1.744001057,2.304561183,1.591404247,0.12333107,0.25,H48,-2.206444263,H48
TM,19,-86.74917975,-29.23025638,2.465266531,1.568272174,2.403307718,1.368110303,0.123375416,0.5,H48,-2.206444263,H48
TM,19,-86.74917975,-29.23025638,2.576072894,1.621842949,2.431734128,1.22097361,0.123375416,0.75,H48,-2.206444263,H48
TM,19,-87.63847653,-29.29885952,2.256771793,1.856799022,2.183682742,1.527320214,0.190133333,0.25,H05,-2.507519245,H05
TM,19,-87.63847653,-29.29885952,2.367019922,2.416869636,2.316061991,2.041737297,0.338111639,0.5,H05,-2.507519245,H05
TM,19,-87.63847653,-29.29885952,2.339891113,1.894556263,2.311282379,1.743848484,0.415208817,0.75,H05,-2.507519245,H05
TM,19,-88.62186541,-28.63780901,2.420187961,1.44508361,2.247141597,1.121608602,0.064252138,0.25,H35,-2.488187313,H35
TM,19,-88.62186541,-28.63780901,2.457428338,1.308736017,2.269036985,1.071792319,0.089077473,0.5,H35,-2.488187313,H35
TM,19,-88.62186541,-28.63780901,2.544712709,1.30163478,2.358538307,1.071245477,0.091724634,0.75,H35,-2.488187313,H35
TM,19,-81.42250264,-29.3456106,2.379262016,1.644008217,2.295605604,1.35981494,0.09528327,0.25,H27,-2.123873234,H27
TM,19,-81.42250264,-29.3456106,2.392125623,1.528237405,2.323817283,1.325385195,0.159977555,0.5,H27,-2.123873234,H27
TM,19,-81.42250264,-29.3456106,2.518205813,1.641338665,2.426501644,1.337919662,0.159977555,0.75,H27,-2.123873234,H27
TM,19,-82.29662546,-28.89659569,2.465330868,1.104609429,2.299962453,1.027442493,0.023952723,0.25,H41,-2.10807085,H41
TM,19,-82.29662546,-28.89659569,2.527010832,1.433168872,2.261878373,1.056487144,0.081100464,0.5,H41,-2.10807085,H41
TM,19,-82.29662546,-28.89659569,2.612183335,1.479393731,2.342840803,1.061365006,0.090652943,0.75,H41,-2.10807085,H41
TM,19,-82.75492753,-30.246769,2.161839116,1.324209851,2.157393741,1.313841036,0.156565189,0.25,H02,-2.41285944,H02
TM,19,-82.75492753,-30.246769,2.342704076,1.807476125,2.325372092,1.721226537,0.25598979,0.5,H02,-2.41285944,H02
TM,19,-82.75492753,-30.246769,2.378002252,1.724951401,2.361363726,1.64928411,0.309506655,0.75,H02,-2.41285944,H02
TM,19,-84.22090073,-30.54300109,2.684337175,1.178430579,2.316595877,1.009082415,0.012800455,0.25,H39,-2.080808401,H39
TM,19,-84.22090073,-30.54300109,2.851003842,1.178430579,2.316677833,1.002279871,0.012800455,0.5,H39,-2.080808401,H39
TM,19,-84.22090073,-30.54300109,2.959635412,1.323998557,2.36758346,1.002731816,0.017009497,0.75,H39,-2.080808401,H39
TM,19,-85.33176652,-29.58572383,2.306617176,1.66224879,2.295883864,1.616320118,0.131154776,0.25,H50,-2.421818972,H50
TM,19,-85.33176652,-29.58572383,2.344531848,1.564124224,2.342002958,1.554469675,0.202934265,0.5,H50,-2.421818972,H50
TM,19,-85.33176652,-29.58572383,2.37787214,1.644541346,2.375393496,1.633932185,0.287654877,0.75,H50,-2.421818972,H50
TM,19,-85.56546607,-31.43168696,2.46983412,1.2296774,2.223075194,1.032357733,0.035853386,0.25,H03,-2.283135414,H03
TM,19,-85.56546607,-31.43168696,2.629464018,1.258443481,2.326405975,1.023194364,0.039413691,0.5,H03,-2.283135414,H03
TM,19,-85.56546607,-31.43168696,2.697348379,1.244316671,2.36445611,1.017052706,0.043207407,0.75,H03,-2.283135414,H03
TM,19,-86.64597718,-31.39115445,2.621578013,1.530523158,2.48910035,1.202507136,0.030883789,0.25,H25,-2.37099576,H25
TM,19,-86.64597718,-31.39115445,2.488180707,1.321096021,2.362031492,1.122940195,0.080150604,0.5,H25,-2.37099576,H25
TM,19,-86.64597718,-31.39115445,2.530459268,1.430331296,2.42296185,1.194868045,0.119455338,0.75,H25,-2.37099576,H25
TM,19,-87.38959354,-29.64185837,2.192301504,1.375649086,2.145638687,1.267021426,0.150108814,0.25,H70,-2.244192123,H70
TM,19,-87.38959354,-29.64185837,2.412068909,1.608022749,2.35360841,1.405383853,0.160446405,0.5,H70,-2.244192123,H70
TM,19,-87.38959354,-29.64185837,2.542382368,1.755981962,2.441553452,1.378641697,0.160446405,0.75,H70,-2.244192123,H70
TM,19,-87.38048293,-31.0824573,2.284127055,1.576642994,2.197356597,1.312236006,0.132205963,0.25,H18,-2.384020805,H18
TM,19,-87.38048293,-31.0824573,2.411268527,1.452852024,2.354414672,1.300857812,0.134732962,0.5,H18,-2.384020805,H18
TM,19,-87.38048293,-31.0824573,2.408340057,1.448390169,2.34365125,1.28101489,0.203380346,0.75,H18,-2.384020805,H18
TM,19,-87.07999981,-32.18629179,2.364805844,1.417680107,2.30524259,1.27093996,0.077924013,0.25,J12,-2.427471399,J12
TM,19,-87.07999981,-32.18629179,2.42213255,1.30829623,2.388387595,1.239950876,0.103078365,0.5,J12,-2.427471399,J12
TM,19,-87.07999981,-32.18629179,2.352714344,1.373306773,2.324947439,1.305089898,0.230261087,0.75,J12,-2.427471399,J12
TM,19,-86.56098782,-32.8941167,2.400558259,1.289231714,2.26226137,1.099810761,0.054380417,0.25,H37,-2.182059288,H37
TM,19,-86.56098782,-32.8941167,2.58702603,1.33441538,2.34058309,1.049053553,0.054380417,0.5,H37,-2.182059288,H37
TM,19,-86.56098782,-32.8941167,2.68451978,1.33441538,2.339058351,1.021816825,0.054380417,0.75,H37,-2.182059288,H37
TM,19,-85.43191472,-32.86916727,2.502480142,1.561869871,2.379255476,1.231458025,0.052478552,0.25,H24,-2.32805872,H24
TM,19,-85.43191472,-32.86916727,2.592464654,1.383281188,2.459088637,1.140712374,0.057508707,0.5,H24,-2.32805872,H24
TM,19,-85.43191472,-32.86916727,2.528666215,1.381552649,2.391036439,1.135443534,0.112180471,0.75,H24,-2.32805872,H24
TM,19,-85.15268452,-32.02725781,2.336541466,1.233168574,2.26462379,1.134145168,0.062935591,0.25,H67,-2.380504608,H67
TM,19,-85.15268452,-32.02725781,2.371571082,1.399653666,2.317558537,1.269627968,0.147664785,0.5,H67,-2.380504608,H67
TM,19,-85.15268452,-32.02725781,2.437291547,1.317688028,2.400220589,1.241342574,0.147664785,0.75,H67,-2.380504608,H67
TM,19,-84.42121136,-33.08431814,2.149576873,1.111580182,2.111479387,1.082414866,0.092127562,0.25,H57,-2.387858152,H57
TM,19,-84.42121136,-33.08431814,2.347708662,1.20187312,2.298189332,1.137732306,0.111018658,0.5,H57,-2.387858152,H57
TM,19,-84.42121136,-33.08431814,2.426532978,1.174974925,2.380051746,1.121845467,0.111018658,0.75,H57,-2.387858152,H57
TM,19,-84.62760163,-32.92529169,2.375593578,1.183503464,2.28206489,1.088141208,0.046931505,0.25,H65,-2.359871626,H65
TM,19,-84.62760163,-32.92529169,2.39346124,1.214034759,2.325723361,1.126835615,0.094767094,0.5,H65,-2.359871626,H65
TM,19,-84.62760163,-32.92529169,2.532329147,1.300534728,2.453294183,1.165452047,0.096373081,0.75,H65,-2.359871626,H65
TM,19,-83.87489008,-31.79494899,2.364416651,1.470527597,2.255636915,1.212580833,0.083741426,0.25,H16,-2.185250521,H16
TM,19,-83.87489008,-31.79494899,2.462841945,1.298686862,2.343803228,1.120305845,0.085478544,0.5,H16,-2.185250521,H16
TM,19,-83.87489008,-31.79494899,2.444630885,1.539339533,2.31185078,1.205766191,0.195336938,0.75,H16,-2.185250521,H16
TM,19,-82.73822555,-32.80367619,2.451627485,1.284680156,2.272238847,1.070641728,0.04358387,0.25,H40,-2.358267784,H40
TM,19,-82.73822555,-32.80367619,2.374589857,2.64233284,2.242643452,1.730951959,0.364190578,0.5,H40,-2.358267784,H40
TM,19,-82.73822555,-32.80367619,2.391293022,2.162113736,2.326095223,1.771024026,0.399432778,0.75,H40,-2.358267784,H40
TM,19,-81.36938034,-31.52521795,2.449090144,1.343371698,2.260517088,1.080580043,0.048991442,0.25,H51,-2.306895018,H51
TM,19,-81.36938034,-31.52521795,2.428900456,1.324670418,2.290291423,1.112782964,0.103208542,0.5,H51,-2.306895018,H51
TM,19,-81.36938034,-31.52521795,2.409023354,1.521139972,2.293034383,1.225021125,0.221861601,0.75,H51,-2.306895018,H51
TM,19,-81.14174851,-30.35589985,2.583492239,1.3228872,2.414265252,1.087913906,0.027045965,0.25,H11,-2.006959677,H11
TM,19,-81.14174851,-30.35589985,2.748805579,1.319710215,2.414343274,1.022701793,0.027045965,0.5,H11,-2.006959677,H11
TM,19,-81.14174851,-30.35589985,2.846299329,1.319710215,2.413591293,1.010089686,0.027045965,0.75,H11,-2.006959677,H11
